{
    "rate_fitness": 1000.0,
    "BurstVal_fitness": 1.551884657190458,
    "IBI_fitness": 3.384795565623201,
    "baselineFitness": 1000,
    "slopeFitness": 1.003692775028739,
    "baseline_diff_fitness": 1000,
    "burst_peak_frequency": 69.22932519035542,
    "fitness": 439.30995688402817,
    "average_scaled_fitness": 438.7466309325347,
    "maxFitness": 1000
}