{
    "simConfig": {
        "E_L_mean": 18.8,
        "E_L_stdev": 7.9754499318435546,
        "E_Ra_mean": 128.0,
        "E_Ra_stdev": 26.141527595073022,
        "E_diam_mean": 18.8,
        "E_diam_stdev": 2.2298817097357144,
        "I_L_mean": 9.0,
        "I_L_stdev": 0.07352920928908505,
        "I_Ra_mean": 110.0,
        "I_Ra_stdev": 40.6309102453998,
        "I_diam_mean": 10.0,
        "I_diam_stdev": 3.164918903529775,
        "addSynMechs": true,
        "allowConnsWithWeight0": true,
        "allowSelfConns": false,
        "analysis": {},
        "backupCfgFile": [],
        "cache_efficient": true,
        "checkErrors": false,
        "compactConnFormat": false,
        "connRandomSecFromList": true,
        "coreneuron": false,
        "createNEURONObj": true,
        "createPyStruct": true,
        "cvode_active": false,
        "cvode_atol": 0.001,
        "distributeSynsUniformly": true,
        "dt": 0.025,
        "dump_coreneuron_model": false,
        "duration": 1000.0,
        "duration_seconds": 1.0,
        "filename": "model_output",
        "gatherOnlySimData": false,
        "gkbar_E": 0.7299384841308065,
        "gkbar_E_std": 0.3060211188967308,
        "gkbar_I": 9.07483158692047,
        "gkbar_I_std": 1.2601551747368722,
        "gnabar_E": 6.720305796709664,
        "gnabar_E_std": 0.4606343358084896,
        "gnabar_I": 3.5780095290907785,
        "gnabar_I_std": 0.9659260512001525,
        "gpu": false,
        "hParams": {
            "celsius": 6.3,
            "clamp_resist": 0.001,
            "v_init": -65.0
        },
        "includeParamsLabel": true,
        "invertedYCoord": true,
        "networkType": "27Sep24",
        "oneSynPerNetcon": true,
        "printPopAvgRates": [
            100,
            1000.0
        ],
        "printRunTime": false,
        "printSynsAfterRule": false,
        "probEE": 0.008536067089629229,
        "probEE_std": 0.06926741697614158,
        "probEI": 0.9367189797075461,
        "probEI_std": 0.19262496377042637,
        "probIE": 0.5594864941744802,
        "probIE_std": 0.19904629272634894,
        "probII": 0.7192036997102589,
        "probII_std": 0.4993743250322596,
        "probLengthConst": 1500.0062976446688,
        "propVelocity": 1.0,
        "pt3dRelativeToCellLocation": true,
        "rand123GlobalIndex": null,
        "random123": false,
        "recordCells": [
            [
                "E",
                [
                    38,
                    69
                ]
            ],
            [
                "I",
                [
                    12,
                    26
                ]
            ]
        ],
        "recordCellsSpikes": -1,
        "recordDipole": false,
        "recordDipolesHNN": false,
        "recordLFP": [],
        "recordStep": 0.1,
        "recordStim": false,
        "recordTime": true,
        "recordTraces": {
            "soma_voltage": {
                "loc": 0.5,
                "sec": "soma",
                "var": "v"
            }
        },
        "saveCSV": false,
        "saveCellConns": true,
        "saveCellSecs": true,
        "saveDat": false,
        "saveDataInclude": [
            "simData",
            "simConfig",
            "netParams",
            "net"
        ],
        "saveDipoleCells": false,
        "saveDipolePops": false,
        "saveDpk": false,
        "saveFolder": "/app/simulation_output/240930_Run1_vscode/gen_1",
        "saveHDF5": false,
        "saveJson": true,
        "saveLFPCells": false,
        "saveLFPPops": false,
        "saveMat": false,
        "savePickle": false,
        "saveTiming": false,
        "seeds": {
            "cell": 1,
            "conn": 1,
            "loc": 1,
            "stim": 1
        },
        "simLabel": "gen_1_cand_3",
        "tau1_exc": 3.1812369487886842,
        "tau1_exc_std": 0.22606202819124444,
        "tau1_inh": 0.3995624480143025,
        "tau1_inh_std": 2.6543563063279327,
        "tau2_exc": 11.379304894392714,
        "tau2_exc_std": 4.47515777774048,
        "tau2_inh": 3.711366560096298,
        "tau2_inh_std": 5.808922718226254,
        "timestampFilename": false,
        "timing": true,
        "tstop": 1000.0,
        "use_fast_imem": false,
        "validateNetParams": false,
        "verbose": false,
        "weightEE": 0.7215865711774758,
        "weightEE_std": 0.16018041768053856,
        "weightEI": 0.3025875001043268,
        "weightEI_std": 0.2651386030736612,
        "weightIE": 0.8493958817692332,
        "weightIE_std": 0.302960943278654,
        "weightII": 1.2908506424131392,
        "weightII_std": 0.060962332327618496
    }
}