{
    "rate_fitness": 1000.0,
    "BurstVal_fitness": 967.8660558976778,
    "IBI_fitness": 2.9172179358958545,
    "baselineFitness": 1.51431000499419,
    "slopeFitness": 1.0000477236774392,
    "baseline_diff_fitness": 1000,
    "burst_peak_frequency": 68.36763898317582,
    "fitness": 434.52361007791734,
    "average_scaled_fitness": 433.9575406048944,
    "maxFitness": 1000
}