{
    "rate_fitness": 1000.0,
    "BurstVal_fitness": 4.484131730032093,
    "IBI_fitness": 2.943766646914471,
    "baselineFitness": 1000,
    "slopeFitness": 1.0000685111406196,
    "baseline_diff_fitness": 1000,
    "burst_peak_frequency": 70.54894758166803,
    "fitness": 439.8538449242507,
    "average_scaled_fitness": 439.29309960919056,
    "maxFitness": 1000
}