{
    "rate_fitness": 1000.0,
    "BurstVal_fitness": 1000.0,
    "IBI_fitness": 3.039537352221558,
    "baselineFitness": 2.4466158031243013,
    "slopeFitness": 1.0000506773604427,
    "baseline_diff_fitness": 1000,
    "burst_peak_frequency": 67.10148710201577,
    "fitness": 439.08395584781744,
    "average_scaled_fitness": 438.5224498434608,
    "maxFitness": 1000
}