{
    "rate_fitness": 1000.0,
    "BurstVal_fitness": 1000.0,
    "IBI_fitness": 2.827329096881781,
    "baselineFitness": 2.6650979684852847,
    "slopeFitness": 1.0000181219022704,
    "baseline_diff_fitness": 1000,
    "burst_peak_frequency": 37.01126940894765,
    "fitness": 434.7862449423167,
    "average_scaled_fitness": 434.22045514445955,
    "maxFitness": 1000
}