{
    "rate_fitness": 1000.0,
    "BurstVal_fitness": 1.1489861935405605,
    "IBI_fitness": 3.2815736843808687,
    "baselineFitness": 1000,
    "slopeFitness": 1.000480199079107,
    "baseline_diff_fitness": 1000,
    "burst_peak_frequency": 876.1262522123156,
    "fitness": 554.5081846127595,
    "average_scaled_fitness": 554.0620325062645,
    "maxFitness": 1000
}