{
    "rate_fitness": 1000.0,
    "BurstVal_fitness": 1.8242694199903937,
    "IBI_fitness": 60.96015275487777,
    "baselineFitness": 1000,
    "slopeFitness": 1.0008002694036422,
    "baseline_diff_fitness": 1000,
    "burst_peak_frequency": 5.155378016734734,
    "fitness": 438.4200857801438,
    "average_scaled_fitness": 437.85749340810344,
    "maxFitness": 1000
}