{
    "BigBurstVal_Fitness": {
        "Value": null,
        "Fit": 1000
    },
    "numBig_Fitness": {
        "Value": 0,
        "Percent": 0.0,
        "Fit": 1000
    },
    "SmallBurstVal_Fitness": {
        "Value": 78.5336375852679,
        "Fit": 1000.0
    },
    "numSmall_Fitness": {
        "Value": 20,
        "Percent": 100.0,
        "Fit": 1000
    },
    "burst_peak_frequency_fitness": {
        "Value": 1.36986301369863,
        "Fit": 1000
    },
    "IBI_fitness": {
        "Value": 0.7526315789473684,
        "Fit": 1.00075973804355
    },
    "baseline_fitness": {
        "Value": 77.37013717311078,
        "Fit": 1000
    },
    "slopeFitness": {
        "Value": 0.0001236555630509418,
        "Fit": 1.0023766769757478
    },
    "thresh": {
        "Value": 76.76741246194581,
        "Fit": 1000
    },
    "sustain_oscillation_fitness": {
        "Value": 95.36423841059603,
        "Fit": 86.59188357614293
    },
    "E_rate_fitness": {
        "Value": 0.0,
        "Fit": 1000
    },
    "I_rate_fitness": {
        "Value": 0.6574074074074074,
        "Fit": 1000
    },
    "maxFitness": 1000,
    "average_fitness": 757.3829183325969,
    "average_scaled_fitness": 0.7571398736962159
}