{
    "BigBurstVal_Fitness": {
        "Value": 11427.844324779897,
        "Fit": 1000.0
    },
    "numBig_Fitness": {
        "Value": 2,
        "Percent": 100.0,
        "Fit": 1000
    },
    "SmallBurstVal_Fitness": {
        "Value": null,
        "Fit": 1000
    },
    "numSmall_Fitness": {
        "Value": 0,
        "Percent": 0.0,
        "Fit": 1000
    },
    "burst_peak_frequency_fitness": {
        "Value": 0.45454545454545453,
        "Fit": 1.402395461219584
    },
    "IBI_fitness": {
        "Value": 3.2000000000000006,
        "Fit": 1.0005050959010144
    },
    "baseline_fitness": {
        "Value": 8302.721411438702,
        "Fit": 1000
    },
    "slopeFitness": {
        "Value": -112.56647265530385,
        "Fit": 1000
    },
    "thresh": {
        "Value": 7428.569733747847,
        "Fit": 1000
    },
    "sustain_oscillation_fitness": {
        "Value": 27.1523178807947,
        "Fit": 1000
    },
    "E_rate_fitness": {
        "Value": 36.047619047619044,
        "Fit": 1000
    },
    "I_rate_fitness": {
        "Value": 0.9259259259259259,
        "Fit": 1000
    },
    "maxFitness": 1000,
    "average_fitness": 833.5335750464268,
    "average_scaled_fitness": 0.8333668577384481
}