{
    "simConfig": {
        "E_L_mean": 18.8,
        "E_L_stdev": 2.284757540637708,
        "E_Ra_mean": 128.0,
        "E_Ra_stdev": 24.931689267887545,
        "E_diam_mean": 18.8,
        "E_diam_stdev": 6.079486875565784,
        "I_L_mean": 9.0,
        "I_L_stdev": 2.7749680908121803,
        "I_Ra_mean": 110.0,
        "I_Ra_stdev": 18.26213754851905,
        "I_diam_mean": 10.0,
        "I_diam_stdev": 0.7601864898904043,
        "addSynMechs": true,
        "allowConnsWithWeight0": true,
        "allowSelfConns": false,
        "analysis": {},
        "backupCfgFile": [],
        "cache_efficient": true,
        "checkErrors": false,
        "compactConnFormat": false,
        "connRandomSecFromList": true,
        "coreneuron": false,
        "createNEURONObj": true,
        "createPyStruct": true,
        "cvode_active": false,
        "cvode_atol": 0.001,
        "distributeSynsUniformly": true,
        "dt": 0.025,
        "dump_coreneuron_model": false,
        "duration": 1000.0,
        "duration_seconds": 60.0,
        "filename": "model_output",
        "gatherOnlySimData": false,
        "gkbar_E": 0.5586081688916318,
        "gkbar_E_std": 0.3124792374009852,
        "gkbar_I": 2.734677142235232,
        "gkbar_I_std": 2.492248489197472,
        "gnabar_E": 2.8556329434479872,
        "gnabar_E_std": 1.1952382075385324,
        "gnabar_I": 2.9094085730281476,
        "gnabar_I_std": 0.99596934892374,
        "gpu": false,
        "hParams": {
            "celsius": 6.3,
            "clamp_resist": 0.001,
            "v_init": -65.0
        },
        "includeParamsLabel": true,
        "invertedYCoord": true,
        "networkType": "22May24",
        "oneSynPerNetcon": true,
        "printPopAvgRates": [
            100,
            1000.0
        ],
        "printRunTime": false,
        "printSynsAfterRule": false,
        "probEE": 0.6964219265768943,
        "probEE_std": 0.2151855405011251,
        "probEI": 0.8502648003419617,
        "probEI_std": 0.30172154970454074,
        "probIE": 0.34772028574263364,
        "probIE_std": 0.3027468310221278,
        "probII": 0.9861244769672051,
        "probII_std": 0.0183774903642209,
        "probLengthConst": 63.946192311328566,
        "propVelocity": 1.0,
        "pt3dRelativeToCellLocation": true,
        "rand123GlobalIndex": null,
        "random123": false,
        "recordCells": [
            [
                "E",
                [
                    16,
                    79
                ]
            ],
            [
                "I",
                [
                    28,
                    1
                ]
            ]
        ],
        "recordCellsSpikes": -1,
        "recordDipole": false,
        "recordDipolesHNN": false,
        "recordLFP": [],
        "recordStep": 0.1,
        "recordStim": false,
        "recordTime": true,
        "recordTraces": {
            "soma_voltage": {
                "loc": 0.5,
                "sec": "soma",
                "var": "v"
            }
        },
        "saveCSV": false,
        "saveCellConns": true,
        "saveCellSecs": true,
        "saveDat": false,
        "saveDataInclude": [
            "simData",
            "simConfig",
            "netParams",
            "net"
        ],
        "saveDipoleCells": false,
        "saveDipolePops": false,
        "saveDpk": false,
        "saveFolder": "/pscratch/sd/a/adammwea/2DNetworkSimulations/NERSC/output/240527_Run3_this_should_work/gen_14",
        "saveHDF5": false,
        "saveJson": true,
        "saveLFPCells": false,
        "saveLFPPops": false,
        "saveMat": false,
        "savePickle": false,
        "saveTiming": false,
        "seeds": {
            "cell": 1,
            "conn": 1,
            "loc": 1,
            "stim": 1
        },
        "simLabel": "gen_14_cand_56",
        "tau1_exc": 1.1868178829821536,
        "tau1_exc_std": 1.8895627430856539,
        "tau1_inh": 9.937279696247206,
        "tau1_inh_std": 2.0352186864609094,
        "tau2_exc": 12.34431457580021,
        "tau2_exc_std": 6.536906693114203,
        "tau2_inh": 1.7569156610924122,
        "tau2_inh_std": 1.6414926768493157,
        "timestampFilename": false,
        "timing": true,
        "tstop": 1000.0,
        "use_fast_imem": false,
        "validateNetParams": false,
        "verbose": false,
        "weightEE": 0.10822077419994569,
        "weightEE_std": 0.11564007646233214,
        "weightEI": 0.025762508840001863,
        "weightEI_std": 0.27648636317813086,
        "weightIE": 0.9776574920240535,
        "weightIE_std": 0.11947261876803823,
        "weightII": 0.4094625575563999,
        "weightII_std": 0.09978452987785821
    }
}