{
    "simConfig": {
        "E_L_mean": 18.8,
        "E_L_stdev": 6.023309230965004,
        "E_Ra_mean": 128.0,
        "E_Ra_stdev": 16.856926025582975,
        "E_diam_mean": 18.8,
        "E_diam_stdev": 0.4776236775960325,
        "I_L_mean": 9.0,
        "I_L_stdev": 0.49503316422905685,
        "I_Ra_mean": 110.0,
        "I_Ra_stdev": 16.27316060038594,
        "I_diam_mean": 10.0,
        "I_diam_stdev": 0.3506880061998805,
        "addSynMechs": true,
        "allowConnsWithWeight0": true,
        "allowSelfConns": false,
        "analysis": {},
        "backupCfgFile": [],
        "cache_efficient": true,
        "checkErrors": false,
        "compactConnFormat": false,
        "connRandomSecFromList": true,
        "coreneuron": false,
        "createNEURONObj": true,
        "createPyStruct": true,
        "cvode_active": false,
        "cvode_atol": 0.001,
        "distributeSynsUniformly": true,
        "dt": 0.025,
        "dump_coreneuron_model": false,
        "duration": 1000.0,
        "duration_seconds": 60.0,
        "filename": "model_output",
        "gatherOnlySimData": false,
        "gkbar_E": 0.44247605805822293,
        "gkbar_E_std": 0.019954016438574487,
        "gkbar_I": 1.8196832428717522,
        "gkbar_I_std": 0.12034846042432498,
        "gnabar_E": 3.4857127928343568,
        "gnabar_E_std": 0.22432407206038707,
        "gnabar_I": 2.978608728263207,
        "gnabar_I_std": 0.49689140408419363,
        "gpu": false,
        "hParams": {
            "celsius": 6.3,
            "clamp_resist": 0.001,
            "v_init": -65.0
        },
        "includeParamsLabel": true,
        "invertedYCoord": true,
        "networkType": "22May24",
        "oneSynPerNetcon": true,
        "printPopAvgRates": [
            100,
            1000.0
        ],
        "printRunTime": false,
        "printSynsAfterRule": false,
        "probEE": 0.017870533952897352,
        "probEE_std": 0.31247066205605434,
        "probEI": 0.15146563362862445,
        "probEI_std": 0.09216281000462473,
        "probIE": 0.7618999840116978,
        "probIE_std": 0.17004897545164888,
        "probII": 0.007888453048237265,
        "probII_std": 0.003382841476534765,
        "probLengthConst": 114.96750674952692,
        "propVelocity": 1.0,
        "pt3dRelativeToCellLocation": true,
        "rand123GlobalIndex": null,
        "random123": false,
        "recordCells": [
            [
                "E",
                [
                    16,
                    79
                ]
            ],
            [
                "I",
                [
                    28,
                    1
                ]
            ]
        ],
        "recordCellsSpikes": -1,
        "recordDipole": false,
        "recordDipolesHNN": false,
        "recordLFP": [],
        "recordStep": 0.1,
        "recordStim": false,
        "recordTime": true,
        "recordTraces": {
            "soma_voltage": {
                "loc": 0.5,
                "sec": "soma",
                "var": "v"
            }
        },
        "saveCSV": false,
        "saveCellConns": true,
        "saveCellSecs": true,
        "saveDat": false,
        "saveDataInclude": [
            "simData",
            "simConfig",
            "netParams",
            "net"
        ],
        "saveDipoleCells": false,
        "saveDipolePops": false,
        "saveDpk": false,
        "saveFolder": "/pscratch/sd/a/adammwea/2DNetworkSimulations/NERSC/output/240527_Run3_this_should_work/gen_14",
        "saveHDF5": false,
        "saveJson": true,
        "saveLFPCells": false,
        "saveLFPPops": false,
        "saveMat": false,
        "savePickle": false,
        "saveTiming": false,
        "seeds": {
            "cell": 1,
            "conn": 1,
            "loc": 1,
            "stim": 1
        },
        "simLabel": "gen_14_cand_0",
        "tau1_exc": 2.7932291906926485,
        "tau1_exc_std": 3.3223507053675974,
        "tau1_inh": 6.513557208373167,
        "tau1_inh_std": 2.0124282723589877,
        "tau2_exc": 19.603079576030304,
        "tau2_exc_std": 5.380746414221717,
        "tau2_inh": 19.99534484422057,
        "tau2_inh_std": 2.019733550539927,
        "timestampFilename": false,
        "timing": true,
        "tstop": 1000.0,
        "use_fast_imem": false,
        "validateNetParams": false,
        "verbose": false,
        "weightEE": 0.5441978831778349,
        "weightEE_std": 0.010223109970312172,
        "weightEI": 0.9995666494615629,
        "weightEI_std": 0.10381606076883601,
        "weightIE": 0.633235510064423,
        "weightIE_std": 0.14382087170827407,
        "weightII": 0.40078731273409957,
        "weightII_std": 0.14633351256334173
    }
}