{
    "simConfig": {
        "E_L_mean": 18.8,
        "E_L_stdev": 5.777975746912709,
        "E_Ra_mean": 128.0,
        "E_Ra_stdev": 24.94821390744684,
        "E_diam_mean": 18.8,
        "E_diam_stdev": 0.13003984568907612,
        "I_L_mean": 9.0,
        "I_L_stdev": 0.0660394025029517,
        "I_Ra_mean": 110.0,
        "I_Ra_stdev": 20.088989200195304,
        "I_diam_mean": 10.0,
        "I_diam_stdev": 0.539601710620496,
        "addSynMechs": true,
        "allowConnsWithWeight0": true,
        "allowSelfConns": false,
        "analysis": {},
        "backupCfgFile": [],
        "cache_efficient": true,
        "checkErrors": false,
        "compactConnFormat": false,
        "connRandomSecFromList": true,
        "coreneuron": false,
        "createNEURONObj": true,
        "createPyStruct": true,
        "cvode_active": false,
        "cvode_atol": 0.001,
        "distributeSynsUniformly": true,
        "dt": 0.025,
        "dump_coreneuron_model": false,
        "duration": 1000.0,
        "duration_seconds": 60.0,
        "filename": "model_output",
        "gatherOnlySimData": false,
        "gkbar_E": 0.3383525490995657,
        "gkbar_E_std": 0.3183922300305166,
        "gkbar_I": 6.616218994810107,
        "gkbar_I_std": 1.4498401085469819,
        "gnabar_E": 0.2855526597016306,
        "gnabar_E_std": 1.3226335194741188,
        "gnabar_I": 2.8201101145771275,
        "gnabar_I_std": 0.18426947775945524,
        "gpu": false,
        "hParams": {
            "celsius": 6.3,
            "clamp_resist": 0.001,
            "v_init": -65.0
        },
        "includeParamsLabel": true,
        "invertedYCoord": true,
        "networkType": "22May24",
        "oneSynPerNetcon": true,
        "printPopAvgRates": [
            100,
            1000.0
        ],
        "printRunTime": false,
        "printSynsAfterRule": false,
        "probEE": 0.7544595721909634,
        "probEE_std": 0.12931939549099164,
        "probEI": 0.8045145455399079,
        "probEI_std": 0.0345643688506877,
        "probIE": 0.2254449123841648,
        "probIE_std": 0.26341458219393454,
        "probII": 0.09451364290005093,
        "probII_std": 0.21916019361948688,
        "probLengthConst": 408.64134730952014,
        "propVelocity": 1.0,
        "pt3dRelativeToCellLocation": true,
        "rand123GlobalIndex": null,
        "random123": false,
        "recordCells": [
            [
                "E",
                [
                    16,
                    79
                ]
            ],
            [
                "I",
                [
                    28,
                    1
                ]
            ]
        ],
        "recordCellsSpikes": -1,
        "recordDipole": false,
        "recordDipolesHNN": false,
        "recordLFP": [],
        "recordStep": 0.1,
        "recordStim": false,
        "recordTime": true,
        "recordTraces": {
            "soma_voltage": {
                "loc": 0.5,
                "sec": "soma",
                "var": "v"
            }
        },
        "saveCSV": false,
        "saveCellConns": true,
        "saveCellSecs": true,
        "saveDat": false,
        "saveDataInclude": [
            "simData",
            "simConfig",
            "netParams",
            "net"
        ],
        "saveDipoleCells": false,
        "saveDipolePops": false,
        "saveDpk": false,
        "saveFolder": "/pscratch/sd/a/adammwea/2DNetworkSimulations/NERSC/output/240527_Run3_this_should_work/gen_1",
        "saveHDF5": false,
        "saveJson": true,
        "saveLFPCells": false,
        "saveLFPPops": false,
        "saveMat": false,
        "savePickle": false,
        "saveTiming": false,
        "seeds": {
            "cell": 1,
            "conn": 1,
            "loc": 1,
            "stim": 1
        },
        "simLabel": "gen_1_cand_49",
        "tau1_exc": 2.040447463762826,
        "tau1_exc_std": 2.7667485906375022,
        "tau1_inh": 9.678619100294185,
        "tau1_inh_std": 1.2542257651525937,
        "tau2_exc": 7.170833442857144,
        "tau2_exc_std": 6.3248763636828755,
        "tau2_inh": 8.789315908865852,
        "tau2_inh_std": 6.29706674984347,
        "timestampFilename": false,
        "timing": true,
        "tstop": 1000.0,
        "use_fast_imem": false,
        "validateNetParams": false,
        "verbose": false,
        "weightEE": 0.8349593335283101,
        "weightEE_std": 0.039375569035978386,
        "weightEI": 0.9039509080336379,
        "weightEI_std": 0.14001401759155763,
        "weightIE": 0.8248976212312678,
        "weightIE_std": 0.09811399538601122,
        "weightII": 0.49976083814233935,
        "weightII_std": 0.049628277193733986
    }
}