{
    "simConfig": {
        "E_L_mean": 18.8,
        "E_L_stdev": 0.04359536091536125,
        "E_Ra_mean": 128.0,
        "E_Ra_stdev": 47.977346941725145,
        "E_diam_mean": 18.8,
        "E_diam_stdev": 2.0415260952564953,
        "I_L_mean": 9.0,
        "I_L_stdev": 1.49324599845044,
        "I_Ra_mean": 110.0,
        "I_Ra_stdev": 29.15668935746609,
        "I_diam_mean": 10.0,
        "I_diam_stdev": 1.8378729036196262,
        "addSynMechs": true,
        "allowConnsWithWeight0": true,
        "allowSelfConns": false,
        "analysis": {},
        "backupCfgFile": [],
        "cache_efficient": true,
        "checkErrors": false,
        "compactConnFormat": false,
        "connRandomSecFromList": true,
        "coreneuron": false,
        "createNEURONObj": true,
        "createPyStruct": true,
        "cvode_active": false,
        "cvode_atol": 0.001,
        "distributeSynsUniformly": true,
        "dt": 0.025,
        "dump_coreneuron_model": false,
        "duration": 1000.0,
        "duration_seconds": 90.0,
        "filename": "model_output",
        "gatherOnlySimData": false,
        "gkbar_E": 0.5807955444583878,
        "gkbar_E_std": 0.1526804998998983,
        "gkbar_I": 7.860083528041754,
        "gkbar_I_std": 0.40625276976489544,
        "gnabar_E": 6.511675336124964,
        "gnabar_E_std": 0.6265905684042066,
        "gnabar_I": 0.08461372621058671,
        "gnabar_I_std": 0.40456570634362776,
        "gpu": false,
        "hParams": {
            "celsius": 6.3,
            "clamp_resist": 0.001,
            "v_init": -65.0
        },
        "includeParamsLabel": true,
        "invertedYCoord": true,
        "networkType": "22May24",
        "oneSynPerNetcon": true,
        "printPopAvgRates": [
            100,
            1000.0
        ],
        "printRunTime": false,
        "printSynsAfterRule": false,
        "probEE": 0.12614215127059686,
        "probEE_std": 0.27051310744821166,
        "probEI": 0.9481826821218919,
        "probEI_std": 0.25588192272227217,
        "probIE": 0.2319873445641186,
        "probIE_std": 0.029357437994731506,
        "probII": 0.6054789988809669,
        "probII_std": 0.33891213614514487,
        "probLengthConst": 1824.1262153692405,
        "propVelocity": 1.0,
        "pt3dRelativeToCellLocation": true,
        "rand123GlobalIndex": null,
        "random123": false,
        "recordCells": [
            [
                "E",
                [
                    74,
                    47
                ]
            ],
            [
                "I",
                [
                    38,
                    3
                ]
            ]
        ],
        "recordCellsSpikes": -1,
        "recordDipole": false,
        "recordDipolesHNN": false,
        "recordLFP": [],
        "recordStep": 0.1,
        "recordStim": false,
        "recordTime": true,
        "recordTraces": {
            "soma_voltage": {
                "loc": 0.5,
                "sec": "soma",
                "var": "v"
            }
        },
        "saveCSV": false,
        "saveCellConns": true,
        "saveCellSecs": true,
        "saveDat": false,
        "saveDataInclude": [
            "simData",
            "simConfig",
            "netParams",
            "net"
        ],
        "saveDipoleCells": false,
        "saveDipolePops": false,
        "saveDpk": false,
        "saveFolder": "/pscratch/sd/a/adammwea/2DNetworkSimulations/NERSC/output/240528_Run1_this_does_work/gen_0",
        "saveHDF5": false,
        "saveJson": true,
        "saveLFPCells": false,
        "saveLFPPops": false,
        "saveMat": false,
        "savePickle": false,
        "saveTiming": false,
        "seeds": {
            "cell": 1,
            "conn": 1,
            "loc": 1,
            "stim": 1
        },
        "simLabel": "gen_0_cand_31",
        "tau1_exc": 6.268556935430585,
        "tau1_exc_std": 0.7185589362121855,
        "tau1_inh": 2.698870549090472,
        "tau1_inh_std": 1.5876597409893916,
        "tau2_exc": 12.78488231932897,
        "tau2_exc_std": 7.354763599675324,
        "tau2_inh": 14.042196953239138,
        "tau2_inh_std": 7.839639197133979,
        "timestampFilename": false,
        "timing": true,
        "tstop": 1000.0,
        "use_fast_imem": false,
        "validateNetParams": false,
        "verbose": false,
        "weightEE": 1.39124595944636,
        "weightEE_std": 0.13386476580728845,
        "weightEI": 1.1645710247374608,
        "weightEI_std": 0.09016792437170587,
        "weightIE": 0.32563416511238485,
        "weightIE_std": 0.047710522683217516,
        "weightII": 1.137156203213796,
        "weightII_std": 0.1449969560446314
    }
}