{
    "simConfig": {
        "E_L_mean": 18.8,
        "E_L_stdev": 7.536083901457033,
        "E_Ra_mean": 128.0,
        "E_Ra_stdev": 6.328880051284047,
        "E_diam_mean": 18.8,
        "E_diam_stdev": 2.469173609215325,
        "I_L_mean": 9.0,
        "I_L_stdev": 0.876211967506331,
        "I_Ra_mean": 110.0,
        "I_Ra_stdev": 0.3727519617656796,
        "I_diam_mean": 10.0,
        "I_diam_stdev": 2.0267908585828334,
        "addSynMechs": true,
        "allowConnsWithWeight0": true,
        "allowSelfConns": false,
        "analysis": {},
        "backupCfgFile": [],
        "cache_efficient": true,
        "checkErrors": false,
        "compactConnFormat": false,
        "connRandomSecFromList": true,
        "coreneuron": false,
        "createNEURONObj": true,
        "createPyStruct": true,
        "cvode_active": false,
        "cvode_atol": 0.001,
        "distributeSynsUniformly": true,
        "dt": 0.025,
        "dump_coreneuron_model": false,
        "duration": 1000.0,
        "duration_seconds": 330.0,
        "filename": "model_output",
        "gatherOnlySimData": false,
        "gkbar_E": 0.7679471379952376,
        "gkbar_E_std": 0.4942920362741288,
        "gkbar_I": 8.411244238169308,
        "gkbar_I_std": 1.1765638886770458,
        "gnabar_E": 2.748727801311542,
        "gnabar_E_std": 0.9708455276967416,
        "gnabar_I": 0.9331328214989973,
        "gnabar_I_std": 0.948613341239444,
        "gpu": false,
        "hParams": {
            "celsius": 6.3,
            "clamp_resist": 0.001,
            "v_init": -65.0
        },
        "includeParamsLabel": true,
        "invertedYCoord": true,
        "networkType": "22May24",
        "oneSynPerNetcon": true,
        "printPopAvgRates": [
            100,
            1000.0
        ],
        "printRunTime": false,
        "printSynsAfterRule": false,
        "probEE": 0.2810757515409315,
        "probEE_std": 0.0018974855094497922,
        "probEI": 0.5191241919793447,
        "probEI_std": 0.03917385731247225,
        "probIE": 0.06558478654256517,
        "probIE_std": 0.07512721194423738,
        "probII": 0.7499002753275634,
        "probII_std": 0.035490502579161906,
        "probLengthConst": 138.73049112565562,
        "propVelocity": 1.0,
        "pt3dRelativeToCellLocation": true,
        "rand123GlobalIndex": null,
        "random123": false,
        "recordCells": [
            [
                "E",
                [
                    68,
                    13
                ]
            ],
            [
                "I",
                [
                    4,
                    5
                ]
            ]
        ],
        "recordCellsSpikes": -1,
        "recordDipole": false,
        "recordDipolesHNN": false,
        "recordLFP": [],
        "recordStep": 0.1,
        "recordStim": false,
        "recordTime": true,
        "recordTraces": {
            "soma_voltage": {
                "loc": 0.5,
                "sec": "soma",
                "var": "v"
            }
        },
        "saveCSV": false,
        "saveCellConns": true,
        "saveCellSecs": true,
        "saveDat": false,
        "saveDataInclude": [
            "simData",
            "simConfig",
            "netParams",
            "net"
        ],
        "saveDipoleCells": false,
        "saveDipolePops": false,
        "saveDpk": false,
        "saveFolder": "/pscratch/sd/a/adammwea/2DNetworkSimulations/NERSC/output/240604_Run1_24n24hr/gen_3",
        "saveHDF5": false,
        "saveJson": true,
        "saveLFPCells": false,
        "saveLFPPops": false,
        "saveMat": false,
        "savePickle": false,
        "saveTiming": false,
        "seeds": {
            "cell": 1,
            "conn": 1,
            "loc": 1,
            "stim": 1
        },
        "simLabel": "gen_3_cand_324",
        "tau1_exc": 7.0262217672742855,
        "tau1_exc_std": 0.4485377640347289,
        "tau1_inh": 7.793197809630028,
        "tau1_inh_std": 0.7148390165800249,
        "tau2_exc": 29.458041592669325,
        "tau2_exc_std": 3.2295258442916053,
        "tau2_inh": 0.16296189561060537,
        "tau2_inh_std": 9.47396843414144,
        "timestampFilename": false,
        "timing": true,
        "tstop": 1000.0,
        "use_fast_imem": false,
        "validateNetParams": false,
        "verbose": false,
        "weightEE": 0.08289654631863255,
        "weightEE_std": 0.09638845890190426,
        "weightEI": 0.41429550293362544,
        "weightEI_std": 0.18933911874390735,
        "weightIE": 0.26488749692191704,
        "weightIE_std": 0.048985781094434175,
        "weightII": 0.35768482672154617,
        "weightII_std": 0.19400872092994914
    }
}