{
    "simConfig": {
        "E_L_mean": 18.8,
        "E_L_stdev": 1.574367233720773,
        "E_Ra_mean": 128.0,
        "E_Ra_stdev": 7.16056139090059,
        "E_diam_mean": 18.8,
        "E_diam_stdev": 2.6233431807548384,
        "I_L_mean": 9.0,
        "I_L_stdev": 2.797875768640403,
        "I_Ra_mean": 110.0,
        "I_Ra_stdev": 0.8926469600095785,
        "I_diam_mean": 10.0,
        "I_diam_stdev": 0.5041404969133931,
        "addSynMechs": true,
        "allowConnsWithWeight0": true,
        "allowSelfConns": false,
        "analysis": {},
        "backupCfgFile": [],
        "cache_efficient": true,
        "checkErrors": false,
        "compactConnFormat": false,
        "connRandomSecFromList": true,
        "coreneuron": false,
        "createNEURONObj": true,
        "createPyStruct": true,
        "cvode_active": false,
        "cvode_atol": 0.001,
        "distributeSynsUniformly": true,
        "dt": 0.025,
        "dump_coreneuron_model": false,
        "duration": 1000.0,
        "duration_seconds": 330.0,
        "filename": "model_output",
        "gatherOnlySimData": false,
        "gkbar_E": 0.018432043430691138,
        "gkbar_E_std": 0.16990266091618988,
        "gkbar_I": 1.750370793474472,
        "gkbar_I_std": 1.811306728592361,
        "gnabar_E": 1.7037038407209195,
        "gnabar_E_std": 0.2476488243969708,
        "gnabar_I": 4.317744828822139,
        "gnabar_I_std": 0.72970335972117,
        "gpu": false,
        "hParams": {
            "celsius": 6.3,
            "clamp_resist": 0.001,
            "v_init": -65.0
        },
        "includeParamsLabel": true,
        "invertedYCoord": true,
        "networkType": "22May24",
        "oneSynPerNetcon": true,
        "printPopAvgRates": [
            100,
            1000.0
        ],
        "printRunTime": false,
        "printSynsAfterRule": false,
        "probEE": 0.28160147522036805,
        "probEE_std": 0.01214428031636055,
        "probEI": 0.8597591305872547,
        "probEI_std": 0.4035177957267391,
        "probIE": 0.42857046847622793,
        "probIE_std": 0.4995504747547596,
        "probII": 0.5806587139461339,
        "probII_std": 0.00263475163871448,
        "probLengthConst": 2913.2661127966903,
        "propVelocity": 1.0,
        "pt3dRelativeToCellLocation": true,
        "rand123GlobalIndex": null,
        "random123": false,
        "recordCells": [
            [
                "E",
                [
                    68,
                    13
                ]
            ],
            [
                "I",
                [
                    4,
                    5
                ]
            ]
        ],
        "recordCellsSpikes": -1,
        "recordDipole": false,
        "recordDipolesHNN": false,
        "recordLFP": [],
        "recordStep": 0.1,
        "recordStim": false,
        "recordTime": true,
        "recordTraces": {
            "soma_voltage": {
                "loc": 0.5,
                "sec": "soma",
                "var": "v"
            }
        },
        "saveCSV": false,
        "saveCellConns": true,
        "saveCellSecs": true,
        "saveDat": false,
        "saveDataInclude": [
            "simData",
            "simConfig",
            "netParams",
            "net"
        ],
        "saveDipoleCells": false,
        "saveDipolePops": false,
        "saveDpk": false,
        "saveFolder": "/pscratch/sd/a/adammwea/2DNetworkSimulations/NERSC/output/240604_Run1_24n24hr/gen_3",
        "saveHDF5": false,
        "saveJson": true,
        "saveLFPCells": false,
        "saveLFPPops": false,
        "saveMat": false,
        "savePickle": false,
        "saveTiming": false,
        "seeds": {
            "cell": 1,
            "conn": 1,
            "loc": 1,
            "stim": 1
        },
        "simLabel": "gen_3_cand_39",
        "tau1_exc": 5.987989040021596,
        "tau1_exc_std": 0.20121968940664325,
        "tau1_inh": 9.991136384928478,
        "tau1_inh_std": 0.15780378625320646,
        "tau2_exc": 4.642867690501082,
        "tau2_exc_std": 9.759334662159164,
        "tau2_inh": 13.88456287567322,
        "tau2_inh_std": 7.961745370134988,
        "timestampFilename": false,
        "timing": true,
        "tstop": 1000.0,
        "use_fast_imem": false,
        "validateNetParams": false,
        "verbose": false,
        "weightEE": 0.3189836456927603,
        "weightEE_std": 0.4345690566875724,
        "weightEI": 1.877147869931548,
        "weightEI_std": 0.11546497297676642,
        "weightIE": 0.04641120959065774,
        "weightIE_std": 0.31902619302969387,
        "weightII": 0.11186617474949917,
        "weightII_std": 0.22903451494214833
    }
}