{
    "simConfig": {
        "E_L_mean": 18.8,
        "E_L_stdev": 0.503150946880413,
        "E_Ra_mean": 128.0,
        "E_Ra_stdev": 25.708120551127763,
        "E_diam_mean": 18.8,
        "E_diam_stdev": 4.168882730761226,
        "I_L_mean": 9.0,
        "I_L_stdev": 0.7963704201848826,
        "I_Ra_mean": 110.0,
        "I_Ra_stdev": 8.002876265274367,
        "I_diam_mean": 10.0,
        "I_diam_stdev": 1.085125832027612,
        "addSynMechs": true,
        "allowConnsWithWeight0": true,
        "allowSelfConns": false,
        "analysis": {},
        "backupCfgFile": [],
        "cache_efficient": true,
        "checkErrors": false,
        "compactConnFormat": false,
        "connRandomSecFromList": true,
        "coreneuron": false,
        "createNEURONObj": true,
        "createPyStruct": true,
        "cvode_active": false,
        "cvode_atol": 0.001,
        "distributeSynsUniformly": true,
        "dt": 0.025,
        "dump_coreneuron_model": false,
        "duration": 1000.0,
        "duration_seconds": 330.0,
        "filename": "model_output",
        "gatherOnlySimData": false,
        "gkbar_E": 0.5850176911014711,
        "gkbar_E_std": 0.24629450868355568,
        "gkbar_I": 6.68393840700604,
        "gkbar_I_std": 0.17053177760289068,
        "gnabar_E": 1.847403389687631,
        "gnabar_E_std": 0.00021694580905171068,
        "gnabar_I": 0.12500882883910092,
        "gnabar_I_std": 0.027792681013037557,
        "gpu": false,
        "hParams": {
            "celsius": 6.3,
            "clamp_resist": 0.001,
            "v_init": -65.0
        },
        "includeParamsLabel": true,
        "invertedYCoord": true,
        "networkType": "22May24",
        "oneSynPerNetcon": true,
        "printPopAvgRates": [
            100,
            1000.0
        ],
        "printRunTime": false,
        "printSynsAfterRule": false,
        "probEE": 0.5803895805085474,
        "probEE_std": 0.48320723046161707,
        "probEI": 0.2633358810713465,
        "probEI_std": 0.03248691404515547,
        "probIE": 0.7477416748033833,
        "probIE_std": 0.005253015182305237,
        "probII": 0.6356660541445854,
        "probII_std": 0.03017655410957476,
        "probLengthConst": 1188.4939314987728,
        "propVelocity": 1.0,
        "pt3dRelativeToCellLocation": true,
        "rand123GlobalIndex": null,
        "random123": false,
        "recordCells": [
            [
                "E",
                [
                    68,
                    13
                ]
            ],
            [
                "I",
                [
                    4,
                    5
                ]
            ]
        ],
        "recordCellsSpikes": -1,
        "recordDipole": false,
        "recordDipolesHNN": false,
        "recordLFP": [],
        "recordStep": 0.1,
        "recordStim": false,
        "recordTime": true,
        "recordTraces": {
            "soma_voltage": {
                "loc": 0.5,
                "sec": "soma",
                "var": "v"
            }
        },
        "saveCSV": false,
        "saveCellConns": true,
        "saveCellSecs": true,
        "saveDat": false,
        "saveDataInclude": [
            "simData",
            "simConfig",
            "netParams",
            "net"
        ],
        "saveDipoleCells": false,
        "saveDipolePops": false,
        "saveDpk": false,
        "saveFolder": "/pscratch/sd/a/adammwea/2DNetworkSimulations/NERSC/output/240604_Run1_24n24hr/gen_3",
        "saveHDF5": false,
        "saveJson": true,
        "saveLFPCells": false,
        "saveLFPPops": false,
        "saveMat": false,
        "savePickle": false,
        "saveTiming": false,
        "seeds": {
            "cell": 1,
            "conn": 1,
            "loc": 1,
            "stim": 1
        },
        "simLabel": "gen_3_cand_356",
        "tau1_exc": 3.392123630849884,
        "tau1_exc_std": 0.2515231837297147,
        "tau1_inh": 3.346601143831613,
        "tau1_inh_std": 3.133314790959915,
        "tau2_exc": 24.647330955604787,
        "tau2_exc_std": 0.03233729835407839,
        "tau2_inh": 0.5933256064741226,
        "tau2_inh_std": 0.4901344236061909,
        "timestampFilename": false,
        "timing": true,
        "tstop": 1000.0,
        "use_fast_imem": false,
        "validateNetParams": false,
        "verbose": false,
        "weightEE": 1.9808550217293788,
        "weightEE_std": 0.20465931206139482,
        "weightEI": 1.8719799957934358,
        "weightEI_std": 0.2432936492109684,
        "weightIE": 0.5798064159011482,
        "weightIE_std": 0.08071519724026788,
        "weightII": 0.6875595696189007,
        "weightII_std": 0.09839762000870389
    }
}