{
    "simConfig": {
        "E_L_mean": 18.8,
        "E_L_stdev": 6.966313471770312,
        "E_Ra_mean": 128.0,
        "E_Ra_stdev": 0.2995682063549008,
        "E_diam_mean": 18.8,
        "E_diam_stdev": 4.480051115780123,
        "I_L_mean": 9.0,
        "I_L_stdev": 2.1871775030929568,
        "I_Ra_mean": 110.0,
        "I_Ra_stdev": 1.7544546023749135,
        "I_diam_mean": 10.0,
        "I_diam_stdev": 1.122080575436063,
        "addSynMechs": true,
        "allowConnsWithWeight0": true,
        "allowSelfConns": false,
        "analysis": {},
        "backupCfgFile": [],
        "cache_efficient": true,
        "checkErrors": false,
        "compactConnFormat": false,
        "connRandomSecFromList": true,
        "coreneuron": false,
        "createNEURONObj": true,
        "createPyStruct": true,
        "cvode_active": false,
        "cvode_atol": 0.001,
        "distributeSynsUniformly": true,
        "dt": 0.025,
        "dump_coreneuron_model": false,
        "duration": 1000.0,
        "duration_seconds": 90.0,
        "filename": "model_output",
        "gatherOnlySimData": false,
        "gkbar_E": 0.5629987771470971,
        "gkbar_E_std": 0.03817474349409253,
        "gkbar_I": 7.571516974911234,
        "gkbar_I_std": 0.1895486118142835,
        "gnabar_E": 2.4718022580095536,
        "gnabar_E_std": 0.010764117922323102,
        "gnabar_I": 4.335441208643014,
        "gnabar_I_std": 0.9983756804083852,
        "gpu": false,
        "hParams": {
            "celsius": 6.3,
            "clamp_resist": 0.001,
            "v_init": -65.0
        },
        "includeParamsLabel": true,
        "invertedYCoord": true,
        "networkType": "22May24",
        "oneSynPerNetcon": true,
        "printPopAvgRates": [
            100,
            1000.0
        ],
        "printRunTime": false,
        "printSynsAfterRule": false,
        "probEE": 0.7395362149242496,
        "probEE_std": 0.003705199835111611,
        "probEI": 0.9741071807367965,
        "probEI_std": 0.4964443659291893,
        "probIE": 0.09085836496912514,
        "probIE_std": 0.4988967641539418,
        "probII": 0.6514413116355193,
        "probII_std": 0.08660028901354132,
        "probLengthConst": 539.3835084901634,
        "propVelocity": 1.0,
        "pt3dRelativeToCellLocation": true,
        "rand123GlobalIndex": null,
        "random123": false,
        "recordCells": [
            [
                "E",
                [
                    74,
                    47
                ]
            ],
            [
                "I",
                [
                    38,
                    3
                ]
            ]
        ],
        "recordCellsSpikes": -1,
        "recordDipole": false,
        "recordDipolesHNN": false,
        "recordLFP": [],
        "recordStep": 0.1,
        "recordStim": false,
        "recordTime": true,
        "recordTraces": {
            "soma_voltage": {
                "loc": 0.5,
                "sec": "soma",
                "var": "v"
            }
        },
        "saveCSV": false,
        "saveCellConns": true,
        "saveCellSecs": true,
        "saveDat": false,
        "saveDataInclude": [
            "simData",
            "simConfig",
            "netParams",
            "net"
        ],
        "saveDipoleCells": false,
        "saveDipolePops": false,
        "saveDpk": false,
        "saveFolder": "/pscratch/sd/a/adammwea/2DNetworkSimulations/NERSC/output/240528_Run1_this_does_work/gen_17",
        "saveHDF5": false,
        "saveJson": true,
        "saveLFPCells": false,
        "saveLFPPops": false,
        "saveMat": false,
        "savePickle": false,
        "saveTiming": false,
        "seeds": {
            "cell": 1,
            "conn": 1,
            "loc": 1,
            "stim": 1
        },
        "simLabel": "gen_17_cand_54",
        "tau1_exc": 7.028338738518053,
        "tau1_exc_std": 0.7374548423970829,
        "tau1_inh": 9.247853335716233,
        "tau1_inh_std": 3.28002296353164,
        "tau2_exc": 10.614970724534267,
        "tau2_exc_std": 7.7811907637591515,
        "tau2_inh": 8.073255381910794,
        "tau2_inh_std": 0.18670518498236977,
        "timestampFilename": false,
        "timing": true,
        "tstop": 1000.0,
        "use_fast_imem": false,
        "validateNetParams": false,
        "verbose": false,
        "weightEE": 1.996210637562874,
        "weightEE_std": 0.18973262020748344,
        "weightEI": 0.16645720508575418,
        "weightEI_std": 0.3289185413445516,
        "weightIE": 0.020206914526861325,
        "weightIE_std": 0.03968425863955702,
        "weightII": 0.9318451744117855,
        "weightII_std": 0.24180481068052406
    }
}