{
    "simConfig": {
        "E_L_mean": 18.8,
        "E_L_stdev": 4.082248005356099,
        "E_Ra_mean": 128.0,
        "E_Ra_stdev": 4.93447971621463,
        "E_diam_mean": 18.8,
        "E_diam_stdev": 3.52695772010709,
        "I_L_mean": 9.0,
        "I_L_stdev": 0.8737459160345317,
        "I_Ra_mean": 110.0,
        "I_Ra_stdev": 6.469593378268461,
        "I_diam_mean": 10.0,
        "I_diam_stdev": 0.29405842806833116,
        "addSynMechs": true,
        "allowConnsWithWeight0": true,
        "allowSelfConns": false,
        "analysis": {},
        "backupCfgFile": [],
        "cache_efficient": true,
        "checkErrors": false,
        "compactConnFormat": false,
        "connRandomSecFromList": true,
        "coreneuron": false,
        "createNEURONObj": true,
        "createPyStruct": true,
        "cvode_active": false,
        "cvode_atol": 0.001,
        "distributeSynsUniformly": true,
        "dt": 0.025,
        "dump_coreneuron_model": false,
        "duration": 1000.0,
        "duration_seconds": 60.0,
        "filename": "model_output",
        "gatherOnlySimData": false,
        "gkbar_E": 0.5146448006414632,
        "gkbar_E_std": 0.32895124011766336,
        "gkbar_I": 7.499884880431925,
        "gkbar_I_std": 1.8615424178184932,
        "gnabar_E": 4.073296699052757,
        "gnabar_E_std": 1.1644753638626426,
        "gnabar_I": 0.039534760255448775,
        "gnabar_I_std": 0.009036655950797287,
        "gpu": false,
        "hParams": {
            "celsius": 6.3,
            "clamp_resist": 0.001,
            "v_init": -65.0
        },
        "includeParamsLabel": true,
        "invertedYCoord": true,
        "networkType": "22May24",
        "oneSynPerNetcon": true,
        "printPopAvgRates": [
            100,
            1000.0
        ],
        "printRunTime": false,
        "printSynsAfterRule": false,
        "probEE": 0.998355652696049,
        "probEE_std": 0.12826999624540708,
        "probEI": 0.35319853921065564,
        "probEI_std": 0.013546142427248442,
        "probIE": 0.08328579274704959,
        "probIE_std": 0.27559374442534035,
        "probII": 0.328955751644488,
        "probII_std": 0.16579955516074954,
        "probLengthConst": 1596.0960933925028,
        "propVelocity": 1.0,
        "pt3dRelativeToCellLocation": true,
        "rand123GlobalIndex": null,
        "random123": false,
        "recordCells": [
            [
                "E",
                [
                    16,
                    79
                ]
            ],
            [
                "I",
                [
                    28,
                    1
                ]
            ]
        ],
        "recordCellsSpikes": -1,
        "recordDipole": false,
        "recordDipolesHNN": false,
        "recordLFP": [],
        "recordStep": 0.1,
        "recordStim": false,
        "recordTime": true,
        "recordTraces": {
            "soma_voltage": {
                "loc": 0.5,
                "sec": "soma",
                "var": "v"
            }
        },
        "saveCSV": false,
        "saveCellConns": true,
        "saveCellSecs": true,
        "saveDat": false,
        "saveDataInclude": [
            "simData",
            "simConfig",
            "netParams",
            "net"
        ],
        "saveDipoleCells": false,
        "saveDipolePops": false,
        "saveDpk": false,
        "saveFolder": "/pscratch/sd/a/adammwea/2DNetworkSimulations/NERSC/output/240527_Run3_this_should_work/gen_12",
        "saveHDF5": false,
        "saveJson": true,
        "saveLFPCells": false,
        "saveLFPPops": false,
        "saveMat": false,
        "savePickle": false,
        "saveTiming": false,
        "seeds": {
            "cell": 1,
            "conn": 1,
            "loc": 1,
            "stim": 1
        },
        "simLabel": "gen_12_cand_1",
        "tau1_exc": 9.997225246875939,
        "tau1_exc_std": 1.6587210133933592,
        "tau1_inh": 2.095553686431937,
        "tau1_inh_std": 3.294953450269203,
        "tau2_exc": 8.002095610918182,
        "tau2_exc_std": 3.6932163120122237,
        "tau2_inh": 0.021415205467414378,
        "tau2_inh_std": 0.5696310404387896,
        "timestampFilename": false,
        "timing": true,
        "tstop": 1000.0,
        "use_fast_imem": false,
        "validateNetParams": false,
        "verbose": false,
        "weightEE": 0.8191128778709186,
        "weightEE_std": 0.08367110829844263,
        "weightEI": 0.5131194522540203,
        "weightEI_std": 0.25806645842020215,
        "weightIE": 0.7161944541109602,
        "weightIE_std": 0.028578986199113247,
        "weightII": 0.3304317711565986,
        "weightII_std": 0.1636627148931676
    }
}