{
    "burst_peak_frequency_fitness": 1000,
    "baseline_diff_fitness": 1000,
    "slopeFitness": 1000,
    "BurstVal_fitness": 1000,
    "IBI_fitness": 1000,
    "baselineFitness": 1.3049873010316613,
    "rate_fitness": 1000,
    "maxFitness": 1000,
    "average_fitness": 857.3292839001473,
    "average_scaled_fitness": 857.1428571428571
}