{
    "simConfig": {
        "E_L_mean": 18.8,
        "E_L_stdev": 1.9620346925126664,
        "E_Ra_mean": 128.0,
        "E_Ra_stdev": 32.2526256638414,
        "E_diam_mean": 18.8,
        "E_diam_stdev": 1.2623534500032585,
        "I_L_mean": 9.0,
        "I_L_stdev": 0.590227227518159,
        "I_Ra_mean": 110.0,
        "I_Ra_stdev": 21.06422052544092,
        "I_diam_mean": 10.0,
        "I_diam_stdev": 1.7739964047283074,
        "addSynMechs": true,
        "allowConnsWithWeight0": true,
        "allowSelfConns": false,
        "analysis": {},
        "backupCfgFile": [],
        "cache_efficient": true,
        "checkErrors": false,
        "compactConnFormat": false,
        "connRandomSecFromList": true,
        "coreneuron": false,
        "createNEURONObj": true,
        "createPyStruct": true,
        "cvode_active": false,
        "cvode_atol": 0.001,
        "distributeSynsUniformly": true,
        "dt": 0.025,
        "dump_coreneuron_model": false,
        "duration": 1000.0,
        "duration_seconds": 330.0,
        "filename": "model_output",
        "gatherOnlySimData": false,
        "gkbar_E": 0.14702752162620014,
        "gkbar_E_std": 0.0168204090191601,
        "gkbar_I": 3.257144035220294,
        "gkbar_I_std": 0.01947004357760046,
        "gnabar_E": 3.7011368116542367,
        "gnabar_E_std": 1.4230000647257954,
        "gnabar_I": 4.930440770055937,
        "gnabar_I_std": 0.8708479283854303,
        "gpu": false,
        "hParams": {
            "celsius": 6.3,
            "clamp_resist": 0.001,
            "v_init": -65.0
        },
        "includeParamsLabel": true,
        "invertedYCoord": true,
        "networkType": "22May24",
        "oneSynPerNetcon": true,
        "printPopAvgRates": [
            100,
            1000.0
        ],
        "printRunTime": false,
        "printSynsAfterRule": false,
        "probEE": 0.025531810699140678,
        "probEE_std": 0.2835167534005541,
        "probEI": 0.6471390601643158,
        "probEI_std": 0.2693541191304901,
        "probIE": 0.6008072668922715,
        "probIE_std": 0.4861541982336265,
        "probII": 0.6295880396899051,
        "probII_std": 0.04758341719241094,
        "probLengthConst": 1671.1338327108213,
        "propVelocity": 1.0,
        "pt3dRelativeToCellLocation": true,
        "rand123GlobalIndex": null,
        "random123": false,
        "recordCells": [
            [
                "E",
                [
                    68,
                    13
                ]
            ],
            [
                "I",
                [
                    4,
                    5
                ]
            ]
        ],
        "recordCellsSpikes": -1,
        "recordDipole": false,
        "recordDipolesHNN": false,
        "recordLFP": [],
        "recordStep": 0.1,
        "recordStim": false,
        "recordTime": true,
        "recordTraces": {
            "soma_voltage": {
                "loc": 0.5,
                "sec": "soma",
                "var": "v"
            }
        },
        "saveCSV": false,
        "saveCellConns": true,
        "saveCellSecs": true,
        "saveDat": false,
        "saveDataInclude": [
            "simData",
            "simConfig",
            "netParams",
            "net"
        ],
        "saveDipoleCells": false,
        "saveDipolePops": false,
        "saveDpk": false,
        "saveFolder": "/pscratch/sd/a/adammwea/2DNetworkSimulations/NERSC/output/240604_Run1_24n24hr/gen_0",
        "saveHDF5": false,
        "saveJson": true,
        "saveLFPCells": false,
        "saveLFPPops": false,
        "saveMat": false,
        "savePickle": false,
        "saveTiming": false,
        "seeds": {
            "cell": 1,
            "conn": 1,
            "loc": 1,
            "stim": 1
        },
        "simLabel": "gen_0_cand_387",
        "tau1_exc": 0.9304802280484481,
        "tau1_exc_std": 0.21161966683247102,
        "tau1_inh": 4.130907516881472,
        "tau1_inh_std": 1.167313427489369,
        "tau2_exc": 23.797302000311902,
        "tau2_exc_std": 6.604718335997243,
        "tau2_inh": 18.804133296356543,
        "tau2_inh_std": 1.1829183650940434,
        "timestampFilename": false,
        "timing": true,
        "tstop": 1000.0,
        "use_fast_imem": false,
        "validateNetParams": false,
        "verbose": false,
        "weightEE": 0.4505275267390554,
        "weightEE_std": 0.30625164740455785,
        "weightEI": 1.0742235576953034,
        "weightEI_std": 0.16589918115945404,
        "weightIE": 0.8344793993622985,
        "weightIE_std": 0.18498466912322847,
        "weightII": 0.5404573765144538,
        "weightII_std": 0.027147746216649782
    }
}