{
    "simConfig": {
        "E_L_mean": 18.8,
        "E_L_stdev": 8.494630764721949,
        "E_Ra_mean": 128.0,
        "E_Ra_stdev": 7.693729383771739,
        "E_diam_mean": 18.8,
        "E_diam_stdev": 4.254100628609066,
        "I_L_mean": 9.0,
        "I_L_stdev": 0.2507622046631628,
        "I_Ra_mean": 110.0,
        "I_Ra_stdev": 31.254053502691228,
        "I_diam_mean": 10.0,
        "I_diam_stdev": 3.228483850940832,
        "addSynMechs": true,
        "allowConnsWithWeight0": true,
        "allowSelfConns": false,
        "analysis": {},
        "backupCfgFile": [],
        "cache_efficient": true,
        "checkErrors": false,
        "compactConnFormat": false,
        "connRandomSecFromList": true,
        "coreneuron": false,
        "createNEURONObj": true,
        "createPyStruct": true,
        "cvode_active": false,
        "cvode_atol": 0.001,
        "distributeSynsUniformly": true,
        "dt": 0.025,
        "dump_coreneuron_model": false,
        "duration": 1000.0,
        "duration_seconds": 330.0,
        "filename": "model_output",
        "gatherOnlySimData": false,
        "gkbar_E": 0.19677836047908182,
        "gkbar_E_std": 0.006518997794250747,
        "gkbar_I": 7.4671255494753,
        "gkbar_I_std": 1.7802031637478788,
        "gnabar_E": 0.7338973419736692,
        "gnabar_E_std": 0.057705809881357095,
        "gnabar_I": 1.2880501158988085,
        "gnabar_I_std": 0.5421201466364667,
        "gpu": false,
        "hParams": {
            "celsius": 6.3,
            "clamp_resist": 0.001,
            "v_init": -65.0
        },
        "includeParamsLabel": true,
        "invertedYCoord": true,
        "networkType": "22May24",
        "oneSynPerNetcon": true,
        "printPopAvgRates": [
            100,
            1000.0
        ],
        "printRunTime": false,
        "printSynsAfterRule": false,
        "probEE": 0.6406541629944952,
        "probEE_std": 0.4222172579845398,
        "probEI": 0.28765580878270625,
        "probEI_std": 0.37916593515398295,
        "probIE": 0.7174245877589087,
        "probIE_std": 0.12091421195541568,
        "probII": 0.1370482766511839,
        "probII_std": 0.4420877882822904,
        "probLengthConst": 1667.93533795791,
        "propVelocity": 1.0,
        "pt3dRelativeToCellLocation": true,
        "rand123GlobalIndex": null,
        "random123": false,
        "recordCells": [
            [
                "E",
                [
                    68,
                    13
                ]
            ],
            [
                "I",
                [
                    4,
                    5
                ]
            ]
        ],
        "recordCellsSpikes": -1,
        "recordDipole": false,
        "recordDipolesHNN": false,
        "recordLFP": [],
        "recordStep": 0.1,
        "recordStim": false,
        "recordTime": true,
        "recordTraces": {
            "soma_voltage": {
                "loc": 0.5,
                "sec": "soma",
                "var": "v"
            }
        },
        "saveCSV": false,
        "saveCellConns": true,
        "saveCellSecs": true,
        "saveDat": false,
        "saveDataInclude": [
            "simData",
            "simConfig",
            "netParams",
            "net"
        ],
        "saveDipoleCells": false,
        "saveDipolePops": false,
        "saveDpk": false,
        "saveFolder": "/pscratch/sd/a/adammwea/2DNetworkSimulations/NERSC/output/240604_Run1_24n24hr/gen_0",
        "saveHDF5": false,
        "saveJson": true,
        "saveLFPCells": false,
        "saveLFPPops": false,
        "saveMat": false,
        "savePickle": false,
        "saveTiming": false,
        "seeds": {
            "cell": 1,
            "conn": 1,
            "loc": 1,
            "stim": 1
        },
        "simLabel": "gen_0_cand_377",
        "tau1_exc": 5.681790034827739,
        "tau1_exc_std": 2.856101002640039,
        "tau1_inh": 9.89870069879924,
        "tau1_inh_std": 0.988994167474799,
        "tau2_exc": 11.011230147737484,
        "tau2_exc_std": 8.371574278760326,
        "tau2_inh": 10.815587534603067,
        "tau2_inh_std": 8.534812017197984,
        "timestampFilename": false,
        "timing": true,
        "tstop": 1000.0,
        "use_fast_imem": false,
        "validateNetParams": false,
        "verbose": false,
        "weightEE": 0.9361355726886598,
        "weightEE_std": 0.35508823477703816,
        "weightEI": 0.9292593263033495,
        "weightEI_std": 0.05142743927676914,
        "weightIE": 0.00839792086396729,
        "weightIE_std": 0.32923499258554667,
        "weightII": 0.9244767062240982,
        "weightII_std": 0.15286028397533388
    }
}