{
    "simConfig": {
        "E_L_mean": 18.8,
        "E_L_stdev": 3.297932085724005,
        "E_Ra_mean": 128.0,
        "E_Ra_stdev": 0.017074492140920938,
        "E_diam_mean": 18.8,
        "E_diam_stdev": 1.5441620607607864,
        "I_L_mean": 9.0,
        "I_L_stdev": 2.766937375987993,
        "I_Ra_mean": 110.0,
        "I_Ra_stdev": 43.617598309068406,
        "I_diam_mean": 10.0,
        "I_diam_stdev": 1.456960728997768,
        "addSynMechs": true,
        "allowConnsWithWeight0": true,
        "allowSelfConns": false,
        "analysis": {},
        "backupCfgFile": [],
        "cache_efficient": true,
        "checkErrors": false,
        "compactConnFormat": false,
        "connRandomSecFromList": true,
        "coreneuron": false,
        "createNEURONObj": true,
        "createPyStruct": true,
        "cvode_active": false,
        "cvode_atol": 0.001,
        "distributeSynsUniformly": true,
        "dt": 0.025,
        "dump_coreneuron_model": false,
        "duration": 1000.0,
        "duration_seconds": 330.0,
        "filename": "model_output",
        "gatherOnlySimData": false,
        "gkbar_E": 0.9422038860439288,
        "gkbar_E_std": 0.30104974591298606,
        "gkbar_I": 3.0698846205263672,
        "gkbar_I_std": 1.5195028572997848,
        "gnabar_E": 2.718381368394894,
        "gnabar_E_std": 0.5608510628262097,
        "gnabar_I": 1.0854603537299656,
        "gnabar_I_std": 0.5254572216865381,
        "gpu": false,
        "hParams": {
            "celsius": 6.3,
            "clamp_resist": 0.001,
            "v_init": -65.0
        },
        "includeParamsLabel": true,
        "invertedYCoord": true,
        "networkType": "22May24",
        "oneSynPerNetcon": true,
        "printPopAvgRates": [
            100,
            1000.0
        ],
        "printRunTime": false,
        "printSynsAfterRule": false,
        "probEE": 0.5177199002735646,
        "probEE_std": 0.19941288208112223,
        "probEI": 0.6424990246842023,
        "probEI_std": 0.16124988128932266,
        "probIE": 0.5593704013360858,
        "probIE_std": 0.35791172484895367,
        "probII": 0.4266754981353159,
        "probII_std": 0.3608618100701486,
        "probLengthConst": 2113.0113689098066,
        "propVelocity": 1.0,
        "pt3dRelativeToCellLocation": true,
        "rand123GlobalIndex": null,
        "random123": false,
        "recordCells": [
            [
                "E",
                [
                    68,
                    13
                ]
            ],
            [
                "I",
                [
                    4,
                    5
                ]
            ]
        ],
        "recordCellsSpikes": -1,
        "recordDipole": false,
        "recordDipolesHNN": false,
        "recordLFP": [],
        "recordStep": 0.1,
        "recordStim": false,
        "recordTime": true,
        "recordTraces": {
            "soma_voltage": {
                "loc": 0.5,
                "sec": "soma",
                "var": "v"
            }
        },
        "saveCSV": false,
        "saveCellConns": true,
        "saveCellSecs": true,
        "saveDat": false,
        "saveDataInclude": [
            "simData",
            "simConfig",
            "netParams",
            "net"
        ],
        "saveDipoleCells": false,
        "saveDipolePops": false,
        "saveDpk": false,
        "saveFolder": "/pscratch/sd/a/adammwea/2DNetworkSimulations/NERSC/output/240604_Run1_24n24hr/gen_0",
        "saveHDF5": false,
        "saveJson": true,
        "saveLFPCells": false,
        "saveLFPPops": false,
        "saveMat": false,
        "savePickle": false,
        "saveTiming": false,
        "seeds": {
            "cell": 1,
            "conn": 1,
            "loc": 1,
            "stim": 1
        },
        "simLabel": "gen_0_cand_73",
        "tau1_exc": 1.1183200506444702,
        "tau1_exc_std": 2.882816356727324,
        "tau1_inh": 0.5821447855661421,
        "tau1_inh_std": 1.0523195308634934,
        "tau2_exc": 25.79408111557708,
        "tau2_exc_std": 6.1173460394190515,
        "tau2_inh": 1.5420903106059525,
        "tau2_inh_std": 2.458241184271097,
        "timestampFilename": false,
        "timing": true,
        "tstop": 1000.0,
        "use_fast_imem": false,
        "validateNetParams": false,
        "verbose": false,
        "weightEE": 1.0586325291633152,
        "weightEE_std": 0.09600468642571647,
        "weightEI": 0.8239679312465211,
        "weightEI_std": 0.0449005683611956,
        "weightIE": 0.12595870641912899,
        "weightIE_std": 0.14624305671789234,
        "weightII": 0.5841430128389438,
        "weightII_std": 0.08871414272413783
    }
}