{
    "simConfig": {
        "E_L_mean": 18.8,
        "E_L_stdev": 9.08762990442722,
        "E_Ra_mean": 128.0,
        "E_Ra_stdev": 14.393726390222902,
        "E_diam_mean": 18.8,
        "E_diam_stdev": 3.654760061815252,
        "I_L_mean": 9.0,
        "I_L_stdev": 1.7734675451026174,
        "I_Ra_mean": 110.0,
        "I_Ra_stdev": 52.22904279257325,
        "I_diam_mean": 10.0,
        "I_diam_stdev": 0.5258204767147819,
        "addSynMechs": true,
        "allowConnsWithWeight0": true,
        "allowSelfConns": false,
        "analysis": {},
        "backupCfgFile": [],
        "cache_efficient": true,
        "checkErrors": false,
        "compactConnFormat": false,
        "connRandomSecFromList": true,
        "coreneuron": false,
        "createNEURONObj": true,
        "createPyStruct": true,
        "cvode_active": false,
        "cvode_atol": 0.001,
        "distributeSynsUniformly": true,
        "dt": 0.025,
        "dump_coreneuron_model": false,
        "duration": 1000.0,
        "duration_seconds": 330.0,
        "filename": "model_output",
        "gatherOnlySimData": false,
        "gkbar_E": 0.221864546659592,
        "gkbar_E_std": 0.09375548565165687,
        "gkbar_I": 7.517119912412964,
        "gkbar_I_std": 2.321898618804231,
        "gnabar_E": 3.140099129304329,
        "gnabar_E_std": 1.0210859569965656,
        "gnabar_I": 3.8221519128048542,
        "gnabar_I_std": 0.6233126714466128,
        "gpu": false,
        "hParams": {
            "celsius": 6.3,
            "clamp_resist": 0.001,
            "v_init": -65.0
        },
        "includeParamsLabel": true,
        "invertedYCoord": true,
        "networkType": "22May24",
        "oneSynPerNetcon": true,
        "printPopAvgRates": [
            100,
            1000.0
        ],
        "printRunTime": false,
        "printSynsAfterRule": false,
        "probEE": 0.4766242817218302,
        "probEE_std": 0.07828616771524932,
        "probEI": 0.8507351220700382,
        "probEI_std": 0.22251108541539277,
        "probIE": 0.6373697991837174,
        "probIE_std": 0.4240111932510619,
        "probII": 0.6994875131271376,
        "probII_std": 0.05812142854638552,
        "probLengthConst": 1597.921797568327,
        "propVelocity": 1.0,
        "pt3dRelativeToCellLocation": true,
        "rand123GlobalIndex": null,
        "random123": false,
        "recordCells": [
            [
                "E",
                [
                    68,
                    13
                ]
            ],
            [
                "I",
                [
                    4,
                    5
                ]
            ]
        ],
        "recordCellsSpikes": -1,
        "recordDipole": false,
        "recordDipolesHNN": false,
        "recordLFP": [],
        "recordStep": 0.1,
        "recordStim": false,
        "recordTime": true,
        "recordTraces": {
            "soma_voltage": {
                "loc": 0.5,
                "sec": "soma",
                "var": "v"
            }
        },
        "saveCSV": false,
        "saveCellConns": true,
        "saveCellSecs": true,
        "saveDat": false,
        "saveDataInclude": [
            "simData",
            "simConfig",
            "netParams",
            "net"
        ],
        "saveDipoleCells": false,
        "saveDipolePops": false,
        "saveDpk": false,
        "saveFolder": "/pscratch/sd/a/adammwea/2DNetworkSimulations/NERSC/output/240604_Run1_24n24hr/gen_0",
        "saveHDF5": false,
        "saveJson": true,
        "saveLFPCells": false,
        "saveLFPPops": false,
        "saveMat": false,
        "savePickle": false,
        "saveTiming": false,
        "seeds": {
            "cell": 1,
            "conn": 1,
            "loc": 1,
            "stim": 1
        },
        "simLabel": "gen_0_cand_299",
        "tau1_exc": 5.9066984266909826,
        "tau1_exc_std": 2.7362766279369586,
        "tau1_inh": 8.291548701236682,
        "tau1_inh_std": 2.631137380390885,
        "tau2_exc": 13.643813736943015,
        "tau2_exc_std": 7.81301819754476,
        "tau2_inh": 10.400893390397723,
        "tau2_inh_std": 6.482383290740026,
        "timestampFilename": false,
        "timing": true,
        "tstop": 1000.0,
        "use_fast_imem": false,
        "validateNetParams": false,
        "verbose": false,
        "weightEE": 0.06079276887382812,
        "weightEE_std": 0.1820312621779961,
        "weightEI": 1.4279652608493105,
        "weightEI_std": 0.0632682158517687,
        "weightIE": 0.7314228787298281,
        "weightIE_std": 0.08398424514948533,
        "weightII": 1.3274327897715736,
        "weightII_std": 0.24436357629823782
    }
}