{
    "simConfig": {
        "E_L_mean": 18.8,
        "E_L_stdev": 4.741141225666801,
        "E_Ra_mean": 128.0,
        "E_Ra_stdev": 46.92653488149505,
        "E_diam_mean": 18.8,
        "E_diam_stdev": 2.8912729011524805,
        "I_L_mean": 9.0,
        "I_L_stdev": 1.103622584601827,
        "I_Ra_mean": 110.0,
        "I_Ra_stdev": 51.15280400204464,
        "I_diam_mean": 10.0,
        "I_diam_stdev": 2.8272941574524366,
        "addSynMechs": true,
        "allowConnsWithWeight0": true,
        "allowSelfConns": false,
        "analysis": {},
        "backupCfgFile": [],
        "cache_efficient": true,
        "checkErrors": false,
        "compactConnFormat": false,
        "connRandomSecFromList": true,
        "coreneuron": false,
        "createNEURONObj": true,
        "createPyStruct": true,
        "cvode_active": false,
        "cvode_atol": 0.001,
        "distributeSynsUniformly": true,
        "dt": 0.025,
        "dump_coreneuron_model": false,
        "duration": 1000.0,
        "duration_seconds": 330.0,
        "filename": "model_output",
        "gatherOnlySimData": false,
        "gkbar_E": 0.008526133136144254,
        "gkbar_E_std": 0.17593820798510001,
        "gkbar_I": 0.701325422173994,
        "gkbar_I_std": 1.7164559997538065,
        "gnabar_E": 6.675846966172025,
        "gnabar_E_std": 0.02794537571577142,
        "gnabar_I": 1.1389255427879803,
        "gnabar_I_std": 0.38974199512993857,
        "gpu": false,
        "hParams": {
            "celsius": 6.3,
            "clamp_resist": 0.001,
            "v_init": -65.0
        },
        "includeParamsLabel": true,
        "invertedYCoord": true,
        "networkType": "22May24",
        "oneSynPerNetcon": true,
        "printPopAvgRates": [
            100,
            1000.0
        ],
        "printRunTime": false,
        "printSynsAfterRule": false,
        "probEE": 0.12161944339869302,
        "probEE_std": 0.023018388567712267,
        "probEI": 0.7470823816420384,
        "probEI_std": 0.3174356133527629,
        "probIE": 0.5932651043564053,
        "probIE_std": 0.038906705175891565,
        "probII": 0.4857663493867194,
        "probII_std": 0.1228566102014626,
        "probLengthConst": 916.3307666254501,
        "propVelocity": 1.0,
        "pt3dRelativeToCellLocation": true,
        "rand123GlobalIndex": null,
        "random123": false,
        "recordCells": [
            [
                "E",
                [
                    68,
                    13
                ]
            ],
            [
                "I",
                [
                    4,
                    5
                ]
            ]
        ],
        "recordCellsSpikes": -1,
        "recordDipole": false,
        "recordDipolesHNN": false,
        "recordLFP": [],
        "recordStep": 0.1,
        "recordStim": false,
        "recordTime": true,
        "recordTraces": {
            "soma_voltage": {
                "loc": 0.5,
                "sec": "soma",
                "var": "v"
            }
        },
        "saveCSV": false,
        "saveCellConns": true,
        "saveCellSecs": true,
        "saveDat": false,
        "saveDataInclude": [
            "simData",
            "simConfig",
            "netParams",
            "net"
        ],
        "saveDipoleCells": false,
        "saveDipolePops": false,
        "saveDpk": false,
        "saveFolder": "/pscratch/sd/a/adammwea/2DNetworkSimulations/NERSC/output/240604_Run1_24n24hr/gen_0",
        "saveHDF5": false,
        "saveJson": true,
        "saveLFPCells": false,
        "saveLFPPops": false,
        "saveMat": false,
        "savePickle": false,
        "saveTiming": false,
        "seeds": {
            "cell": 1,
            "conn": 1,
            "loc": 1,
            "stim": 1
        },
        "simLabel": "gen_0_cand_165",
        "tau1_exc": 4.857443564343619,
        "tau1_exc_std": 1.0598435982342174,
        "tau1_inh": 1.049766031002658,
        "tau1_inh_std": 3.163021113873723,
        "tau2_exc": 2.7881503032095045,
        "tau2_exc_std": 5.1717529296404,
        "tau2_inh": 16.320926946268223,
        "tau2_inh_std": 4.137192966355389,
        "timestampFilename": false,
        "timing": true,
        "tstop": 1000.0,
        "use_fast_imem": false,
        "validateNetParams": false,
        "verbose": false,
        "weightEE": 1.5933473824007327,
        "weightEE_std": 0.1334315513404838,
        "weightEI": 0.4401536871164,
        "weightEI_std": 0.2444644765402725,
        "weightIE": 0.7628197853721411,
        "weightIE_std": 0.321171578446632,
        "weightII": 1.5536780222704847,
        "weightII_std": 0.06079486256442751
    }
}