{
    "simConfig": {
        "E_L_mean": 18.8,
        "E_L_stdev": 1.341574626421611,
        "E_Ra_mean": 128.0,
        "E_Ra_stdev": 36.01207568547212,
        "E_diam_mean": 18.8,
        "E_diam_stdev": 5.356319941880978,
        "I_L_mean": 9.0,
        "I_L_stdev": 0.11251607410215318,
        "I_Ra_mean": 110.0,
        "I_Ra_stdev": 32.258325237871304,
        "I_diam_mean": 10.0,
        "I_diam_stdev": 0.9755322433799294,
        "addSynMechs": true,
        "allowConnsWithWeight0": true,
        "allowSelfConns": false,
        "analysis": {},
        "backupCfgFile": [],
        "cache_efficient": true,
        "checkErrors": false,
        "compactConnFormat": false,
        "connRandomSecFromList": true,
        "coreneuron": false,
        "createNEURONObj": true,
        "createPyStruct": true,
        "cvode_active": false,
        "cvode_atol": 0.001,
        "distributeSynsUniformly": true,
        "dt": 0.025,
        "dump_coreneuron_model": false,
        "duration": 1000.0,
        "duration_seconds": 300.0,
        "filename": "model_output",
        "gatherOnlySimData": false,
        "gkbar_E": 0.00031846652788209285,
        "gkbar_E_std": 0.0070234414818066,
        "gkbar_I": 3.1044994808952304,
        "gkbar_I_std": 0.12767108920657377,
        "gnabar_E": 5.707337163723309,
        "gnabar_E_std": 1.6560440255312607,
        "gnabar_I": 2.3080290778217285,
        "gnabar_I_std": 0.4117715043707899,
        "gpu": false,
        "hParams": {
            "celsius": 6.3,
            "clamp_resist": 0.001,
            "v_init": -65.0
        },
        "includeParamsLabel": true,
        "invertedYCoord": true,
        "networkType": "22May24",
        "oneSynPerNetcon": true,
        "printPopAvgRates": [
            100,
            1000.0
        ],
        "printRunTime": false,
        "printSynsAfterRule": false,
        "probEE": 0.19802048630281865,
        "probEE_std": 0.44034948325169126,
        "probEI": 0.9940358253773363,
        "probEI_std": 0.1317099178441447,
        "probIE": 0.6121591735735268,
        "probIE_std": 0.02045920817444346,
        "probII": 0.05903728727035634,
        "probII_std": 0.16006154843793952,
        "probLengthConst": 1784.6957923407194,
        "propVelocity": 1.0,
        "pt3dRelativeToCellLocation": true,
        "rand123GlobalIndex": null,
        "random123": false,
        "recordCells": [
            [
                "E",
                [
                    65,
                    58
                ]
            ],
            [
                "I",
                [
                    22,
                    34
                ]
            ]
        ],
        "recordCellsSpikes": -1,
        "recordDipole": false,
        "recordDipolesHNN": false,
        "recordLFP": [],
        "recordStep": 0.1,
        "recordStim": false,
        "recordTime": true,
        "recordTraces": {
            "soma_voltage": {
                "loc": 0.5,
                "sec": "soma",
                "var": "v"
            }
        },
        "saveCSV": false,
        "saveCellConns": true,
        "saveCellSecs": true,
        "saveDat": false,
        "saveDataInclude": [
            "simData",
            "simConfig",
            "netParams",
            "net"
        ],
        "saveDipoleCells": false,
        "saveDipolePops": false,
        "saveDpk": false,
        "saveFolder": "/pscratch/sd/a/adammwea/2DNetworkSimulations/NERSC/output/240530_Run1_8nodes/gen_8",
        "saveHDF5": false,
        "saveJson": true,
        "saveLFPCells": false,
        "saveLFPPops": false,
        "saveMat": false,
        "savePickle": false,
        "saveTiming": false,
        "seeds": {
            "cell": 1,
            "conn": 1,
            "loc": 1,
            "stim": 1
        },
        "simLabel": "gen_8_cand_41",
        "tau1_exc": 4.005702873068459,
        "tau1_exc_std": 0.010187855837201436,
        "tau1_inh": 9.143685158237187,
        "tau1_inh_std": 3.32194121658289,
        "tau2_exc": 18.0503042958575,
        "tau2_exc_std": 3.171173822237078,
        "tau2_inh": 14.447079475166564,
        "tau2_inh_std": 2.578975802394578,
        "timestampFilename": false,
        "timing": true,
        "tstop": 1000.0,
        "use_fast_imem": false,
        "validateNetParams": false,
        "verbose": false,
        "weightEE": 0.00886438645371146,
        "weightEE_std": 0.49922965294410615,
        "weightEI": 0.2129956830548413,
        "weightEI_std": 0.008505586360692784,
        "weightIE": 0.9558502259807464,
        "weightIE_std": 0.19622464892092556,
        "weightII": 0.26353971365970974,
        "weightII_std": 0.09832141803610116
    }
}