{
    "simConfig": {
        "E_L_mean": 18.8,
        "E_L_stdev": 5.896487220214888,
        "E_Ra_mean": 128.0,
        "E_Ra_stdev": 63.88064761698211,
        "E_diam_mean": 18.8,
        "E_diam_stdev": 0.06016686442696395,
        "I_L_mean": 9.0,
        "I_L_stdev": 1.3823285637700395,
        "I_Ra_mean": 110.0,
        "I_Ra_stdev": 1.6327402015898542,
        "I_diam_mean": 10.0,
        "I_diam_stdev": 0.7146965652866551,
        "addSynMechs": true,
        "allowConnsWithWeight0": true,
        "allowSelfConns": false,
        "analysis": {},
        "backupCfgFile": [],
        "cache_efficient": true,
        "checkErrors": false,
        "compactConnFormat": false,
        "connRandomSecFromList": true,
        "coreneuron": false,
        "createNEURONObj": true,
        "createPyStruct": true,
        "cvode_active": false,
        "cvode_atol": 0.001,
        "distributeSynsUniformly": true,
        "dt": 0.025,
        "dump_coreneuron_model": false,
        "duration": 1000.0,
        "duration_seconds": 300.0,
        "filename": "model_output",
        "gatherOnlySimData": false,
        "gkbar_E": 0.12026079650817627,
        "gkbar_E_std": 0.14128955414169952,
        "gkbar_I": 1.31987507598696,
        "gkbar_I_std": 0.14941518645236138,
        "gnabar_E": 6.963338288460884,
        "gnabar_E_std": 1.2824528229823147,
        "gnabar_I": 0.5836151919190291,
        "gnabar_I_std": 0.7893937198457184,
        "gpu": false,
        "hParams": {
            "celsius": 6.3,
            "clamp_resist": 0.001,
            "v_init": -65.0
        },
        "includeParamsLabel": true,
        "invertedYCoord": true,
        "networkType": "22May24",
        "oneSynPerNetcon": true,
        "printPopAvgRates": [
            100,
            1000.0
        ],
        "printRunTime": false,
        "printSynsAfterRule": false,
        "probEE": 0.16342342113142277,
        "probEE_std": 0.002125915721683927,
        "probEI": 0.9332343929668314,
        "probEI_std": 0.48250461272431133,
        "probIE": 0.010684719680710116,
        "probIE_std": 0.405199633070186,
        "probII": 0.010088921245758109,
        "probII_std": 0.418643318665217,
        "probLengthConst": 1737.8199913980989,
        "propVelocity": 1.0,
        "pt3dRelativeToCellLocation": true,
        "rand123GlobalIndex": null,
        "random123": false,
        "recordCells": [
            [
                "E",
                [
                    65,
                    58
                ]
            ],
            [
                "I",
                [
                    22,
                    34
                ]
            ]
        ],
        "recordCellsSpikes": -1,
        "recordDipole": false,
        "recordDipolesHNN": false,
        "recordLFP": [],
        "recordStep": 0.1,
        "recordStim": false,
        "recordTime": true,
        "recordTraces": {
            "soma_voltage": {
                "loc": 0.5,
                "sec": "soma",
                "var": "v"
            }
        },
        "saveCSV": false,
        "saveCellConns": true,
        "saveCellSecs": true,
        "saveDat": false,
        "saveDataInclude": [
            "simData",
            "simConfig",
            "netParams",
            "net"
        ],
        "saveDipoleCells": false,
        "saveDipolePops": false,
        "saveDpk": false,
        "saveFolder": "/pscratch/sd/a/adammwea/2DNetworkSimulations/NERSC/output/240530_Run1_8nodes/gen_8",
        "saveHDF5": false,
        "saveJson": true,
        "saveLFPCells": false,
        "saveLFPPops": false,
        "saveMat": false,
        "savePickle": false,
        "saveTiming": false,
        "seeds": {
            "cell": 1,
            "conn": 1,
            "loc": 1,
            "stim": 1
        },
        "simLabel": "gen_8_cand_9",
        "tau1_exc": 6.658010902417061,
        "tau1_exc_std": 3.1742770268866107,
        "tau1_inh": 0.6754533916704286,
        "tau1_inh_std": 0.6257266132219876,
        "tau2_exc": 6.904495343521827,
        "tau2_exc_std": 3.7161819045232214,
        "tau2_inh": 6.118648071658298,
        "tau2_inh_std": 5.783002958059116,
        "timestampFilename": false,
        "timing": true,
        "tstop": 1000.0,
        "use_fast_imem": false,
        "validateNetParams": false,
        "verbose": false,
        "weightEE": 1.0404046906756577,
        "weightEE_std": 0.2957241486002439,
        "weightEI": 1.943817882551456,
        "weightEI_std": 0.09552360149566419,
        "weightIE": 0.9928126574317725,
        "weightIE_std": 0.3005973060476822,
        "weightII": 0.49101601336284034,
        "weightII_std": 0.04969969784480009
    }
}