{
    "simConfig": {
        "E_L_mean": 18.8,
        "E_L_stdev": 5.470157562862047,
        "E_Ra_mean": 128.0,
        "E_Ra_stdev": 63.39678457481818,
        "E_diam_mean": 18.8,
        "E_diam_stdev": 3.670968341382669,
        "I_L_mean": 9.0,
        "I_L_stdev": 0.7743498582156683,
        "I_Ra_mean": 110.0,
        "I_Ra_stdev": 54.63824675869991,
        "I_diam_mean": 10.0,
        "I_diam_stdev": 0.10315995441898088,
        "addSynMechs": true,
        "allowConnsWithWeight0": true,
        "allowSelfConns": false,
        "analysis": {},
        "backupCfgFile": [],
        "cache_efficient": true,
        "checkErrors": false,
        "compactConnFormat": false,
        "connRandomSecFromList": true,
        "coreneuron": false,
        "createNEURONObj": true,
        "createPyStruct": true,
        "cvode_active": false,
        "cvode_atol": 0.001,
        "distributeSynsUniformly": true,
        "dt": 0.025,
        "dump_coreneuron_model": false,
        "duration": 1000.0,
        "duration_seconds": 90.0,
        "filename": "model_output",
        "gatherOnlySimData": false,
        "gkbar_E": 0.6175725159771646,
        "gkbar_E_std": 0.28439403333849395,
        "gkbar_I": 9.34178776475068,
        "gkbar_I_std": 0.3096984518198612,
        "gnabar_E": 6.89060938844245,
        "gnabar_E_std": 0.46678131480902424,
        "gnabar_I": 1.9249854459307456,
        "gnabar_I_std": 0.9278317538482553,
        "gpu": false,
        "hParams": {
            "celsius": 6.3,
            "clamp_resist": 0.001,
            "v_init": -65.0
        },
        "includeParamsLabel": true,
        "invertedYCoord": true,
        "networkType": "22May24",
        "oneSynPerNetcon": true,
        "printPopAvgRates": [
            100,
            1000.0
        ],
        "printRunTime": false,
        "printSynsAfterRule": false,
        "probEE": 0.008007063707056207,
        "probEE_std": 0.13324655495350288,
        "probEI": 0.39867775007760936,
        "probEI_std": 0.07567508555297255,
        "probIE": 0.20226112002226593,
        "probIE_std": 0.4324334472003575,
        "probII": 0.015537943482010297,
        "probII_std": 0.17831082525872188,
        "probLengthConst": 776.1352927099006,
        "propVelocity": 1.0,
        "pt3dRelativeToCellLocation": true,
        "rand123GlobalIndex": null,
        "random123": false,
        "recordCells": [
            [
                "E",
                [
                    74,
                    47
                ]
            ],
            [
                "I",
                [
                    38,
                    3
                ]
            ]
        ],
        "recordCellsSpikes": -1,
        "recordDipole": false,
        "recordDipolesHNN": false,
        "recordLFP": [],
        "recordStep": 0.1,
        "recordStim": false,
        "recordTime": true,
        "recordTraces": {
            "soma_voltage": {
                "loc": 0.5,
                "sec": "soma",
                "var": "v"
            }
        },
        "saveCSV": false,
        "saveCellConns": true,
        "saveCellSecs": true,
        "saveDat": false,
        "saveDataInclude": [
            "simData",
            "simConfig",
            "netParams",
            "net"
        ],
        "saveDipoleCells": false,
        "saveDipolePops": false,
        "saveDpk": false,
        "saveFolder": "/pscratch/sd/a/adammwea/2DNetworkSimulations/NERSC/output/240528_Run1_this_does_work/gen_10",
        "saveHDF5": false,
        "saveJson": true,
        "saveLFPCells": false,
        "saveLFPPops": false,
        "saveMat": false,
        "savePickle": false,
        "saveTiming": false,
        "seeds": {
            "cell": 1,
            "conn": 1,
            "loc": 1,
            "stim": 1
        },
        "simLabel": "gen_10_cand_32",
        "tau1_exc": 0.4670486533004632,
        "tau1_exc_std": 3.3235193433751564,
        "tau1_inh": 4.348215800101654,
        "tau1_inh_std": 0.23155432453170044,
        "tau2_exc": 21.859244090239834,
        "tau2_exc_std": 9.177754955331126,
        "tau2_inh": 13.54230828026779,
        "tau2_inh_std": 0.20388388649862255,
        "timestampFilename": false,
        "timing": true,
        "tstop": 1000.0,
        "use_fast_imem": false,
        "validateNetParams": false,
        "verbose": false,
        "weightEE": 0.14340226138897322,
        "weightEE_std": 0.4302194352090041,
        "weightEI": 0.6500785828147067,
        "weightEI_std": 0.024750939900906904,
        "weightIE": 2.9835670118142672e-05,
        "weightIE_std": 0.16608780103244103,
        "weightII": 0.4967186317671058,
        "weightII_std": 0.00048514791541441756
    }
}