{
    "simConfig": {
        "E_L_mean": 18.8,
        "E_L_stdev": 6.691183213400773,
        "E_Ra_mean": 128.0,
        "E_Ra_stdev": 52.95029167005084,
        "E_diam_mean": 18.8,
        "E_diam_stdev": 4.82377938783806,
        "I_L_mean": 9.0,
        "I_L_stdev": 2.8928512735976084,
        "I_Ra_mean": 110.0,
        "I_Ra_stdev": 48.81165334014268,
        "I_diam_mean": 10.0,
        "I_diam_stdev": 2.392613767852084,
        "addSynMechs": true,
        "allowConnsWithWeight0": true,
        "allowSelfConns": false,
        "analysis": {},
        "backupCfgFile": [],
        "cache_efficient": true,
        "checkErrors": false,
        "compactConnFormat": false,
        "connRandomSecFromList": true,
        "coreneuron": false,
        "createNEURONObj": true,
        "createPyStruct": true,
        "cvode_active": false,
        "cvode_atol": 0.001,
        "distributeSynsUniformly": true,
        "dt": 0.025,
        "dump_coreneuron_model": false,
        "duration": 1000.0,
        "duration_seconds": 90.0,
        "filename": "model_output",
        "gatherOnlySimData": false,
        "gkbar_E": 0.7694007634260697,
        "gkbar_E_std": 0.44709986289891956,
        "gkbar_I": 6.972312703240795,
        "gkbar_I_std": 0.1962480001599216,
        "gnabar_E": 0.7966336488097738,
        "gnabar_E_std": 0.39872271030124384,
        "gnabar_I": 4.964713249676971,
        "gnabar_I_std": 0.6454259653147922,
        "gpu": false,
        "hParams": {
            "celsius": 6.3,
            "clamp_resist": 0.001,
            "v_init": -65.0
        },
        "includeParamsLabel": true,
        "invertedYCoord": true,
        "networkType": "22May24",
        "oneSynPerNetcon": true,
        "printPopAvgRates": [
            100,
            1000.0
        ],
        "printRunTime": false,
        "printSynsAfterRule": false,
        "probEE": 0.24139529440859714,
        "probEE_std": 0.08942176204377078,
        "probEI": 0.3010187757433142,
        "probEI_std": 0.13596259443951092,
        "probIE": 0.3382510433023294,
        "probIE_std": 0.3199550242844368,
        "probII": 0.002139292358187635,
        "probII_std": 0.01923008441024182,
        "probLengthConst": 1588.4904510234078,
        "propVelocity": 1.0,
        "pt3dRelativeToCellLocation": true,
        "rand123GlobalIndex": null,
        "random123": false,
        "recordCells": [
            [
                "E",
                [
                    74,
                    47
                ]
            ],
            [
                "I",
                [
                    38,
                    3
                ]
            ]
        ],
        "recordCellsSpikes": -1,
        "recordDipole": false,
        "recordDipolesHNN": false,
        "recordLFP": [],
        "recordStep": 0.1,
        "recordStim": false,
        "recordTime": true,
        "recordTraces": {
            "soma_voltage": {
                "loc": 0.5,
                "sec": "soma",
                "var": "v"
            }
        },
        "saveCSV": false,
        "saveCellConns": true,
        "saveCellSecs": true,
        "saveDat": false,
        "saveDataInclude": [
            "simData",
            "simConfig",
            "netParams",
            "net"
        ],
        "saveDipoleCells": false,
        "saveDipolePops": false,
        "saveDpk": false,
        "saveFolder": "/pscratch/sd/a/adammwea/2DNetworkSimulations/NERSC/output/240528_Run1_this_does_work/gen_5",
        "saveHDF5": false,
        "saveJson": true,
        "saveLFPCells": false,
        "saveLFPPops": false,
        "saveMat": false,
        "savePickle": false,
        "saveTiming": false,
        "seeds": {
            "cell": 1,
            "conn": 1,
            "loc": 1,
            "stim": 1
        },
        "simLabel": "gen_5_cand_0",
        "tau1_exc": 1.4776047616071837,
        "tau1_exc_std": 0.6032482657290795,
        "tau1_inh": 1.2819549599647202,
        "tau1_inh_std": 0.13224973484154,
        "tau2_exc": 28.29541574907677,
        "tau2_exc_std": 9.572430535075993,
        "tau2_inh": 2.0783088833109953,
        "tau2_inh_std": 0.28110299349950973,
        "timestampFilename": false,
        "timing": true,
        "tstop": 1000.0,
        "use_fast_imem": false,
        "validateNetParams": false,
        "verbose": false,
        "weightEE": 0.007475732432113691,
        "weightEE_std": 0.4057181414392288,
        "weightEI": 1.6251832333596445,
        "weightEI_std": 0.23466989711976563,
        "weightIE": 0.3031895102002269,
        "weightIE_std": 0.07532314119796278,
        "weightII": 0.9234495173969122,
        "weightII_std": 0.2229191439062328
    }
}