{
    "simConfig": {
        "E_L_mean": 18.8,
        "E_L_stdev": 5.801693532703111,
        "E_Ra_mean": 128.0,
        "E_Ra_stdev": 1.9766962238415615,
        "E_diam_mean": 18.8,
        "E_diam_stdev": 3.969191214063865,
        "I_L_mean": 9.0,
        "I_L_stdev": 0.13894868136370986,
        "I_Ra_mean": 110.0,
        "I_Ra_stdev": 40.28884790374552,
        "I_diam_mean": 10.0,
        "I_diam_stdev": 2.3883296183598923,
        "addSynMechs": true,
        "allowConnsWithWeight0": true,
        "allowSelfConns": false,
        "analysis": {},
        "backupCfgFile": [],
        "cache_efficient": true,
        "checkErrors": false,
        "compactConnFormat": false,
        "connRandomSecFromList": true,
        "coreneuron": false,
        "createNEURONObj": true,
        "createPyStruct": true,
        "cvode_active": false,
        "cvode_atol": 0.001,
        "distributeSynsUniformly": true,
        "dt": 0.025,
        "dump_coreneuron_model": false,
        "duration": 1000.0,
        "duration_seconds": 90.0,
        "filename": "model_output",
        "gatherOnlySimData": false,
        "gkbar_E": 0.7846716003033976,
        "gkbar_E_std": 0.005400098857267206,
        "gkbar_I": 0.11502642843196031,
        "gkbar_I_std": 0.23619173012065853,
        "gnabar_E": 5.4401869043726325,
        "gnabar_E_std": 1.4597834444788096,
        "gnabar_I": 3.6696912558210077,
        "gnabar_I_std": 0.7351828466522787,
        "gpu": false,
        "hParams": {
            "celsius": 6.3,
            "clamp_resist": 0.001,
            "v_init": -65.0
        },
        "includeParamsLabel": true,
        "invertedYCoord": true,
        "networkType": "22May24",
        "oneSynPerNetcon": true,
        "printPopAvgRates": [
            100,
            1000.0
        ],
        "printRunTime": false,
        "printSynsAfterRule": false,
        "probEE": 0.005108643047553901,
        "probEE_std": 0.002779239994922439,
        "probEI": 0.4918712574108253,
        "probEI_std": 0.3374308891212504,
        "probIE": 0.01362440688700789,
        "probIE_std": 0.3416053248379791,
        "probII": 0.14483093788061735,
        "probII_std": 0.022687605376601305,
        "probLengthConst": 123.07472311403272,
        "propVelocity": 1.0,
        "pt3dRelativeToCellLocation": true,
        "rand123GlobalIndex": null,
        "random123": false,
        "recordCells": [
            [
                "E",
                [
                    74,
                    47
                ]
            ],
            [
                "I",
                [
                    38,
                    3
                ]
            ]
        ],
        "recordCellsSpikes": -1,
        "recordDipole": false,
        "recordDipolesHNN": false,
        "recordLFP": [],
        "recordStep": 0.1,
        "recordStim": false,
        "recordTime": true,
        "recordTraces": {
            "soma_voltage": {
                "loc": 0.5,
                "sec": "soma",
                "var": "v"
            }
        },
        "saveCSV": false,
        "saveCellConns": true,
        "saveCellSecs": true,
        "saveDat": false,
        "saveDataInclude": [
            "simData",
            "simConfig",
            "netParams",
            "net"
        ],
        "saveDipoleCells": false,
        "saveDipolePops": false,
        "saveDpk": false,
        "saveFolder": "/pscratch/sd/a/adammwea/2DNetworkSimulations/NERSC/output/240528_Run1_this_does_work/gen_5",
        "saveHDF5": false,
        "saveJson": true,
        "saveLFPCells": false,
        "saveLFPPops": false,
        "saveMat": false,
        "savePickle": false,
        "saveTiming": false,
        "seeds": {
            "cell": 1,
            "conn": 1,
            "loc": 1,
            "stim": 1
        },
        "simLabel": "gen_5_cand_7",
        "tau1_exc": 7.4917663856185115,
        "tau1_exc_std": 2.4939546152751113,
        "tau1_inh": 2.4417309741137534,
        "tau1_inh_std": 2.9562178340136342,
        "tau2_exc": 13.588455091320178,
        "tau2_exc_std": 6.673126797873111,
        "tau2_inh": 6.978297967263763,
        "tau2_inh_std": 7.089165448269863,
        "timestampFilename": false,
        "timing": true,
        "tstop": 1000.0,
        "use_fast_imem": false,
        "validateNetParams": false,
        "verbose": false,
        "weightEE": 1.9643690709168655,
        "weightEE_std": 0.19306239224389948,
        "weightEI": 0.9032816017706439,
        "weightEI_std": 0.048783678412391174,
        "weightIE": 0.6782735052169186,
        "weightIE_std": 0.2795055995091545,
        "weightII": 0.2561691409164798,
        "weightII_std": 0.1855851672397469
    }
}