{
    "simConfig": {
        "E_L_mean": 18.8,
        "E_L_stdev": 1.4854071656065675,
        "E_Ra_mean": 128.0,
        "E_Ra_stdev": 8.285179125354444,
        "E_diam_mean": 18.8,
        "E_diam_stdev": 1.6342215264201418,
        "I_L_mean": 9.0,
        "I_L_stdev": 0.6075674786086807,
        "I_Ra_mean": 110.0,
        "I_Ra_stdev": 50.68307880305133,
        "I_diam_mean": 10.0,
        "I_diam_stdev": 3.3297338025626675,
        "addSynMechs": true,
        "allowConnsWithWeight0": true,
        "allowSelfConns": false,
        "analysis": {},
        "backupCfgFile": [],
        "cache_efficient": true,
        "checkErrors": false,
        "compactConnFormat": false,
        "connRandomSecFromList": true,
        "coreneuron": false,
        "createNEURONObj": true,
        "createPyStruct": true,
        "cvode_active": false,
        "cvode_atol": 0.001,
        "distributeSynsUniformly": true,
        "dt": 0.025,
        "dump_coreneuron_model": false,
        "duration": 1000.0,
        "duration_seconds": 90.0,
        "filename": "model_output",
        "gatherOnlySimData": false,
        "gkbar_E": 0.9906771118175989,
        "gkbar_E_std": 0.00035865382143001516,
        "gkbar_I": 0.5423910705195415,
        "gkbar_I_std": 0.24832142810191726,
        "gnabar_E": 6.989278899326537,
        "gnabar_E_std": 1.6572564659395723,
        "gnabar_I": 0.46978241932660225,
        "gnabar_I_std": 0.6254640273161118,
        "gpu": false,
        "hParams": {
            "celsius": 6.3,
            "clamp_resist": 0.001,
            "v_init": -65.0
        },
        "includeParamsLabel": true,
        "invertedYCoord": true,
        "networkType": "22May24",
        "oneSynPerNetcon": true,
        "printPopAvgRates": [
            100,
            1000.0
        ],
        "printRunTime": false,
        "printSynsAfterRule": false,
        "probEE": 0.43604412337549037,
        "probEE_std": 0.3644503711098269,
        "probEI": 0.40741957708631815,
        "probEI_std": 0.013432385869493956,
        "probIE": 0.3234901150316953,
        "probIE_std": 0.3675817552919886,
        "probII": 0.31874620994215336,
        "probII_std": 0.33818951980545553,
        "probLengthConst": 2880.5286251723555,
        "propVelocity": 1.0,
        "pt3dRelativeToCellLocation": true,
        "rand123GlobalIndex": null,
        "random123": false,
        "recordCells": [
            [
                "E",
                [
                    74,
                    47
                ]
            ],
            [
                "I",
                [
                    38,
                    3
                ]
            ]
        ],
        "recordCellsSpikes": -1,
        "recordDipole": false,
        "recordDipolesHNN": false,
        "recordLFP": [],
        "recordStep": 0.1,
        "recordStim": false,
        "recordTime": true,
        "recordTraces": {
            "soma_voltage": {
                "loc": 0.5,
                "sec": "soma",
                "var": "v"
            }
        },
        "saveCSV": false,
        "saveCellConns": true,
        "saveCellSecs": true,
        "saveDat": false,
        "saveDataInclude": [
            "simData",
            "simConfig",
            "netParams",
            "net"
        ],
        "saveDipoleCells": false,
        "saveDipolePops": false,
        "saveDpk": false,
        "saveFolder": "/pscratch/sd/a/adammwea/2DNetworkSimulations/NERSC/output/240528_Run1_this_does_work/gen_5",
        "saveHDF5": false,
        "saveJson": true,
        "saveLFPCells": false,
        "saveLFPPops": false,
        "saveMat": false,
        "savePickle": false,
        "saveTiming": false,
        "seeds": {
            "cell": 1,
            "conn": 1,
            "loc": 1,
            "stim": 1
        },
        "simLabel": "gen_5_cand_8",
        "tau1_exc": 7.444465973997365,
        "tau1_exc_std": 3.1069961868866836,
        "tau1_inh": 7.677989567844511,
        "tau1_inh_std": 1.1112487867931817,
        "tau2_exc": 27.917490497435605,
        "tau2_exc_std": 9.995524055976919,
        "tau2_inh": 18.127850953611503,
        "tau2_inh_std": 9.989657958011882,
        "timestampFilename": false,
        "timing": true,
        "tstop": 1000.0,
        "use_fast_imem": false,
        "validateNetParams": false,
        "verbose": false,
        "weightEE": 0.8254732393606697,
        "weightEE_std": 0.24066600045427247,
        "weightEI": 0.019416566020364012,
        "weightEI_std": 0.33053965988421424,
        "weightIE": 0.9108415383035644,
        "weightIE_std": 0.002183774108093145,
        "weightII": 0.00539663398772991,
        "weightII_std": 0.09980403627605546
    }
}