{
    "simConfig": {
        "E_L_mean": 18.8,
        "E_L_stdev": 2.95370668363009,
        "E_Ra_mean": 128.0,
        "E_Ra_stdev": 26.70053851366034,
        "E_diam_mean": 18.8,
        "E_diam_stdev": 2.207285648124606,
        "I_L_mean": 9.0,
        "I_L_stdev": 2.0598922367531527,
        "I_Ra_mean": 110.0,
        "I_Ra_stdev": 15.909670744721941,
        "I_diam_mean": 10.0,
        "I_diam_stdev": 0.15229475401100556,
        "addSynMechs": true,
        "allowConnsWithWeight0": true,
        "allowSelfConns": false,
        "analysis": {},
        "backupCfgFile": [],
        "cache_efficient": true,
        "checkErrors": false,
        "compactConnFormat": false,
        "connRandomSecFromList": true,
        "coreneuron": false,
        "createNEURONObj": true,
        "createPyStruct": true,
        "cvode_active": false,
        "cvode_atol": 0.001,
        "distributeSynsUniformly": true,
        "dt": 0.025,
        "dump_coreneuron_model": false,
        "duration": 1000.0,
        "duration_seconds": 60.0,
        "filename": "model_output",
        "gatherOnlySimData": false,
        "gkbar_E": 0.15830440398427031,
        "gkbar_E_std": 0.15801266592041283,
        "gkbar_I": 7.302057207585225,
        "gkbar_I_std": 2.2454078448667203,
        "gnabar_E": 4.872177154511092,
        "gnabar_E_std": 1.3442730681143422,
        "gnabar_I": 0.088259002727759,
        "gnabar_I_std": 0.991504370963326,
        "gpu": false,
        "hParams": {
            "celsius": 6.3,
            "clamp_resist": 0.001,
            "v_init": -65.0
        },
        "includeParamsLabel": true,
        "invertedYCoord": true,
        "networkType": "22May24",
        "oneSynPerNetcon": true,
        "printPopAvgRates": [
            100,
            1000.0
        ],
        "printRunTime": false,
        "printSynsAfterRule": false,
        "probEE": 0.5888376904350803,
        "probEE_std": 0.0013663123338714736,
        "probEI": 0.6485269953491486,
        "probEI_std": 0.17890899658740322,
        "probIE": 0.0002920188778595817,
        "probIE_std": 0.2872023418613029,
        "probII": 0.9037589720402995,
        "probII_std": 0.28913868050109204,
        "probLengthConst": 2599.6240783509347,
        "propVelocity": 1.0,
        "pt3dRelativeToCellLocation": true,
        "rand123GlobalIndex": null,
        "random123": false,
        "recordCells": [
            [
                "E",
                [
                    16,
                    79
                ]
            ],
            [
                "I",
                [
                    28,
                    1
                ]
            ]
        ],
        "recordCellsSpikes": -1,
        "recordDipole": false,
        "recordDipolesHNN": false,
        "recordLFP": [],
        "recordStep": 0.1,
        "recordStim": false,
        "recordTime": true,
        "recordTraces": {
            "soma_voltage": {
                "loc": 0.5,
                "sec": "soma",
                "var": "v"
            }
        },
        "saveCSV": false,
        "saveCellConns": true,
        "saveCellSecs": true,
        "saveDat": false,
        "saveDataInclude": [
            "simData",
            "simConfig",
            "netParams",
            "net"
        ],
        "saveDipoleCells": false,
        "saveDipolePops": false,
        "saveDpk": false,
        "saveFolder": "/pscratch/sd/a/adammwea/2DNetworkSimulations/NERSC/output/240527_Run3_this_should_work/gen_6",
        "saveHDF5": false,
        "saveJson": true,
        "saveLFPCells": false,
        "saveLFPPops": false,
        "saveMat": false,
        "savePickle": false,
        "saveTiming": false,
        "seeds": {
            "cell": 1,
            "conn": 1,
            "loc": 1,
            "stim": 1
        },
        "simLabel": "gen_6_cand_40",
        "tau1_exc": 5.259590826015876,
        "tau1_exc_std": 2.038649557222854,
        "tau1_inh": 4.158507365630825,
        "tau1_inh_std": 1.0683203594369888,
        "tau2_exc": 14.50755942682837,
        "tau2_exc_std": 4.60210784834967,
        "tau2_inh": 16.53341944850662,
        "tau2_inh_std": 3.7683923745999097,
        "timestampFilename": false,
        "timing": true,
        "tstop": 1000.0,
        "use_fast_imem": false,
        "validateNetParams": false,
        "verbose": false,
        "weightEE": 0.13200625111462017,
        "weightEE_std": 0.004442059407491951,
        "weightEI": 0.5011628756208819,
        "weightEI_std": 6.1518348181357e-05,
        "weightIE": 0.26356787538655413,
        "weightIE_std": 0.2706769785781312,
        "weightII": 0.45798203578301694,
        "weightII_std": 0.06464474816945621
    }
}