{
    "simConfig": {
        "E_L_mean": 18.8,
        "E_L_stdev": 0.21242846938494475,
        "E_Ra_mean": 128.0,
        "E_Ra_stdev": 2.8209500408711348,
        "E_diam_mean": 18.8,
        "E_diam_stdev": 0.0005245418899523773,
        "I_L_mean": 9.0,
        "I_L_stdev": 0.5009718894141841,
        "I_Ra_mean": 110.0,
        "I_Ra_stdev": 31.2998770516011,
        "I_diam_mean": 10.0,
        "I_diam_stdev": 2.6688159109251997,
        "addSynMechs": true,
        "allowConnsWithWeight0": true,
        "allowSelfConns": false,
        "analysis": {},
        "backupCfgFile": [],
        "cache_efficient": true,
        "checkErrors": false,
        "compactConnFormat": false,
        "connRandomSecFromList": true,
        "coreneuron": false,
        "createNEURONObj": true,
        "createPyStruct": true,
        "cvode_active": false,
        "cvode_atol": 0.001,
        "distributeSynsUniformly": true,
        "dt": 0.025,
        "dump_coreneuron_model": false,
        "duration": 1000.0,
        "duration_seconds": 60.0,
        "filename": "model_output",
        "gatherOnlySimData": false,
        "gkbar_E": 0.9957038038151342,
        "gkbar_E_std": 0.007747125085512174,
        "gkbar_I": 0.8974695338374221,
        "gkbar_I_std": 0.033063053013569044,
        "gnabar_E": 2.6670208599214917,
        "gnabar_E_std": 0.5592836932928418,
        "gnabar_I": 0.9202187026409616,
        "gnabar_I_std": 0.9954202539124973,
        "gpu": false,
        "hParams": {
            "celsius": 6.3,
            "clamp_resist": 0.001,
            "v_init": -65.0
        },
        "includeParamsLabel": true,
        "invertedYCoord": true,
        "networkType": "22May24",
        "oneSynPerNetcon": true,
        "printPopAvgRates": [
            100,
            1000.0
        ],
        "printRunTime": false,
        "printSynsAfterRule": false,
        "probEE": 0.20412738637921718,
        "probEE_std": 0.11568598594873668,
        "probEI": 0.7212926061999735,
        "probEI_std": 0.2618053443775882,
        "probIE": 0.8295683683924251,
        "probIE_std": 0.32792773680355514,
        "probII": 0.19029691268829066,
        "probII_std": 0.3141816583366617,
        "probLengthConst": 70.04654913547438,
        "propVelocity": 1.0,
        "pt3dRelativeToCellLocation": true,
        "rand123GlobalIndex": null,
        "random123": false,
        "recordCells": [
            [
                "E",
                [
                    16,
                    79
                ]
            ],
            [
                "I",
                [
                    28,
                    1
                ]
            ]
        ],
        "recordCellsSpikes": -1,
        "recordDipole": false,
        "recordDipolesHNN": false,
        "recordLFP": [],
        "recordStep": 0.1,
        "recordStim": false,
        "recordTime": true,
        "recordTraces": {
            "soma_voltage": {
                "loc": 0.5,
                "sec": "soma",
                "var": "v"
            }
        },
        "saveCSV": false,
        "saveCellConns": true,
        "saveCellSecs": true,
        "saveDat": false,
        "saveDataInclude": [
            "simData",
            "simConfig",
            "netParams",
            "net"
        ],
        "saveDipoleCells": false,
        "saveDipolePops": false,
        "saveDpk": false,
        "saveFolder": "/pscratch/sd/a/adammwea/2DNetworkSimulations/NERSC/output/240527_Run3_this_should_work/gen_6",
        "saveHDF5": false,
        "saveJson": true,
        "saveLFPCells": false,
        "saveLFPPops": false,
        "saveMat": false,
        "savePickle": false,
        "saveTiming": false,
        "seeds": {
            "cell": 1,
            "conn": 1,
            "loc": 1,
            "stim": 1
        },
        "simLabel": "gen_6_cand_15",
        "tau1_exc": 0.9836258198004054,
        "tau1_exc_std": 2.1411708258830524,
        "tau1_inh": 1.9871608385062998,
        "tau1_inh_std": 2.1270992199570355,
        "tau2_exc": 14.524944875221966,
        "tau2_exc_std": 4.691126090759569,
        "tau2_inh": 12.982889359492768,
        "tau2_inh_std": 5.838064333079078,
        "timestampFilename": false,
        "timing": true,
        "tstop": 1000.0,
        "use_fast_imem": false,
        "validateNetParams": false,
        "verbose": false,
        "weightEE": 0.8760291496798539,
        "weightEE_std": 0.3205471394091326,
        "weightEI": 0.15588830735880158,
        "weightEI_std": 0.22772948109266533,
        "weightIE": 0.9488355767479085,
        "weightIE_std": 0.31214983596971924,
        "weightII": 0.11868797688460687,
        "weightII_std": 0.11422821636896814
    }
}