{
    "simConfig": {
        "E_L_mean": 18.8,
        "E_L_stdev": 4.8257379058260215,
        "E_Ra_mean": 128.0,
        "E_Ra_stdev": 37.00069787988442,
        "E_diam_mean": 18.8,
        "E_diam_stdev": 3.2674844145465647,
        "I_L_mean": 9.0,
        "I_L_stdev": 2.528219531143194,
        "I_Ra_mean": 110.0,
        "I_Ra_stdev": 3.7860854104638992,
        "I_diam_mean": 10.0,
        "I_diam_stdev": 0.08236462393631117,
        "addSynMechs": true,
        "allowConnsWithWeight0": true,
        "allowSelfConns": false,
        "analysis": {},
        "backupCfgFile": [],
        "cache_efficient": true,
        "checkErrors": false,
        "compactConnFormat": false,
        "connRandomSecFromList": true,
        "coreneuron": false,
        "createNEURONObj": true,
        "createPyStruct": true,
        "cvode_active": false,
        "cvode_atol": 0.001,
        "distributeSynsUniformly": true,
        "dt": 0.025,
        "dump_coreneuron_model": false,
        "duration": 1000.0,
        "duration_seconds": 60.0,
        "filename": "model_output",
        "gatherOnlySimData": false,
        "gkbar_E": 0.49961256928464265,
        "gkbar_E_std": 0.06222146826804577,
        "gkbar_I": 1.2613033360945445,
        "gkbar_I_std": 2.4936099373503806,
        "gnabar_E": 4.082279887971015,
        "gnabar_E_std": 1.380828124425126,
        "gnabar_I": 1.2359142918850834,
        "gnabar_I_std": 0.4571551394393355,
        "gpu": false,
        "hParams": {
            "celsius": 6.3,
            "clamp_resist": 0.001,
            "v_init": -65.0
        },
        "includeParamsLabel": true,
        "invertedYCoord": true,
        "networkType": "22May24",
        "oneSynPerNetcon": true,
        "printPopAvgRates": [
            100,
            1000.0
        ],
        "printRunTime": false,
        "printSynsAfterRule": false,
        "probEE": 0.8984426021952885,
        "probEE_std": 0.14504649984042842,
        "probEI": 0.968208917011374,
        "probEI_std": 2.4317847115403133e-06,
        "probIE": 0.9591986366426264,
        "probIE_std": 0.014056789012976627,
        "probII": 0.02042924044794836,
        "probII_std": 0.06864044192819638,
        "probLengthConst": 1177.2114108912483,
        "propVelocity": 1.0,
        "pt3dRelativeToCellLocation": true,
        "rand123GlobalIndex": null,
        "random123": false,
        "recordCells": [
            [
                "E",
                [
                    16,
                    79
                ]
            ],
            [
                "I",
                [
                    28,
                    1
                ]
            ]
        ],
        "recordCellsSpikes": -1,
        "recordDipole": false,
        "recordDipolesHNN": false,
        "recordLFP": [],
        "recordStep": 0.1,
        "recordStim": false,
        "recordTime": true,
        "recordTraces": {
            "soma_voltage": {
                "loc": 0.5,
                "sec": "soma",
                "var": "v"
            }
        },
        "saveCSV": false,
        "saveCellConns": true,
        "saveCellSecs": true,
        "saveDat": false,
        "saveDataInclude": [
            "simData",
            "simConfig",
            "netParams",
            "net"
        ],
        "saveDipoleCells": false,
        "saveDipolePops": false,
        "saveDpk": false,
        "saveFolder": "/pscratch/sd/a/adammwea/2DNetworkSimulations/NERSC/output/240527_Run3_this_should_work/gen_6",
        "saveHDF5": false,
        "saveJson": true,
        "saveLFPCells": false,
        "saveLFPPops": false,
        "saveMat": false,
        "savePickle": false,
        "saveTiming": false,
        "seeds": {
            "cell": 1,
            "conn": 1,
            "loc": 1,
            "stim": 1
        },
        "simLabel": "gen_6_cand_0",
        "tau1_exc": 0.019138513056405515,
        "tau1_exc_std": 0.47591245400754323,
        "tau1_inh": 4.258836585567551,
        "tau1_inh_std": 2.2395384979713056,
        "tau2_exc": 1.0675391830510916,
        "tau2_exc_std": 5.1835484747667095,
        "tau2_inh": 19.994965229232353,
        "tau2_inh_std": 6.1366671388894005,
        "timestampFilename": false,
        "timing": true,
        "tstop": 1000.0,
        "use_fast_imem": false,
        "validateNetParams": false,
        "verbose": false,
        "weightEE": 0.4198093802330899,
        "weightEE_std": 0.20699479510349184,
        "weightEI": 0.9671840994154925,
        "weightEI_std": 0.041127285006602565,
        "weightIE": 0.008903603296405525,
        "weightIE_std": 0.19726467196235603,
        "weightII": 0.3526230102639461,
        "weightII_std": 0.03969752042038237
    }
}