{
    "simConfig": {
        "E_L_mean": 18.8,
        "E_L_stdev": 3.118956441373764,
        "E_Ra_mean": 128.0,
        "E_Ra_stdev": 1.7668915976587343,
        "E_diam_mean": 18.8,
        "E_diam_stdev": 2.194495009675274,
        "I_L_mean": 9.0,
        "I_L_stdev": 0.02053038813828559,
        "I_Ra_mean": 110.0,
        "I_Ra_stdev": 7.309916110299749,
        "I_diam_mean": 10.0,
        "I_diam_stdev": 0.6259263622844377,
        "addSynMechs": true,
        "allowConnsWithWeight0": true,
        "allowSelfConns": false,
        "analysis": {},
        "backupCfgFile": [],
        "cache_efficient": true,
        "checkErrors": false,
        "compactConnFormat": false,
        "connRandomSecFromList": true,
        "coreneuron": false,
        "createNEURONObj": true,
        "createPyStruct": true,
        "cvode_active": false,
        "cvode_atol": 0.001,
        "distributeSynsUniformly": true,
        "dt": 0.025,
        "dump_coreneuron_model": false,
        "duration": 1000.0,
        "duration_seconds": 60.0,
        "filename": "model_output",
        "gatherOnlySimData": false,
        "gkbar_E": 0.4493027294137728,
        "gkbar_E_std": 0.16337167532549984,
        "gkbar_I": 7.077309308695645,
        "gkbar_I_std": 2.4475593211626525,
        "gnabar_E": 4.79101511130609,
        "gnabar_E_std": 0.5626455191097981,
        "gnabar_I": 0.37773020678419356,
        "gnabar_I_std": 0.23530053125998474,
        "gpu": false,
        "hParams": {
            "celsius": 6.3,
            "clamp_resist": 0.001,
            "v_init": -65.0
        },
        "includeParamsLabel": true,
        "invertedYCoord": true,
        "networkType": "22May24",
        "oneSynPerNetcon": true,
        "printPopAvgRates": [
            100,
            1000.0
        ],
        "printRunTime": false,
        "printSynsAfterRule": false,
        "probEE": 0.9811214923075019,
        "probEE_std": 0.0009076589664591939,
        "probEI": 0.9758412571091671,
        "probEI_std": 0.08315449755899043,
        "probIE": 0.17285432764185343,
        "probIE_std": 0.009136238913665492,
        "probII": 0.5255820913091991,
        "probII_std": 0.2770765615997729,
        "probLengthConst": 1511.8106325540932,
        "propVelocity": 1.0,
        "pt3dRelativeToCellLocation": true,
        "rand123GlobalIndex": null,
        "random123": false,
        "recordCells": [
            [
                "E",
                [
                    16,
                    79
                ]
            ],
            [
                "I",
                [
                    28,
                    1
                ]
            ]
        ],
        "recordCellsSpikes": -1,
        "recordDipole": false,
        "recordDipolesHNN": false,
        "recordLFP": [],
        "recordStep": 0.1,
        "recordStim": false,
        "recordTime": true,
        "recordTraces": {
            "soma_voltage": {
                "loc": 0.5,
                "sec": "soma",
                "var": "v"
            }
        },
        "saveCSV": false,
        "saveCellConns": true,
        "saveCellSecs": true,
        "saveDat": false,
        "saveDataInclude": [
            "simData",
            "simConfig",
            "netParams",
            "net"
        ],
        "saveDipoleCells": false,
        "saveDipolePops": false,
        "saveDpk": false,
        "saveFolder": "/pscratch/sd/a/adammwea/2DNetworkSimulations/NERSC/output/240527_Run3_this_should_work/gen_6",
        "saveHDF5": false,
        "saveJson": true,
        "saveLFPCells": false,
        "saveLFPPops": false,
        "saveMat": false,
        "savePickle": false,
        "saveTiming": false,
        "seeds": {
            "cell": 1,
            "conn": 1,
            "loc": 1,
            "stim": 1
        },
        "simLabel": "gen_6_cand_63",
        "tau1_exc": 7.29473233041406,
        "tau1_exc_std": 1.5027122535463318,
        "tau1_inh": 4.889652591948929,
        "tau1_inh_std": 0.2022286025911706,
        "tau2_exc": 17.38693937691862,
        "tau2_exc_std": 5.551313525878014,
        "tau2_inh": 17.2141151996718,
        "tau2_inh_std": 5.933190627346577,
        "timestampFilename": false,
        "timing": true,
        "tstop": 1000.0,
        "use_fast_imem": false,
        "validateNetParams": false,
        "verbose": false,
        "weightEE": 0.13476611023247376,
        "weightEE_std": 0.14749585997213166,
        "weightEI": 0.46234977533475463,
        "weightEI_std": 0.3272110729232152,
        "weightIE": 0.04820179547861933,
        "weightIE_std": 0.3325272148113072,
        "weightII": 0.37615933957620895,
        "weightII_std": 0.1161825247891968
    }
}