{
    "simConfig": {
        "E_L_mean": 18.8,
        "E_L_stdev": 5.657743075295401,
        "E_Ra_mean": 128.0,
        "E_Ra_stdev": 39.7035701961379,
        "E_diam_mean": 18.8,
        "E_diam_stdev": 1.4261354846340422,
        "I_L_mean": 9.0,
        "I_L_stdev": 2.6722118587305075,
        "I_Ra_mean": 110.0,
        "I_Ra_stdev": 10.522202883049822,
        "I_diam_mean": 10.0,
        "I_diam_stdev": 3.1915225251289896,
        "addSynMechs": true,
        "allowConnsWithWeight0": true,
        "allowSelfConns": false,
        "analysis": {},
        "backupCfgFile": [],
        "cache_efficient": true,
        "checkErrors": false,
        "compactConnFormat": false,
        "connRandomSecFromList": true,
        "coreneuron": false,
        "createNEURONObj": true,
        "createPyStruct": true,
        "cvode_active": false,
        "cvode_atol": 0.001,
        "distributeSynsUniformly": true,
        "dt": 0.025,
        "dump_coreneuron_model": false,
        "duration": 1000.0,
        "duration_seconds": 60.0,
        "filename": "model_output",
        "gatherOnlySimData": false,
        "gkbar_E": 0.9817075488152107,
        "gkbar_E_std": 0.1139945140259274,
        "gkbar_I": 3.121198024015624,
        "gkbar_I_std": 0.20926317733209615,
        "gnabar_E": 1.8256723295190906,
        "gnabar_E_std": 1.6564103581131189,
        "gnabar_I": 0.002242392545520333,
        "gnabar_I_std": 0.6943218071913566,
        "gpu": false,
        "hParams": {
            "celsius": 6.3,
            "clamp_resist": 0.001,
            "v_init": -65.0
        },
        "includeParamsLabel": true,
        "invertedYCoord": true,
        "networkType": "22May24",
        "oneSynPerNetcon": true,
        "printPopAvgRates": [
            100,
            1000.0
        ],
        "printRunTime": false,
        "printSynsAfterRule": false,
        "probEE": 0.9690790674632399,
        "probEE_std": 0.0048153413655688876,
        "probEI": 0.9152433725785092,
        "probEI_std": 0.3249751788785897,
        "probIE": 0.4544086825009568,
        "probIE_std": 0.2652033003142149,
        "probII": 0.18900659465634084,
        "probII_std": 0.0504699052183685,
        "probLengthConst": 840.9497659005615,
        "propVelocity": 1.0,
        "pt3dRelativeToCellLocation": true,
        "rand123GlobalIndex": null,
        "random123": false,
        "recordCells": [
            [
                "E",
                [
                    16,
                    79
                ]
            ],
            [
                "I",
                [
                    28,
                    1
                ]
            ]
        ],
        "recordCellsSpikes": -1,
        "recordDipole": false,
        "recordDipolesHNN": false,
        "recordLFP": [],
        "recordStep": 0.1,
        "recordStim": false,
        "recordTime": true,
        "recordTraces": {
            "soma_voltage": {
                "loc": 0.5,
                "sec": "soma",
                "var": "v"
            }
        },
        "saveCSV": false,
        "saveCellConns": true,
        "saveCellSecs": true,
        "saveDat": false,
        "saveDataInclude": [
            "simData",
            "simConfig",
            "netParams",
            "net"
        ],
        "saveDipoleCells": false,
        "saveDipolePops": false,
        "saveDpk": false,
        "saveFolder": "/pscratch/sd/a/adammwea/2DNetworkSimulations/NERSC/output/240527_Run3_this_should_work/gen_10",
        "saveHDF5": false,
        "saveJson": true,
        "saveLFPCells": false,
        "saveLFPPops": false,
        "saveMat": false,
        "savePickle": false,
        "saveTiming": false,
        "seeds": {
            "cell": 1,
            "conn": 1,
            "loc": 1,
            "stim": 1
        },
        "simLabel": "gen_10_cand_28",
        "tau1_exc": 4.514542388119191,
        "tau1_exc_std": 2.615918140180474,
        "tau1_inh": 3.7894870248920167,
        "tau1_inh_std": 0.3531336775990679,
        "tau2_exc": 10.850247256400227,
        "tau2_exc_std": 3.415385965635016,
        "tau2_inh": 16.87030520314503,
        "tau2_inh_std": 2.5769690414604316,
        "timestampFilename": false,
        "timing": true,
        "tstop": 1000.0,
        "use_fast_imem": false,
        "validateNetParams": false,
        "verbose": false,
        "weightEE": 0.4977428268193495,
        "weightEE_std": 0.32137040937698735,
        "weightEI": 0.997585012708669,
        "weightEI_std": 0.15564422335254052,
        "weightIE": 0.14169466997217006,
        "weightIE_std": 0.00946925008154913,
        "weightII": 0.055309083465133316,
        "weightII_std": 0.161333900172291
    }
}