{
    "simConfig": {
        "E_L_mean": 18.8,
        "E_L_stdev": 3.5732447896232653,
        "E_Ra_mean": 128.0,
        "E_Ra_stdev": 25.996824838657282,
        "E_diam_mean": 18.8,
        "E_diam_stdev": 1.8928632775198726,
        "I_L_mean": 9.0,
        "I_L_stdev": 0.0004665328192649862,
        "I_Ra_mean": 110.0,
        "I_Ra_stdev": 35.96014626157269,
        "I_diam_mean": 10.0,
        "I_diam_stdev": 1.5775478469894173,
        "addSynMechs": true,
        "allowConnsWithWeight0": true,
        "allowSelfConns": false,
        "analysis": {},
        "backupCfgFile": [],
        "cache_efficient": true,
        "checkErrors": false,
        "compactConnFormat": false,
        "connRandomSecFromList": true,
        "coreneuron": false,
        "createNEURONObj": true,
        "createPyStruct": true,
        "cvode_active": false,
        "cvode_atol": 0.001,
        "distributeSynsUniformly": true,
        "dt": 0.025,
        "dump_coreneuron_model": false,
        "duration": 1000.0,
        "duration_seconds": 60.0,
        "filename": "model_output",
        "gatherOnlySimData": false,
        "gkbar_E": 0.9664777050192174,
        "gkbar_E_std": 0.06335950276387681,
        "gkbar_I": 4.379239543711095,
        "gkbar_I_std": 1.5506042136413731,
        "gnabar_E": 1.8659330731298827,
        "gnabar_E_std": 1.6246475818808663,
        "gnabar_I": 0.0019785989167365715,
        "gnabar_I_std": 0.42014792309673843,
        "gpu": false,
        "hParams": {
            "celsius": 6.3,
            "clamp_resist": 0.001,
            "v_init": -65.0
        },
        "includeParamsLabel": true,
        "invertedYCoord": true,
        "networkType": "22May24",
        "oneSynPerNetcon": true,
        "printPopAvgRates": [
            100,
            1000.0
        ],
        "printRunTime": false,
        "printSynsAfterRule": false,
        "probEE": 0.4612421437544087,
        "probEE_std": 0.058932114382178796,
        "probEI": 0.7632288949578975,
        "probEI_std": 0.0031578338484564983,
        "probIE": 0.04655106484403865,
        "probIE_std": 0.02939864530811201,
        "probII": 0.6759034606118275,
        "probII_std": 0.1554547390989637,
        "probLengthConst": 2285.015059489894,
        "propVelocity": 1.0,
        "pt3dRelativeToCellLocation": true,
        "rand123GlobalIndex": null,
        "random123": false,
        "recordCells": [
            [
                "E",
                [
                    16,
                    79
                ]
            ],
            [
                "I",
                [
                    28,
                    1
                ]
            ]
        ],
        "recordCellsSpikes": -1,
        "recordDipole": false,
        "recordDipolesHNN": false,
        "recordLFP": [],
        "recordStep": 0.1,
        "recordStim": false,
        "recordTime": true,
        "recordTraces": {
            "soma_voltage": {
                "loc": 0.5,
                "sec": "soma",
                "var": "v"
            }
        },
        "saveCSV": false,
        "saveCellConns": true,
        "saveCellSecs": true,
        "saveDat": false,
        "saveDataInclude": [
            "simData",
            "simConfig",
            "netParams",
            "net"
        ],
        "saveDipoleCells": false,
        "saveDipolePops": false,
        "saveDpk": false,
        "saveFolder": "/pscratch/sd/a/adammwea/2DNetworkSimulations/NERSC/output/240527_Run3_this_should_work/gen_10",
        "saveHDF5": false,
        "saveJson": true,
        "saveLFPCells": false,
        "saveLFPPops": false,
        "saveMat": false,
        "savePickle": false,
        "saveTiming": false,
        "seeds": {
            "cell": 1,
            "conn": 1,
            "loc": 1,
            "stim": 1
        },
        "simLabel": "gen_10_cand_15",
        "tau1_exc": 3.3180742628645925,
        "tau1_exc_std": 3.3231247603961642,
        "tau1_inh": 1.3341609603028974,
        "tau1_inh_std": 3.2122196380556756,
        "tau2_exc": 13.922753812488414,
        "tau2_exc_std": 0.16776147944709088,
        "tau2_inh": 17.894193915096245,
        "tau2_inh_std": 4.239188096021506,
        "timestampFilename": false,
        "timing": true,
        "tstop": 1000.0,
        "use_fast_imem": false,
        "validateNetParams": false,
        "verbose": false,
        "weightEE": 0.9867430692271428,
        "weightEE_std": 0.31454602795746467,
        "weightEI": 0.00847099214057933,
        "weightEI_std": 0.3076875332102052,
        "weightIE": 0.5488136983595725,
        "weightIE_std": 0.028974269488421377,
        "weightII": 0.47072848889437213,
        "weightII_std": 0.0015277621180102476
    }
}