{
    "simConfig": {
        "E_L_mean": 18.8,
        "E_L_stdev": 0.019340065484623636,
        "E_Ra_mean": 128.0,
        "E_Ra_stdev": 0.7608018518581718,
        "E_diam_mean": 18.8,
        "E_diam_stdev": 3.2973921909380053,
        "I_L_mean": 9.0,
        "I_L_stdev": 2.9744333402525758,
        "I_Ra_mean": 110.0,
        "I_Ra_stdev": 14.957774577795195,
        "I_diam_mean": 10.0,
        "I_diam_stdev": 0.3964429052933738,
        "addSynMechs": true,
        "allowConnsWithWeight0": true,
        "allowSelfConns": false,
        "analysis": {},
        "backupCfgFile": [],
        "cache_efficient": true,
        "checkErrors": false,
        "compactConnFormat": false,
        "connRandomSecFromList": true,
        "coreneuron": false,
        "createNEURONObj": true,
        "createPyStruct": true,
        "cvode_active": false,
        "cvode_atol": 0.001,
        "distributeSynsUniformly": true,
        "dt": 0.025,
        "dump_coreneuron_model": false,
        "duration": 1000.0,
        "duration_seconds": 300.0,
        "filename": "model_output",
        "gatherOnlySimData": false,
        "gkbar_E": 0.7462543067828524,
        "gkbar_E_std": 0.4388807591641499,
        "gkbar_I": 2.018611929148852,
        "gkbar_I_std": 1.6916386262283456,
        "gnabar_E": 4.2444662659616395,
        "gnabar_E_std": 0.09442326085717734,
        "gnabar_I": 2.4391182636953204,
        "gnabar_I_std": 0.9040778214751486,
        "gpu": false,
        "hParams": {
            "celsius": 6.3,
            "clamp_resist": 0.001,
            "v_init": -65.0
        },
        "includeParamsLabel": true,
        "invertedYCoord": true,
        "networkType": "22May24",
        "oneSynPerNetcon": true,
        "printPopAvgRates": [
            100,
            1000.0
        ],
        "printRunTime": false,
        "printSynsAfterRule": false,
        "probEE": 0.7409603747270683,
        "probEE_std": 0.49101649508963985,
        "probEI": 0.30888248102117766,
        "probEI_std": 0.16018074834573345,
        "probIE": 0.23230921871691035,
        "probIE_std": 0.3328566924116328,
        "probII": 0.17508559361488202,
        "probII_std": 0.0459420132386798,
        "probLengthConst": 930.663786411025,
        "propVelocity": 1.0,
        "pt3dRelativeToCellLocation": true,
        "rand123GlobalIndex": null,
        "random123": false,
        "recordCells": [
            [
                "E",
                [
                    65,
                    58
                ]
            ],
            [
                "I",
                [
                    22,
                    34
                ]
            ]
        ],
        "recordCellsSpikes": -1,
        "recordDipole": false,
        "recordDipolesHNN": false,
        "recordLFP": [],
        "recordStep": 0.1,
        "recordStim": false,
        "recordTime": true,
        "recordTraces": {
            "soma_voltage": {
                "loc": 0.5,
                "sec": "soma",
                "var": "v"
            }
        },
        "saveCSV": false,
        "saveCellConns": true,
        "saveCellSecs": true,
        "saveDat": false,
        "saveDataInclude": [
            "simData",
            "simConfig",
            "netParams",
            "net"
        ],
        "saveDipoleCells": false,
        "saveDipolePops": false,
        "saveDpk": false,
        "saveFolder": "/pscratch/sd/a/adammwea/2DNetworkSimulations/NERSC/output/240530_Run1_8nodes/gen_1",
        "saveHDF5": false,
        "saveJson": true,
        "saveLFPCells": false,
        "saveLFPPops": false,
        "saveMat": false,
        "savePickle": false,
        "saveTiming": false,
        "seeds": {
            "cell": 1,
            "conn": 1,
            "loc": 1,
            "stim": 1
        },
        "simLabel": "gen_1_cand_7",
        "tau1_exc": 6.780032188033956,
        "tau1_exc_std": 1.6040571407802444,
        "tau1_inh": 8.882614309430002,
        "tau1_inh_std": 0.4296318468460289,
        "tau2_exc": 16.525972447681454,
        "tau2_exc_std": 1.6128770104820596,
        "tau2_inh": 18.286576080757037,
        "tau2_inh_std": 3.2275255382113452,
        "timestampFilename": false,
        "timing": true,
        "tstop": 1000.0,
        "use_fast_imem": false,
        "validateNetParams": false,
        "verbose": false,
        "weightEE": 0.789015935457809,
        "weightEE_std": 0.16017269131036863,
        "weightEI": 1.8117884914072644,
        "weightEI_std": 0.21303357867344572,
        "weightIE": 0.3844788934783066,
        "weightIE_std": 0.2285819379883764,
        "weightII": 1.8869582783861403,
        "weightII_std": 0.23671336348797034
    }
}