{
    "simConfig": {
        "E_L_mean": 18.8,
        "E_L_stdev": 0.6371846899490539,
        "E_Ra_mean": 128.0,
        "E_Ra_stdev": 3.040581399981686,
        "E_diam_mean": 18.8,
        "E_diam_stdev": 4.449871027767325,
        "I_L_mean": 9.0,
        "I_L_stdev": 2.9951994492360825,
        "I_Ra_mean": 110.0,
        "I_Ra_stdev": 29.435159694871835,
        "I_diam_mean": 10.0,
        "I_diam_stdev": 1.8285331241318725,
        "addSynMechs": true,
        "allowConnsWithWeight0": true,
        "allowSelfConns": false,
        "analysis": {},
        "backupCfgFile": [],
        "cache_efficient": true,
        "checkErrors": false,
        "compactConnFormat": false,
        "connRandomSecFromList": true,
        "coreneuron": false,
        "createNEURONObj": true,
        "createPyStruct": true,
        "cvode_active": false,
        "cvode_atol": 0.001,
        "distributeSynsUniformly": true,
        "dt": 0.025,
        "dump_coreneuron_model": false,
        "duration": 1000.0,
        "duration_seconds": 300.0,
        "filename": "model_output",
        "gatherOnlySimData": false,
        "gkbar_E": 0.7642232033953523,
        "gkbar_E_std": 0.3773195356735918,
        "gkbar_I": 9.191102877451542,
        "gkbar_I_std": 2.016752414563406,
        "gnabar_E": 5.322134643063686,
        "gnabar_E_std": 0.7918717762690481,
        "gnabar_I": 3.745403107821659,
        "gnabar_I_std": 0.4472733171497771,
        "gpu": false,
        "hParams": {
            "celsius": 6.3,
            "clamp_resist": 0.001,
            "v_init": -65.0
        },
        "includeParamsLabel": true,
        "invertedYCoord": true,
        "networkType": "22May24",
        "oneSynPerNetcon": true,
        "printPopAvgRates": [
            100,
            1000.0
        ],
        "printRunTime": false,
        "printSynsAfterRule": false,
        "probEE": 0.39178154812624866,
        "probEE_std": 0.07327426968955558,
        "probEI": 0.9556272835787346,
        "probEI_std": 0.24020090262632113,
        "probIE": 0.11048968082825394,
        "probIE_std": 0.07403069428338754,
        "probII": 0.4678835913009263,
        "probII_std": 0.33475286395897297,
        "probLengthConst": 2410.0627971759022,
        "propVelocity": 1.0,
        "pt3dRelativeToCellLocation": true,
        "rand123GlobalIndex": null,
        "random123": false,
        "recordCells": [
            [
                "E",
                [
                    65,
                    58
                ]
            ],
            [
                "I",
                [
                    22,
                    34
                ]
            ]
        ],
        "recordCellsSpikes": -1,
        "recordDipole": false,
        "recordDipolesHNN": false,
        "recordLFP": [],
        "recordStep": 0.1,
        "recordStim": false,
        "recordTime": true,
        "recordTraces": {
            "soma_voltage": {
                "loc": 0.5,
                "sec": "soma",
                "var": "v"
            }
        },
        "saveCSV": false,
        "saveCellConns": true,
        "saveCellSecs": true,
        "saveDat": false,
        "saveDataInclude": [
            "simData",
            "simConfig",
            "netParams",
            "net"
        ],
        "saveDipoleCells": false,
        "saveDipolePops": false,
        "saveDpk": false,
        "saveFolder": "/pscratch/sd/a/adammwea/2DNetworkSimulations/NERSC/output/240530_Run1_8nodes/gen_1",
        "saveHDF5": false,
        "saveJson": true,
        "saveLFPCells": false,
        "saveLFPPops": false,
        "saveMat": false,
        "savePickle": false,
        "saveTiming": false,
        "seeds": {
            "cell": 1,
            "conn": 1,
            "loc": 1,
            "stim": 1
        },
        "simLabel": "gen_1_cand_56",
        "tau1_exc": 5.2787896623124375,
        "tau1_exc_std": 2.5036908767400696,
        "tau1_inh": 5.983348574436671,
        "tau1_inh_std": 1.5271246326125487,
        "tau2_exc": 29.28974837410942,
        "tau2_exc_std": 9.577042867208613,
        "tau2_inh": 6.797458917025456,
        "tau2_inh_std": 2.7475512509626725,
        "timestampFilename": false,
        "timing": true,
        "tstop": 1000.0,
        "use_fast_imem": false,
        "validateNetParams": false,
        "verbose": false,
        "weightEE": 1.304800744011953,
        "weightEE_std": 0.1730257915588323,
        "weightEI": 0.5375112649573675,
        "weightEI_std": 0.07601304733982625,
        "weightIE": 0.6495840381271687,
        "weightIE_std": 0.2972910027128638,
        "weightII": 0.348437595754413,
        "weightII_std": 0.11011426674986388
    }
}