{
    "simConfig": {
        "E_L_mean": 18.8,
        "E_L_stdev": 6.262139097871309,
        "E_Ra_mean": 128.0,
        "E_Ra_stdev": 57.15908182863684,
        "E_diam_mean": 18.8,
        "E_diam_stdev": 1.2521412572360173,
        "I_L_mean": 9.0,
        "I_L_stdev": 2.3279360406522143,
        "I_Ra_mean": 110.0,
        "I_Ra_stdev": 34.31647277092477,
        "I_diam_mean": 10.0,
        "I_diam_stdev": 0.4555155071342094,
        "addSynMechs": true,
        "allowConnsWithWeight0": true,
        "allowSelfConns": false,
        "analysis": {},
        "backupCfgFile": [],
        "cache_efficient": true,
        "checkErrors": false,
        "compactConnFormat": false,
        "connRandomSecFromList": true,
        "coreneuron": false,
        "createNEURONObj": true,
        "createPyStruct": true,
        "cvode_active": false,
        "cvode_atol": 0.001,
        "distributeSynsUniformly": true,
        "dt": 0.025,
        "dump_coreneuron_model": false,
        "duration": 1000.0,
        "duration_seconds": 300.0,
        "filename": "model_output",
        "gatherOnlySimData": false,
        "gkbar_E": 0.48880786640779367,
        "gkbar_E_std": 0.0453622992388449,
        "gkbar_I": 0.6861814305207041,
        "gkbar_I_std": 0.5564629902341018,
        "gnabar_E": 5.498569369842744,
        "gnabar_E_std": 0.46562116807487713,
        "gnabar_I": 0.45992863085725544,
        "gnabar_I_std": 0.5029408352407614,
        "gpu": false,
        "hParams": {
            "celsius": 6.3,
            "clamp_resist": 0.001,
            "v_init": -65.0
        },
        "includeParamsLabel": true,
        "invertedYCoord": true,
        "networkType": "22May24",
        "oneSynPerNetcon": true,
        "printPopAvgRates": [
            100,
            1000.0
        ],
        "printRunTime": false,
        "printSynsAfterRule": false,
        "probEE": 0.33412032641122325,
        "probEE_std": 0.04976256895736948,
        "probEI": 0.9546280752068994,
        "probEI_std": 0.4537975791035014,
        "probIE": 0.6580368708896854,
        "probIE_std": 0.009922205962692013,
        "probII": 0.339923229073531,
        "probII_std": 0.004717743387336049,
        "probLengthConst": 2415.602841012683,
        "propVelocity": 1.0,
        "pt3dRelativeToCellLocation": true,
        "rand123GlobalIndex": null,
        "random123": false,
        "recordCells": [
            [
                "E",
                [
                    65,
                    58
                ]
            ],
            [
                "I",
                [
                    22,
                    34
                ]
            ]
        ],
        "recordCellsSpikes": -1,
        "recordDipole": false,
        "recordDipolesHNN": false,
        "recordLFP": [],
        "recordStep": 0.1,
        "recordStim": false,
        "recordTime": true,
        "recordTraces": {
            "soma_voltage": {
                "loc": 0.5,
                "sec": "soma",
                "var": "v"
            }
        },
        "saveCSV": false,
        "saveCellConns": true,
        "saveCellSecs": true,
        "saveDat": false,
        "saveDataInclude": [
            "simData",
            "simConfig",
            "netParams",
            "net"
        ],
        "saveDipoleCells": false,
        "saveDipolePops": false,
        "saveDpk": false,
        "saveFolder": "/pscratch/sd/a/adammwea/2DNetworkSimulations/NERSC/output/240530_Run1_8nodes/gen_1",
        "saveHDF5": false,
        "saveJson": true,
        "saveLFPCells": false,
        "saveLFPPops": false,
        "saveMat": false,
        "savePickle": false,
        "saveTiming": false,
        "seeds": {
            "cell": 1,
            "conn": 1,
            "loc": 1,
            "stim": 1
        },
        "simLabel": "gen_1_cand_48",
        "tau1_exc": 4.99696641813536,
        "tau1_exc_std": 2.658721045513575,
        "tau1_inh": 6.159106875813617,
        "tau1_inh_std": 0.28433196103800545,
        "tau2_exc": 4.891089998105439,
        "tau2_exc_std": 2.452746710634388,
        "tau2_inh": 2.8459034934866914,
        "tau2_inh_std": 8.648306098279154,
        "timestampFilename": false,
        "timing": true,
        "tstop": 1000.0,
        "use_fast_imem": false,
        "validateNetParams": false,
        "verbose": false,
        "weightEE": 0.0688474394096622,
        "weightEE_std": 0.13217925528973581,
        "weightEI": 1.6263829034785884,
        "weightEI_std": 0.22502203740475318,
        "weightIE": 0.04221825927716133,
        "weightIE_std": 0.32152300197112355,
        "weightII": 1.5234838745109327,
        "weightII_std": 0.10220628189252201
    }
}