{
    "simConfig": {
        "E_L_mean": 18.8,
        "E_L_stdev": 1.5303291532957533,
        "E_Ra_mean": 128.0,
        "E_Ra_stdev": 25.384160808249383,
        "E_diam_mean": 18.8,
        "E_diam_stdev": 3.9026195860132833,
        "I_L_mean": 9.0,
        "I_L_stdev": 0.06609439225158742,
        "I_Ra_mean": 110.0,
        "I_Ra_stdev": 5.81278064430615,
        "I_diam_mean": 10.0,
        "I_diam_stdev": 0.6272224881164619,
        "addSynMechs": true,
        "allowConnsWithWeight0": true,
        "allowSelfConns": false,
        "analysis": {},
        "backupCfgFile": [],
        "cache_efficient": true,
        "checkErrors": false,
        "compactConnFormat": false,
        "connRandomSecFromList": true,
        "coreneuron": false,
        "createNEURONObj": true,
        "createPyStruct": true,
        "cvode_active": false,
        "cvode_atol": 0.001,
        "distributeSynsUniformly": true,
        "dt": 0.025,
        "dump_coreneuron_model": false,
        "duration": 1000.0,
        "duration_seconds": 300.0,
        "filename": "model_output",
        "gatherOnlySimData": false,
        "gkbar_E": 0.7341465200108781,
        "gkbar_E_std": 0.33489651130406867,
        "gkbar_I": 2.338112488185344,
        "gkbar_I_std": 1.8210819560801725,
        "gnabar_E": 0.5468930594848218,
        "gnabar_E_std": 0.6671428076767576,
        "gnabar_I": 0.1793902070343794,
        "gnabar_I_std": 0.0788412739413148,
        "gpu": false,
        "hParams": {
            "celsius": 6.3,
            "clamp_resist": 0.001,
            "v_init": -65.0
        },
        "includeParamsLabel": true,
        "invertedYCoord": true,
        "networkType": "22May24",
        "oneSynPerNetcon": true,
        "printPopAvgRates": [
            100,
            1000.0
        ],
        "printRunTime": false,
        "printSynsAfterRule": false,
        "probEE": 0.09209054953062155,
        "probEE_std": 0.22253159746794812,
        "probEI": 0.5661190429269676,
        "probEI_std": 0.1816745710710313,
        "probIE": 0.6201260726154729,
        "probIE_std": 0.29526994323757966,
        "probII": 0.6999082478026469,
        "probII_std": 0.23914573848011175,
        "probLengthConst": 2576.8555913901173,
        "propVelocity": 1.0,
        "pt3dRelativeToCellLocation": true,
        "rand123GlobalIndex": null,
        "random123": false,
        "recordCells": [
            [
                "E",
                [
                    65,
                    58
                ]
            ],
            [
                "I",
                [
                    22,
                    34
                ]
            ]
        ],
        "recordCellsSpikes": -1,
        "recordDipole": false,
        "recordDipolesHNN": false,
        "recordLFP": [],
        "recordStep": 0.1,
        "recordStim": false,
        "recordTime": true,
        "recordTraces": {
            "soma_voltage": {
                "loc": 0.5,
                "sec": "soma",
                "var": "v"
            }
        },
        "saveCSV": false,
        "saveCellConns": true,
        "saveCellSecs": true,
        "saveDat": false,
        "saveDataInclude": [
            "simData",
            "simConfig",
            "netParams",
            "net"
        ],
        "saveDipoleCells": false,
        "saveDipolePops": false,
        "saveDpk": false,
        "saveFolder": "/pscratch/sd/a/adammwea/2DNetworkSimulations/NERSC/output/240530_Run1_8nodes/gen_1",
        "saveHDF5": false,
        "saveJson": true,
        "saveLFPCells": false,
        "saveLFPPops": false,
        "saveMat": false,
        "savePickle": false,
        "saveTiming": false,
        "seeds": {
            "cell": 1,
            "conn": 1,
            "loc": 1,
            "stim": 1
        },
        "simLabel": "gen_1_cand_54",
        "tau1_exc": 6.78984069122205,
        "tau1_exc_std": 1.9695715756206202,
        "tau1_inh": 9.077503942002787,
        "tau1_inh_std": 3.3027628463833927,
        "tau2_exc": 28.017582950715546,
        "tau2_exc_std": 0.4728110239425023,
        "tau2_inh": 18.427860191501257,
        "tau2_inh_std": 6.753753833758062,
        "timestampFilename": false,
        "timing": true,
        "tstop": 1000.0,
        "use_fast_imem": false,
        "validateNetParams": false,
        "verbose": false,
        "weightEE": 1.8949652141825046,
        "weightEE_std": 0.12551101482079124,
        "weightEI": 0.21524256315507054,
        "weightEI_std": 0.1031006924883902,
        "weightIE": 0.2266917450079227,
        "weightIE_std": 0.22219032835147523,
        "weightII": 1.9322536893043423,
        "weightII_std": 0.23431440305550177
    }
}