{
    "simConfig": {
        "E_L_mean": 18.8,
        "E_L_stdev": 9.269853579312969,
        "E_Ra_mean": 128.0,
        "E_Ra_stdev": 38.872260546409436,
        "E_diam_mean": 18.8,
        "E_diam_stdev": 6.1974753040187265,
        "I_L_mean": 9.0,
        "I_L_stdev": 2.0190688098215217,
        "I_Ra_mean": 110.0,
        "I_Ra_stdev": 16.203572999930593,
        "I_diam_mean": 10.0,
        "I_diam_stdev": 1.3349452442626497,
        "addSynMechs": true,
        "allowConnsWithWeight0": true,
        "allowSelfConns": false,
        "analysis": {},
        "backupCfgFile": [],
        "cache_efficient": true,
        "checkErrors": false,
        "compactConnFormat": false,
        "connRandomSecFromList": true,
        "coreneuron": false,
        "createNEURONObj": true,
        "createPyStruct": true,
        "cvode_active": false,
        "cvode_atol": 0.001,
        "distributeSynsUniformly": true,
        "dt": 0.025,
        "dump_coreneuron_model": false,
        "duration": 1000.0,
        "duration_seconds": 300.0,
        "filename": "model_output",
        "gatherOnlySimData": false,
        "gkbar_E": 0.09599326202526921,
        "gkbar_E_std": 0.49290866746872963,
        "gkbar_I": 0.22690088142193163,
        "gkbar_I_std": 2.083575754919858,
        "gnabar_E": 6.621122001380483,
        "gnabar_E_std": 1.348459749212119,
        "gnabar_I": 4.269750301606642,
        "gnabar_I_std": 0.48676823883615306,
        "gpu": false,
        "hParams": {
            "celsius": 6.3,
            "clamp_resist": 0.001,
            "v_init": -65.0
        },
        "includeParamsLabel": true,
        "invertedYCoord": true,
        "networkType": "22May24",
        "oneSynPerNetcon": true,
        "printPopAvgRates": [
            100,
            1000.0
        ],
        "printRunTime": false,
        "printSynsAfterRule": false,
        "probEE": 0.6544029663365374,
        "probEE_std": 0.4431606210284055,
        "probEI": 0.8871867400002462,
        "probEI_std": 0.0008778482471705068,
        "probIE": 0.7197647099298342,
        "probIE_std": 0.1614426700637525,
        "probII": 0.656556502464867,
        "probII_std": 0.0882558631705192,
        "probLengthConst": 2514.8837927368204,
        "propVelocity": 1.0,
        "pt3dRelativeToCellLocation": true,
        "rand123GlobalIndex": null,
        "random123": false,
        "recordCells": [
            [
                "E",
                [
                    24,
                    73
                ]
            ],
            [
                "I",
                [
                    41,
                    25
                ]
            ]
        ],
        "recordCellsSpikes": -1,
        "recordDipole": false,
        "recordDipolesHNN": false,
        "recordLFP": [],
        "recordStep": 0.1,
        "recordStim": false,
        "recordTime": true,
        "recordTraces": {
            "soma_voltage": {
                "loc": 0.5,
                "sec": "soma",
                "var": "v"
            }
        },
        "saveCSV": false,
        "saveCellConns": true,
        "saveCellSecs": true,
        "saveDat": false,
        "saveDataInclude": [
            "simData",
            "simConfig",
            "netParams",
            "net"
        ],
        "saveDipoleCells": false,
        "saveDipolePops": false,
        "saveDpk": false,
        "saveFolder": "/pscratch/sd/a/adammwea/2DNetworkSimulations/NERSC/output/240529_Run1_8nodes/gen_2",
        "saveHDF5": false,
        "saveJson": true,
        "saveLFPCells": false,
        "saveLFPPops": false,
        "saveMat": false,
        "savePickle": false,
        "saveTiming": false,
        "seeds": {
            "cell": 1,
            "conn": 1,
            "loc": 1,
            "stim": 1
        },
        "simLabel": "gen_2_cand_5",
        "tau1_exc": 3.7593968820238786,
        "tau1_exc_std": 1.848838851787238,
        "tau1_inh": 0.5240643078393106,
        "tau1_inh_std": 0.017028328496220047,
        "tau2_exc": 18.996406090777167,
        "tau2_exc_std": 4.444720769891385,
        "tau2_inh": 19.365576317852064,
        "tau2_inh_std": 8.014064455542867,
        "timestampFilename": false,
        "timing": true,
        "tstop": 1000.0,
        "use_fast_imem": false,
        "validateNetParams": false,
        "verbose": false,
        "weightEE": 0.9845352265127687,
        "weightEE_std": 0.0011203077250681072,
        "weightEI": 1.879575941021327,
        "weightEI_std": 0.19082919736608575,
        "weightIE": 0.9959026486521924,
        "weightIE_std": 0.3328519768572251,
        "weightII": 1.4225268945491947,
        "weightII_std": 0.15761715181679425
    }
}