{
    "simConfig": {
        "E_L_mean": 18.8,
        "E_L_stdev": 8.51835819663651,
        "E_Ra_mean": 128.0,
        "E_Ra_stdev": 9.88593412896757,
        "E_diam_mean": 18.8,
        "E_diam_stdev": 0.9997288113297315,
        "I_L_mean": 9.0,
        "I_L_stdev": 2.8062090223234595,
        "I_Ra_mean": 110.0,
        "I_Ra_stdev": 23.33090091724705,
        "I_diam_mean": 10.0,
        "I_diam_stdev": 3.183245833035291,
        "addSynMechs": true,
        "allowConnsWithWeight0": true,
        "allowSelfConns": false,
        "analysis": {},
        "backupCfgFile": [],
        "cache_efficient": true,
        "checkErrors": false,
        "compactConnFormat": false,
        "connRandomSecFromList": true,
        "coreneuron": false,
        "createNEURONObj": true,
        "createPyStruct": true,
        "cvode_active": false,
        "cvode_atol": 0.001,
        "distributeSynsUniformly": true,
        "dt": 0.025,
        "dump_coreneuron_model": false,
        "duration": 1000.0,
        "duration_seconds": 300.0,
        "filename": "model_output",
        "gatherOnlySimData": false,
        "gkbar_E": 0.009117105666120945,
        "gkbar_E_std": 0.18490814003497266,
        "gkbar_I": 3.844085822727835,
        "gkbar_I_std": 0.5202163710243237,
        "gnabar_E": 1.957494376382922,
        "gnabar_E_std": 0.3582923741502846,
        "gnabar_I": 4.781312427702423,
        "gnabar_I_std": 0.47661389155029044,
        "gpu": false,
        "hParams": {
            "celsius": 6.3,
            "clamp_resist": 0.001,
            "v_init": -65.0
        },
        "includeParamsLabel": true,
        "invertedYCoord": true,
        "networkType": "22May24",
        "oneSynPerNetcon": true,
        "printPopAvgRates": [
            100,
            1000.0
        ],
        "printRunTime": false,
        "printSynsAfterRule": false,
        "probEE": 0.742255174096206,
        "probEE_std": 0.2895334323880186,
        "probEI": 0.9796568329150946,
        "probEI_std": 0.015234604570900385,
        "probIE": 0.001311392075885609,
        "probIE_std": 0.40720984983072084,
        "probII": 0.6929334753023098,
        "probII_std": 0.11059015869014942,
        "probLengthConst": 2988.9349032270616,
        "propVelocity": 1.0,
        "pt3dRelativeToCellLocation": true,
        "rand123GlobalIndex": null,
        "random123": false,
        "recordCells": [
            [
                "E",
                [
                    24,
                    73
                ]
            ],
            [
                "I",
                [
                    41,
                    25
                ]
            ]
        ],
        "recordCellsSpikes": -1,
        "recordDipole": false,
        "recordDipolesHNN": false,
        "recordLFP": [],
        "recordStep": 0.1,
        "recordStim": false,
        "recordTime": true,
        "recordTraces": {
            "soma_voltage": {
                "loc": 0.5,
                "sec": "soma",
                "var": "v"
            }
        },
        "saveCSV": false,
        "saveCellConns": true,
        "saveCellSecs": true,
        "saveDat": false,
        "saveDataInclude": [
            "simData",
            "simConfig",
            "netParams",
            "net"
        ],
        "saveDipoleCells": false,
        "saveDipolePops": false,
        "saveDpk": false,
        "saveFolder": "/pscratch/sd/a/adammwea/2DNetworkSimulations/NERSC/output/240529_Run1_8nodes/gen_6",
        "saveHDF5": false,
        "saveJson": true,
        "saveLFPCells": false,
        "saveLFPPops": false,
        "saveMat": false,
        "savePickle": false,
        "saveTiming": false,
        "seeds": {
            "cell": 1,
            "conn": 1,
            "loc": 1,
            "stim": 1
        },
        "simLabel": "gen_6_cand_52",
        "tau1_exc": 3.136367705745152,
        "tau1_exc_std": 0.5218239169895853,
        "tau1_inh": 9.863542696576808,
        "tau1_inh_std": 1.446562918665566,
        "tau2_exc": 29.147408953388428,
        "tau2_exc_std": 6.5422110435660805,
        "tau2_inh": 4.775254608765286,
        "tau2_inh_std": 0.18120256775936755,
        "timestampFilename": false,
        "timing": true,
        "tstop": 1000.0,
        "use_fast_imem": false,
        "validateNetParams": false,
        "verbose": false,
        "weightEE": 1.6072879826435724,
        "weightEE_std": 0.36167837595689467,
        "weightEI": 1.7612552810972575,
        "weightEI_std": 0.01655355867398713,
        "weightIE": 0.7185637390415285,
        "weightIE_std": 0.3326818201243899,
        "weightII": 1.1787821778911722,
        "weightII_std": 0.0007007016835583747
    }
}