{
    "simConfig": {
        "E_L_mean": 18.8,
        "E_L_stdev": 1.2337906370356941,
        "E_Ra_mean": 128.0,
        "E_Ra_stdev": 12.708040299637581,
        "E_diam_mean": 18.8,
        "E_diam_stdev": 0.042766353469718396,
        "I_L_mean": 9.0,
        "I_L_stdev": 2.8356912743337714,
        "I_Ra_mean": 110.0,
        "I_Ra_stdev": 3.1189581579050767,
        "I_diam_mean": 10.0,
        "I_diam_stdev": 2.7241066287296802,
        "addSynMechs": true,
        "allowConnsWithWeight0": true,
        "allowSelfConns": false,
        "analysis": {},
        "backupCfgFile": [],
        "cache_efficient": true,
        "checkErrors": false,
        "compactConnFormat": false,
        "connRandomSecFromList": true,
        "coreneuron": false,
        "createNEURONObj": true,
        "createPyStruct": true,
        "cvode_active": false,
        "cvode_atol": 0.001,
        "distributeSynsUniformly": true,
        "dt": 0.025,
        "dump_coreneuron_model": false,
        "duration": 1000.0,
        "duration_seconds": 300.0,
        "filename": "model_output",
        "gatherOnlySimData": false,
        "gkbar_E": 0.6029058024806571,
        "gkbar_E_std": 0.0024398644768878555,
        "gkbar_I": 0.2497692412116157,
        "gkbar_I_std": 0.49475852773144147,
        "gnabar_E": 4.08328871788639,
        "gnabar_E_std": 0.530157941276217,
        "gnabar_I": 0.44075845290702703,
        "gnabar_I_std": 0.72488108775638,
        "gpu": false,
        "hParams": {
            "celsius": 6.3,
            "clamp_resist": 0.001,
            "v_init": -65.0
        },
        "includeParamsLabel": true,
        "invertedYCoord": true,
        "networkType": "22May24",
        "oneSynPerNetcon": true,
        "printPopAvgRates": [
            100,
            1000.0
        ],
        "printRunTime": false,
        "printSynsAfterRule": false,
        "probEE": 0.12725085597454844,
        "probEE_std": 0.20233810874244001,
        "probEI": 0.5977208799941452,
        "probEI_std": 0.45458946934979677,
        "probIE": 0.38111034269073263,
        "probIE_std": 0.021956839176857562,
        "probII": 0.7497575852872875,
        "probII_std": 0.4523784170442281,
        "probLengthConst": 701.0622198281351,
        "propVelocity": 1.0,
        "pt3dRelativeToCellLocation": true,
        "rand123GlobalIndex": null,
        "random123": false,
        "recordCells": [
            [
                "E",
                [
                    24,
                    73
                ]
            ],
            [
                "I",
                [
                    41,
                    25
                ]
            ]
        ],
        "recordCellsSpikes": -1,
        "recordDipole": false,
        "recordDipolesHNN": false,
        "recordLFP": [],
        "recordStep": 0.1,
        "recordStim": false,
        "recordTime": true,
        "recordTraces": {
            "soma_voltage": {
                "loc": 0.5,
                "sec": "soma",
                "var": "v"
            }
        },
        "saveCSV": false,
        "saveCellConns": true,
        "saveCellSecs": true,
        "saveDat": false,
        "saveDataInclude": [
            "simData",
            "simConfig",
            "netParams",
            "net"
        ],
        "saveDipoleCells": false,
        "saveDipolePops": false,
        "saveDpk": false,
        "saveFolder": "/pscratch/sd/a/adammwea/2DNetworkSimulations/NERSC/output/240529_Run1_8nodes/gen_6",
        "saveHDF5": false,
        "saveJson": true,
        "saveLFPCells": false,
        "saveLFPPops": false,
        "saveMat": false,
        "savePickle": false,
        "saveTiming": false,
        "seeds": {
            "cell": 1,
            "conn": 1,
            "loc": 1,
            "stim": 1
        },
        "simLabel": "gen_6_cand_50",
        "tau1_exc": 4.636348441662964,
        "tau1_exc_std": 0.8240416456948749,
        "tau1_inh": 8.919578177694627,
        "tau1_inh_std": 1.1833932368900109,
        "tau2_exc": 20.65142957983604,
        "tau2_exc_std": 9.717052540170066,
        "tau2_inh": 19.877721929607734,
        "tau2_inh_std": 6.200884677276829,
        "timestampFilename": false,
        "timing": true,
        "tstop": 1000.0,
        "use_fast_imem": false,
        "validateNetParams": false,
        "verbose": false,
        "weightEE": 0.12108599823158736,
        "weightEE_std": 0.008035652418170362,
        "weightEI": 1.9818502422301791,
        "weightEI_std": 0.2786746578767406,
        "weightIE": 0.06249197031035629,
        "weightIE_std": 0.1835558624093132,
        "weightII": 0.2178761748631567,
        "weightII_std": 0.04545336036575165
    }
}