{
    "burstAmp_Fitness": 1.4895314070114127,
    "IBI_fitness": 2.6463737869675508,
    "baselineFitness": 1000,
    "slopeFitness": 1.000664146067266,
    "baseline_diff_fitness": 1000,
    "burst_peak_frequency_fitness": 25.855549338671388,
    "rate_fitness": 1000.0,
    "maxFitness": 1000,
    "average_fitness": 432.9988740969597,
    "average_scaled_fitness": 432.43092807626897
}