{
    "simConfig": {
        "E_L_mean": 18.8,
        "E_L_stdev": 4.45793285647384,
        "E_Ra_mean": 128.0,
        "E_Ra_stdev": 44.77021579840658,
        "E_diam_mean": 18.8,
        "E_diam_stdev": 0.3243364139589554,
        "I_L_mean": 9.0,
        "I_L_stdev": 1.0895916899687994,
        "I_Ra_mean": 110.0,
        "I_Ra_stdev": 6.416742945066464,
        "I_diam_mean": 10.0,
        "I_diam_stdev": 0.9796115512116151,
        "addSynMechs": true,
        "allowConnsWithWeight0": true,
        "allowSelfConns": false,
        "analysis": {},
        "backupCfgFile": [],
        "cache_efficient": true,
        "checkErrors": false,
        "compactConnFormat": false,
        "connRandomSecFromList": true,
        "coreneuron": false,
        "createNEURONObj": true,
        "createPyStruct": true,
        "cvode_active": false,
        "cvode_atol": 0.001,
        "distributeSynsUniformly": true,
        "dt": 0.025,
        "dump_coreneuron_model": false,
        "duration": 1000.0,
        "duration_seconds": 330.0,
        "filename": "model_output",
        "gatherOnlySimData": false,
        "gkbar_E": 0.9230760497166368,
        "gkbar_E_std": 0.2273090617424025,
        "gkbar_I": 3.099427389676066,
        "gkbar_I_std": 2.3272297694161006,
        "gnabar_E": 1.472495451231866,
        "gnabar_E_std": 0.4897291567267448,
        "gnabar_I": 1.3066195480551372,
        "gnabar_I_std": 0.12327830662815853,
        "gpu": false,
        "hParams": {
            "celsius": 6.3,
            "clamp_resist": 0.001,
            "v_init": -65.0
        },
        "includeParamsLabel": true,
        "invertedYCoord": true,
        "networkType": "22May24",
        "oneSynPerNetcon": true,
        "printPopAvgRates": [
            100,
            1000.0
        ],
        "printRunTime": false,
        "printSynsAfterRule": false,
        "probEE": 0.3216538585711553,
        "probEE_std": 0.18532732300242272,
        "probEI": 0.7115432445403557,
        "probEI_std": 0.21681662357858716,
        "probIE": 0.7064584221416454,
        "probIE_std": 0.10108171221742712,
        "probII": 0.26170523627941444,
        "probII_std": 0.2510211539334012,
        "probLengthConst": 113.31348989921156,
        "propVelocity": 1.0,
        "pt3dRelativeToCellLocation": true,
        "rand123GlobalIndex": null,
        "random123": false,
        "recordCells": [
            [
                "E",
                [
                    68,
                    13
                ]
            ],
            [
                "I",
                [
                    4,
                    5
                ]
            ]
        ],
        "recordCellsSpikes": -1,
        "recordDipole": false,
        "recordDipolesHNN": false,
        "recordLFP": [],
        "recordStep": 0.1,
        "recordStim": false,
        "recordTime": true,
        "recordTraces": {
            "soma_voltage": {
                "loc": 0.5,
                "sec": "soma",
                "var": "v"
            }
        },
        "saveCSV": false,
        "saveCellConns": true,
        "saveCellSecs": true,
        "saveDat": false,
        "saveDataInclude": [
            "simData",
            "simConfig",
            "netParams",
            "net"
        ],
        "saveDipoleCells": false,
        "saveDipolePops": false,
        "saveDpk": false,
        "saveFolder": "/pscratch/sd/a/adammwea/2DNetworkSimulations/NERSC/output/240604_Run1_24n24hr/gen_0",
        "saveHDF5": false,
        "saveJson": true,
        "saveLFPCells": false,
        "saveLFPPops": false,
        "saveMat": false,
        "savePickle": false,
        "saveTiming": false,
        "seeds": {
            "cell": 1,
            "conn": 1,
            "loc": 1,
            "stim": 1
        },
        "simLabel": "gen_0_cand_251",
        "tau1_exc": 6.3359522566745134,
        "tau1_exc_std": 2.942057021565656,
        "tau1_inh": 7.923086717922309,
        "tau1_inh_std": 2.1967156751060606,
        "tau2_exc": 25.70479400502636,
        "tau2_exc_std": 2.486374749826746,
        "tau2_inh": 10.024641215843758,
        "tau2_inh_std": 7.176976402019065,
        "timestampFilename": false,
        "timing": true,
        "tstop": 1000.0,
        "use_fast_imem": false,
        "validateNetParams": false,
        "verbose": false,
        "weightEE": 0.42421428870732925,
        "weightEE_std": 0.410311053731307,
        "weightEI": 0.301610158865278,
        "weightEI_std": 0.18457514920304166,
        "weightIE": 0.8238863407488843,
        "weightIE_std": 0.09375786502154038,
        "weightII": 1.271136316684315,
        "weightII_std": 0.01920196485637768
    }
}