{
    "simConfig": {
        "E_L_mean": 18.8,
        "E_L_stdev": 1.9410453587962433,
        "E_Ra_mean": 128.0,
        "E_Ra_stdev": 52.258784206438165,
        "E_diam_mean": 18.8,
        "E_diam_stdev": 2.5156531737628733,
        "I_L_mean": 9.0,
        "I_L_stdev": 2.8099024974239226,
        "I_Ra_mean": 110.0,
        "I_Ra_stdev": 16.066863624957115,
        "I_diam_mean": 10.0,
        "I_diam_stdev": 1.1577685579116648,
        "addSynMechs": true,
        "allowConnsWithWeight0": true,
        "allowSelfConns": false,
        "analysis": {},
        "backupCfgFile": [],
        "cache_efficient": true,
        "checkErrors": false,
        "compactConnFormat": false,
        "connRandomSecFromList": true,
        "coreneuron": false,
        "createNEURONObj": true,
        "createPyStruct": true,
        "cvode_active": false,
        "cvode_atol": 0.001,
        "distributeSynsUniformly": true,
        "dt": 0.025,
        "dump_coreneuron_model": false,
        "duration": 1000.0,
        "duration_seconds": 330.0,
        "filename": "model_output",
        "gatherOnlySimData": false,
        "gkbar_E": 0.4501542084336658,
        "gkbar_E_std": 0.1993964077937993,
        "gkbar_I": 4.495486339422419,
        "gkbar_I_std": 1.5828935946458331,
        "gnabar_E": 5.154530749627913,
        "gnabar_E_std": 1.2293965769234076,
        "gnabar_I": 3.9736206293376903,
        "gnabar_I_std": 0.2936982914744115,
        "gpu": false,
        "hParams": {
            "celsius": 6.3,
            "clamp_resist": 0.001,
            "v_init": -65.0
        },
        "includeParamsLabel": true,
        "invertedYCoord": true,
        "networkType": "22May24",
        "oneSynPerNetcon": true,
        "printPopAvgRates": [
            100,
            1000.0
        ],
        "printRunTime": false,
        "printSynsAfterRule": false,
        "probEE": 0.1286398683559719,
        "probEE_std": 0.21986274846716647,
        "probEI": 0.7722890417286166,
        "probEI_std": 0.03569795505431406,
        "probIE": 0.5049749278874736,
        "probIE_std": 0.38045381189021343,
        "probII": 0.2409517513322475,
        "probII_std": 0.3298769516929883,
        "probLengthConst": 912.5418707601724,
        "propVelocity": 1.0,
        "pt3dRelativeToCellLocation": true,
        "rand123GlobalIndex": null,
        "random123": false,
        "recordCells": [
            [
                "E",
                [
                    68,
                    13
                ]
            ],
            [
                "I",
                [
                    4,
                    5
                ]
            ]
        ],
        "recordCellsSpikes": -1,
        "recordDipole": false,
        "recordDipolesHNN": false,
        "recordLFP": [],
        "recordStep": 0.1,
        "recordStim": false,
        "recordTime": true,
        "recordTraces": {
            "soma_voltage": {
                "loc": 0.5,
                "sec": "soma",
                "var": "v"
            }
        },
        "saveCSV": false,
        "saveCellConns": true,
        "saveCellSecs": true,
        "saveDat": false,
        "saveDataInclude": [
            "simData",
            "simConfig",
            "netParams",
            "net"
        ],
        "saveDipoleCells": false,
        "saveDipolePops": false,
        "saveDpk": false,
        "saveFolder": "/pscratch/sd/a/adammwea/2DNetworkSimulations/NERSC/output/240604_Run1_24n24hr/gen_0",
        "saveHDF5": false,
        "saveJson": true,
        "saveLFPCells": false,
        "saveLFPPops": false,
        "saveMat": false,
        "savePickle": false,
        "saveTiming": false,
        "seeds": {
            "cell": 1,
            "conn": 1,
            "loc": 1,
            "stim": 1
        },
        "simLabel": "gen_0_cand_246",
        "tau1_exc": 0.19834726315212298,
        "tau1_exc_std": 0.4798932203711389,
        "tau1_inh": 3.5131266909169776,
        "tau1_inh_std": 2.8188855899015923,
        "tau2_exc": 23.445734753290086,
        "tau2_exc_std": 2.2726083497592153,
        "tau2_inh": 5.158925378378765,
        "tau2_inh_std": 1.6368502535617602,
        "timestampFilename": false,
        "timing": true,
        "tstop": 1000.0,
        "use_fast_imem": false,
        "validateNetParams": false,
        "verbose": false,
        "weightEE": 0.20294912224365147,
        "weightEE_std": 0.258829686115798,
        "weightEI": 0.15044616371777653,
        "weightEI_std": 0.1677561889986946,
        "weightIE": 0.40275648191551516,
        "weightIE_std": 0.14832134187023388,
        "weightII": 1.899859042378932,
        "weightII_std": 0.12999662550736274
    }
}