{
    "simConfig": {
        "E_L_mean": 18.8,
        "E_L_stdev": 5.077896616786207,
        "E_Ra_mean": 128.0,
        "E_Ra_stdev": 2.3856039107306017,
        "E_diam_mean": 18.8,
        "E_diam_stdev": 3.616237623997158,
        "I_L_mean": 9.0,
        "I_L_stdev": 2.4533366356336552,
        "I_Ra_mean": 110.0,
        "I_Ra_stdev": 21.330217944764378,
        "I_diam_mean": 10.0,
        "I_diam_stdev": 3.292867773538765,
        "addSynMechs": true,
        "allowConnsWithWeight0": true,
        "allowSelfConns": false,
        "analysis": {},
        "backupCfgFile": [],
        "cache_efficient": true,
        "checkErrors": false,
        "compactConnFormat": false,
        "connRandomSecFromList": true,
        "coreneuron": false,
        "createNEURONObj": true,
        "createPyStruct": true,
        "cvode_active": false,
        "cvode_atol": 0.001,
        "distributeSynsUniformly": true,
        "dt": 0.025,
        "dump_coreneuron_model": false,
        "duration": 1000.0,
        "duration_seconds": 330.0,
        "filename": "model_output",
        "gatherOnlySimData": false,
        "gkbar_E": 0.20450425156968566,
        "gkbar_E_std": 0.20961935462531317,
        "gkbar_I": 1.1850095458012144,
        "gkbar_I_std": 1.6720950887564587,
        "gnabar_E": 6.02953638937619,
        "gnabar_E_std": 0.7241034492125258,
        "gnabar_I": 3.2067542848984454,
        "gnabar_I_std": 0.1885643213539644,
        "gpu": false,
        "hParams": {
            "celsius": 6.3,
            "clamp_resist": 0.001,
            "v_init": -65.0
        },
        "includeParamsLabel": true,
        "invertedYCoord": true,
        "networkType": "22May24",
        "oneSynPerNetcon": true,
        "printPopAvgRates": [
            100,
            1000.0
        ],
        "printRunTime": false,
        "printSynsAfterRule": false,
        "probEE": 0.14882347778258148,
        "probEE_std": 0.4517666019244977,
        "probEI": 0.8764135051937931,
        "probEI_std": 0.3766368712383869,
        "probIE": 0.4796240308952527,
        "probIE_std": 0.11189853378916609,
        "probII": 0.7074322490481559,
        "probII_std": 0.29996202159656093,
        "probLengthConst": 2149.237425792648,
        "propVelocity": 1.0,
        "pt3dRelativeToCellLocation": true,
        "rand123GlobalIndex": null,
        "random123": false,
        "recordCells": [
            [
                "E",
                [
                    68,
                    13
                ]
            ],
            [
                "I",
                [
                    4,
                    5
                ]
            ]
        ],
        "recordCellsSpikes": -1,
        "recordDipole": false,
        "recordDipolesHNN": false,
        "recordLFP": [],
        "recordStep": 0.1,
        "recordStim": false,
        "recordTime": true,
        "recordTraces": {
            "soma_voltage": {
                "loc": 0.5,
                "sec": "soma",
                "var": "v"
            }
        },
        "saveCSV": false,
        "saveCellConns": true,
        "saveCellSecs": true,
        "saveDat": false,
        "saveDataInclude": [
            "simData",
            "simConfig",
            "netParams",
            "net"
        ],
        "saveDipoleCells": false,
        "saveDipolePops": false,
        "saveDpk": false,
        "saveFolder": "/pscratch/sd/a/adammwea/2DNetworkSimulations/NERSC/output/240604_Run1_24n24hr/gen_0",
        "saveHDF5": false,
        "saveJson": true,
        "saveLFPCells": false,
        "saveLFPPops": false,
        "saveMat": false,
        "savePickle": false,
        "saveTiming": false,
        "seeds": {
            "cell": 1,
            "conn": 1,
            "loc": 1,
            "stim": 1
        },
        "simLabel": "gen_0_cand_478",
        "tau1_exc": 3.0214656787364773,
        "tau1_exc_std": 0.8385762406223615,
        "tau1_inh": 5.452917598200397,
        "tau1_inh_std": 0.5042391562659747,
        "tau2_exc": 16.958188013129835,
        "tau2_exc_std": 2.820484370679115,
        "tau2_inh": 12.359096009132598,
        "tau2_inh_std": 7.300048510431205,
        "timestampFilename": false,
        "timing": true,
        "tstop": 1000.0,
        "use_fast_imem": false,
        "validateNetParams": false,
        "verbose": false,
        "weightEE": 1.6733571368832936,
        "weightEE_std": 0.2026131954597311,
        "weightEI": 0.17520714125660852,
        "weightEI_std": 0.17525859713588934,
        "weightIE": 0.1869095088144892,
        "weightIE_std": 0.20748719098719193,
        "weightII": 1.4441698950639634,
        "weightII_std": 0.18872873598434478
    }
}