{
    "simConfig": {
        "E_L_mean": 18.8,
        "E_L_stdev": 4.152360412661693,
        "E_Ra_mean": 128.0,
        "E_Ra_stdev": 25.575709224982113,
        "E_diam_mean": 18.8,
        "E_diam_stdev": 0.16702378104773652,
        "I_L_mean": 9.0,
        "I_L_stdev": 0.2285359671015802,
        "I_Ra_mean": 110.0,
        "I_Ra_stdev": 54.27727566684855,
        "I_diam_mean": 10.0,
        "I_diam_stdev": 0.48111432572829016,
        "addSynMechs": true,
        "allowConnsWithWeight0": true,
        "allowSelfConns": false,
        "analysis": {},
        "backupCfgFile": [],
        "cache_efficient": true,
        "checkErrors": false,
        "compactConnFormat": false,
        "connRandomSecFromList": true,
        "coreneuron": false,
        "createNEURONObj": true,
        "createPyStruct": true,
        "cvode_active": false,
        "cvode_atol": 0.001,
        "distributeSynsUniformly": true,
        "dt": 0.025,
        "dump_coreneuron_model": false,
        "duration": 1000.0,
        "duration_seconds": 330.0,
        "filename": "model_output",
        "gatherOnlySimData": false,
        "gkbar_E": 0.4693161806577484,
        "gkbar_E_std": 0.12586193731925732,
        "gkbar_I": 5.308112422896273,
        "gkbar_I_std": 1.3719072179665033,
        "gnabar_E": 2.6350790171156953,
        "gnabar_E_std": 0.3030881389731699,
        "gnabar_I": 0.8356028453918357,
        "gnabar_I_std": 0.10726023055107559,
        "gpu": false,
        "hParams": {
            "celsius": 6.3,
            "clamp_resist": 0.001,
            "v_init": -65.0
        },
        "includeParamsLabel": true,
        "invertedYCoord": true,
        "networkType": "22May24",
        "oneSynPerNetcon": true,
        "printPopAvgRates": [
            100,
            1000.0
        ],
        "printRunTime": false,
        "printSynsAfterRule": false,
        "probEE": 0.1630575298751506,
        "probEE_std": 0.12194169699262664,
        "probEI": 0.9025113440710149,
        "probEI_std": 0.31669438730856253,
        "probIE": 0.2569999903799187,
        "probIE_std": 0.06639238800766789,
        "probII": 0.43065021646706797,
        "probII_std": 0.18414386132590466,
        "probLengthConst": 684.917264813958,
        "propVelocity": 1.0,
        "pt3dRelativeToCellLocation": true,
        "rand123GlobalIndex": null,
        "random123": false,
        "recordCells": [
            [
                "E",
                [
                    68,
                    13
                ]
            ],
            [
                "I",
                [
                    4,
                    5
                ]
            ]
        ],
        "recordCellsSpikes": -1,
        "recordDipole": false,
        "recordDipolesHNN": false,
        "recordLFP": [],
        "recordStep": 0.1,
        "recordStim": false,
        "recordTime": true,
        "recordTraces": {
            "soma_voltage": {
                "loc": 0.5,
                "sec": "soma",
                "var": "v"
            }
        },
        "saveCSV": false,
        "saveCellConns": true,
        "saveCellSecs": true,
        "saveDat": false,
        "saveDataInclude": [
            "simData",
            "simConfig",
            "netParams",
            "net"
        ],
        "saveDipoleCells": false,
        "saveDipolePops": false,
        "saveDpk": false,
        "saveFolder": "/pscratch/sd/a/adammwea/2DNetworkSimulations/NERSC/output/240604_Run1_24n24hr/gen_0",
        "saveHDF5": false,
        "saveJson": true,
        "saveLFPCells": false,
        "saveLFPPops": false,
        "saveMat": false,
        "savePickle": false,
        "saveTiming": false,
        "seeds": {
            "cell": 1,
            "conn": 1,
            "loc": 1,
            "stim": 1
        },
        "simLabel": "gen_0_cand_172",
        "tau1_exc": 3.1571823112121624,
        "tau1_exc_std": 2.5269355379062626,
        "tau1_inh": 0.28311788435306906,
        "tau1_inh_std": 3.196525644635853,
        "tau2_exc": 17.92718844094018,
        "tau2_exc_std": 6.530800444729778,
        "tau2_inh": 2.7753296957270956,
        "tau2_inh_std": 8.156923877862459,
        "timestampFilename": false,
        "timing": true,
        "tstop": 1000.0,
        "use_fast_imem": false,
        "validateNetParams": false,
        "verbose": false,
        "weightEE": 1.3326606985993636,
        "weightEE_std": 0.24425284923691498,
        "weightEI": 1.289670815499376,
        "weightEI_std": 0.15460050171343664,
        "weightIE": 0.6534101164764649,
        "weightIE_std": 0.29648745168157076,
        "weightII": 1.8386999829319042,
        "weightII_std": 0.010981561884692737
    }
}