{
    "simConfig": {
        "E_L_mean": 18.8,
        "E_L_stdev": 4.449480121802669,
        "E_Ra_mean": 128.0,
        "E_Ra_stdev": 52.3291738800534,
        "E_diam_mean": 18.8,
        "E_diam_stdev": 1.1708243282187654,
        "I_L_mean": 9.0,
        "I_L_stdev": 1.9494398388002678,
        "I_Ra_mean": 110.0,
        "I_Ra_stdev": 43.687693753719344,
        "I_diam_mean": 10.0,
        "I_diam_stdev": 0.8324304812242378,
        "addSynMechs": true,
        "allowConnsWithWeight0": true,
        "allowSelfConns": false,
        "analysis": {},
        "backupCfgFile": [],
        "cache_efficient": true,
        "checkErrors": false,
        "compactConnFormat": false,
        "connRandomSecFromList": true,
        "coreneuron": false,
        "createNEURONObj": true,
        "createPyStruct": true,
        "cvode_active": false,
        "cvode_atol": 0.001,
        "distributeSynsUniformly": true,
        "dt": 0.025,
        "dump_coreneuron_model": false,
        "duration": 1000.0,
        "duration_seconds": 330.0,
        "filename": "model_output",
        "gatherOnlySimData": false,
        "gkbar_E": 0.33248992977720027,
        "gkbar_E_std": 0.1781853303198742,
        "gkbar_I": 1.5965782390186822,
        "gkbar_I_std": 2.449558203012944,
        "gnabar_E": 1.699388945767117,
        "gnabar_E_std": 1.0543421584324626,
        "gnabar_I": 2.1520296272170594,
        "gnabar_I_std": 0.27946775641753363,
        "gpu": false,
        "hParams": {
            "celsius": 6.3,
            "clamp_resist": 0.001,
            "v_init": -65.0
        },
        "includeParamsLabel": true,
        "invertedYCoord": true,
        "networkType": "22May24",
        "oneSynPerNetcon": true,
        "printPopAvgRates": [
            100,
            1000.0
        ],
        "printRunTime": false,
        "printSynsAfterRule": false,
        "probEE": 0.5204710484238576,
        "probEE_std": 0.25694854246482324,
        "probEI": 0.6315986771728087,
        "probEI_std": 0.32034230256927326,
        "probIE": 0.5700340417062909,
        "probIE_std": 0.422105029608042,
        "probII": 0.535349885374313,
        "probII_std": 0.024147825815443724,
        "probLengthConst": 1720.160870536378,
        "propVelocity": 1.0,
        "pt3dRelativeToCellLocation": true,
        "rand123GlobalIndex": null,
        "random123": false,
        "recordCells": [
            [
                "E",
                [
                    68,
                    13
                ]
            ],
            [
                "I",
                [
                    4,
                    5
                ]
            ]
        ],
        "recordCellsSpikes": -1,
        "recordDipole": false,
        "recordDipolesHNN": false,
        "recordLFP": [],
        "recordStep": 0.1,
        "recordStim": false,
        "recordTime": true,
        "recordTraces": {
            "soma_voltage": {
                "loc": 0.5,
                "sec": "soma",
                "var": "v"
            }
        },
        "saveCSV": false,
        "saveCellConns": true,
        "saveCellSecs": true,
        "saveDat": false,
        "saveDataInclude": [
            "simData",
            "simConfig",
            "netParams",
            "net"
        ],
        "saveDipoleCells": false,
        "saveDipolePops": false,
        "saveDpk": false,
        "saveFolder": "/pscratch/sd/a/adammwea/2DNetworkSimulations/NERSC/output/240604_Run1_24n24hr/gen_0",
        "saveHDF5": false,
        "saveJson": true,
        "saveLFPCells": false,
        "saveLFPPops": false,
        "saveMat": false,
        "savePickle": false,
        "saveTiming": false,
        "seeds": {
            "cell": 1,
            "conn": 1,
            "loc": 1,
            "stim": 1
        },
        "simLabel": "gen_0_cand_186",
        "tau1_exc": 6.550398148813816,
        "tau1_exc_std": 0.2537190668577568,
        "tau1_inh": 1.3550077931001292,
        "tau1_inh_std": 0.3982853062059148,
        "tau2_exc": 18.45415270561797,
        "tau2_exc_std": 0.16858178431811588,
        "tau2_inh": 11.867514937401609,
        "tau2_inh_std": 7.845577434160359,
        "timestampFilename": false,
        "timing": true,
        "tstop": 1000.0,
        "use_fast_imem": false,
        "validateNetParams": false,
        "verbose": false,
        "weightEE": 0.9844042955048338,
        "weightEE_std": 0.48854251499254364,
        "weightEI": 0.7990331406080542,
        "weightEI_std": 0.12317753841202164,
        "weightIE": 0.9834050812147416,
        "weightIE_std": 0.05636079384992965,
        "weightII": 1.7825994379756327,
        "weightII_std": 0.12840586844719623
    }
}