{
    "simConfig": {
        "E_L_mean": 18.8,
        "E_L_stdev": 5.2075854114989255,
        "E_Ra_mean": 128.0,
        "E_Ra_stdev": 7.702781463213512,
        "E_diam_mean": 18.8,
        "E_diam_stdev": 2.7507463008557096,
        "I_L_mean": 9.0,
        "I_L_stdev": 1.8962677380729454,
        "I_Ra_mean": 110.0,
        "I_Ra_stdev": 22.751625963979496,
        "I_diam_mean": 10.0,
        "I_diam_stdev": 2.2908512211931304,
        "addSynMechs": true,
        "allowConnsWithWeight0": true,
        "allowSelfConns": false,
        "analysis": {},
        "backupCfgFile": [],
        "cache_efficient": true,
        "checkErrors": false,
        "compactConnFormat": false,
        "connRandomSecFromList": true,
        "coreneuron": false,
        "createNEURONObj": true,
        "createPyStruct": true,
        "cvode_active": false,
        "cvode_atol": 0.001,
        "distributeSynsUniformly": true,
        "dt": 0.025,
        "dump_coreneuron_model": false,
        "duration": 1000.0,
        "duration_seconds": 330.0,
        "filename": "model_output",
        "gatherOnlySimData": false,
        "gkbar_E": 0.9199070428194757,
        "gkbar_E_std": 0.36036009349908554,
        "gkbar_I": 8.071002835002655,
        "gkbar_I_std": 2.0201971237897993,
        "gnabar_E": 3.2301931553802077,
        "gnabar_E_std": 0.7259124493966403,
        "gnabar_I": 4.316226601752578,
        "gnabar_I_std": 0.3084510231023121,
        "gpu": false,
        "hParams": {
            "celsius": 6.3,
            "clamp_resist": 0.001,
            "v_init": -65.0
        },
        "includeParamsLabel": true,
        "invertedYCoord": true,
        "networkType": "22May24",
        "oneSynPerNetcon": true,
        "printPopAvgRates": [
            100,
            1000.0
        ],
        "printRunTime": false,
        "printSynsAfterRule": false,
        "probEE": 0.1461659170432753,
        "probEE_std": 0.08773517634544709,
        "probEI": 0.9897143283583404,
        "probEI_std": 0.3932352643945122,
        "probIE": 0.0020090959847772483,
        "probIE_std": 0.39007948178835555,
        "probII": 0.092932631750894,
        "probII_std": 0.3692369917536558,
        "probLengthConst": 95.42062089902853,
        "propVelocity": 1.0,
        "pt3dRelativeToCellLocation": true,
        "rand123GlobalIndex": null,
        "random123": false,
        "recordCells": [
            [
                "E",
                [
                    68,
                    13
                ]
            ],
            [
                "I",
                [
                    4,
                    5
                ]
            ]
        ],
        "recordCellsSpikes": -1,
        "recordDipole": false,
        "recordDipolesHNN": false,
        "recordLFP": [],
        "recordStep": 0.1,
        "recordStim": false,
        "recordTime": true,
        "recordTraces": {
            "soma_voltage": {
                "loc": 0.5,
                "sec": "soma",
                "var": "v"
            }
        },
        "saveCSV": false,
        "saveCellConns": true,
        "saveCellSecs": true,
        "saveDat": false,
        "saveDataInclude": [
            "simData",
            "simConfig",
            "netParams",
            "net"
        ],
        "saveDipoleCells": false,
        "saveDipolePops": false,
        "saveDpk": false,
        "saveFolder": "/pscratch/sd/a/adammwea/2DNetworkSimulations/NERSC/output/240604_Run1_24n24hr/gen_0",
        "saveHDF5": false,
        "saveJson": true,
        "saveLFPCells": false,
        "saveLFPPops": false,
        "saveMat": false,
        "savePickle": false,
        "saveTiming": false,
        "seeds": {
            "cell": 1,
            "conn": 1,
            "loc": 1,
            "stim": 1
        },
        "simLabel": "gen_0_cand_233",
        "tau1_exc": 3.6539385979495855,
        "tau1_exc_std": 1.9606788061559808,
        "tau1_inh": 6.628173600047776,
        "tau1_inh_std": 0.8387215718776286,
        "tau2_exc": 1.4527576480423743,
        "tau2_exc_std": 8.889837212454275,
        "tau2_inh": 16.03723850775304,
        "tau2_inh_std": 5.044741080460681,
        "timestampFilename": false,
        "timing": true,
        "tstop": 1000.0,
        "use_fast_imem": false,
        "validateNetParams": false,
        "verbose": false,
        "weightEE": 0.526691231676164,
        "weightEE_std": 0.16949576217709883,
        "weightEI": 1.3841426611265928,
        "weightEI_std": 0.16231402432632083,
        "weightIE": 0.8768783695092399,
        "weightIE_std": 0.08961839118351918,
        "weightII": 0.24027111379902655,
        "weightII_std": 0.21693327417694525
    }
}