{
    "simConfig": {
        "E_L_mean": 18.8,
        "E_L_stdev": 7.993971482734711,
        "E_Ra_mean": 128.0,
        "E_Ra_stdev": 9.7806729651589,
        "E_diam_mean": 18.8,
        "E_diam_stdev": 4.313783768702568,
        "I_L_mean": 9.0,
        "I_L_stdev": 0.11281818074553163,
        "I_Ra_mean": 110.0,
        "I_Ra_stdev": 10.493092819804698,
        "I_diam_mean": 10.0,
        "I_diam_stdev": 2.6588012465973256,
        "addSynMechs": true,
        "allowConnsWithWeight0": true,
        "allowSelfConns": false,
        "analysis": {},
        "backupCfgFile": [],
        "cache_efficient": true,
        "checkErrors": false,
        "compactConnFormat": false,
        "connRandomSecFromList": true,
        "coreneuron": false,
        "createNEURONObj": true,
        "createPyStruct": true,
        "cvode_active": false,
        "cvode_atol": 0.001,
        "distributeSynsUniformly": true,
        "dt": 0.025,
        "dump_coreneuron_model": false,
        "duration": 1000.0,
        "duration_seconds": 330.0,
        "filename": "model_output",
        "gatherOnlySimData": false,
        "gkbar_E": 0.27085611939052356,
        "gkbar_E_std": 0.4038560775761932,
        "gkbar_I": 3.1378958553207403,
        "gkbar_I_std": 1.128879576164041,
        "gnabar_E": 1.1791798564459857,
        "gnabar_E_std": 0.2874526605867064,
        "gnabar_I": 4.806855876438486,
        "gnabar_I_std": 0.0021317378691396716,
        "gpu": false,
        "hParams": {
            "celsius": 6.3,
            "clamp_resist": 0.001,
            "v_init": -65.0
        },
        "includeParamsLabel": true,
        "invertedYCoord": true,
        "networkType": "22May24",
        "oneSynPerNetcon": true,
        "printPopAvgRates": [
            100,
            1000.0
        ],
        "printRunTime": false,
        "printSynsAfterRule": false,
        "probEE": 0.6326393421370545,
        "probEE_std": 0.44239538088084107,
        "probEI": 0.7032594043096089,
        "probEI_std": 0.2995546924050372,
        "probIE": 0.6107690342945851,
        "probIE_std": 0.02517356480767141,
        "probII": 0.29772343205141694,
        "probII_std": 0.4881501913947763,
        "probLengthConst": 1613.6814549120268,
        "propVelocity": 1.0,
        "pt3dRelativeToCellLocation": true,
        "rand123GlobalIndex": null,
        "random123": false,
        "recordCells": [
            [
                "E",
                [
                    68,
                    13
                ]
            ],
            [
                "I",
                [
                    4,
                    5
                ]
            ]
        ],
        "recordCellsSpikes": -1,
        "recordDipole": false,
        "recordDipolesHNN": false,
        "recordLFP": [],
        "recordStep": 0.1,
        "recordStim": false,
        "recordTime": true,
        "recordTraces": {
            "soma_voltage": {
                "loc": 0.5,
                "sec": "soma",
                "var": "v"
            }
        },
        "saveCSV": false,
        "saveCellConns": true,
        "saveCellSecs": true,
        "saveDat": false,
        "saveDataInclude": [
            "simData",
            "simConfig",
            "netParams",
            "net"
        ],
        "saveDipoleCells": false,
        "saveDipolePops": false,
        "saveDpk": false,
        "saveFolder": "/pscratch/sd/a/adammwea/2DNetworkSimulations/NERSC/output/240604_Run1_24n24hr/gen_0",
        "saveHDF5": false,
        "saveJson": true,
        "saveLFPCells": false,
        "saveLFPPops": false,
        "saveMat": false,
        "savePickle": false,
        "saveTiming": false,
        "seeds": {
            "cell": 1,
            "conn": 1,
            "loc": 1,
            "stim": 1
        },
        "simLabel": "gen_0_cand_508",
        "tau1_exc": 1.3229222970532648,
        "tau1_exc_std": 1.1973715602043145,
        "tau1_inh": 5.876420357931407,
        "tau1_inh_std": 0.10727559856932116,
        "tau2_exc": 25.371895542813036,
        "tau2_exc_std": 3.5285740329261452,
        "tau2_inh": 17.6898689017629,
        "tau2_inh_std": 6.245671955901391,
        "timestampFilename": false,
        "timing": true,
        "tstop": 1000.0,
        "use_fast_imem": false,
        "validateNetParams": false,
        "verbose": false,
        "weightEE": 1.1655709247587867,
        "weightEE_std": 0.32501782313656646,
        "weightEI": 1.86631227447735,
        "weightEI_std": 0.027739641145891482,
        "weightIE": 0.6631199294445462,
        "weightIE_std": 0.009882155023081724,
        "weightII": 0.491714191529556,
        "weightII_std": 0.06428121874833731
    }
}