{
    "simConfig": {
        "E_L_mean": 18.8,
        "E_L_stdev": 4.511742758814508,
        "E_Ra_mean": 128.0,
        "E_Ra_stdev": 10.651016904328635,
        "E_diam_mean": 18.8,
        "E_diam_stdev": 3.2901904902588437,
        "I_L_mean": 9.0,
        "I_L_stdev": 0.8134491612506787,
        "I_Ra_mean": 110.0,
        "I_Ra_stdev": 49.12201999657967,
        "I_diam_mean": 10.0,
        "I_diam_stdev": 3.23935291948667,
        "addSynMechs": true,
        "allowConnsWithWeight0": true,
        "allowSelfConns": false,
        "analysis": {},
        "backupCfgFile": [],
        "cache_efficient": true,
        "checkErrors": false,
        "compactConnFormat": false,
        "connRandomSecFromList": true,
        "coreneuron": false,
        "createNEURONObj": true,
        "createPyStruct": true,
        "cvode_active": false,
        "cvode_atol": 0.001,
        "distributeSynsUniformly": true,
        "dt": 0.025,
        "dump_coreneuron_model": false,
        "duration": 1000.0,
        "duration_seconds": 330.0,
        "filename": "model_output",
        "gatherOnlySimData": false,
        "gkbar_E": 0.5127916545551076,
        "gkbar_E_std": 0.4307773627231548,
        "gkbar_I": 7.702204252814877,
        "gkbar_I_std": 0.36736479014734036,
        "gnabar_E": 0.5857376479435257,
        "gnabar_E_std": 0.8276723320484416,
        "gnabar_I": 2.011193279703977,
        "gnabar_I_std": 0.564087354644526,
        "gpu": false,
        "hParams": {
            "celsius": 6.3,
            "clamp_resist": 0.001,
            "v_init": -65.0
        },
        "includeParamsLabel": true,
        "invertedYCoord": true,
        "networkType": "22May24",
        "oneSynPerNetcon": true,
        "printPopAvgRates": [
            100,
            1000.0
        ],
        "printRunTime": false,
        "printSynsAfterRule": false,
        "probEE": 0.3536846880320076,
        "probEE_std": 0.48931671672851623,
        "probEI": 0.32654139865754483,
        "probEI_std": 0.3852352871218978,
        "probIE": 0.6363466656688408,
        "probIE_std": 0.47534469977618315,
        "probII": 0.41815780453869605,
        "probII_std": 0.4904626898252856,
        "probLengthConst": 743.1770688385243,
        "propVelocity": 1.0,
        "pt3dRelativeToCellLocation": true,
        "rand123GlobalIndex": null,
        "random123": false,
        "recordCells": [
            [
                "E",
                [
                    68,
                    13
                ]
            ],
            [
                "I",
                [
                    4,
                    5
                ]
            ]
        ],
        "recordCellsSpikes": -1,
        "recordDipole": false,
        "recordDipolesHNN": false,
        "recordLFP": [],
        "recordStep": 0.1,
        "recordStim": false,
        "recordTime": true,
        "recordTraces": {
            "soma_voltage": {
                "loc": 0.5,
                "sec": "soma",
                "var": "v"
            }
        },
        "saveCSV": false,
        "saveCellConns": true,
        "saveCellSecs": true,
        "saveDat": false,
        "saveDataInclude": [
            "simData",
            "simConfig",
            "netParams",
            "net"
        ],
        "saveDipoleCells": false,
        "saveDipolePops": false,
        "saveDpk": false,
        "saveFolder": "/pscratch/sd/a/adammwea/2DNetworkSimulations/NERSC/output/240604_Run1_24n24hr/gen_0",
        "saveHDF5": false,
        "saveJson": true,
        "saveLFPCells": false,
        "saveLFPPops": false,
        "saveMat": false,
        "savePickle": false,
        "saveTiming": false,
        "seeds": {
            "cell": 1,
            "conn": 1,
            "loc": 1,
            "stim": 1
        },
        "simLabel": "gen_0_cand_490",
        "tau1_exc": 5.8669472237623035,
        "tau1_exc_std": 1.0281101373813932,
        "tau1_inh": 3.7798942548230317,
        "tau1_inh_std": 3.1575240622064844,
        "tau2_exc": 6.138036906672645,
        "tau2_exc_std": 4.536169450982515,
        "tau2_inh": 19.055614982742398,
        "tau2_inh_std": 5.220410027386273,
        "timestampFilename": false,
        "timing": true,
        "tstop": 1000.0,
        "use_fast_imem": false,
        "validateNetParams": false,
        "verbose": false,
        "weightEE": 1.3271361540209439,
        "weightEE_std": 0.40691174594238744,
        "weightEI": 1.8556049906640182,
        "weightEI_std": 0.24710286627382405,
        "weightIE": 0.7084340450446631,
        "weightIE_std": 0.25450334198505425,
        "weightII": 0.286888056352415,
        "weightII_std": 0.22797853398422294
    }
}