{
    "simConfig": {
        "E_L_mean": 18.8,
        "E_L_stdev": 7.189540184084768,
        "E_Ra_mean": 128.0,
        "E_Ra_stdev": 7.716533465935946,
        "E_diam_mean": 18.8,
        "E_diam_stdev": 6.148209681314334,
        "I_L_mean": 9.0,
        "I_L_stdev": 0.9459907512345919,
        "I_Ra_mean": 110.0,
        "I_Ra_stdev": 30.84676824238069,
        "I_diam_mean": 10.0,
        "I_diam_stdev": 2.7257431571616437,
        "addSynMechs": true,
        "allowConnsWithWeight0": true,
        "allowSelfConns": false,
        "analysis": {},
        "backupCfgFile": [],
        "cache_efficient": true,
        "checkErrors": false,
        "compactConnFormat": false,
        "connRandomSecFromList": true,
        "coreneuron": false,
        "createNEURONObj": true,
        "createPyStruct": true,
        "cvode_active": false,
        "cvode_atol": 0.001,
        "distributeSynsUniformly": true,
        "dt": 0.025,
        "dump_coreneuron_model": false,
        "duration": 1000.0,
        "duration_seconds": 330.0,
        "filename": "model_output",
        "gatherOnlySimData": false,
        "gkbar_E": 0.21545837684087565,
        "gkbar_E_std": 0.17034714563332887,
        "gkbar_I": 7.193007581736358,
        "gkbar_I_std": 0.5802973086210528,
        "gnabar_E": 3.3314613000214517,
        "gnabar_E_std": 1.616138018628294,
        "gnabar_I": 1.4527428709827994,
        "gnabar_I_std": 0.7154955883128472,
        "gpu": false,
        "hParams": {
            "celsius": 6.3,
            "clamp_resist": 0.001,
            "v_init": -65.0
        },
        "includeParamsLabel": true,
        "invertedYCoord": true,
        "networkType": "22May24",
        "oneSynPerNetcon": true,
        "printPopAvgRates": [
            100,
            1000.0
        ],
        "printRunTime": false,
        "printSynsAfterRule": false,
        "probEE": 0.6524675911435202,
        "probEE_std": 0.005498750161738453,
        "probEI": 0.5763143171244556,
        "probEI_std": 0.4988227798045667,
        "probIE": 0.6867878779301063,
        "probIE_std": 0.21560045941288292,
        "probII": 0.3926916694565117,
        "probII_std": 0.14097340244722367,
        "probLengthConst": 974.4395686658665,
        "propVelocity": 1.0,
        "pt3dRelativeToCellLocation": true,
        "rand123GlobalIndex": null,
        "random123": false,
        "recordCells": [
            [
                "E",
                [
                    68,
                    13
                ]
            ],
            [
                "I",
                [
                    4,
                    5
                ]
            ]
        ],
        "recordCellsSpikes": -1,
        "recordDipole": false,
        "recordDipolesHNN": false,
        "recordLFP": [],
        "recordStep": 0.1,
        "recordStim": false,
        "recordTime": true,
        "recordTraces": {
            "soma_voltage": {
                "loc": 0.5,
                "sec": "soma",
                "var": "v"
            }
        },
        "saveCSV": false,
        "saveCellConns": true,
        "saveCellSecs": true,
        "saveDat": false,
        "saveDataInclude": [
            "simData",
            "simConfig",
            "netParams",
            "net"
        ],
        "saveDipoleCells": false,
        "saveDipolePops": false,
        "saveDpk": false,
        "saveFolder": "/pscratch/sd/a/adammwea/2DNetworkSimulations/NERSC/output/240604_Run1_24n24hr/gen_0",
        "saveHDF5": false,
        "saveJson": true,
        "saveLFPCells": false,
        "saveLFPPops": false,
        "saveMat": false,
        "savePickle": false,
        "saveTiming": false,
        "seeds": {
            "cell": 1,
            "conn": 1,
            "loc": 1,
            "stim": 1
        },
        "simLabel": "gen_0_cand_510",
        "tau1_exc": 6.306210920300781,
        "tau1_exc_std": 0.5683063502133164,
        "tau1_inh": 7.302541660451042,
        "tau1_inh_std": 1.3375635501649745,
        "tau2_exc": 24.94278862978771,
        "tau2_exc_std": 0.6581386363675801,
        "tau2_inh": 13.677512324612293,
        "tau2_inh_std": 0.5612917078967938,
        "timestampFilename": false,
        "timing": true,
        "tstop": 1000.0,
        "use_fast_imem": false,
        "validateNetParams": false,
        "verbose": false,
        "weightEE": 1.299901480110924,
        "weightEE_std": 0.06002962078030627,
        "weightEI": 1.183467281110189,
        "weightEI_std": 0.09862957075637442,
        "weightIE": 0.44846495491815275,
        "weightIE_std": 0.3303365741945045,
        "weightII": 1.2652187568433115,
        "weightII_std": 0.05850459100274019
    }
}