{
    "simConfig": {
        "E_L_mean": 18.8,
        "E_L_stdev": 6.062271754869432,
        "E_Ra_mean": 128.0,
        "E_Ra_stdev": 46.5606100135408,
        "E_diam_mean": 18.8,
        "E_diam_stdev": 1.3569053656802474,
        "I_L_mean": 9.0,
        "I_L_stdev": 2.3759792263727637,
        "I_Ra_mean": 110.0,
        "I_Ra_stdev": 54.5549656040382,
        "I_diam_mean": 10.0,
        "I_diam_stdev": 3.029509832020118,
        "addSynMechs": true,
        "allowConnsWithWeight0": true,
        "allowSelfConns": false,
        "analysis": {},
        "backupCfgFile": [],
        "cache_efficient": true,
        "checkErrors": false,
        "compactConnFormat": false,
        "connRandomSecFromList": true,
        "coreneuron": false,
        "createNEURONObj": true,
        "createPyStruct": true,
        "cvode_active": false,
        "cvode_atol": 0.001,
        "distributeSynsUniformly": true,
        "dt": 0.025,
        "dump_coreneuron_model": false,
        "duration": 1000.0,
        "duration_seconds": 330.0,
        "filename": "model_output",
        "gatherOnlySimData": false,
        "gkbar_E": 0.8338183969128595,
        "gkbar_E_std": 0.07021551344000282,
        "gkbar_I": 0.7950233275570773,
        "gkbar_I_std": 2.242446821026492,
        "gnabar_E": 1.3367127248740998,
        "gnabar_E_std": 0.4251233292554324,
        "gnabar_I": 2.0954632455380438,
        "gnabar_I_std": 0.7485735183444295,
        "gpu": false,
        "hParams": {
            "celsius": 6.3,
            "clamp_resist": 0.001,
            "v_init": -65.0
        },
        "includeParamsLabel": true,
        "invertedYCoord": true,
        "networkType": "22May24",
        "oneSynPerNetcon": true,
        "printPopAvgRates": [
            100,
            1000.0
        ],
        "printRunTime": false,
        "printSynsAfterRule": false,
        "probEE": 0.4009187812983306,
        "probEE_std": 0.2803396769407968,
        "probEI": 0.6944246748770375,
        "probEI_std": 0.04483818022029751,
        "probIE": 0.3579394438763759,
        "probIE_std": 0.18989214114232,
        "probII": 0.3087177416043265,
        "probII_std": 0.39398079183529827,
        "probLengthConst": 2627.4086047857118,
        "propVelocity": 1.0,
        "pt3dRelativeToCellLocation": true,
        "rand123GlobalIndex": null,
        "random123": false,
        "recordCells": [
            [
                "E",
                [
                    68,
                    13
                ]
            ],
            [
                "I",
                [
                    4,
                    5
                ]
            ]
        ],
        "recordCellsSpikes": -1,
        "recordDipole": false,
        "recordDipolesHNN": false,
        "recordLFP": [],
        "recordStep": 0.1,
        "recordStim": false,
        "recordTime": true,
        "recordTraces": {
            "soma_voltage": {
                "loc": 0.5,
                "sec": "soma",
                "var": "v"
            }
        },
        "saveCSV": false,
        "saveCellConns": true,
        "saveCellSecs": true,
        "saveDat": false,
        "saveDataInclude": [
            "simData",
            "simConfig",
            "netParams",
            "net"
        ],
        "saveDipoleCells": false,
        "saveDipolePops": false,
        "saveDpk": false,
        "saveFolder": "/pscratch/sd/a/adammwea/2DNetworkSimulations/NERSC/output/240604_Run1_24n24hr/gen_0",
        "saveHDF5": false,
        "saveJson": true,
        "saveLFPCells": false,
        "saveLFPPops": false,
        "saveMat": false,
        "savePickle": false,
        "saveTiming": false,
        "seeds": {
            "cell": 1,
            "conn": 1,
            "loc": 1,
            "stim": 1
        },
        "simLabel": "gen_0_cand_228",
        "tau1_exc": 4.129083570051441,
        "tau1_exc_std": 2.568791168107925,
        "tau1_inh": 0.9426262819547149,
        "tau1_inh_std": 2.783416593630656,
        "tau2_exc": 19.61905999843393,
        "tau2_exc_std": 3.4393165444417475,
        "tau2_inh": 1.3967764968077612,
        "tau2_inh_std": 1.1448662002370091,
        "timestampFilename": false,
        "timing": true,
        "tstop": 1000.0,
        "use_fast_imem": false,
        "validateNetParams": false,
        "verbose": false,
        "weightEE": 0.12464264523745272,
        "weightEE_std": 0.4310999718526452,
        "weightEI": 1.3479959417824217,
        "weightEI_std": 0.06729231625608578,
        "weightIE": 0.48095956631701864,
        "weightIE_std": 0.22551255019023003,
        "weightII": 1.4366279359176986,
        "weightII_std": 0.04007410024913019
    }
}