{
    "simConfig": {
        "E_L_mean": 18.8,
        "E_L_stdev": 3.0856996871078133,
        "E_Ra_mean": 128.0,
        "E_Ra_stdev": 36.07042169439022,
        "E_diam_mean": 18.8,
        "E_diam_stdev": 5.233902716110451,
        "I_L_mean": 9.0,
        "I_L_stdev": 2.161540152189604,
        "I_Ra_mean": 110.0,
        "I_Ra_stdev": 51.883486964895525,
        "I_diam_mean": 10.0,
        "I_diam_stdev": 2.147007268978613,
        "addSynMechs": true,
        "allowConnsWithWeight0": true,
        "allowSelfConns": false,
        "analysis": {},
        "backupCfgFile": [],
        "cache_efficient": true,
        "checkErrors": false,
        "compactConnFormat": false,
        "connRandomSecFromList": true,
        "coreneuron": false,
        "createNEURONObj": true,
        "createPyStruct": true,
        "cvode_active": false,
        "cvode_atol": 0.001,
        "distributeSynsUniformly": true,
        "dt": 0.025,
        "dump_coreneuron_model": false,
        "duration": 1000.0,
        "duration_seconds": 330.0,
        "filename": "model_output",
        "gatherOnlySimData": false,
        "gkbar_E": 0.9448677571579598,
        "gkbar_E_std": 0.4872470281582396,
        "gkbar_I": 3.158088675331353,
        "gkbar_I_std": 0.4548295706844732,
        "gnabar_E": 6.911962561503921,
        "gnabar_E_std": 1.523040623917118,
        "gnabar_I": 4.219435167351576,
        "gnabar_I_std": 0.11640065583879777,
        "gpu": false,
        "hParams": {
            "celsius": 6.3,
            "clamp_resist": 0.001,
            "v_init": -65.0
        },
        "includeParamsLabel": true,
        "invertedYCoord": true,
        "networkType": "22May24",
        "oneSynPerNetcon": true,
        "printPopAvgRates": [
            100,
            1000.0
        ],
        "printRunTime": false,
        "printSynsAfterRule": false,
        "probEE": 0.35715176149058925,
        "probEE_std": 0.3345101753178185,
        "probEI": 0.9588642549029445,
        "probEI_std": 0.031900161641817026,
        "probIE": 0.5034751773109749,
        "probIE_std": 0.07417440432967021,
        "probII": 0.21019394077435202,
        "probII_std": 0.040356125872362314,
        "probLengthConst": 2065.5795051510563,
        "propVelocity": 1.0,
        "pt3dRelativeToCellLocation": true,
        "rand123GlobalIndex": null,
        "random123": false,
        "recordCells": [
            [
                "E",
                [
                    68,
                    13
                ]
            ],
            [
                "I",
                [
                    4,
                    5
                ]
            ]
        ],
        "recordCellsSpikes": -1,
        "recordDipole": false,
        "recordDipolesHNN": false,
        "recordLFP": [],
        "recordStep": 0.1,
        "recordStim": false,
        "recordTime": true,
        "recordTraces": {
            "soma_voltage": {
                "loc": 0.5,
                "sec": "soma",
                "var": "v"
            }
        },
        "saveCSV": false,
        "saveCellConns": true,
        "saveCellSecs": true,
        "saveDat": false,
        "saveDataInclude": [
            "simData",
            "simConfig",
            "netParams",
            "net"
        ],
        "saveDipoleCells": false,
        "saveDipolePops": false,
        "saveDpk": false,
        "saveFolder": "/pscratch/sd/a/adammwea/2DNetworkSimulations/NERSC/output/240604_Run1_24n24hr/gen_0",
        "saveHDF5": false,
        "saveJson": true,
        "saveLFPCells": false,
        "saveLFPPops": false,
        "saveMat": false,
        "savePickle": false,
        "saveTiming": false,
        "seeds": {
            "cell": 1,
            "conn": 1,
            "loc": 1,
            "stim": 1
        },
        "simLabel": "gen_0_cand_265",
        "tau1_exc": 4.673333077604084,
        "tau1_exc_std": 0.6967941580459347,
        "tau1_inh": 5.243029692304799,
        "tau1_inh_std": 2.5405730521963594,
        "tau2_exc": 25.21146529790619,
        "tau2_exc_std": 8.6046681388599,
        "tau2_inh": 16.291525956926858,
        "tau2_inh_std": 2.595874711175946,
        "timestampFilename": false,
        "timing": true,
        "tstop": 1000.0,
        "use_fast_imem": false,
        "validateNetParams": false,
        "verbose": false,
        "weightEE": 1.7539618517400848,
        "weightEE_std": 0.06836533695388991,
        "weightEI": 1.9611500875232972,
        "weightEI_std": 0.06387798803574743,
        "weightIE": 0.5664708851049839,
        "weightIE_std": 0.16567254350778773,
        "weightII": 1.714139141768972,
        "weightII_std": 0.18374512480483673
    }
}