{
    "simConfig": {
        "E_L_mean": 18.8,
        "E_L_stdev": 7.578897543969297,
        "E_Ra_mean": 128.0,
        "E_Ra_stdev": 55.03806344678358,
        "E_diam_mean": 18.8,
        "E_diam_stdev": 2.0199620734621835,
        "I_L_mean": 9.0,
        "I_L_stdev": 0.6032853639311007,
        "I_Ra_mean": 110.0,
        "I_Ra_stdev": 1.7882615936397328,
        "I_diam_mean": 10.0,
        "I_diam_stdev": 1.4484289612574002,
        "addSynMechs": true,
        "allowConnsWithWeight0": true,
        "allowSelfConns": false,
        "analysis": {},
        "backupCfgFile": [],
        "cache_efficient": true,
        "checkErrors": false,
        "compactConnFormat": false,
        "connRandomSecFromList": true,
        "coreneuron": false,
        "createNEURONObj": true,
        "createPyStruct": true,
        "cvode_active": false,
        "cvode_atol": 0.001,
        "distributeSynsUniformly": true,
        "dt": 0.025,
        "dump_coreneuron_model": false,
        "duration": 1000.0,
        "duration_seconds": 330.0,
        "filename": "model_output",
        "gatherOnlySimData": false,
        "gkbar_E": 0.6975337561438233,
        "gkbar_E_std": 0.30282641392379084,
        "gkbar_I": 9.7921651036594,
        "gkbar_I_std": 0.4407146893094327,
        "gnabar_E": 0.9553647988705378,
        "gnabar_E_std": 1.565909931551602,
        "gnabar_I": 4.0176641564612865,
        "gnabar_I_std": 0.8563207693321356,
        "gpu": false,
        "hParams": {
            "celsius": 6.3,
            "clamp_resist": 0.001,
            "v_init": -65.0
        },
        "includeParamsLabel": true,
        "invertedYCoord": true,
        "networkType": "22May24",
        "oneSynPerNetcon": true,
        "printPopAvgRates": [
            100,
            1000.0
        ],
        "printRunTime": false,
        "printSynsAfterRule": false,
        "probEE": 0.48114725625816646,
        "probEE_std": 0.004295057547141823,
        "probEI": 0.7802957737024203,
        "probEI_std": 0.2449202811520108,
        "probIE": 0.09392900983879723,
        "probIE_std": 0.1736569175043382,
        "probII": 0.23804376728528934,
        "probII_std": 0.06641795559738223,
        "probLengthConst": 1403.900673769578,
        "propVelocity": 1.0,
        "pt3dRelativeToCellLocation": true,
        "rand123GlobalIndex": null,
        "random123": false,
        "recordCells": [
            [
                "E",
                [
                    68,
                    13
                ]
            ],
            [
                "I",
                [
                    4,
                    5
                ]
            ]
        ],
        "recordCellsSpikes": -1,
        "recordDipole": false,
        "recordDipolesHNN": false,
        "recordLFP": [],
        "recordStep": 0.1,
        "recordStim": false,
        "recordTime": true,
        "recordTraces": {
            "soma_voltage": {
                "loc": 0.5,
                "sec": "soma",
                "var": "v"
            }
        },
        "saveCSV": false,
        "saveCellConns": true,
        "saveCellSecs": true,
        "saveDat": false,
        "saveDataInclude": [
            "simData",
            "simConfig",
            "netParams",
            "net"
        ],
        "saveDipoleCells": false,
        "saveDipolePops": false,
        "saveDpk": false,
        "saveFolder": "/pscratch/sd/a/adammwea/2DNetworkSimulations/NERSC/output/240604_Run1_24n24hr/gen_0",
        "saveHDF5": false,
        "saveJson": true,
        "saveLFPCells": false,
        "saveLFPPops": false,
        "saveMat": false,
        "savePickle": false,
        "saveTiming": false,
        "seeds": {
            "cell": 1,
            "conn": 1,
            "loc": 1,
            "stim": 1
        },
        "simLabel": "gen_0_cand_61",
        "tau1_exc": 2.886678437172419,
        "tau1_exc_std": 0.49173043918361564,
        "tau1_inh": 9.301342420659019,
        "tau1_inh_std": 0.8817048692947257,
        "tau2_exc": 28.018714384198027,
        "tau2_exc_std": 5.994419199413676,
        "tau2_inh": 8.013745139438154,
        "tau2_inh_std": 5.118245850380514,
        "timestampFilename": false,
        "timing": true,
        "tstop": 1000.0,
        "use_fast_imem": false,
        "validateNetParams": false,
        "verbose": false,
        "weightEE": 0.18378424220146905,
        "weightEE_std": 0.212126859964699,
        "weightEI": 1.2162001791311319,
        "weightEI_std": 0.004779581740663841,
        "weightIE": 0.1536896949885057,
        "weightIE_std": 0.30826803241337253,
        "weightII": 1.8703467871575055,
        "weightII_std": 0.18879607467702658
    }
}