{
    "simConfig": {
        "E_L_mean": 18.8,
        "E_L_stdev": 3.9026220729114143,
        "E_Ra_mean": 128.0,
        "E_Ra_stdev": 25.195388232533475,
        "E_diam_mean": 18.8,
        "E_diam_stdev": 1.4325193198947603,
        "I_L_mean": 9.0,
        "I_L_stdev": 1.7235432356399543,
        "I_Ra_mean": 110.0,
        "I_Ra_stdev": 38.69233650505888,
        "I_diam_mean": 10.0,
        "I_diam_stdev": 1.3582957718506494,
        "addSynMechs": true,
        "allowConnsWithWeight0": true,
        "allowSelfConns": false,
        "analysis": {},
        "backupCfgFile": [],
        "cache_efficient": true,
        "checkErrors": false,
        "compactConnFormat": false,
        "connRandomSecFromList": true,
        "coreneuron": false,
        "createNEURONObj": true,
        "createPyStruct": true,
        "cvode_active": false,
        "cvode_atol": 0.001,
        "distributeSynsUniformly": true,
        "dt": 0.025,
        "dump_coreneuron_model": false,
        "duration": 1000.0,
        "duration_seconds": 330.0,
        "filename": "model_output",
        "gatherOnlySimData": false,
        "gkbar_E": 0.3517746924094537,
        "gkbar_E_std": 0.2031425567304591,
        "gkbar_I": 5.77250321263448,
        "gkbar_I_std": 2.487371192311465,
        "gnabar_E": 6.990116909047638,
        "gnabar_E_std": 0.42672713680944885,
        "gnabar_I": 4.0581372512664835,
        "gnabar_I_std": 0.7330745704235989,
        "gpu": false,
        "hParams": {
            "celsius": 6.3,
            "clamp_resist": 0.001,
            "v_init": -65.0
        },
        "includeParamsLabel": true,
        "invertedYCoord": true,
        "networkType": "22May24",
        "oneSynPerNetcon": true,
        "printPopAvgRates": [
            100,
            1000.0
        ],
        "printRunTime": false,
        "printSynsAfterRule": false,
        "probEE": 0.08757161007538766,
        "probEE_std": 0.4525783132130196,
        "probEI": 0.9063138006510233,
        "probEI_std": 0.2137952753247916,
        "probIE": 0.6334270679241765,
        "probIE_std": 0.09227432324635354,
        "probII": 0.23898881465567573,
        "probII_std": 0.21421599404270297,
        "probLengthConst": 1766.7351689325642,
        "propVelocity": 1.0,
        "pt3dRelativeToCellLocation": true,
        "rand123GlobalIndex": null,
        "random123": false,
        "recordCells": [
            [
                "E",
                [
                    68,
                    13
                ]
            ],
            [
                "I",
                [
                    4,
                    5
                ]
            ]
        ],
        "recordCellsSpikes": -1,
        "recordDipole": false,
        "recordDipolesHNN": false,
        "recordLFP": [],
        "recordStep": 0.1,
        "recordStim": false,
        "recordTime": true,
        "recordTraces": {
            "soma_voltage": {
                "loc": 0.5,
                "sec": "soma",
                "var": "v"
            }
        },
        "saveCSV": false,
        "saveCellConns": true,
        "saveCellSecs": true,
        "saveDat": false,
        "saveDataInclude": [
            "simData",
            "simConfig",
            "netParams",
            "net"
        ],
        "saveDipoleCells": false,
        "saveDipolePops": false,
        "saveDpk": false,
        "saveFolder": "/pscratch/sd/a/adammwea/2DNetworkSimulations/NERSC/output/240604_Run1_24n24hr/gen_0",
        "saveHDF5": false,
        "saveJson": true,
        "saveLFPCells": false,
        "saveLFPPops": false,
        "saveMat": false,
        "savePickle": false,
        "saveTiming": false,
        "seeds": {
            "cell": 1,
            "conn": 1,
            "loc": 1,
            "stim": 1
        },
        "simLabel": "gen_0_cand_468",
        "tau1_exc": 7.1028353605785135,
        "tau1_exc_std": 0.5482501184842611,
        "tau1_inh": 6.855718183981803,
        "tau1_inh_std": 2.697222299594819,
        "tau2_exc": 22.232218820828933,
        "tau2_exc_std": 3.2693241483260183,
        "tau2_inh": 17.80164201294148,
        "tau2_inh_std": 7.4614976151968415,
        "timestampFilename": false,
        "timing": true,
        "tstop": 1000.0,
        "use_fast_imem": false,
        "validateNetParams": false,
        "verbose": false,
        "weightEE": 0.10765947649163676,
        "weightEE_std": 0.44743457561102845,
        "weightEI": 1.295690882537707,
        "weightEI_std": 0.02283555782020082,
        "weightIE": 0.8011868997381986,
        "weightIE_std": 0.2942460690050728,
        "weightII": 1.531115651377441,
        "weightII_std": 0.19040139579985169
    }
}