{
    "burstAmp_Fitness": 3.9146262807282657,
    "IBI_fitness": 2.400452489966225,
    "baselineFitness": 1.2951081453838786,
    "slopeFitness": 1.0001512934455201,
    "baseline_diff_fitness": 1000,
    "burst_peak_frequency_fitness": 6.095892784961658,
    "rate_fitness": 9.497554453016239,
    "maxFitness": 1000,
    "average_fitness": 146.31482649250026,
    "average_scaled_fitness": 145.46015736358672
}