{
    "simConfig": {
        "E_L_mean": 18.8,
        "E_L_stdev": 8.576062672104051,
        "E_Ra_mean": 128.0,
        "E_Ra_stdev": 63.37565517434838,
        "E_diam_mean": 18.8,
        "E_diam_stdev": 0.6060403331730682,
        "I_L_mean": 9.0,
        "I_L_stdev": 0.5912442667106954,
        "I_Ra_mean": 110.0,
        "I_Ra_stdev": 17.512974799033,
        "I_diam_mean": 10.0,
        "I_diam_stdev": 3.316973077234226,
        "addSynMechs": true,
        "allowConnsWithWeight0": true,
        "allowSelfConns": false,
        "analysis": {},
        "backupCfgFile": [],
        "cache_efficient": true,
        "checkErrors": false,
        "compactConnFormat": false,
        "connRandomSecFromList": true,
        "coreneuron": false,
        "createNEURONObj": true,
        "createPyStruct": true,
        "cvode_active": false,
        "cvode_atol": 0.001,
        "distributeSynsUniformly": true,
        "dt": 0.025,
        "dump_coreneuron_model": false,
        "duration": 1000.0,
        "duration_seconds": 330.0,
        "filename": "model_output",
        "gatherOnlySimData": false,
        "gkbar_E": 0.9552738012703862,
        "gkbar_E_std": 0.04076189338645885,
        "gkbar_I": 5.804243425322754,
        "gkbar_I_std": 1.2330282016531857,
        "gnabar_E": 6.558741755336823,
        "gnabar_E_std": 0.9914101612031692,
        "gnabar_I": 0.16138943785697135,
        "gnabar_I_std": 0.025139015436008782,
        "gpu": false,
        "hParams": {
            "celsius": 6.3,
            "clamp_resist": 0.001,
            "v_init": -65.0
        },
        "includeParamsLabel": true,
        "invertedYCoord": true,
        "networkType": "22May24",
        "oneSynPerNetcon": true,
        "printPopAvgRates": [
            100,
            1000.0
        ],
        "printRunTime": false,
        "printSynsAfterRule": false,
        "probEE": 0.45212203540852103,
        "probEE_std": 0.0008589985628094663,
        "probEI": 0.252970848667213,
        "probEI_std": 0.44702969239752305,
        "probIE": 0.17900043321358267,
        "probIE_std": 0.00800807545394206,
        "probII": 0.34455350575621363,
        "probII_std": 0.014246315327123511,
        "probLengthConst": 1682.9861919578188,
        "propVelocity": 1.0,
        "pt3dRelativeToCellLocation": true,
        "rand123GlobalIndex": null,
        "random123": false,
        "recordCells": [
            [
                "E",
                [
                    68,
                    13
                ]
            ],
            [
                "I",
                [
                    4,
                    5
                ]
            ]
        ],
        "recordCellsSpikes": -1,
        "recordDipole": false,
        "recordDipolesHNN": false,
        "recordLFP": [],
        "recordStep": 0.1,
        "recordStim": false,
        "recordTime": true,
        "recordTraces": {
            "soma_voltage": {
                "loc": 0.5,
                "sec": "soma",
                "var": "v"
            }
        },
        "saveCSV": false,
        "saveCellConns": true,
        "saveCellSecs": true,
        "saveDat": false,
        "saveDataInclude": [
            "simData",
            "simConfig",
            "netParams",
            "net"
        ],
        "saveDipoleCells": false,
        "saveDipolePops": false,
        "saveDpk": false,
        "saveFolder": "/pscratch/sd/a/adammwea/2DNetworkSimulations/NERSC/output/240604_Run1_24n24hr/gen_2",
        "saveHDF5": false,
        "saveJson": true,
        "saveLFPCells": false,
        "saveLFPPops": false,
        "saveMat": false,
        "savePickle": false,
        "saveTiming": false,
        "seeds": {
            "cell": 1,
            "conn": 1,
            "loc": 1,
            "stim": 1
        },
        "simLabel": "gen_2_cand_312",
        "tau1_exc": 2.644941955402852,
        "tau1_exc_std": 0.2925152608758229,
        "tau1_inh": 6.473697030567809,
        "tau1_inh_std": 1.3259164971165844,
        "tau2_exc": 22.663186719994407,
        "tau2_exc_std": 1.225510255394508,
        "tau2_inh": 1.5532161043615635,
        "tau2_inh_std": 7.066047627651879,
        "timestampFilename": false,
        "timing": true,
        "tstop": 1000.0,
        "use_fast_imem": false,
        "validateNetParams": false,
        "verbose": false,
        "weightEE": 1.0702421509692863,
        "weightEE_std": 0.44538644705234665,
        "weightEI": 1.9876013268408252,
        "weightEI_std": 0.2021929287467475,
        "weightIE": 0.08314396618390485,
        "weightIE_std": 0.26563649510735377,
        "weightII": 0.6221454926980053,
        "weightII_std": 0.12670995136897903
    }
}