{
    "simConfig": {
        "E_L_mean": 18.8,
        "E_L_stdev": 5.150245460463644,
        "E_Ra_mean": 128.0,
        "E_Ra_stdev": 57.508981549807174,
        "E_diam_mean": 18.8,
        "E_diam_stdev": 5.4375274079770755,
        "I_L_mean": 9.0,
        "I_L_stdev": 0.015119582365392348,
        "I_Ra_mean": 110.0,
        "I_Ra_stdev": 29.799619247784,
        "I_diam_mean": 10.0,
        "I_diam_stdev": 2.044148470092957,
        "addSynMechs": true,
        "allowConnsWithWeight0": true,
        "allowSelfConns": false,
        "analysis": {},
        "backupCfgFile": [],
        "cache_efficient": true,
        "checkErrors": false,
        "compactConnFormat": false,
        "connRandomSecFromList": true,
        "coreneuron": false,
        "createNEURONObj": true,
        "createPyStruct": true,
        "cvode_active": false,
        "cvode_atol": 0.001,
        "distributeSynsUniformly": true,
        "dt": 0.025,
        "dump_coreneuron_model": false,
        "duration": 1000.0,
        "duration_seconds": 330.0,
        "filename": "model_output",
        "gatherOnlySimData": false,
        "gkbar_E": 0.17832133684623186,
        "gkbar_E_std": 0.4809081125584108,
        "gkbar_I": 1.0813511462816514,
        "gkbar_I_std": 2.2520485100025143,
        "gnabar_E": 5.251530783140417,
        "gnabar_E_std": 1.5340327487347238,
        "gnabar_I": 4.724631189558191,
        "gnabar_I_std": 0.8738402047392085,
        "gpu": false,
        "hParams": {
            "celsius": 6.3,
            "clamp_resist": 0.001,
            "v_init": -65.0
        },
        "includeParamsLabel": true,
        "invertedYCoord": true,
        "networkType": "22May24",
        "oneSynPerNetcon": true,
        "printPopAvgRates": [
            100,
            1000.0
        ],
        "printRunTime": false,
        "printSynsAfterRule": false,
        "probEE": 0.4144124171574659,
        "probEE_std": 0.1842374259380069,
        "probEI": 0.6322945030715748,
        "probEI_std": 0.11094594961439194,
        "probIE": 0.0469243359776037,
        "probIE_std": 0.004211990590483985,
        "probII": 0.6403978030245562,
        "probII_std": 0.40139714485356903,
        "probLengthConst": 270.39983821106813,
        "propVelocity": 1.0,
        "pt3dRelativeToCellLocation": true,
        "rand123GlobalIndex": null,
        "random123": false,
        "recordCells": [
            [
                "E",
                [
                    68,
                    13
                ]
            ],
            [
                "I",
                [
                    4,
                    5
                ]
            ]
        ],
        "recordCellsSpikes": -1,
        "recordDipole": false,
        "recordDipolesHNN": false,
        "recordLFP": [],
        "recordStep": 0.1,
        "recordStim": false,
        "recordTime": true,
        "recordTraces": {
            "soma_voltage": {
                "loc": 0.5,
                "sec": "soma",
                "var": "v"
            }
        },
        "saveCSV": false,
        "saveCellConns": true,
        "saveCellSecs": true,
        "saveDat": false,
        "saveDataInclude": [
            "simData",
            "simConfig",
            "netParams",
            "net"
        ],
        "saveDipoleCells": false,
        "saveDipolePops": false,
        "saveDpk": false,
        "saveFolder": "/pscratch/sd/a/adammwea/2DNetworkSimulations/NERSC/output/240604_Run1_24n24hr/gen_2",
        "saveHDF5": false,
        "saveJson": true,
        "saveLFPCells": false,
        "saveLFPPops": false,
        "saveMat": false,
        "savePickle": false,
        "saveTiming": false,
        "seeds": {
            "cell": 1,
            "conn": 1,
            "loc": 1,
            "stim": 1
        },
        "simLabel": "gen_2_cand_370",
        "tau1_exc": 7.056615565792083,
        "tau1_exc_std": 2.4248392606011056,
        "tau1_inh": 9.994554806887711,
        "tau1_inh_std": 2.9326338178753613,
        "tau2_exc": 27.493534565246502,
        "tau2_exc_std": 0.02402328729220571,
        "tau2_inh": 13.561610267004351,
        "tau2_inh_std": 0.4972863854335449,
        "timestampFilename": false,
        "timing": true,
        "tstop": 1000.0,
        "use_fast_imem": false,
        "validateNetParams": false,
        "verbose": false,
        "weightEE": 0.048209996726952475,
        "weightEE_std": 0.014143965182459278,
        "weightEI": 0.1863344025089646,
        "weightEI_std": 0.09175697836946337,
        "weightIE": 0.00015446714885128908,
        "weightIE_std": 0.2988079026455909,
        "weightII": 1.6915063896684233,
        "weightII_std": 0.035356775947142316
    }
}