{
    "simConfig": {
        "E_L_mean": 18.8,
        "E_L_stdev": 7.023114050793037,
        "E_Ra_mean": 128.0,
        "E_Ra_stdev": 7.266678307919426,
        "E_diam_mean": 18.8,
        "E_diam_stdev": 2.031082399548393,
        "I_L_mean": 9.0,
        "I_L_stdev": 2.790710305575352,
        "I_Ra_mean": 110.0,
        "I_Ra_stdev": 5.24246846224689,
        "I_diam_mean": 10.0,
        "I_diam_stdev": 0.4300376931767049,
        "addSynMechs": true,
        "allowConnsWithWeight0": true,
        "allowSelfConns": false,
        "analysis": {},
        "backupCfgFile": [],
        "cache_efficient": true,
        "checkErrors": false,
        "compactConnFormat": false,
        "connRandomSecFromList": true,
        "coreneuron": false,
        "createNEURONObj": true,
        "createPyStruct": true,
        "cvode_active": false,
        "cvode_atol": 0.001,
        "distributeSynsUniformly": true,
        "dt": 0.025,
        "dump_coreneuron_model": false,
        "duration": 1000.0,
        "duration_seconds": 330.0,
        "filename": "model_output",
        "gatherOnlySimData": false,
        "gkbar_E": 0.015465721781262431,
        "gkbar_E_std": 0.08513662575054622,
        "gkbar_I": 3.8631462424250014,
        "gkbar_I_std": 2.498042961583131,
        "gnabar_E": 6.161983671843,
        "gnabar_E_std": 0.5297551298018064,
        "gnabar_I": 4.753272227043747,
        "gnabar_I_std": 0.9933736739465443,
        "gpu": false,
        "hParams": {
            "celsius": 6.3,
            "clamp_resist": 0.001,
            "v_init": -65.0
        },
        "includeParamsLabel": true,
        "invertedYCoord": true,
        "networkType": "22May24",
        "oneSynPerNetcon": true,
        "printPopAvgRates": [
            100,
            1000.0
        ],
        "printRunTime": false,
        "printSynsAfterRule": false,
        "probEE": 0.09039406443543235,
        "probEE_std": 0.06270149352858831,
        "probEI": 0.34787181881026497,
        "probEI_std": 0.34916087700287873,
        "probIE": 0.4794074179758968,
        "probIE_std": 0.47441093160052916,
        "probII": 0.08278261299364663,
        "probII_std": 0.48437540376203303,
        "probLengthConst": 2609.5154013028723,
        "propVelocity": 1.0,
        "pt3dRelativeToCellLocation": true,
        "rand123GlobalIndex": null,
        "random123": false,
        "recordCells": [
            [
                "E",
                [
                    68,
                    13
                ]
            ],
            [
                "I",
                [
                    4,
                    5
                ]
            ]
        ],
        "recordCellsSpikes": -1,
        "recordDipole": false,
        "recordDipolesHNN": false,
        "recordLFP": [],
        "recordStep": 0.1,
        "recordStim": false,
        "recordTime": true,
        "recordTraces": {
            "soma_voltage": {
                "loc": 0.5,
                "sec": "soma",
                "var": "v"
            }
        },
        "saveCSV": false,
        "saveCellConns": true,
        "saveCellSecs": true,
        "saveDat": false,
        "saveDataInclude": [
            "simData",
            "simConfig",
            "netParams",
            "net"
        ],
        "saveDipoleCells": false,
        "saveDipolePops": false,
        "saveDpk": false,
        "saveFolder": "/pscratch/sd/a/adammwea/2DNetworkSimulations/NERSC/output/240604_Run1_24n24hr/gen_2",
        "saveHDF5": false,
        "saveJson": true,
        "saveLFPCells": false,
        "saveLFPPops": false,
        "saveMat": false,
        "savePickle": false,
        "saveTiming": false,
        "seeds": {
            "cell": 1,
            "conn": 1,
            "loc": 1,
            "stim": 1
        },
        "simLabel": "gen_2_cand_209",
        "tau1_exc": 0.5515286575025016,
        "tau1_exc_std": 1.3462616531082539,
        "tau1_inh": 7.694931577271625,
        "tau1_inh_std": 0.4855519026215607,
        "tau2_exc": 19.1089055378797,
        "tau2_exc_std": 0.48644831524082344,
        "tau2_inh": 19.559674443033256,
        "tau2_inh_std": 1.3415115742819026,
        "timestampFilename": false,
        "timing": true,
        "tstop": 1000.0,
        "use_fast_imem": false,
        "validateNetParams": false,
        "verbose": false,
        "weightEE": 1.8870452058194176,
        "weightEE_std": 0.495267090029525,
        "weightEI": 1.9198351885577218,
        "weightEI_std": 0.011891594263950395,
        "weightIE": 0.8393120441800401,
        "weightIE_std": 0.3292313368494157,
        "weightII": 1.6311760719371948,
        "weightII_std": 0.0029812901182082376
    }
}