{
    "simConfig": {
        "E_L_mean": 18.8,
        "E_L_stdev": 9.384177324630105,
        "E_Ra_mean": 128.0,
        "E_Ra_stdev": 63.87871432774746,
        "E_diam_mean": 18.8,
        "E_diam_stdev": 0.11018433774814435,
        "I_L_mean": 9.0,
        "I_L_stdev": 1.0613237227678067,
        "I_Ra_mean": 110.0,
        "I_Ra_stdev": 2.659562258182129,
        "I_diam_mean": 10.0,
        "I_diam_stdev": 0.5739547951820481,
        "addSynMechs": true,
        "allowConnsWithWeight0": true,
        "allowSelfConns": false,
        "analysis": {},
        "backupCfgFile": [],
        "cache_efficient": true,
        "checkErrors": false,
        "compactConnFormat": false,
        "connRandomSecFromList": true,
        "coreneuron": false,
        "createNEURONObj": true,
        "createPyStruct": true,
        "cvode_active": false,
        "cvode_atol": 0.001,
        "distributeSynsUniformly": true,
        "dt": 0.025,
        "dump_coreneuron_model": false,
        "duration": 1000.0,
        "duration_seconds": 330.0,
        "filename": "model_output",
        "gatherOnlySimData": false,
        "gkbar_E": 0.217022991410168,
        "gkbar_E_std": 0.18665938666626558,
        "gkbar_I": 9.286948836302496,
        "gkbar_I_std": 2.2507149510436806,
        "gnabar_E": 1.9028245343092305,
        "gnabar_E_std": 1.5931491357317746,
        "gnabar_I": 3.5202158608356515,
        "gnabar_I_std": 0.7820993861385587,
        "gpu": false,
        "hParams": {
            "celsius": 6.3,
            "clamp_resist": 0.001,
            "v_init": -65.0
        },
        "includeParamsLabel": true,
        "invertedYCoord": true,
        "networkType": "22May24",
        "oneSynPerNetcon": true,
        "printPopAvgRates": [
            100,
            1000.0
        ],
        "printRunTime": false,
        "printSynsAfterRule": false,
        "probEE": 0.7283378777671987,
        "probEE_std": 0.49684388330470175,
        "probEI": 0.5632101945179422,
        "probEI_std": 0.026662217858162154,
        "probIE": 0.7424260791805251,
        "probIE_std": 0.35346446222244005,
        "probII": 0.04641942450613834,
        "probII_std": 0.32385974023531006,
        "probLengthConst": 165.30585902361463,
        "propVelocity": 1.0,
        "pt3dRelativeToCellLocation": true,
        "rand123GlobalIndex": null,
        "random123": false,
        "recordCells": [
            [
                "E",
                [
                    68,
                    13
                ]
            ],
            [
                "I",
                [
                    4,
                    5
                ]
            ]
        ],
        "recordCellsSpikes": -1,
        "recordDipole": false,
        "recordDipolesHNN": false,
        "recordLFP": [],
        "recordStep": 0.1,
        "recordStim": false,
        "recordTime": true,
        "recordTraces": {
            "soma_voltage": {
                "loc": 0.5,
                "sec": "soma",
                "var": "v"
            }
        },
        "saveCSV": false,
        "saveCellConns": true,
        "saveCellSecs": true,
        "saveDat": false,
        "saveDataInclude": [
            "simData",
            "simConfig",
            "netParams",
            "net"
        ],
        "saveDipoleCells": false,
        "saveDipolePops": false,
        "saveDpk": false,
        "saveFolder": "/pscratch/sd/a/adammwea/2DNetworkSimulations/NERSC/output/240604_Run1_24n24hr/gen_2",
        "saveHDF5": false,
        "saveJson": true,
        "saveLFPCells": false,
        "saveLFPPops": false,
        "saveMat": false,
        "savePickle": false,
        "saveTiming": false,
        "seeds": {
            "cell": 1,
            "conn": 1,
            "loc": 1,
            "stim": 1
        },
        "simLabel": "gen_2_cand_140",
        "tau1_exc": 6.323241348960444,
        "tau1_exc_std": 3.329648332603332,
        "tau1_inh": 4.1728361192887435,
        "tau1_inh_std": 0.7249017678123295,
        "tau2_exc": 2.264999036686554,
        "tau2_exc_std": 9.872209207928373,
        "tau2_inh": 0.049018197948253156,
        "tau2_inh_std": 2.8347045602315077,
        "timestampFilename": false,
        "timing": true,
        "tstop": 1000.0,
        "use_fast_imem": false,
        "validateNetParams": false,
        "verbose": false,
        "weightEE": 0.5664087165228124,
        "weightEE_std": 0.4365729571615399,
        "weightEI": 1.9246838540763866,
        "weightEI_std": 0.3078899452355567,
        "weightIE": 0.3046536092356823,
        "weightIE_std": 0.08711726236990176,
        "weightII": 0.1018331246905639,
        "weightII_std": 0.1879197114164124
    }
}