{
    "simConfig": {
        "E_L_mean": 18.8,
        "E_L_stdev": 3.838864469904987,
        "E_Ra_mean": 128.0,
        "E_Ra_stdev": 57.10929131591295,
        "E_diam_mean": 18.8,
        "E_diam_stdev": 2.6912860258683295,
        "I_L_mean": 9.0,
        "I_L_stdev": 0.2834107642227175,
        "I_Ra_mean": 110.0,
        "I_Ra_stdev": 6.21120061102215,
        "I_diam_mean": 10.0,
        "I_diam_stdev": 0.5520257534650681,
        "addSynMechs": true,
        "allowConnsWithWeight0": true,
        "allowSelfConns": false,
        "analysis": {},
        "backupCfgFile": [],
        "cache_efficient": true,
        "checkErrors": false,
        "compactConnFormat": false,
        "connRandomSecFromList": true,
        "coreneuron": false,
        "createNEURONObj": true,
        "createPyStruct": true,
        "cvode_active": false,
        "cvode_atol": 0.001,
        "distributeSynsUniformly": true,
        "dt": 0.025,
        "dump_coreneuron_model": false,
        "duration": 1000.0,
        "duration_seconds": 330.0,
        "filename": "model_output",
        "gatherOnlySimData": false,
        "gkbar_E": 0.3320981489998909,
        "gkbar_E_std": 0.317098319820908,
        "gkbar_I": 1.6845899475359802,
        "gkbar_I_std": 1.371488365856512,
        "gnabar_E": 1.7330831032362388,
        "gnabar_E_std": 0.6750601347270445,
        "gnabar_I": 1.818542502323476,
        "gnabar_I_std": 0.42645524331333645,
        "gpu": false,
        "hParams": {
            "celsius": 6.3,
            "clamp_resist": 0.001,
            "v_init": -65.0
        },
        "includeParamsLabel": true,
        "invertedYCoord": true,
        "networkType": "22May24",
        "oneSynPerNetcon": true,
        "printPopAvgRates": [
            100,
            1000.0
        ],
        "printRunTime": false,
        "printSynsAfterRule": false,
        "probEE": 0.6935119095253767,
        "probEE_std": 0.49933013740343746,
        "probEI": 0.37336802959735066,
        "probEI_std": 0.16253605117203218,
        "probIE": 0.4365998163392209,
        "probIE_std": 0.11831632865537109,
        "probII": 0.6593073529369446,
        "probII_std": 0.0034270550177498034,
        "probLengthConst": 2951.521562093928,
        "propVelocity": 1.0,
        "pt3dRelativeToCellLocation": true,
        "rand123GlobalIndex": null,
        "random123": false,
        "recordCells": [
            [
                "E",
                [
                    68,
                    13
                ]
            ],
            [
                "I",
                [
                    4,
                    5
                ]
            ]
        ],
        "recordCellsSpikes": -1,
        "recordDipole": false,
        "recordDipolesHNN": false,
        "recordLFP": [],
        "recordStep": 0.1,
        "recordStim": false,
        "recordTime": true,
        "recordTraces": {
            "soma_voltage": {
                "loc": 0.5,
                "sec": "soma",
                "var": "v"
            }
        },
        "saveCSV": false,
        "saveCellConns": true,
        "saveCellSecs": true,
        "saveDat": false,
        "saveDataInclude": [
            "simData",
            "simConfig",
            "netParams",
            "net"
        ],
        "saveDipoleCells": false,
        "saveDipolePops": false,
        "saveDpk": false,
        "saveFolder": "/pscratch/sd/a/adammwea/2DNetworkSimulations/NERSC/output/240604_Run1_24n24hr/gen_2",
        "saveHDF5": false,
        "saveJson": true,
        "saveLFPCells": false,
        "saveLFPPops": false,
        "saveMat": false,
        "savePickle": false,
        "saveTiming": false,
        "seeds": {
            "cell": 1,
            "conn": 1,
            "loc": 1,
            "stim": 1
        },
        "simLabel": "gen_2_cand_101",
        "tau1_exc": 6.613726603672824,
        "tau1_exc_std": 3.2257654792482873,
        "tau1_inh": 5.831856465975573,
        "tau1_inh_std": 3.2684112069442177,
        "tau2_exc": 27.216266028853667,
        "tau2_exc_std": 7.881810673605488,
        "tau2_inh": 7.805914449504933,
        "tau2_inh_std": 2.9055690126401332,
        "timestampFilename": false,
        "timing": true,
        "tstop": 1000.0,
        "use_fast_imem": false,
        "validateNetParams": false,
        "verbose": false,
        "weightEE": 1.535854000750552,
        "weightEE_std": 0.4778270525806813,
        "weightEI": 1.4947148536555661,
        "weightEI_std": 0.2992909755720681,
        "weightIE": 0.16545094839042052,
        "weightIE_std": 0.06561190997188449,
        "weightII": 0.6976631165719483,
        "weightII_std": 0.16026767359623234
    }
}