{
    "simConfig": {
        "E_L_mean": 18.8,
        "E_L_stdev": 1.208116732173517,
        "E_Ra_mean": 128.0,
        "E_Ra_stdev": 51.31313617138121,
        "E_diam_mean": 18.8,
        "E_diam_stdev": 4.515489117137697,
        "I_L_mean": 9.0,
        "I_L_stdev": 2.5581042072360236,
        "I_Ra_mean": 110.0,
        "I_Ra_stdev": 7.957467531360329,
        "I_diam_mean": 10.0,
        "I_diam_stdev": 2.8470698616204206,
        "addSynMechs": true,
        "allowConnsWithWeight0": true,
        "allowSelfConns": false,
        "analysis": {},
        "backupCfgFile": [],
        "cache_efficient": true,
        "checkErrors": false,
        "compactConnFormat": false,
        "connRandomSecFromList": true,
        "coreneuron": false,
        "createNEURONObj": true,
        "createPyStruct": true,
        "cvode_active": false,
        "cvode_atol": 0.001,
        "distributeSynsUniformly": true,
        "dt": 0.025,
        "dump_coreneuron_model": false,
        "duration": 1000.0,
        "duration_seconds": 330.0,
        "filename": "model_output",
        "gatherOnlySimData": false,
        "gkbar_E": 0.2624214809233019,
        "gkbar_E_std": 0.37718010927341555,
        "gkbar_I": 4.682852743562556,
        "gkbar_I_std": 0.239488909169989,
        "gnabar_E": 2.3994582856728996,
        "gnabar_E_std": 0.10140350127990927,
        "gnabar_I": 4.408402871854093,
        "gnabar_I_std": 0.8823327776366413,
        "gpu": false,
        "hParams": {
            "celsius": 6.3,
            "clamp_resist": 0.001,
            "v_init": -65.0
        },
        "includeParamsLabel": true,
        "invertedYCoord": true,
        "networkType": "22May24",
        "oneSynPerNetcon": true,
        "printPopAvgRates": [
            100,
            1000.0
        ],
        "printRunTime": false,
        "printSynsAfterRule": false,
        "probEE": 0.6398925715028707,
        "probEE_std": 0.3453347861319383,
        "probEI": 0.4264425791001487,
        "probEI_std": 0.12839202273235087,
        "probIE": 0.12930817742162665,
        "probIE_std": 0.2616605499541781,
        "probII": 0.300665205276333,
        "probII_std": 0.20174782675733774,
        "probLengthConst": 522.721646253448,
        "propVelocity": 1.0,
        "pt3dRelativeToCellLocation": true,
        "rand123GlobalIndex": null,
        "random123": false,
        "recordCells": [
            [
                "E",
                [
                    68,
                    13
                ]
            ],
            [
                "I",
                [
                    4,
                    5
                ]
            ]
        ],
        "recordCellsSpikes": -1,
        "recordDipole": false,
        "recordDipolesHNN": false,
        "recordLFP": [],
        "recordStep": 0.1,
        "recordStim": false,
        "recordTime": true,
        "recordTraces": {
            "soma_voltage": {
                "loc": 0.5,
                "sec": "soma",
                "var": "v"
            }
        },
        "saveCSV": false,
        "saveCellConns": true,
        "saveCellSecs": true,
        "saveDat": false,
        "saveDataInclude": [
            "simData",
            "simConfig",
            "netParams",
            "net"
        ],
        "saveDipoleCells": false,
        "saveDipolePops": false,
        "saveDpk": false,
        "saveFolder": "/pscratch/sd/a/adammwea/2DNetworkSimulations/NERSC/output/240604_Run1_24n24hr/gen_2",
        "saveHDF5": false,
        "saveJson": true,
        "saveLFPCells": false,
        "saveLFPPops": false,
        "saveMat": false,
        "savePickle": false,
        "saveTiming": false,
        "seeds": {
            "cell": 1,
            "conn": 1,
            "loc": 1,
            "stim": 1
        },
        "simLabel": "gen_2_cand_148",
        "tau1_exc": 1.0775868482078552,
        "tau1_exc_std": 0.97942991432545,
        "tau1_inh": 9.51532448225581,
        "tau1_inh_std": 0.1548286260419817,
        "tau2_exc": 2.6620706040847932,
        "tau2_exc_std": 9.798609527160586,
        "tau2_inh": 0.2725946058330302,
        "tau2_inh_std": 9.852789435387173,
        "timestampFilename": false,
        "timing": true,
        "tstop": 1000.0,
        "use_fast_imem": false,
        "validateNetParams": false,
        "verbose": false,
        "weightEE": 0.4929008984923729,
        "weightEE_std": 0.3895091798788383,
        "weightEI": 0.9139247413640149,
        "weightEI_std": 0.09550803017229438,
        "weightIE": 0.2648678296934385,
        "weightIE_std": 0.1636386982075972,
        "weightII": 1.982186783839781,
        "weightII_std": 0.15262004295299325
    }
}