{
    "BigBurstVal_Fitness": {
        "Value": 7277.773327551,
        "Fit": 1000.0
    },
    "numBig_Fitness": {
        "Value": 2,
        "Percent": 100.0,
        "Fit": 1000
    },
    "SmallBurstVal_Fitness": {
        "Value": null,
        "Fit": 1000
    },
    "numSmall_Fitness": {
        "Value": 0,
        "Percent": 0.0,
        "Fit": 1000
    },
    "burst_peak_frequency_fitness": {
        "Value": 0.136986301369863,
        "Fit": 1.020836781513554
    },
    "IBI_fitness": {
        "Value": 6.3,
        "Fit": 1.0002249575484776
    },
    "baseline_fitness": {
        "Value": 6912.047456083303,
        "Fit": 1000
    },
    "slopeFitness": {
        "Value": -0.7681114692738352,
        "Fit": 2.161081913086511
    },
    "thresh": {
        "Value": 6631.941028203839,
        "Fit": 1000
    },
    "sustain_oscillation_fitness": {
        "Value": 88.0794701986755,
        "Fit": 16.83671845754203
    },
    "E_rate_fitness": {
        "Value": 6.170634920634921,
        "Fit": 198.99272254594712
    },
    "I_rate_fitness": {
        "Value": 3.425925925925926,
        "Fit": 3.6130026671485505
    },
    "maxFitness": 1000,
    "average_fitness": 518.6353822768989,
    "average_scaled_fitness": 0.5181534273091843
}