{
    "simConfig": {
        "E_L_mean": 18.8,
        "E_L_stdev": 8.769709314036561,
        "E_Ra_mean": 128.0,
        "E_Ra_stdev": 8.841258639699166,
        "E_diam_mean": 18.8,
        "E_diam_stdev": 4.8165017829258865,
        "I_L_mean": 9.0,
        "I_L_stdev": 2.974136062845675,
        "I_Ra_mean": 110.0,
        "I_Ra_stdev": 7.024127068344178,
        "I_diam_mean": 10.0,
        "I_diam_stdev": 0.37002434612449187,
        "addSynMechs": true,
        "allowConnsWithWeight0": true,
        "allowSelfConns": false,
        "analysis": {},
        "backupCfgFile": [],
        "cache_efficient": true,
        "checkErrors": false,
        "compactConnFormat": false,
        "connRandomSecFromList": true,
        "coreneuron": false,
        "createNEURONObj": true,
        "createPyStruct": true,
        "cvode_active": false,
        "cvode_atol": 0.001,
        "distributeSynsUniformly": true,
        "dt": 0.025,
        "dump_coreneuron_model": false,
        "duration": 1000.0,
        "duration_seconds": 300.0,
        "filename": "model_output",
        "gatherOnlySimData": false,
        "gkbar_E": 0.0018268053875754634,
        "gkbar_E_std": 0.44460796031306,
        "gkbar_I": 0.20251988223844714,
        "gkbar_I_std": 0.5316694618491158,
        "gnabar_E": 4.18922227751799,
        "gnabar_E_std": 1.3175466455938671,
        "gnabar_I": 0.5647823485119097,
        "gnabar_I_std": 0.9281161468231254,
        "gpu": false,
        "hParams": {
            "celsius": 6.3,
            "clamp_resist": 0.001,
            "v_init": -65.0
        },
        "includeParamsLabel": true,
        "invertedYCoord": true,
        "networkType": "22May24",
        "oneSynPerNetcon": true,
        "printPopAvgRates": [
            100,
            1000.0
        ],
        "printRunTime": false,
        "printSynsAfterRule": false,
        "probEE": 0.28917471014283985,
        "probEE_std": 0.005994806677927261,
        "probEI": 0.29652152796800213,
        "probEI_std": 0.2621553789163956,
        "probIE": 0.3422635964728763,
        "probIE_std": 0.23109485618728626,
        "probII": 0.4020130455785072,
        "probII_std": 0.49983705304668546,
        "probLengthConst": 2998.381755645321,
        "propVelocity": 1.0,
        "pt3dRelativeToCellLocation": true,
        "rand123GlobalIndex": null,
        "random123": false,
        "recordCells": [
            [
                "E",
                [
                    65,
                    58
                ]
            ],
            [
                "I",
                [
                    22,
                    34
                ]
            ]
        ],
        "recordCellsSpikes": -1,
        "recordDipole": false,
        "recordDipolesHNN": false,
        "recordLFP": [],
        "recordStep": 0.1,
        "recordStim": false,
        "recordTime": true,
        "recordTraces": {
            "soma_voltage": {
                "loc": 0.5,
                "sec": "soma",
                "var": "v"
            }
        },
        "saveCSV": false,
        "saveCellConns": true,
        "saveCellSecs": true,
        "saveDat": false,
        "saveDataInclude": [
            "simData",
            "simConfig",
            "netParams",
            "net"
        ],
        "saveDipoleCells": false,
        "saveDipolePops": false,
        "saveDpk": false,
        "saveFolder": "/pscratch/sd/a/adammwea/2DNetworkSimulations/NERSC/output/240530_Run1_8nodes/gen_13",
        "saveHDF5": false,
        "saveJson": true,
        "saveLFPCells": false,
        "saveLFPPops": false,
        "saveMat": false,
        "savePickle": false,
        "saveTiming": false,
        "seeds": {
            "cell": 1,
            "conn": 1,
            "loc": 1,
            "stim": 1
        },
        "simLabel": "gen_13_cand_20",
        "tau1_exc": 7.437811174731596,
        "tau1_exc_std": 2.771217667607054,
        "tau1_inh": 0.5315165753455086,
        "tau1_inh_std": 1.5166980759975668,
        "tau2_exc": 28.721013286153294,
        "tau2_exc_std": 4.545812994136128,
        "tau2_inh": 0.22194717469872527,
        "tau2_inh_std": 5.926089222958556,
        "timestampFilename": false,
        "timing": true,
        "tstop": 1000.0,
        "use_fast_imem": false,
        "validateNetParams": false,
        "verbose": false,
        "weightEE": 1.102900195872962,
        "weightEE_std": 0.023913508273764338,
        "weightEI": 1.9089794606277612,
        "weightEI_std": 0.004919467730338534,
        "weightIE": 0.06332581563118778,
        "weightIE_std": 0.29780802518571836,
        "weightII": 1.3374768545841023,
        "weightII_std": 0.005922990858097724
    }
}