{
    "simConfig": {
        "E_L_mean": 18.8,
        "E_L_stdev": 9.30781868499174,
        "E_Ra_mean": 128.0,
        "E_Ra_stdev": 1.8937764064558937,
        "E_diam_mean": 18.8,
        "E_diam_stdev": 6.030935287180224,
        "I_L_mean": 9.0,
        "I_L_stdev": 1.0241610631113074,
        "I_Ra_mean": 110.0,
        "I_Ra_stdev": 4.724427961739508,
        "I_diam_mean": 10.0,
        "I_diam_stdev": 1.9249848802693723,
        "addSynMechs": true,
        "allowConnsWithWeight0": true,
        "allowSelfConns": false,
        "analysis": {},
        "backupCfgFile": [],
        "cache_efficient": true,
        "checkErrors": false,
        "compactConnFormat": false,
        "connRandomSecFromList": true,
        "coreneuron": false,
        "createNEURONObj": true,
        "createPyStruct": true,
        "cvode_active": false,
        "cvode_atol": 0.001,
        "distributeSynsUniformly": true,
        "dt": 0.025,
        "dump_coreneuron_model": false,
        "duration": 1000.0,
        "duration_seconds": 300.0,
        "filename": "model_output",
        "gatherOnlySimData": false,
        "gkbar_E": 0.001308734575520037,
        "gkbar_E_std": 0.4979933753720219,
        "gkbar_I": 0.0038790870780910686,
        "gkbar_I_std": 0.3459233621263871,
        "gnabar_E": 0.5146416609196929,
        "gnabar_E_std": 1.543657565159893,
        "gnabar_I": 3.9642081363626485,
        "gnabar_I_std": 0.009060499726168885,
        "gpu": false,
        "hParams": {
            "celsius": 6.3,
            "clamp_resist": 0.001,
            "v_init": -65.0
        },
        "includeParamsLabel": true,
        "invertedYCoord": true,
        "networkType": "22May24",
        "oneSynPerNetcon": true,
        "printPopAvgRates": [
            100,
            1000.0
        ],
        "printRunTime": false,
        "printSynsAfterRule": false,
        "probEE": 0.0965020338810359,
        "probEE_std": 0.4444293538766275,
        "probEI": 0.6568113401275109,
        "probEI_std": 0.4975835509773227,
        "probIE": 0.7004028971515686,
        "probIE_std": 0.07817201910342393,
        "probII": 0.2877874087700391,
        "probII_std": 0.23128852310439638,
        "probLengthConst": 1783.2746545882076,
        "propVelocity": 1.0,
        "pt3dRelativeToCellLocation": true,
        "rand123GlobalIndex": null,
        "random123": false,
        "recordCells": [
            [
                "E",
                [
                    65,
                    58
                ]
            ],
            [
                "I",
                [
                    22,
                    34
                ]
            ]
        ],
        "recordCellsSpikes": -1,
        "recordDipole": false,
        "recordDipolesHNN": false,
        "recordLFP": [],
        "recordStep": 0.1,
        "recordStim": false,
        "recordTime": true,
        "recordTraces": {
            "soma_voltage": {
                "loc": 0.5,
                "sec": "soma",
                "var": "v"
            }
        },
        "saveCSV": false,
        "saveCellConns": true,
        "saveCellSecs": true,
        "saveDat": false,
        "saveDataInclude": [
            "simData",
            "simConfig",
            "netParams",
            "net"
        ],
        "saveDipoleCells": false,
        "saveDipolePops": false,
        "saveDpk": false,
        "saveFolder": "/pscratch/sd/a/adammwea/2DNetworkSimulations/NERSC/output/240530_Run1_8nodes/gen_13",
        "saveHDF5": false,
        "saveJson": true,
        "saveLFPCells": false,
        "saveLFPPops": false,
        "saveMat": false,
        "savePickle": false,
        "saveTiming": false,
        "seeds": {
            "cell": 1,
            "conn": 1,
            "loc": 1,
            "stim": 1
        },
        "simLabel": "gen_13_cand_39",
        "tau1_exc": 1.9288244980330536,
        "tau1_exc_std": 0.06541207455108673,
        "tau1_inh": 0.28032079531334,
        "tau1_inh_std": 2.5629210126900683,
        "tau2_exc": 1.2538600897300682,
        "tau2_exc_std": 6.022674124683451,
        "tau2_inh": 11.254595740561712,
        "tau2_inh_std": 8.899226462366194,
        "timestampFilename": false,
        "timing": true,
        "tstop": 1000.0,
        "use_fast_imem": false,
        "validateNetParams": false,
        "verbose": false,
        "weightEE": 0.23815248303230085,
        "weightEE_std": 0.06252893804540571,
        "weightEI": 1.7995041225481578,
        "weightEI_std": 0.23374812797646638,
        "weightIE": 0.3960347641017587,
        "weightIE_std": 0.08304125791329503,
        "weightII": 1.0287496692536895,
        "weightII_std": 0.1586314308349583
    }
}