{
    "simConfig": {
        "E_L_mean": 18.8,
        "E_L_stdev": 1.093004998780878,
        "E_Ra_mean": 128.0,
        "E_Ra_stdev": 9.992265688448303,
        "E_diam_mean": 18.8,
        "E_diam_stdev": 0.08686965114566048,
        "I_L_mean": 9.0,
        "I_L_stdev": 0.18288232865402287,
        "I_Ra_mean": 110.0,
        "I_Ra_stdev": 33.4476166345376,
        "I_diam_mean": 10.0,
        "I_diam_stdev": 2.7127144858618895,
        "addSynMechs": true,
        "allowConnsWithWeight0": true,
        "allowSelfConns": false,
        "analysis": {},
        "backupCfgFile": [],
        "cache_efficient": true,
        "checkErrors": false,
        "compactConnFormat": false,
        "connRandomSecFromList": true,
        "coreneuron": false,
        "createNEURONObj": true,
        "createPyStruct": true,
        "cvode_active": false,
        "cvode_atol": 0.001,
        "distributeSynsUniformly": true,
        "dt": 0.025,
        "dump_coreneuron_model": false,
        "duration": 1000.0,
        "duration_seconds": 60.0,
        "filename": "model_output",
        "gatherOnlySimData": false,
        "gkbar_E": 0.1820983538104179,
        "gkbar_E_std": 0.32660055088453077,
        "gkbar_I": 5.313504490258654,
        "gkbar_I_std": 0.21438252475174036,
        "gnabar_E": 0.15355717967437488,
        "gnabar_E_std": 1.6408926827020243,
        "gnabar_I": 2.7666186298636197,
        "gnabar_I_std": 0.4951260971832497,
        "gpu": false,
        "hParams": {
            "celsius": 6.3,
            "clamp_resist": 0.001,
            "v_init": -65.0
        },
        "includeParamsLabel": true,
        "invertedYCoord": true,
        "networkType": "22May24",
        "oneSynPerNetcon": true,
        "printPopAvgRates": [
            100,
            1000.0
        ],
        "printRunTime": false,
        "printSynsAfterRule": false,
        "probEE": 0.9962144544372225,
        "probEE_std": 0.22802985892398042,
        "probEI": 0.7742749710742707,
        "probEI_std": 0.33005852020289794,
        "probIE": 0.08135026298369297,
        "probIE_std": 0.30078287674985593,
        "probII": 0.15794800465269326,
        "probII_std": 1.8076375165823085e-06,
        "probLengthConst": 1705.8015287315475,
        "propVelocity": 1.0,
        "pt3dRelativeToCellLocation": true,
        "rand123GlobalIndex": null,
        "random123": false,
        "recordCells": [
            [
                "E",
                [
                    16,
                    79
                ]
            ],
            [
                "I",
                [
                    28,
                    1
                ]
            ]
        ],
        "recordCellsSpikes": -1,
        "recordDipole": false,
        "recordDipolesHNN": false,
        "recordLFP": [],
        "recordStep": 0.1,
        "recordStim": false,
        "recordTime": true,
        "recordTraces": {
            "soma_voltage": {
                "loc": 0.5,
                "sec": "soma",
                "var": "v"
            }
        },
        "saveCSV": false,
        "saveCellConns": true,
        "saveCellSecs": true,
        "saveDat": false,
        "saveDataInclude": [
            "simData",
            "simConfig",
            "netParams",
            "net"
        ],
        "saveDipoleCells": false,
        "saveDipolePops": false,
        "saveDpk": false,
        "saveFolder": "/pscratch/sd/a/adammwea/2DNetworkSimulations/NERSC/output/240527_Run3_this_should_work/gen_18",
        "saveHDF5": false,
        "saveJson": true,
        "saveLFPCells": false,
        "saveLFPPops": false,
        "saveMat": false,
        "savePickle": false,
        "saveTiming": false,
        "seeds": {
            "cell": 1,
            "conn": 1,
            "loc": 1,
            "stim": 1
        },
        "simLabel": "gen_18_cand_59",
        "tau1_exc": 7.2147667981487364,
        "tau1_exc_std": 0.5685095659081973,
        "tau1_inh": 0.30226030448523034,
        "tau1_inh_std": 0.22848353131131305,
        "tau2_exc": 1.0929208116153895,
        "tau2_exc_std": 5.692323346260147,
        "tau2_inh": 16.141873319215755,
        "tau2_inh_std": 2.5200582629757395,
        "timestampFilename": false,
        "timing": true,
        "tstop": 1000.0,
        "use_fast_imem": false,
        "validateNetParams": false,
        "verbose": false,
        "weightEE": 0.0912919075161531,
        "weightEE_std": 0.11501373665313158,
        "weightEI": 0.2819300450053249,
        "weightEI_std": 0.32633591739857504,
        "weightIE": 0.18782655924518232,
        "weightIE_std": 0.06437996174671348,
        "weightII": 0.3822170018914436,
        "weightII_std": 0.10272320392781564
    }
}