{
    "simConfig": {
        "E_L_mean": 18.8,
        "E_L_stdev": 5.6318566105787,
        "E_Ra_mean": 128.0,
        "E_Ra_stdev": 3.4885370320041273,
        "E_diam_mean": 18.8,
        "E_diam_stdev": 2.5630866722297085,
        "I_L_mean": 9.0,
        "I_L_stdev": 1.9816733551246848,
        "I_Ra_mean": 110.0,
        "I_Ra_stdev": 10.377174808275921,
        "I_diam_mean": 10.0,
        "I_diam_stdev": 3.332748471872173,
        "addSynMechs": true,
        "allowConnsWithWeight0": true,
        "allowSelfConns": false,
        "analysis": {},
        "backupCfgFile": [],
        "cache_efficient": true,
        "checkErrors": false,
        "compactConnFormat": false,
        "connRandomSecFromList": true,
        "coreneuron": false,
        "createNEURONObj": true,
        "createPyStruct": true,
        "cvode_active": false,
        "cvode_atol": 0.001,
        "distributeSynsUniformly": true,
        "dt": 0.025,
        "dump_coreneuron_model": false,
        "duration": 1000.0,
        "duration_seconds": 60.0,
        "filename": "model_output",
        "gatherOnlySimData": false,
        "gkbar_E": 0.011860822267516218,
        "gkbar_E_std": 0.03368618826005382,
        "gkbar_I": 6.753973697842566,
        "gkbar_I_std": 2.4982413293036516,
        "gnabar_E": 0.00643443909253838,
        "gnabar_E_std": 1.6461497255623376,
        "gnabar_I": 2.726971647213896,
        "gnabar_I_std": 0.9760680553110126,
        "gpu": false,
        "hParams": {
            "celsius": 6.3,
            "clamp_resist": 0.001,
            "v_init": -65.0
        },
        "includeParamsLabel": true,
        "invertedYCoord": true,
        "networkType": "22May24",
        "oneSynPerNetcon": true,
        "printPopAvgRates": [
            100,
            1000.0
        ],
        "printRunTime": false,
        "printSynsAfterRule": false,
        "probEE": 0.9404130283676997,
        "probEE_std": 0.26261079187422814,
        "probEI": 0.3546275399998296,
        "probEI_std": 0.0161459410299236,
        "probIE": 0.6041065238074266,
        "probIE_std": 0.28797352315418623,
        "probII": 0.07284902338459759,
        "probII_std": 6.058838541606942e-05,
        "probLengthConst": 2474.1404053215756,
        "propVelocity": 1.0,
        "pt3dRelativeToCellLocation": true,
        "rand123GlobalIndex": null,
        "random123": false,
        "recordCells": [
            [
                "E",
                [
                    16,
                    79
                ]
            ],
            [
                "I",
                [
                    28,
                    1
                ]
            ]
        ],
        "recordCellsSpikes": -1,
        "recordDipole": false,
        "recordDipolesHNN": false,
        "recordLFP": [],
        "recordStep": 0.1,
        "recordStim": false,
        "recordTime": true,
        "recordTraces": {
            "soma_voltage": {
                "loc": 0.5,
                "sec": "soma",
                "var": "v"
            }
        },
        "saveCSV": false,
        "saveCellConns": true,
        "saveCellSecs": true,
        "saveDat": false,
        "saveDataInclude": [
            "simData",
            "simConfig",
            "netParams",
            "net"
        ],
        "saveDipoleCells": false,
        "saveDipolePops": false,
        "saveDpk": false,
        "saveFolder": "/pscratch/sd/a/adammwea/2DNetworkSimulations/NERSC/output/240527_Run3_this_should_work/gen_18",
        "saveHDF5": false,
        "saveJson": true,
        "saveLFPCells": false,
        "saveLFPPops": false,
        "saveMat": false,
        "savePickle": false,
        "saveTiming": false,
        "seeds": {
            "cell": 1,
            "conn": 1,
            "loc": 1,
            "stim": 1
        },
        "simLabel": "gen_18_cand_1",
        "tau1_exc": 1.5056095581774338,
        "tau1_exc_std": 0.09303809230170548,
        "tau1_inh": 8.35042703638597,
        "tau1_inh_std": 1.4535731808575458,
        "tau2_exc": 19.4054148877118,
        "tau2_exc_std": 4.364912679902007,
        "tau2_inh": 0.02956925858430709,
        "tau2_inh_std": 3.5308905282523497,
        "timestampFilename": false,
        "timing": true,
        "tstop": 1000.0,
        "use_fast_imem": false,
        "validateNetParams": false,
        "verbose": false,
        "weightEE": 0.26432494532521605,
        "weightEE_std": 0.0961542205830017,
        "weightEI": 0.6236283061163093,
        "weightEI_std": 0.015101750116244981,
        "weightIE": 0.17009576552580472,
        "weightIE_std": 0.031467878891034376,
        "weightII": 0.004309942020562381,
        "weightII_std": 0.05617648776288441
    }
}