{
    "burst_peak_frequency_fitness": 70.10541234668791,
    "baseline_diff_fitness": 1000,
    "slopeFitness": 1000,
    "BurstVal_fitness": 1000,
    "IBI_fitness": 1000,
    "baselineFitness": 2.623894366133247,
    "rate_fitness": 1000,
    "maxFitness": 1000,
    "average_fitness": 724.6756152446887,
    "average_scaled_fitness": 723.9512925965545
}