{
    "simConfig": {
        "E_L_mean": 18.8,
        "E_L_stdev": 4.37221934618106,
        "E_Ra_mean": 128.0,
        "E_Ra_stdev": 9.314950239990004,
        "E_diam_mean": 18.8,
        "E_diam_stdev": 2.453068763837275,
        "I_L_mean": 9.0,
        "I_L_stdev": 2.6870501852975344,
        "I_Ra_mean": 110.0,
        "I_Ra_stdev": 50.61297739893798,
        "I_diam_mean": 10.0,
        "I_diam_stdev": 0.09865434931029193,
        "addSynMechs": true,
        "allowConnsWithWeight0": true,
        "allowSelfConns": false,
        "analysis": {},
        "backupCfgFile": [],
        "cache_efficient": true,
        "checkErrors": false,
        "compactConnFormat": false,
        "connRandomSecFromList": true,
        "coreneuron": false,
        "createNEURONObj": true,
        "createPyStruct": true,
        "cvode_active": false,
        "cvode_atol": 0.001,
        "distributeSynsUniformly": true,
        "dt": 0.025,
        "dump_coreneuron_model": false,
        "duration": 1000.0,
        "duration_seconds": 90.0,
        "filename": "model_output",
        "gatherOnlySimData": false,
        "gkbar_E": 0.8899613103857253,
        "gkbar_E_std": 0.33757136228405643,
        "gkbar_I": 5.992284908406056,
        "gkbar_I_std": 0.004640262877556919,
        "gnabar_E": 5.148306492452315,
        "gnabar_E_std": 0.7444820880746366,
        "gnabar_I": 0.8281614075486141,
        "gnabar_I_std": 0.7867368561457735,
        "gpu": false,
        "hParams": {
            "celsius": 6.3,
            "clamp_resist": 0.001,
            "v_init": -65.0
        },
        "includeParamsLabel": true,
        "invertedYCoord": true,
        "networkType": "22May24",
        "oneSynPerNetcon": true,
        "printPopAvgRates": [
            100,
            1000.0
        ],
        "printRunTime": false,
        "printSynsAfterRule": false,
        "probEE": 0.6527332954608305,
        "probEE_std": 0.02325292822428543,
        "probEI": 0.7640050327645772,
        "probEI_std": 0.45969167081033624,
        "probIE": 0.049641402723546724,
        "probIE_std": 0.4741095599500063,
        "probII": 0.09832851263808327,
        "probII_std": 0.4636693630792984,
        "probLengthConst": 1930.4755857040211,
        "propVelocity": 1.0,
        "pt3dRelativeToCellLocation": true,
        "rand123GlobalIndex": null,
        "random123": false,
        "recordCells": [
            [
                "E",
                [
                    74,
                    47
                ]
            ],
            [
                "I",
                [
                    38,
                    3
                ]
            ]
        ],
        "recordCellsSpikes": -1,
        "recordDipole": false,
        "recordDipolesHNN": false,
        "recordLFP": [],
        "recordStep": 0.1,
        "recordStim": false,
        "recordTime": true,
        "recordTraces": {
            "soma_voltage": {
                "loc": 0.5,
                "sec": "soma",
                "var": "v"
            }
        },
        "saveCSV": false,
        "saveCellConns": true,
        "saveCellSecs": true,
        "saveDat": false,
        "saveDataInclude": [
            "simData",
            "simConfig",
            "netParams",
            "net"
        ],
        "saveDipoleCells": false,
        "saveDipolePops": false,
        "saveDpk": false,
        "saveFolder": "/pscratch/sd/a/adammwea/2DNetworkSimulations/NERSC/output/240528_Run1_this_does_work/gen_11",
        "saveHDF5": false,
        "saveJson": true,
        "saveLFPCells": false,
        "saveLFPPops": false,
        "saveMat": false,
        "savePickle": false,
        "saveTiming": false,
        "seeds": {
            "cell": 1,
            "conn": 1,
            "loc": 1,
            "stim": 1
        },
        "simLabel": "gen_11_cand_26",
        "tau1_exc": 4.062059451308992,
        "tau1_exc_std": 3.0711660898005886,
        "tau1_inh": 0.8759412311255533,
        "tau1_inh_std": 0.6272460332465739,
        "tau2_exc": 6.143415328738019,
        "tau2_exc_std": 6.551826246946286,
        "tau2_inh": 0.9951501019288749,
        "tau2_inh_std": 9.989644935489798,
        "timestampFilename": false,
        "timing": true,
        "tstop": 1000.0,
        "use_fast_imem": false,
        "validateNetParams": false,
        "verbose": false,
        "weightEE": 1.9865423708418595,
        "weightEE_std": 0.04319405044275315,
        "weightEI": 0.017548342102114756,
        "weightEI_std": 0.2416958660858421,
        "weightIE": 0.7879762251092257,
        "weightIE_std": 0.06554020400682467,
        "weightII": 0.06517590522437042,
        "weightII_std": 0.22533183703031112
    }
}