{
    "simConfig": {
        "E_L_mean": 18.8,
        "E_L_stdev": 8.441878895099627,
        "E_Ra_mean": 128.0,
        "E_Ra_stdev": 26.598177164934263,
        "E_diam_mean": 18.8,
        "E_diam_stdev": 6.225884068819967,
        "I_L_mean": 9.0,
        "I_L_stdev": 0.559022764548454,
        "I_Ra_mean": 110.0,
        "I_Ra_stdev": 38.60561572717892,
        "I_diam_mean": 10.0,
        "I_diam_stdev": 1.9509911374822455,
        "addSynMechs": true,
        "allowConnsWithWeight0": true,
        "allowSelfConns": false,
        "analysis": {},
        "backupCfgFile": [],
        "cache_efficient": true,
        "checkErrors": false,
        "compactConnFormat": false,
        "connRandomSecFromList": true,
        "coreneuron": false,
        "createNEURONObj": true,
        "createPyStruct": true,
        "cvode_active": false,
        "cvode_atol": 0.001,
        "distributeSynsUniformly": true,
        "dt": 0.025,
        "dump_coreneuron_model": false,
        "duration": 1000.0,
        "duration_seconds": 90.0,
        "filename": "model_output",
        "gatherOnlySimData": false,
        "gkbar_E": 0.36512128233031127,
        "gkbar_E_std": 0.05577304674754956,
        "gkbar_I": 7.715316548201146,
        "gkbar_I_std": 0.9884031693081802,
        "gnabar_E": 6.998148208885989,
        "gnabar_E_std": 1.6249430145382493,
        "gnabar_I": 4.871103169962078,
        "gnabar_I_std": 0.8734366248409345,
        "gpu": false,
        "hParams": {
            "celsius": 6.3,
            "clamp_resist": 0.001,
            "v_init": -65.0
        },
        "includeParamsLabel": true,
        "invertedYCoord": true,
        "networkType": "22May24",
        "oneSynPerNetcon": true,
        "printPopAvgRates": [
            100,
            1000.0
        ],
        "printRunTime": false,
        "printSynsAfterRule": false,
        "probEE": 0.6701624027454212,
        "probEE_std": 0.11420486892441352,
        "probEI": 0.9362868967832014,
        "probEI_std": 0.47406581079135257,
        "probIE": 0.6692699660021171,
        "probIE_std": 0.3788207751588307,
        "probII": 0.44629963900984515,
        "probII_std": 0.22784383043915912,
        "probLengthConst": 2999.792447212772,
        "propVelocity": 1.0,
        "pt3dRelativeToCellLocation": true,
        "rand123GlobalIndex": null,
        "random123": false,
        "recordCells": [
            [
                "E",
                [
                    74,
                    47
                ]
            ],
            [
                "I",
                [
                    38,
                    3
                ]
            ]
        ],
        "recordCellsSpikes": -1,
        "recordDipole": false,
        "recordDipolesHNN": false,
        "recordLFP": [],
        "recordStep": 0.1,
        "recordStim": false,
        "recordTime": true,
        "recordTraces": {
            "soma_voltage": {
                "loc": 0.5,
                "sec": "soma",
                "var": "v"
            }
        },
        "saveCSV": false,
        "saveCellConns": true,
        "saveCellSecs": true,
        "saveDat": false,
        "saveDataInclude": [
            "simData",
            "simConfig",
            "netParams",
            "net"
        ],
        "saveDipoleCells": false,
        "saveDipolePops": false,
        "saveDpk": false,
        "saveFolder": "/pscratch/sd/a/adammwea/2DNetworkSimulations/NERSC/output/240528_Run1_this_does_work/gen_11",
        "saveHDF5": false,
        "saveJson": true,
        "saveLFPCells": false,
        "saveLFPPops": false,
        "saveMat": false,
        "savePickle": false,
        "saveTiming": false,
        "seeds": {
            "cell": 1,
            "conn": 1,
            "loc": 1,
            "stim": 1
        },
        "simLabel": "gen_11_cand_19",
        "tau1_exc": 6.407827379852956,
        "tau1_exc_std": 2.6944780111141418,
        "tau1_inh": 4.289318258710711,
        "tau1_inh_std": 1.0521169895169233,
        "tau2_exc": 3.431657675343928,
        "tau2_exc_std": 0.00899870364671207,
        "tau2_inh": 19.044922387547025,
        "tau2_inh_std": 9.73250743784657,
        "timestampFilename": false,
        "timing": true,
        "tstop": 1000.0,
        "use_fast_imem": false,
        "validateNetParams": false,
        "verbose": false,
        "weightEE": 1.8350390951813702,
        "weightEE_std": 0.0019238312111658495,
        "weightEI": 0.6103762105321531,
        "weightEI_std": 0.2604823161433617,
        "weightIE": 0.5185225768566315,
        "weightIE_std": 0.06738883944030816,
        "weightII": 1.336718206083275,
        "weightII_std": 0.14044962316967285
    }
}