{
    "simConfig": {
        "E_L_mean": 18.8,
        "E_L_stdev": 0.4097903324374684,
        "E_Ra_mean": 128.0,
        "E_Ra_stdev": 28.027302494036295,
        "E_diam_mean": 18.8,
        "E_diam_stdev": 0.03731489299658325,
        "I_L_mean": 9.0,
        "I_L_stdev": 1.1883909621170985,
        "I_Ra_mean": 110.0,
        "I_Ra_stdev": 52.8617446089726,
        "I_diam_mean": 10.0,
        "I_diam_stdev": 0.36707157323213513,
        "addSynMechs": true,
        "allowConnsWithWeight0": true,
        "allowSelfConns": false,
        "analysis": {},
        "backupCfgFile": [],
        "cache_efficient": true,
        "checkErrors": false,
        "compactConnFormat": false,
        "connRandomSecFromList": true,
        "coreneuron": false,
        "createNEURONObj": true,
        "createPyStruct": true,
        "cvode_active": false,
        "cvode_atol": 0.001,
        "distributeSynsUniformly": true,
        "dt": 0.025,
        "dump_coreneuron_model": false,
        "duration": 1000.0,
        "duration_seconds": 90.0,
        "filename": "model_output",
        "gatherOnlySimData": false,
        "gkbar_E": 0.9758440874707213,
        "gkbar_E_std": 0.44745617396974946,
        "gkbar_I": 2.9454870999389846,
        "gkbar_I_std": 0.8219181811545322,
        "gnabar_E": 6.860013110738716,
        "gnabar_E_std": 1.5917043550081367,
        "gnabar_I": 0.31539026812233,
        "gnabar_I_std": 0.03135034273923895,
        "gpu": false,
        "hParams": {
            "celsius": 6.3,
            "clamp_resist": 0.001,
            "v_init": -65.0
        },
        "includeParamsLabel": true,
        "invertedYCoord": true,
        "networkType": "22May24",
        "oneSynPerNetcon": true,
        "printPopAvgRates": [
            100,
            1000.0
        ],
        "printRunTime": false,
        "printSynsAfterRule": false,
        "probEE": 0.7466583309095244,
        "probEE_std": 0.36303050394153624,
        "probEI": 0.9994574584904543,
        "probEI_std": 0.47844769787788244,
        "probIE": 0.05865751940538011,
        "probIE_std": 0.028465733955295947,
        "probII": 0.7175417739007035,
        "probII_std": 0.020247166871073474,
        "probLengthConst": 2936.652277896008,
        "propVelocity": 1.0,
        "pt3dRelativeToCellLocation": true,
        "rand123GlobalIndex": null,
        "random123": false,
        "recordCells": [
            [
                "E",
                [
                    74,
                    47
                ]
            ],
            [
                "I",
                [
                    38,
                    3
                ]
            ]
        ],
        "recordCellsSpikes": -1,
        "recordDipole": false,
        "recordDipolesHNN": false,
        "recordLFP": [],
        "recordStep": 0.1,
        "recordStim": false,
        "recordTime": true,
        "recordTraces": {
            "soma_voltage": {
                "loc": 0.5,
                "sec": "soma",
                "var": "v"
            }
        },
        "saveCSV": false,
        "saveCellConns": true,
        "saveCellSecs": true,
        "saveDat": false,
        "saveDataInclude": [
            "simData",
            "simConfig",
            "netParams",
            "net"
        ],
        "saveDipoleCells": false,
        "saveDipolePops": false,
        "saveDpk": false,
        "saveFolder": "/pscratch/sd/a/adammwea/2DNetworkSimulations/NERSC/output/240528_Run1_this_does_work/gen_11",
        "saveHDF5": false,
        "saveJson": true,
        "saveLFPCells": false,
        "saveLFPPops": false,
        "saveMat": false,
        "savePickle": false,
        "saveTiming": false,
        "seeds": {
            "cell": 1,
            "conn": 1,
            "loc": 1,
            "stim": 1
        },
        "simLabel": "gen_11_cand_45",
        "tau1_exc": 7.345372465241979,
        "tau1_exc_std": 0.5246719953739034,
        "tau1_inh": 8.166618904785604,
        "tau1_inh_std": 0.9354058914703562,
        "tau2_exc": 4.509327667807085,
        "tau2_exc_std": 0.004801286017130479,
        "tau2_inh": 3.8421310837599805,
        "tau2_inh_std": 0.02558276734417636,
        "timestampFilename": false,
        "timing": true,
        "tstop": 1000.0,
        "use_fast_imem": false,
        "validateNetParams": false,
        "verbose": false,
        "weightEE": 0.2697767314741236,
        "weightEE_std": 0.001036776976461865,
        "weightEI": 0.3033271930357013,
        "weightEI_std": 0.2833269387587374,
        "weightIE": 0.6473197712947341,
        "weightIE_std": 0.22204225999699023,
        "weightII": 0.7693055223544448,
        "weightII_std": 0.2496555461284997
    }
}