{
    "simConfig": {
        "E_L_mean": 18.8,
        "E_L_stdev": 6.265368235340299,
        "E_Ra_mean": 128.0,
        "E_Ra_stdev": 0.046310284962510655,
        "E_diam_mean": 18.8,
        "E_diam_stdev": 6.242874373794604,
        "I_L_mean": 9.0,
        "I_L_stdev": 0.20867434717569044,
        "I_Ra_mean": 110.0,
        "I_Ra_stdev": 33.61388704166089,
        "I_diam_mean": 10.0,
        "I_diam_stdev": 1.2628994635670034,
        "addSynMechs": true,
        "allowConnsWithWeight0": true,
        "allowSelfConns": false,
        "analysis": {},
        "backupCfgFile": [],
        "cache_efficient": true,
        "checkErrors": false,
        "compactConnFormat": false,
        "connRandomSecFromList": true,
        "coreneuron": false,
        "createNEURONObj": true,
        "createPyStruct": true,
        "cvode_active": false,
        "cvode_atol": 0.001,
        "distributeSynsUniformly": true,
        "dt": 0.025,
        "dump_coreneuron_model": false,
        "duration": 1000.0,
        "duration_seconds": 60.0,
        "filename": "model_output",
        "gatherOnlySimData": false,
        "gkbar_E": 0.02538252637814914,
        "gkbar_E_std": 0.1953760506874696,
        "gkbar_I": 7.331087434799823,
        "gkbar_I_std": 0.1950282819792245,
        "gnabar_E": 4.989606784119392,
        "gnabar_E_std": 0.7302084180018542,
        "gnabar_I": 2.7295354948087276,
        "gnabar_I_std": 0.9802241815912289,
        "gpu": false,
        "hParams": {
            "celsius": 6.3,
            "clamp_resist": 0.001,
            "v_init": -65.0
        },
        "includeParamsLabel": true,
        "invertedYCoord": true,
        "networkType": "22May24",
        "oneSynPerNetcon": true,
        "printPopAvgRates": [
            100,
            1000.0
        ],
        "printRunTime": false,
        "printSynsAfterRule": false,
        "probEE": 0.3592966754274566,
        "probEE_std": 0.02153445711515458,
        "probEI": 0.9004457711541057,
        "probEI_std": 0.30838578461262345,
        "probIE": 0.5267412540351913,
        "probIE_std": 0.3326836382710723,
        "probII": 0.0028392073833466928,
        "probII_std": 0.13986309660740173,
        "probLengthConst": 771.7814685125531,
        "propVelocity": 1.0,
        "pt3dRelativeToCellLocation": true,
        "rand123GlobalIndex": null,
        "random123": false,
        "recordCells": [
            [
                "E",
                [
                    16,
                    79
                ]
            ],
            [
                "I",
                [
                    28,
                    1
                ]
            ]
        ],
        "recordCellsSpikes": -1,
        "recordDipole": false,
        "recordDipolesHNN": false,
        "recordLFP": [],
        "recordStep": 0.1,
        "recordStim": false,
        "recordTime": true,
        "recordTraces": {
            "soma_voltage": {
                "loc": 0.5,
                "sec": "soma",
                "var": "v"
            }
        },
        "saveCSV": false,
        "saveCellConns": true,
        "saveCellSecs": true,
        "saveDat": false,
        "saveDataInclude": [
            "simData",
            "simConfig",
            "netParams",
            "net"
        ],
        "saveDipoleCells": false,
        "saveDipolePops": false,
        "saveDpk": false,
        "saveFolder": "/pscratch/sd/a/adammwea/2DNetworkSimulations/NERSC/output/240527_Run3_this_should_work/gen_11",
        "saveHDF5": false,
        "saveJson": true,
        "saveLFPCells": false,
        "saveLFPPops": false,
        "saveMat": false,
        "savePickle": false,
        "saveTiming": false,
        "seeds": {
            "cell": 1,
            "conn": 1,
            "loc": 1,
            "stim": 1
        },
        "simLabel": "gen_11_cand_52",
        "tau1_exc": 2.979973223469711,
        "tau1_exc_std": 0.21066400087545256,
        "tau1_inh": 9.478332818385145,
        "tau1_inh_std": 2.223556471358469,
        "tau2_exc": 13.7530963237915,
        "tau2_exc_std": 6.664874354409471,
        "tau2_inh": 4.854397135309359,
        "tau2_inh_std": 6.648034898702553,
        "timestampFilename": false,
        "timing": true,
        "tstop": 1000.0,
        "use_fast_imem": false,
        "validateNetParams": false,
        "verbose": false,
        "weightEE": 0.4366260867490736,
        "weightEE_std": 0.32347568113648506,
        "weightEI": 0.27730946027110615,
        "weightEI_std": 0.33080673433226576,
        "weightIE": 0.3982844205067364,
        "weightIE_std": 0.03263491903749466,
        "weightII": 0.23723894755627853,
        "weightII_std": 0.16597947274159952
    }
}