{
    "simConfig": {
        "E_L_mean": 18.8,
        "E_L_stdev": 6.238480256069048,
        "E_Ra_mean": 128.0,
        "E_Ra_stdev": 5.332370321579546,
        "E_diam_mean": 18.8,
        "E_diam_stdev": 2.2644963885911484,
        "I_L_mean": 9.0,
        "I_L_stdev": 1.00963180321385,
        "I_Ra_mean": 110.0,
        "I_Ra_stdev": 30.870737638476463,
        "I_diam_mean": 10.0,
        "I_diam_stdev": 3.163269632810734,
        "addSynMechs": true,
        "allowConnsWithWeight0": true,
        "allowSelfConns": false,
        "analysis": {},
        "backupCfgFile": [],
        "cache_efficient": true,
        "checkErrors": false,
        "compactConnFormat": false,
        "connRandomSecFromList": true,
        "coreneuron": false,
        "createNEURONObj": true,
        "createPyStruct": true,
        "cvode_active": false,
        "cvode_atol": 0.001,
        "distributeSynsUniformly": true,
        "dt": 0.025,
        "dump_coreneuron_model": false,
        "duration": 1000.0,
        "duration_seconds": 60.0,
        "filename": "model_output",
        "gatherOnlySimData": false,
        "gkbar_E": 0.6654301766924154,
        "gkbar_E_std": 0.06633242064683252,
        "gkbar_I": 5.250887321391887,
        "gkbar_I_std": 2.2223007523855705,
        "gnabar_E": 4.903466178522185,
        "gnabar_E_std": 1.4177924867592333,
        "gnabar_I": 2.403993581964307,
        "gnabar_I_std": 0.9188366091242138,
        "gpu": false,
        "hParams": {
            "celsius": 6.3,
            "clamp_resist": 0.001,
            "v_init": -65.0
        },
        "includeParamsLabel": true,
        "invertedYCoord": true,
        "networkType": "22May24",
        "oneSynPerNetcon": true,
        "printPopAvgRates": [
            100,
            1000.0
        ],
        "printRunTime": false,
        "printSynsAfterRule": false,
        "probEE": 0.8512244598240841,
        "probEE_std": 0.2828283350117363,
        "probEI": 0.8023388295858169,
        "probEI_std": 0.32560805013504185,
        "probIE": 0.5592109115742852,
        "probIE_std": 0.1990483133924627,
        "probII": 0.5836053017082521,
        "probII_std": 0.22085824628697473,
        "probLengthConst": 771.1517678919772,
        "propVelocity": 1.0,
        "pt3dRelativeToCellLocation": true,
        "rand123GlobalIndex": null,
        "random123": false,
        "recordCells": [
            [
                "E",
                [
                    16,
                    79
                ]
            ],
            [
                "I",
                [
                    28,
                    1
                ]
            ]
        ],
        "recordCellsSpikes": -1,
        "recordDipole": false,
        "recordDipolesHNN": false,
        "recordLFP": [],
        "recordStep": 0.1,
        "recordStim": false,
        "recordTime": true,
        "recordTraces": {
            "soma_voltage": {
                "loc": 0.5,
                "sec": "soma",
                "var": "v"
            }
        },
        "saveCSV": false,
        "saveCellConns": true,
        "saveCellSecs": true,
        "saveDat": false,
        "saveDataInclude": [
            "simData",
            "simConfig",
            "netParams",
            "net"
        ],
        "saveDipoleCells": false,
        "saveDipolePops": false,
        "saveDpk": false,
        "saveFolder": "/pscratch/sd/a/adammwea/2DNetworkSimulations/NERSC/output/240527_Run3_this_should_work/gen_11",
        "saveHDF5": false,
        "saveJson": true,
        "saveLFPCells": false,
        "saveLFPPops": false,
        "saveMat": false,
        "savePickle": false,
        "saveTiming": false,
        "seeds": {
            "cell": 1,
            "conn": 1,
            "loc": 1,
            "stim": 1
        },
        "simLabel": "gen_11_cand_16",
        "tau1_exc": 7.7441337767187015,
        "tau1_exc_std": 0.0008060808322309732,
        "tau1_inh": 0.07163918356707134,
        "tau1_inh_std": 1.4402392081533357,
        "tau2_exc": 19.94151249206217,
        "tau2_exc_std": 6.579939949081709,
        "tau2_inh": 17.573351418457307,
        "tau2_inh_std": 0.7307200824791606,
        "timestampFilename": false,
        "timing": true,
        "tstop": 1000.0,
        "use_fast_imem": false,
        "validateNetParams": false,
        "verbose": false,
        "weightEE": 0.2173506698010585,
        "weightEE_std": 0.12974221646409967,
        "weightEI": 0.2616954644483147,
        "weightEI_std": 0.015319285441474324,
        "weightIE": 0.6909038769282969,
        "weightIE_std": 0.3107434144545788,
        "weightII": 0.4502761861542635,
        "weightII_std": 0.15094050009591908
    }
}