{
    "simConfig": {
        "E_L_mean": 18.8,
        "E_L_stdev": 4.0785462970632675,
        "E_Ra_mean": 128.0,
        "E_Ra_stdev": 30.034136149434985,
        "E_diam_mean": 18.8,
        "E_diam_stdev": 0.5241039617419746,
        "I_L_mean": 9.0,
        "I_L_stdev": 2.7715271573783165,
        "I_Ra_mean": 110.0,
        "I_Ra_stdev": 36.664441967802624,
        "I_diam_mean": 10.0,
        "I_diam_stdev": 3.186092859578186,
        "addSynMechs": true,
        "allowConnsWithWeight0": true,
        "allowSelfConns": false,
        "analysis": {},
        "backupCfgFile": [],
        "cache_efficient": true,
        "checkErrors": false,
        "compactConnFormat": false,
        "connRandomSecFromList": true,
        "coreneuron": false,
        "createNEURONObj": true,
        "createPyStruct": true,
        "cvode_active": false,
        "cvode_atol": 0.001,
        "distributeSynsUniformly": true,
        "dt": 0.025,
        "dump_coreneuron_model": false,
        "duration": 1000.0,
        "duration_seconds": 60.0,
        "filename": "model_output",
        "gatherOnlySimData": false,
        "gkbar_E": 0.14174860027857272,
        "gkbar_E_std": 0.2537022998245671,
        "gkbar_I": 0.45377326119941497,
        "gkbar_I_std": 2.2908166320175405,
        "gnabar_E": 3.8662796778055766,
        "gnabar_E_std": 0.8509112470988459,
        "gnabar_I": 2.678130123018522,
        "gnabar_I_std": 0.9998832095762319,
        "gpu": false,
        "hParams": {
            "celsius": 6.3,
            "clamp_resist": 0.001,
            "v_init": -65.0
        },
        "includeParamsLabel": true,
        "invertedYCoord": true,
        "networkType": "22May24",
        "oneSynPerNetcon": true,
        "printPopAvgRates": [
            100,
            1000.0
        ],
        "printRunTime": false,
        "printSynsAfterRule": false,
        "probEE": 0.6706191456242614,
        "probEE_std": 0.07755471736836295,
        "probEI": 0.9483213131173378,
        "probEI_std": 0.33223444961619464,
        "probIE": 1.8319700890071823e-05,
        "probIE_std": 0.3175731303740468,
        "probII": 0.9790258128264455,
        "probII_std": 0.1403866787077681,
        "probLengthConst": 2713.397530446451,
        "propVelocity": 1.0,
        "pt3dRelativeToCellLocation": true,
        "rand123GlobalIndex": null,
        "random123": false,
        "recordCells": [
            [
                "E",
                [
                    16,
                    79
                ]
            ],
            [
                "I",
                [
                    28,
                    1
                ]
            ]
        ],
        "recordCellsSpikes": -1,
        "recordDipole": false,
        "recordDipolesHNN": false,
        "recordLFP": [],
        "recordStep": 0.1,
        "recordStim": false,
        "recordTime": true,
        "recordTraces": {
            "soma_voltage": {
                "loc": 0.5,
                "sec": "soma",
                "var": "v"
            }
        },
        "saveCSV": false,
        "saveCellConns": true,
        "saveCellSecs": true,
        "saveDat": false,
        "saveDataInclude": [
            "simData",
            "simConfig",
            "netParams",
            "net"
        ],
        "saveDipoleCells": false,
        "saveDipolePops": false,
        "saveDpk": false,
        "saveFolder": "/pscratch/sd/a/adammwea/2DNetworkSimulations/NERSC/output/240527_Run3_this_should_work/gen_11",
        "saveHDF5": false,
        "saveJson": true,
        "saveLFPCells": false,
        "saveLFPPops": false,
        "saveMat": false,
        "savePickle": false,
        "saveTiming": false,
        "seeds": {
            "cell": 1,
            "conn": 1,
            "loc": 1,
            "stim": 1
        },
        "simLabel": "gen_11_cand_51",
        "tau1_exc": 8.148243489266966e-05,
        "tau1_exc_std": 1.0285739227995445,
        "tau1_inh": 3.486381504768458,
        "tau1_inh_std": 0.25805311740512205,
        "tau2_exc": 11.230887635985132,
        "tau2_exc_std": 2.1929116095811634,
        "tau2_inh": 17.74435223205148,
        "tau2_inh_std": 0.5163384257744337,
        "timestampFilename": false,
        "timing": true,
        "tstop": 1000.0,
        "use_fast_imem": false,
        "validateNetParams": false,
        "verbose": false,
        "weightEE": 0.9506719373587432,
        "weightEE_std": 0.0020967042162886177,
        "weightEI": 0.7062293844617878,
        "weightEI_std": 0.30428562700271733,
        "weightIE": 0.12307185783990437,
        "weightIE_std": 0.26258370166945905,
        "weightII": 0.2626042526634622,
        "weightII_std": 0.10146463559087544
    }
}