{
    "BigBurstVal_Fitness": {
        "Value": 3761.377720144555,
        "Fit": 1000.0
    },
    "numBig_Fitness": {
        "Value": 7,
        "Percent": 100.0,
        "Fit": 1000
    },
    "SmallBurstVal_Fitness": {
        "Value": null,
        "Fit": 1000
    },
    "numSmall_Fitness": {
        "Value": 0,
        "Percent": 0.0,
        "Fit": 1000
    },
    "burst_peak_frequency_fitness": {
        "Value": 0.47619047619047616,
        "Fit": 1.4330812404782731
    },
    "IBI_fitness": {
        "Value": 2.35,
        "Fit": 1.0005819279640842
    },
    "baseline_fitness": {
        "Value": 3000.973800461171,
        "Fit": 1000
    },
    "slopeFitness": {
        "Value": -4.4057175840457115,
        "Fit": 82.1227514441776
    },
    "thresh": {
        "Value": 3078.5615342411515,
        "Fit": 1000
    },
    "sustain_oscillation_fitness": {
        "Value": 96.68874172185431,
        "Fit": 325.612947795735
    },
    "E_rate_fitness": {
        "Value": 20.027777777777775,
        "Fit": 1000
    },
    "I_rate_fitness": {
        "Value": 1.5462962962962963,
        "Fit": 1000
    },
    "maxFitness": 1000,
    "average_fitness": 700.8474468673629,
    "average_scaled_fitness": 0.7005478204281937
}