{
    "BigBurstVal_Fitness": {
        "Value": 4963.857129627409,
        "Fit": 1000.0
    },
    "numBig_Fitness": {
        "Value": 2,
        "Percent": 100.0,
        "Fit": 1000
    },
    "SmallBurstVal_Fitness": {
        "Value": null,
        "Fit": 1000
    },
    "numSmall_Fitness": {
        "Value": 0,
        "Percent": 0.0,
        "Fit": 1000
    },
    "burst_peak_frequency_fitness": {
        "Value": 0.6666666666666666,
        "Fit": 1.733778325642695
    },
    "IBI_fitness": {
        "Value": 2.5000000000000004,
        "Fit": 1.0005683638062235
    },
    "baseline_fitness": {
        "Value": 2675.444283566033,
        "Fit": 1000
    },
    "slopeFitness": {
        "Value": -118.68612752905469,
        "Fit": 1000
    },
    "thresh": {
        "Value": 2276.439382548135,
        "Fit": 1000
    },
    "sustain_oscillation_fitness": {
        "Value": 19.867549668874172,
        "Fit": 1000
    },
    "E_rate_fitness": {
        "Value": 16.47222222222222,
        "Fit": 1000
    },
    "I_rate_fitness": {
        "Value": 4.425925925925926,
        "Fit": 1.32914940214154
    },
    "maxFitness": 1000,
    "average_fitness": 750.3386246742992,
    "average_scaled_fitness": 0.7500885712048934
}