{
    "BigBurstVal_Fitness": {
        "Value": 11159.722130331884,
        "Fit": 1000.0
    },
    "numBig_Fitness": {
        "Value": 4,
        "Percent": 100.0,
        "Fit": 1000
    },
    "SmallBurstVal_Fitness": {
        "Value": null,
        "Fit": 1000
    },
    "numSmall_Fitness": {
        "Value": 0,
        "Percent": 0.0,
        "Fit": 1000
    },
    "burst_peak_frequency_fitness": {
        "Value": 0.273972602739726,
        "Fit": 1.1707083188746092
    },
    "IBI_fitness": {
        "Value": 3.8333333333333335,
        "Fit": 1.0004478814857072
    },
    "baseline_fitness": {
        "Value": 10645.303302782066,
        "Fit": 1000
    },
    "slopeFitness": {
        "Value": -2.517229648673849,
        "Fit": 12.425206125007607
    },
    "thresh": {
        "Value": 10437.75368964581,
        "Fit": 1000
    },
    "sustain_oscillation_fitness": {
        "Value": 93.37748344370861,
        "Fit": 11.875187284818281
    },
    "E_rate_fitness": {
        "Value": 29.769841269841272,
        "Fit": 1000
    },
    "I_rate_fitness": {
        "Value": 4.9907407407407405,
        "Fit": 1.3234945495149208
    },
    "maxFitness": 1000,
    "average_fitness": 585.6495870133084,
    "average_scaled_fitness": 0.5852346358834645
}