{
    "burstAmp_Fitness": {
        "Value": 0.11112432708042519,
        "Fit": 1000.0
    },
    "burst_peak_frequency_fitness": {
        "Value": 0.2517306482064191,
        "Fit": 1.6316897115872893
    },
    "IBI_fitness": {
        "Value": 1627.5,
        "Fit": 2.645263038297227
    },
    "baseline_fitness": {
        "Value": 16.893747541602224,
        "Fit": 1000
    },
    "slopeFitness": {
        "Value": 1.2288888944371543e-05,
        "Fit": 1.0000245780799248
    },
    "thresh": {
        "Value": 16.78785136164401,
        "Fit": 1000
    },
    "sustain_oscillation_fitness": {
        "Value": 92.25484072454717,
        "Fit": 4.706911004046382
    },
    "E_rate_fitness": {
        "Value": 57.583333333333336,
        "Fit": 1000
    },
    "I_rate_fitness": {
        "Value": 0.21296296296296297,
        "Fit": 1000
    },
    "maxFitness": 1000,
    "average_fitness": 556.6648764813345,
    "average_scaled_fitness": 556.2210866607617
}