{
    "simConfig": {
        "E_L_mean": 18.8,
        "E_L_stdev": 3.2700587652188964,
        "E_Ra_mean": 128.0,
        "E_Ra_stdev": 61.64852239934258,
        "E_diam_mean": 18.8,
        "E_diam_stdev": 6.039078693811991,
        "I_L_mean": 9.0,
        "I_L_stdev": 1.7605312700350364,
        "I_Ra_mean": 110.0,
        "I_Ra_stdev": 46.74855839369016,
        "I_diam_mean": 10.0,
        "I_diam_stdev": 1.2435405334130512,
        "addSynMechs": true,
        "allowConnsWithWeight0": true,
        "allowSelfConns": false,
        "analysis": {},
        "backupCfgFile": [],
        "cache_efficient": true,
        "checkErrors": false,
        "compactConnFormat": false,
        "connRandomSecFromList": true,
        "coreneuron": false,
        "createNEURONObj": true,
        "createPyStruct": true,
        "cvode_active": false,
        "cvode_atol": 0.001,
        "distributeSynsUniformly": true,
        "dt": 0.025,
        "dump_coreneuron_model": false,
        "duration": 1000.0,
        "duration_seconds": 300.0,
        "filename": "model_output",
        "gatherOnlySimData": false,
        "gkbar_E": 0.07122775629559863,
        "gkbar_E_std": 0.056101264849210075,
        "gkbar_I": 9.805244205383728,
        "gkbar_I_std": 1.1145276747165314,
        "gnabar_E": 6.846267764988938,
        "gnabar_E_std": 1.5923650457281062,
        "gnabar_I": 0.3751483415558942,
        "gnabar_I_std": 0.7983469438070745,
        "gpu": false,
        "hParams": {
            "celsius": 6.3,
            "clamp_resist": 0.001,
            "v_init": -65.0
        },
        "includeParamsLabel": true,
        "invertedYCoord": true,
        "networkType": "22May24",
        "oneSynPerNetcon": true,
        "printPopAvgRates": [
            100,
            1000.0
        ],
        "printRunTime": false,
        "printSynsAfterRule": false,
        "probEE": 0.13459539754745484,
        "probEE_std": 0.037922640057468274,
        "probEI": 0.42067230478922296,
        "probEI_std": 0.3515210203982879,
        "probIE": 0.0749431179835301,
        "probIE_std": 0.1286211360057467,
        "probII": 0.7417840854796922,
        "probII_std": 0.011669110006147954,
        "probLengthConst": 2586.672052711441,
        "propVelocity": 1.0,
        "pt3dRelativeToCellLocation": true,
        "rand123GlobalIndex": null,
        "random123": false,
        "recordCells": [
            [
                "E",
                [
                    65,
                    58
                ]
            ],
            [
                "I",
                [
                    22,
                    34
                ]
            ]
        ],
        "recordCellsSpikes": -1,
        "recordDipole": false,
        "recordDipolesHNN": false,
        "recordLFP": [],
        "recordStep": 0.1,
        "recordStim": false,
        "recordTime": true,
        "recordTraces": {
            "soma_voltage": {
                "loc": 0.5,
                "sec": "soma",
                "var": "v"
            }
        },
        "saveCSV": false,
        "saveCellConns": true,
        "saveCellSecs": true,
        "saveDat": false,
        "saveDataInclude": [
            "simData",
            "simConfig",
            "netParams",
            "net"
        ],
        "saveDipoleCells": false,
        "saveDipolePops": false,
        "saveDpk": false,
        "saveFolder": "/pscratch/sd/a/adammwea/2DNetworkSimulations/NERSC/output/240530_Run1_8nodes/gen_5",
        "saveHDF5": false,
        "saveJson": true,
        "saveLFPCells": false,
        "saveLFPPops": false,
        "saveMat": false,
        "savePickle": false,
        "saveTiming": false,
        "seeds": {
            "cell": 1,
            "conn": 1,
            "loc": 1,
            "stim": 1
        },
        "simLabel": "gen_5_cand_47",
        "tau1_exc": 0.6821095737123865,
        "tau1_exc_std": 0.0029251589334639474,
        "tau1_inh": 9.29176396286137,
        "tau1_inh_std": 2.477012352922702,
        "tau2_exc": 18.550332575480624,
        "tau2_exc_std": 1.9085564098067487,
        "tau2_inh": 1.373152908225879,
        "tau2_inh_std": 5.023495052698841,
        "timestampFilename": false,
        "timing": true,
        "tstop": 1000.0,
        "use_fast_imem": false,
        "validateNetParams": false,
        "verbose": false,
        "weightEE": 1.6818728469643536,
        "weightEE_std": 0.419727485921645,
        "weightEI": 1.3138799406540624,
        "weightEI_std": 0.3017897680071806,
        "weightIE": 0.02362398772036179,
        "weightIE_std": 0.27511974474376666,
        "weightII": 0.027386189844163647,
        "weightII_std": 0.15547124359623468
    }
}