{
    "simConfig": {
        "E_L_mean": 18.8,
        "E_L_stdev": 7.789668609212803,
        "E_Ra_mean": 128.0,
        "E_Ra_stdev": 43.322428699626485,
        "E_diam_mean": 18.8,
        "E_diam_stdev": 5.761736043385495,
        "I_L_mean": 9.0,
        "I_L_stdev": 1.1129090867920977,
        "I_Ra_mean": 110.0,
        "I_Ra_stdev": 54.597792501805316,
        "I_diam_mean": 10.0,
        "I_diam_stdev": 0.20556854667675428,
        "addSynMechs": true,
        "allowConnsWithWeight0": true,
        "allowSelfConns": false,
        "analysis": {},
        "backupCfgFile": [],
        "cache_efficient": true,
        "checkErrors": false,
        "compactConnFormat": false,
        "connRandomSecFromList": true,
        "coreneuron": false,
        "createNEURONObj": true,
        "createPyStruct": true,
        "cvode_active": false,
        "cvode_atol": 0.001,
        "distributeSynsUniformly": true,
        "dt": 0.025,
        "dump_coreneuron_model": false,
        "duration": 1000.0,
        "duration_seconds": 300.0,
        "filename": "model_output",
        "gatherOnlySimData": false,
        "gkbar_E": 0.9922691321431512,
        "gkbar_E_std": 0.1414732626912966,
        "gkbar_I": 4.750197831918596,
        "gkbar_I_std": 1.5064831142566295,
        "gnabar_E": 1.036124346312309,
        "gnabar_E_std": 0.2155496530953181,
        "gnabar_I": 0.8863430748628061,
        "gnabar_I_std": 0.5941309254471226,
        "gpu": false,
        "hParams": {
            "celsius": 6.3,
            "clamp_resist": 0.001,
            "v_init": -65.0
        },
        "includeParamsLabel": true,
        "invertedYCoord": true,
        "networkType": "22May24",
        "oneSynPerNetcon": true,
        "printPopAvgRates": [
            100,
            1000.0
        ],
        "printRunTime": false,
        "printSynsAfterRule": false,
        "probEE": 0.1963270098293491,
        "probEE_std": 0.27300611014648013,
        "probEI": 0.5549052688192678,
        "probEI_std": 0.05846468568579257,
        "probIE": 0.044019619270342036,
        "probIE_std": 0.35122031828618855,
        "probII": 0.5409109488524614,
        "probII_std": 0.49822216004391373,
        "probLengthConst": 196.88941008841982,
        "propVelocity": 1.0,
        "pt3dRelativeToCellLocation": true,
        "rand123GlobalIndex": null,
        "random123": false,
        "recordCells": [
            [
                "E",
                [
                    65,
                    58
                ]
            ],
            [
                "I",
                [
                    22,
                    34
                ]
            ]
        ],
        "recordCellsSpikes": -1,
        "recordDipole": false,
        "recordDipolesHNN": false,
        "recordLFP": [],
        "recordStep": 0.1,
        "recordStim": false,
        "recordTime": true,
        "recordTraces": {
            "soma_voltage": {
                "loc": 0.5,
                "sec": "soma",
                "var": "v"
            }
        },
        "saveCSV": false,
        "saveCellConns": true,
        "saveCellSecs": true,
        "saveDat": false,
        "saveDataInclude": [
            "simData",
            "simConfig",
            "netParams",
            "net"
        ],
        "saveDipoleCells": false,
        "saveDipolePops": false,
        "saveDpk": false,
        "saveFolder": "/pscratch/sd/a/adammwea/2DNetworkSimulations/NERSC/output/240530_Run1_8nodes/gen_5",
        "saveHDF5": false,
        "saveJson": true,
        "saveLFPCells": false,
        "saveLFPPops": false,
        "saveMat": false,
        "savePickle": false,
        "saveTiming": false,
        "seeds": {
            "cell": 1,
            "conn": 1,
            "loc": 1,
            "stim": 1
        },
        "simLabel": "gen_5_cand_13",
        "tau1_exc": 0.007589481273017562,
        "tau1_exc_std": 0.2657637551635941,
        "tau1_inh": 5.284207660410565,
        "tau1_inh_std": 0.9450824077238216,
        "tau2_exc": 29.664897849624815,
        "tau2_exc_std": 3.8468305932113083,
        "tau2_inh": 18.921930503595604,
        "tau2_inh_std": 0.2930477144332384,
        "timestampFilename": false,
        "timing": true,
        "tstop": 1000.0,
        "use_fast_imem": false,
        "validateNetParams": false,
        "verbose": false,
        "weightEE": 1.3595427386013559,
        "weightEE_std": 0.10679838650983216,
        "weightEI": 0.6542866707545072,
        "weightEI_std": 0.32430773169114324,
        "weightIE": 0.634780917081707,
        "weightIE_std": 0.08699737668910983,
        "weightII": 1.663909539842412e-05,
        "weightII_std": 0.2485506937298051
    }
}