{
    "burstAmp_Fitness": 513.5502186235384,
    "burst_peak_frequency_fitness": 7.693717143552359,
    "IBI_fitness": 1.5920141888871011,
    "baselineFitness": 1000,
    "slopeFitness": 1.136828601154638,
    "thresh": 1000,
    "sustain_fit": 1000,
    "rate_fitness": 503.3553514637841,
    "maxFitness": 1000,
    "average_fitness": 503.41601625261455,
    "average_scaled_fitness": 502.8508428717513
}