{
    "BigBurstVal_Fitness": {
        "Value": 6092.166559033438,
        "Fit": 1000.0
    },
    "numBig_Fitness": {
        "Value": 5,
        "Percent": 100.0,
        "Fit": 1000
    },
    "SmallBurstVal_Fitness": {
        "Value": null,
        "Fit": 1000
    },
    "numSmall_Fitness": {
        "Value": 0,
        "Percent": 0.0,
        "Fit": 1000
    },
    "burst_peak_frequency_fitness": {
        "Value": 0.3424657534246575,
        "Fit": 1.2537036832771924
    },
    "IBI_fitness": {
        "Value": 1.9500000000000002,
        "Fit": 1.0006180863464396
    },
    "baseline_fitness": {
        "Value": 6062.198057853209,
        "Fit": 1000
    },
    "slopeFitness": {
        "Value": -2.22839409070338,
        "Fit": 9.308161569409439
    },
    "thresh": {
        "Value": 5936.747538732168,
        "Fit": 1000
    },
    "sustain_oscillation_fitness": {
        "Value": 85.43046357615894,
        "Fit": 238.07095188332525
    },
    "E_rate_fitness": {
        "Value": 14.80952380952381,
        "Fit": 1000
    },
    "I_rate_fitness": {
        "Value": 6.6574074074074066,
        "Fit": 7.0072287242580575
    },
    "maxFitness": 1000,
    "average_fitness": 604.7200553288848,
    "average_scaled_fitness": 0.6043241349019368
}