{
    "BigBurstVal_Fitness": {
        "Value": 8855.32259743349,
        "Fit": 1000.0
    },
    "numBig_Fitness": {
        "Value": 12,
        "Percent": 100.0,
        "Fit": 1000
    },
    "SmallBurstVal_Fitness": {
        "Value": null,
        "Fit": 1000
    },
    "numSmall_Fitness": {
        "Value": 0,
        "Percent": 0.0,
        "Fit": 1000
    },
    "burst_peak_frequency_fitness": {
        "Value": 0.821917808219178,
        "Fit": 2.024968554620658
    },
    "IBI_fitness": {
        "Value": 1.281818181818182,
        "Fit": 1.0006784770610986
    },
    "baseline_fitness": {
        "Value": 8654.22211871824,
        "Fit": 1000
    },
    "slopeFitness": {
        "Value": -1.2535908023208564,
        "Fit": 3.5116580857155806
    },
    "thresh": {
        "Value": 8548.932283741315,
        "Fit": 1000
    },
    "sustain_oscillation_fitness": {
        "Value": 94.70198675496688,
        "Fit": 44.654470808871295
    },
    "E_rate_fitness": {
        "Value": 28.289682539682538,
        "Fit": 1000
    },
    "I_rate_fitness": {
        "Value": 7.138888888888888,
        "Fit": 11.340992001827157
    },
    "maxFitness": 1000,
    "average_fitness": 588.5443973273414,
    "average_scaled_fitness": 0.5881322501346555
}