{
    "BigBurstVal_Fitness": {
        "Value": 4767.19230646697,
        "Fit": 1000.0
    },
    "numBig_Fitness": {
        "Value": 1,
        "Percent": 100.0,
        "Fit": 1000
    },
    "SmallBurstVal_Fitness": {
        "Value": null,
        "Fit": 1000
    },
    "numSmall_Fitness": {
        "Value": 0,
        "Percent": 0.0,
        "Fit": 1000
    },
    "burst_peak_frequency_fitness": {
        "Value": 0.06756756756756756,
        "Fit": 1.0500061998762726
    },
    "IBI_fitness": {
        "Value": null,
        "Fit": 1000
    },
    "baseline_fitness": {
        "Value": 4583.6177779714135,
        "Fit": 1000
    },
    "slopeFitness": {
        "Value": 1.4110629134627939,
        "Fit": 4.090083562412564
    },
    "thresh": {
        "Value": 4106.976237813563,
        "Fit": 1000
    },
    "sustain_oscillation_fitness": {
        "Value": 72.84768211920529,
        "Fit": 1000
    },
    "E_rate_fitness": {
        "Value": 1.2261904761904763,
        "Fit": 1.4173994360116313
    },
    "I_rate_fitness": {
        "Value": 0.11111111111111112,
        "Fit": 1000
    },
    "maxFitness": 1000,
    "average_fitness": 750.5464574331918,
    "average_scaled_fitness": 0.7502842543520546
}