{
    "BigBurstVal_Fitness": {
        "Value": 4056.984937615299,
        "Fit": 1000.0
    },
    "numBig_Fitness": {
        "Value": 5,
        "Percent": 100.0,
        "Fit": 1000
    },
    "SmallBurstVal_Fitness": {
        "Value": null,
        "Fit": 1000
    },
    "numSmall_Fitness": {
        "Value": 0,
        "Percent": 0.0,
        "Fit": 1000
    },
    "burst_peak_frequency_fitness": {
        "Value": 0.3401360544217687,
        "Fit": 1.2507863306525875
    },
    "IBI_fitness": {
        "Value": 2.95,
        "Fit": 1.0005277031540514
    },
    "baseline_fitness": {
        "Value": 3954.533270085564,
        "Fit": 1000
    },
    "slopeFitness": {
        "Value": 0.514999547751729,
        "Fit": 1.6694630287326595
    },
    "thresh": {
        "Value": 3862.814868861098,
        "Fit": 1000
    },
    "sustain_oscillation_fitness": {
        "Value": 92.71523178807946,
        "Fit": 6.12390194161218
    },
    "E_rate_fitness": {
        "Value": 8.297619047619047,
        "Fit": 1000
    },
    "I_rate_fitness": {
        "Value": 3.2685185185185186,
        "Fit": 4.228919815922364
    },
    "maxFitness": 1000,
    "average_fitness": 584.5227999016729,
    "average_scaled_fitness": 0.5841066871205806
}