{
    "simConfig": {
        "E_L_mean": 18.8,
        "E_L_stdev": 4.891266209121772,
        "E_Ra_mean": 128.0,
        "E_Ra_stdev": 11.16414832462991,
        "E_diam_mean": 18.8,
        "E_diam_stdev": 0.278503447722647,
        "I_L_mean": 9.0,
        "I_L_stdev": 1.1239429545309074,
        "I_Ra_mean": 110.0,
        "I_Ra_stdev": 14.916377159130278,
        "I_diam_mean": 10.0,
        "I_diam_stdev": 0.274753257303718,
        "addSynMechs": true,
        "allowConnsWithWeight0": true,
        "allowSelfConns": false,
        "analysis": {},
        "backupCfgFile": [],
        "cache_efficient": true,
        "checkErrors": false,
        "compactConnFormat": false,
        "connRandomSecFromList": true,
        "coreneuron": false,
        "createNEURONObj": true,
        "createPyStruct": true,
        "cvode_active": false,
        "cvode_atol": 0.001,
        "distributeSynsUniformly": true,
        "dt": 0.025,
        "dump_coreneuron_model": false,
        "duration": 1000.0,
        "duration_seconds": 300.0,
        "filename": "model_output",
        "gatherOnlySimData": false,
        "gkbar_E": 0.30326586919706594,
        "gkbar_E_std": 0.06321268266755634,
        "gkbar_I": 3.2511557621890956,
        "gkbar_I_std": 0.31421343041471317,
        "gnabar_E": 1.1575309296264122,
        "gnabar_E_std": 1.5481297881206466,
        "gnabar_I": 3.305215478695507,
        "gnabar_I_std": 0.11687172607927059,
        "gpu": false,
        "hParams": {
            "celsius": 6.3,
            "clamp_resist": 0.001,
            "v_init": -65.0
        },
        "includeParamsLabel": true,
        "invertedYCoord": true,
        "networkType": "22May24",
        "oneSynPerNetcon": true,
        "printPopAvgRates": [
            100,
            1000.0
        ],
        "printRunTime": false,
        "printSynsAfterRule": false,
        "probEE": 0.6971371969287721,
        "probEE_std": 0.09338711580566536,
        "probEI": 0.6705895447592678,
        "probEI_std": 0.20161391509699603,
        "probIE": 0.538070498837492,
        "probIE_std": 0.16860897393210517,
        "probII": 0.7143620211851767,
        "probII_std": 0.4978932892854728,
        "probLengthConst": 712.6147124559795,
        "propVelocity": 1.0,
        "pt3dRelativeToCellLocation": true,
        "rand123GlobalIndex": null,
        "random123": false,
        "recordCells": [
            [
                "E",
                [
                    24,
                    73
                ]
            ],
            [
                "I",
                [
                    41,
                    25
                ]
            ]
        ],
        "recordCellsSpikes": -1,
        "recordDipole": false,
        "recordDipolesHNN": false,
        "recordLFP": [],
        "recordStep": 0.1,
        "recordStim": false,
        "recordTime": true,
        "recordTraces": {
            "soma_voltage": {
                "loc": 0.5,
                "sec": "soma",
                "var": "v"
            }
        },
        "saveCSV": false,
        "saveCellConns": true,
        "saveCellSecs": true,
        "saveDat": false,
        "saveDataInclude": [
            "simData",
            "simConfig",
            "netParams",
            "net"
        ],
        "saveDipoleCells": false,
        "saveDipolePops": false,
        "saveDpk": false,
        "saveFolder": "/pscratch/sd/a/adammwea/2DNetworkSimulations/NERSC/output/240529_Run1_8nodes/gen_6",
        "saveHDF5": false,
        "saveJson": true,
        "saveLFPCells": false,
        "saveLFPPops": false,
        "saveMat": false,
        "savePickle": false,
        "saveTiming": false,
        "seeds": {
            "cell": 1,
            "conn": 1,
            "loc": 1,
            "stim": 1
        },
        "simLabel": "gen_6_cand_49",
        "tau1_exc": 4.417611883396261,
        "tau1_exc_std": 0.0011334054245697388,
        "tau1_inh": 9.756823576297647,
        "tau1_inh_std": 0.16768930762250656,
        "tau2_exc": 21.99928440966304,
        "tau2_exc_std": 3.4077047155412004,
        "tau2_inh": 8.664139333474925,
        "tau2_inh_std": 5.49700885339312,
        "timestampFilename": false,
        "timing": true,
        "tstop": 1000.0,
        "use_fast_imem": false,
        "validateNetParams": false,
        "verbose": false,
        "weightEE": 1.9144062662922632,
        "weightEE_std": 0.11493072497258174,
        "weightEI": 1.9997270920526107,
        "weightEI_std": 0.12322035786702558,
        "weightIE": 0.5342507533003795,
        "weightIE_std": 0.24306238201994518,
        "weightII": 0.004437636251672428,
        "weightII_std": 0.13566351619043007
    }
}