{
    "simConfig": {
        "E_L_mean": 18.8,
        "E_L_stdev": 3.6912239188011142,
        "E_Ra_mean": 128.0,
        "E_Ra_stdev": 50.82354633582044,
        "E_diam_mean": 18.8,
        "E_diam_stdev": 1.1167227421797836,
        "I_L_mean": 9.0,
        "I_L_stdev": 0.8814329224838819,
        "I_Ra_mean": 110.0,
        "I_Ra_stdev": 1.7854903316211037,
        "I_diam_mean": 10.0,
        "I_diam_stdev": 0.001031400697083757,
        "addSynMechs": true,
        "allowConnsWithWeight0": true,
        "allowSelfConns": false,
        "analysis": {},
        "backupCfgFile": [],
        "cache_efficient": true,
        "checkErrors": false,
        "compactConnFormat": false,
        "connRandomSecFromList": true,
        "coreneuron": false,
        "createNEURONObj": true,
        "createPyStruct": true,
        "cvode_active": false,
        "cvode_atol": 0.001,
        "distributeSynsUniformly": true,
        "dt": 0.025,
        "dump_coreneuron_model": false,
        "duration": 1000.0,
        "duration_seconds": 300.0,
        "filename": "model_output",
        "gatherOnlySimData": false,
        "gkbar_E": 0.2592200162018232,
        "gkbar_E_std": 0.17268806224742078,
        "gkbar_I": 9.813772990588642,
        "gkbar_I_std": 0.3751706481801562,
        "gnabar_E": 6.612046161500496,
        "gnabar_E_std": 1.2406401558347873,
        "gnabar_I": 4.6038179288428625,
        "gnabar_I_std": 0.3945271078994962,
        "gpu": false,
        "hParams": {
            "celsius": 6.3,
            "clamp_resist": 0.001,
            "v_init": -65.0
        },
        "includeParamsLabel": true,
        "invertedYCoord": true,
        "networkType": "22May24",
        "oneSynPerNetcon": true,
        "printPopAvgRates": [
            100,
            1000.0
        ],
        "printRunTime": false,
        "printSynsAfterRule": false,
        "probEE": 0.10649861345562117,
        "probEE_std": 0.04458742292629314,
        "probEI": 0.4816024883101167,
        "probEI_std": 0.1875753702468428,
        "probIE": 0.7369358216987908,
        "probIE_std": 0.1267229781480516,
        "probII": 0.6849336875161062,
        "probII_std": 0.3150713603276672,
        "probLengthConst": 2532.316920391478,
        "propVelocity": 1.0,
        "pt3dRelativeToCellLocation": true,
        "rand123GlobalIndex": null,
        "random123": false,
        "recordCells": [
            [
                "E",
                [
                    24,
                    73
                ]
            ],
            [
                "I",
                [
                    41,
                    25
                ]
            ]
        ],
        "recordCellsSpikes": -1,
        "recordDipole": false,
        "recordDipolesHNN": false,
        "recordLFP": [],
        "recordStep": 0.1,
        "recordStim": false,
        "recordTime": true,
        "recordTraces": {
            "soma_voltage": {
                "loc": 0.5,
                "sec": "soma",
                "var": "v"
            }
        },
        "saveCSV": false,
        "saveCellConns": true,
        "saveCellSecs": true,
        "saveDat": false,
        "saveDataInclude": [
            "simData",
            "simConfig",
            "netParams",
            "net"
        ],
        "saveDipoleCells": false,
        "saveDipolePops": false,
        "saveDpk": false,
        "saveFolder": "/pscratch/sd/a/adammwea/2DNetworkSimulations/NERSC/output/240529_Run1_8nodes/gen_6",
        "saveHDF5": false,
        "saveJson": true,
        "saveLFPCells": false,
        "saveLFPPops": false,
        "saveMat": false,
        "savePickle": false,
        "saveTiming": false,
        "seeds": {
            "cell": 1,
            "conn": 1,
            "loc": 1,
            "stim": 1
        },
        "simLabel": "gen_6_cand_15",
        "tau1_exc": 7.097324766763033,
        "tau1_exc_std": 3.2813956282756678,
        "tau1_inh": 2.8182594143736184,
        "tau1_inh_std": 2.7948793684666917,
        "tau2_exc": 14.392921917904655,
        "tau2_exc_std": 8.501575814633446,
        "tau2_inh": 12.355517614486882,
        "tau2_inh_std": 7.0055211429466375,
        "timestampFilename": false,
        "timing": true,
        "tstop": 1000.0,
        "use_fast_imem": false,
        "validateNetParams": false,
        "verbose": false,
        "weightEE": 0.6817878848289287,
        "weightEE_std": 0.010383209566661597,
        "weightEI": 0.7703402871578934,
        "weightEI_std": 0.009721746467041933,
        "weightIE": 0.20974157702347873,
        "weightIE_std": 0.2738100106747014,
        "weightII": 1.423270220433526,
        "weightII_std": 0.005873043357745897
    }
}