{
    "BigBurstVal_Fitness": {
        "Value": 2818.9206444270294,
        "Fit": 1000.0
    },
    "numBig_Fitness": {
        "Value": 9,
        "Percent": 100.0,
        "Fit": 1000
    },
    "SmallBurstVal_Fitness": {
        "Value": null,
        "Fit": 1000
    },
    "numSmall_Fitness": {
        "Value": 0,
        "Percent": 0.0,
        "Fit": 1000
    },
    "burst_peak_frequency_fitness": {
        "Value": 0.6164383561643835,
        "Fit": 1.6488444674275227
    },
    "IBI_fitness": {
        "Value": 1.725,
        "Fit": 1.0006384180090877
    },
    "baseline_fitness": {
        "Value": 2723.396361171882,
        "Fit": 1000
    },
    "slopeFitness": {
        "Value": -0.6124066964322704,
        "Fit": 1.8494794278502886
    },
    "thresh": {
        "Value": 2670.2743922640843,
        "Fit": 1000
    },
    "sustain_oscillation_fitness": {
        "Value": 92.71523178807946,
        "Fit": 0.16329458073209116
    },
    "E_rate_fitness": {
        "Value": 4.9603174603174605,
        "Fit": 59.32025367348967
    },
    "I_rate_fitness": {
        "Value": 6.046296296296296,
        "Fit": 3.803155740032646
    },
    "maxFitness": 1000,
    "average_fitness": 505.64880552562846,
    "average_scaled_fitness": 0.5055680674705054
}