{
    "simConfig": {
        "E_L_mean": 18.8,
        "E_L_stdev": 9.31984437344822,
        "E_Ra_mean": 128.0,
        "E_Ra_stdev": 62.027097552605674,
        "E_diam_mean": 18.8,
        "E_diam_stdev": 1.0720049524806656,
        "I_L_mean": 9.0,
        "I_L_stdev": 0.7033714452220377,
        "I_Ra_mean": 110.0,
        "I_Ra_stdev": 34.48629705694121,
        "I_diam_mean": 10.0,
        "I_diam_stdev": 0.015570422771761086,
        "addSynMechs": true,
        "allowConnsWithWeight0": true,
        "allowSelfConns": false,
        "analysis": {},
        "backupCfgFile": [],
        "cache_efficient": true,
        "checkErrors": false,
        "compactConnFormat": false,
        "connRandomSecFromList": true,
        "coreneuron": false,
        "createNEURONObj": true,
        "createPyStruct": true,
        "cvode_active": false,
        "cvode_atol": 0.001,
        "distributeSynsUniformly": true,
        "dt": 0.025,
        "dump_coreneuron_model": false,
        "duration": 1000.0,
        "duration_seconds": 300.0,
        "filename": "model_output",
        "gatherOnlySimData": false,
        "gkbar_E": 0.698086911643883,
        "gkbar_E_std": 0.001499742450766544,
        "gkbar_I": 6.896506645553696,
        "gkbar_I_std": 0.4523105202818898,
        "gnabar_E": 6.493335993820475,
        "gnabar_E_std": 1.3973111751905654,
        "gnabar_I": 0.34780882140983005,
        "gnabar_I_std": 0.9212410091638011,
        "gpu": false,
        "hParams": {
            "celsius": 6.3,
            "clamp_resist": 0.001,
            "v_init": -65.0
        },
        "includeParamsLabel": true,
        "invertedYCoord": true,
        "networkType": "22May24",
        "oneSynPerNetcon": true,
        "printPopAvgRates": [
            100,
            1000.0
        ],
        "printRunTime": false,
        "printSynsAfterRule": false,
        "probEE": 0.4837538453643566,
        "probEE_std": 0.4965287971350316,
        "probEI": 0.27182525064107554,
        "probEI_std": 0.008413953971850997,
        "probIE": 0.023904647749904397,
        "probIE_std": 0.4158513945591803,
        "probII": 0.23934760230147434,
        "probII_std": 0.026925131248829264,
        "probLengthConst": 2930.6055287269132,
        "propVelocity": 1.0,
        "pt3dRelativeToCellLocation": true,
        "rand123GlobalIndex": null,
        "random123": false,
        "recordCells": [
            [
                "E",
                [
                    24,
                    73
                ]
            ],
            [
                "I",
                [
                    41,
                    25
                ]
            ]
        ],
        "recordCellsSpikes": -1,
        "recordDipole": false,
        "recordDipolesHNN": false,
        "recordLFP": [],
        "recordStep": 0.1,
        "recordStim": false,
        "recordTime": true,
        "recordTraces": {
            "soma_voltage": {
                "loc": 0.5,
                "sec": "soma",
                "var": "v"
            }
        },
        "saveCSV": false,
        "saveCellConns": true,
        "saveCellSecs": true,
        "saveDat": false,
        "saveDataInclude": [
            "simData",
            "simConfig",
            "netParams",
            "net"
        ],
        "saveDipoleCells": false,
        "saveDipolePops": false,
        "saveDpk": false,
        "saveFolder": "/pscratch/sd/a/adammwea/2DNetworkSimulations/NERSC/output/240529_Run1_8nodes/gen_9",
        "saveHDF5": false,
        "saveJson": true,
        "saveLFPCells": false,
        "saveLFPPops": false,
        "saveMat": false,
        "savePickle": false,
        "saveTiming": false,
        "seeds": {
            "cell": 1,
            "conn": 1,
            "loc": 1,
            "stim": 1
        },
        "simLabel": "gen_9_cand_38",
        "tau1_exc": 2.6745402594145506,
        "tau1_exc_std": 2.421026098495071,
        "tau1_inh": 7.462603877336421,
        "tau1_inh_std": 3.1575407454518896,
        "tau2_exc": 29.927864300947903,
        "tau2_exc_std": 0.03870081415311993,
        "tau2_inh": 0.6075326869754238,
        "tau2_inh_std": 1.3073228963177381,
        "timestampFilename": false,
        "timing": true,
        "tstop": 1000.0,
        "use_fast_imem": false,
        "validateNetParams": false,
        "verbose": false,
        "weightEE": 0.9738721232614374,
        "weightEE_std": 0.4599391993206336,
        "weightEI": 1.8884142653681715,
        "weightEI_std": 0.15381309701620555,
        "weightIE": 0.5916626990278728,
        "weightIE_std": 0.31760422240367736,
        "weightII": 0.2043632532742556,
        "weightII_std": 0.2499983171157606
    }
}