{
    "simConfig": {
        "E_L_mean": 18.8,
        "E_L_stdev": 1.3317572387984673,
        "E_Ra_mean": 128.0,
        "E_Ra_stdev": 46.10610727456435,
        "E_diam_mean": 18.8,
        "E_diam_stdev": 3.0174985444629034,
        "I_L_mean": 9.0,
        "I_L_stdev": 1.7953326452730962,
        "I_Ra_mean": 110.0,
        "I_Ra_stdev": 41.21948638486987,
        "I_diam_mean": 10.0,
        "I_diam_stdev": 0.5668535583677203,
        "addSynMechs": true,
        "allowConnsWithWeight0": true,
        "allowSelfConns": false,
        "analysis": {},
        "backupCfgFile": [],
        "cache_efficient": true,
        "checkErrors": false,
        "compactConnFormat": false,
        "connRandomSecFromList": true,
        "coreneuron": false,
        "createNEURONObj": true,
        "createPyStruct": true,
        "cvode_active": false,
        "cvode_atol": 0.001,
        "distributeSynsUniformly": true,
        "dt": 0.025,
        "dump_coreneuron_model": false,
        "duration": 1000.0,
        "duration_seconds": 330.0,
        "filename": "model_output",
        "gatherOnlySimData": false,
        "gkbar_E": 0.8238362068520511,
        "gkbar_E_std": 0.11082793159622123,
        "gkbar_I": 9.244389155802766,
        "gkbar_I_std": 1.5325504331994901,
        "gnabar_E": 3.621064503922975,
        "gnabar_E_std": 0.039470818620680845,
        "gnabar_I": 1.9889737804759022,
        "gnabar_I_std": 0.8929549630111643,
        "gpu": false,
        "hParams": {
            "celsius": 6.3,
            "clamp_resist": 0.001,
            "v_init": -65.0
        },
        "includeParamsLabel": true,
        "invertedYCoord": true,
        "networkType": "22May24",
        "oneSynPerNetcon": true,
        "printPopAvgRates": [
            100,
            1000.0
        ],
        "printRunTime": false,
        "printSynsAfterRule": false,
        "probEE": 0.10885877737715302,
        "probEE_std": 0.2925762701651644,
        "probEI": 0.48462795310655404,
        "probEI_std": 0.34235831869002203,
        "probIE": 0.6835739620208612,
        "probIE_std": 0.46604809803806313,
        "probII": 0.4077621465036324,
        "probII_std": 0.3498713854193724,
        "probLengthConst": 2753.0637711445634,
        "propVelocity": 1.0,
        "pt3dRelativeToCellLocation": true,
        "rand123GlobalIndex": null,
        "random123": false,
        "recordCells": [
            [
                "E",
                [
                    68,
                    13
                ]
            ],
            [
                "I",
                [
                    4,
                    5
                ]
            ]
        ],
        "recordCellsSpikes": -1,
        "recordDipole": false,
        "recordDipolesHNN": false,
        "recordLFP": [],
        "recordStep": 0.1,
        "recordStim": false,
        "recordTime": true,
        "recordTraces": {
            "soma_voltage": {
                "loc": 0.5,
                "sec": "soma",
                "var": "v"
            }
        },
        "saveCSV": false,
        "saveCellConns": true,
        "saveCellSecs": true,
        "saveDat": false,
        "saveDataInclude": [
            "simData",
            "simConfig",
            "netParams",
            "net"
        ],
        "saveDipoleCells": false,
        "saveDipolePops": false,
        "saveDpk": false,
        "saveFolder": "/pscratch/sd/a/adammwea/2DNetworkSimulations/NERSC/output/240604_Run1_24n24hr/gen_0",
        "saveHDF5": false,
        "saveJson": true,
        "saveLFPCells": false,
        "saveLFPPops": false,
        "saveMat": false,
        "savePickle": false,
        "saveTiming": false,
        "seeds": {
            "cell": 1,
            "conn": 1,
            "loc": 1,
            "stim": 1
        },
        "simLabel": "gen_0_cand_138",
        "tau1_exc": 2.3848995839556015,
        "tau1_exc_std": 2.6598379806136636,
        "tau1_inh": 6.311742351400131,
        "tau1_inh_std": 2.915145945341051,
        "tau2_exc": 13.743501964314955,
        "tau2_exc_std": 4.271407758564811,
        "tau2_inh": 12.475421356209877,
        "tau2_inh_std": 3.7939957146262184,
        "timestampFilename": false,
        "timing": true,
        "tstop": 1000.0,
        "use_fast_imem": false,
        "validateNetParams": false,
        "verbose": false,
        "weightEE": 1.9772928091789812,
        "weightEE_std": 0.18830223304047788,
        "weightEI": 1.8756074353165602,
        "weightEI_std": 0.3323171970661371,
        "weightIE": 0.3813189172374635,
        "weightIE_std": 0.02433885881815419,
        "weightII": 1.1589050095229405,
        "weightII_std": 0.11019635726338486
    }
}