{
    "simConfig": {
        "E_L_mean": 18.8,
        "E_L_stdev": 5.455680264796636,
        "E_Ra_mean": 128.0,
        "E_Ra_stdev": 51.71433200788296,
        "E_diam_mean": 18.8,
        "E_diam_stdev": 0.8399252681206678,
        "I_L_mean": 9.0,
        "I_L_stdev": 1.2755783752249523,
        "I_Ra_mean": 110.0,
        "I_Ra_stdev": 7.749031258679546,
        "I_diam_mean": 10.0,
        "I_diam_stdev": 2.9286661196178034,
        "addSynMechs": true,
        "allowConnsWithWeight0": true,
        "allowSelfConns": false,
        "analysis": {},
        "backupCfgFile": [],
        "cache_efficient": true,
        "checkErrors": false,
        "compactConnFormat": false,
        "connRandomSecFromList": true,
        "coreneuron": false,
        "createNEURONObj": true,
        "createPyStruct": true,
        "cvode_active": false,
        "cvode_atol": 0.001,
        "distributeSynsUniformly": true,
        "dt": 0.025,
        "dump_coreneuron_model": false,
        "duration": 1000.0,
        "duration_seconds": 330.0,
        "filename": "model_output",
        "gatherOnlySimData": false,
        "gkbar_E": 0.717686796023531,
        "gkbar_E_std": 0.4944812325071676,
        "gkbar_I": 7.521531400085197,
        "gkbar_I_std": 2.239757112366316,
        "gnabar_E": 4.219562588996157,
        "gnabar_E_std": 0.9012359161040183,
        "gnabar_I": 1.7790476723196191,
        "gnabar_I_std": 0.9322204317026035,
        "gpu": false,
        "hParams": {
            "celsius": 6.3,
            "clamp_resist": 0.001,
            "v_init": -65.0
        },
        "includeParamsLabel": true,
        "invertedYCoord": true,
        "networkType": "22May24",
        "oneSynPerNetcon": true,
        "printPopAvgRates": [
            100,
            1000.0
        ],
        "printRunTime": false,
        "printSynsAfterRule": false,
        "probEE": 0.18332140026247665,
        "probEE_std": 0.02382374623807626,
        "probEI": 0.813253662080869,
        "probEI_std": 0.4919370461875801,
        "probIE": 0.5660701751271073,
        "probIE_std": 0.3085731399496445,
        "probII": 0.47392408574622436,
        "probII_std": 0.31147805686934144,
        "probLengthConst": 2544.5950165007334,
        "propVelocity": 1.0,
        "pt3dRelativeToCellLocation": true,
        "rand123GlobalIndex": null,
        "random123": false,
        "recordCells": [
            [
                "E",
                [
                    68,
                    13
                ]
            ],
            [
                "I",
                [
                    4,
                    5
                ]
            ]
        ],
        "recordCellsSpikes": -1,
        "recordDipole": false,
        "recordDipolesHNN": false,
        "recordLFP": [],
        "recordStep": 0.1,
        "recordStim": false,
        "recordTime": true,
        "recordTraces": {
            "soma_voltage": {
                "loc": 0.5,
                "sec": "soma",
                "var": "v"
            }
        },
        "saveCSV": false,
        "saveCellConns": true,
        "saveCellSecs": true,
        "saveDat": false,
        "saveDataInclude": [
            "simData",
            "simConfig",
            "netParams",
            "net"
        ],
        "saveDipoleCells": false,
        "saveDipolePops": false,
        "saveDpk": false,
        "saveFolder": "/pscratch/sd/a/adammwea/2DNetworkSimulations/NERSC/output/240604_Run1_24n24hr/gen_0",
        "saveHDF5": false,
        "saveJson": true,
        "saveLFPCells": false,
        "saveLFPPops": false,
        "saveMat": false,
        "savePickle": false,
        "saveTiming": false,
        "seeds": {
            "cell": 1,
            "conn": 1,
            "loc": 1,
            "stim": 1
        },
        "simLabel": "gen_0_cand_192",
        "tau1_exc": 2.7818148689785454,
        "tau1_exc_std": 1.1276399805513342,
        "tau1_inh": 6.096828630793931,
        "tau1_inh_std": 1.0578262704121988,
        "tau2_exc": 20.905118525327058,
        "tau2_exc_std": 6.3325005353678385,
        "tau2_inh": 2.993023662865202,
        "tau2_inh_std": 9.232662307308452,
        "timestampFilename": false,
        "timing": true,
        "tstop": 1000.0,
        "use_fast_imem": false,
        "validateNetParams": false,
        "verbose": false,
        "weightEE": 1.2631873493809391,
        "weightEE_std": 0.4640013698478214,
        "weightEI": 1.5910651890825342,
        "weightEI_std": 0.3207963383178726,
        "weightIE": 0.5599428855022167,
        "weightIE_std": 0.2416199851240789,
        "weightII": 0.6492954864440084,
        "weightII_std": 0.19609217766313883
    }
}