{
    "simConfig": {
        "E_L_mean": 18.8,
        "E_L_stdev": 1.214510621754169,
        "E_Ra_mean": 128.0,
        "E_Ra_stdev": 30.61232943998943,
        "E_diam_mean": 18.8,
        "E_diam_stdev": 2.5000270729036242,
        "I_L_mean": 9.0,
        "I_L_stdev": 1.8666560044967486,
        "I_Ra_mean": 110.0,
        "I_Ra_stdev": 36.882640419751525,
        "I_diam_mean": 10.0,
        "I_diam_stdev": 2.016493121761575,
        "addSynMechs": true,
        "allowConnsWithWeight0": true,
        "allowSelfConns": false,
        "analysis": {},
        "backupCfgFile": [],
        "cache_efficient": true,
        "checkErrors": false,
        "compactConnFormat": false,
        "connRandomSecFromList": true,
        "coreneuron": false,
        "createNEURONObj": true,
        "createPyStruct": true,
        "cvode_active": false,
        "cvode_atol": 0.001,
        "distributeSynsUniformly": true,
        "dt": 0.025,
        "dump_coreneuron_model": false,
        "duration": 1000.0,
        "duration_seconds": 330.0,
        "filename": "model_output",
        "gatherOnlySimData": false,
        "gkbar_E": 0.9467299374542224,
        "gkbar_E_std": 0.035736393763441676,
        "gkbar_I": 7.007254748565189,
        "gkbar_I_std": 0.5961253765260885,
        "gnabar_E": 2.7652172859603166,
        "gnabar_E_std": 0.5663573695123425,
        "gnabar_I": 2.0897895951330003,
        "gnabar_I_std": 0.16094878620458974,
        "gpu": false,
        "hParams": {
            "celsius": 6.3,
            "clamp_resist": 0.001,
            "v_init": -65.0
        },
        "includeParamsLabel": true,
        "invertedYCoord": true,
        "networkType": "22May24",
        "oneSynPerNetcon": true,
        "printPopAvgRates": [
            100,
            1000.0
        ],
        "printRunTime": false,
        "printSynsAfterRule": false,
        "probEE": 0.058944704763043504,
        "probEE_std": 0.2727135771731353,
        "probEI": 0.49608199232432915,
        "probEI_std": 0.22107934273125435,
        "probIE": 0.2637935086544875,
        "probIE_std": 0.13555752974092367,
        "probII": 0.15146134449002852,
        "probII_std": 0.1395651570138311,
        "probLengthConst": 139.71186900982013,
        "propVelocity": 1.0,
        "pt3dRelativeToCellLocation": true,
        "rand123GlobalIndex": null,
        "random123": false,
        "recordCells": [
            [
                "E",
                [
                    68,
                    13
                ]
            ],
            [
                "I",
                [
                    4,
                    5
                ]
            ]
        ],
        "recordCellsSpikes": -1,
        "recordDipole": false,
        "recordDipolesHNN": false,
        "recordLFP": [],
        "recordStep": 0.1,
        "recordStim": false,
        "recordTime": true,
        "recordTraces": {
            "soma_voltage": {
                "loc": 0.5,
                "sec": "soma",
                "var": "v"
            }
        },
        "saveCSV": false,
        "saveCellConns": true,
        "saveCellSecs": true,
        "saveDat": false,
        "saveDataInclude": [
            "simData",
            "simConfig",
            "netParams",
            "net"
        ],
        "saveDipoleCells": false,
        "saveDipolePops": false,
        "saveDpk": false,
        "saveFolder": "/pscratch/sd/a/adammwea/2DNetworkSimulations/NERSC/output/240604_Run1_24n24hr/gen_0",
        "saveHDF5": false,
        "saveJson": true,
        "saveLFPCells": false,
        "saveLFPPops": false,
        "saveMat": false,
        "savePickle": false,
        "saveTiming": false,
        "seeds": {
            "cell": 1,
            "conn": 1,
            "loc": 1,
            "stim": 1
        },
        "simLabel": "gen_0_cand_9",
        "tau1_exc": 1.04148836795353,
        "tau1_exc_std": 0.17830561427216027,
        "tau1_inh": 8.674396972520892,
        "tau1_inh_std": 0.08474455208551206,
        "tau2_exc": 8.971824858905197,
        "tau2_exc_std": 2.4983219092998663,
        "tau2_inh": 17.815853989241383,
        "tau2_inh_std": 1.4626911981175983,
        "timestampFilename": false,
        "timing": true,
        "tstop": 1000.0,
        "use_fast_imem": false,
        "validateNetParams": false,
        "verbose": false,
        "weightEE": 0.44904454307066377,
        "weightEE_std": 0.06518437333408378,
        "weightEI": 1.5743232232393398,
        "weightEI_std": 0.06315656582388596,
        "weightIE": 0.6873622919627113,
        "weightIE_std": 0.3303444747390639,
        "weightII": 1.2359242512128437,
        "weightII_std": 0.07179843534575148
    }
}