{
    "simConfig": {
        "E_L_mean": 18.8,
        "E_L_stdev": 5.2413737497873765,
        "E_Ra_mean": 128.0,
        "E_Ra_stdev": 54.95224201561833,
        "E_diam_mean": 18.8,
        "E_diam_stdev": 4.896338424622988,
        "I_L_mean": 9.0,
        "I_L_stdev": 0.7517357961267069,
        "I_Ra_mean": 110.0,
        "I_Ra_stdev": 16.219581644220558,
        "I_diam_mean": 10.0,
        "I_diam_stdev": 0.529893703040597,
        "addSynMechs": true,
        "allowConnsWithWeight0": true,
        "allowSelfConns": false,
        "analysis": {},
        "backupCfgFile": [],
        "cache_efficient": true,
        "checkErrors": false,
        "compactConnFormat": false,
        "connRandomSecFromList": true,
        "coreneuron": false,
        "createNEURONObj": true,
        "createPyStruct": true,
        "cvode_active": false,
        "cvode_atol": 0.001,
        "distributeSynsUniformly": true,
        "dt": 0.025,
        "dump_coreneuron_model": false,
        "duration": 1000.0,
        "duration_seconds": 330.0,
        "filename": "model_output",
        "gatherOnlySimData": false,
        "gkbar_E": 0.6992421987869919,
        "gkbar_E_std": 0.20503161576685375,
        "gkbar_I": 9.07169616554162,
        "gkbar_I_std": 0.5686801989289267,
        "gnabar_E": 3.4924691542455415,
        "gnabar_E_std": 1.5501218478923187,
        "gnabar_I": 2.542352565935762,
        "gnabar_I_std": 0.6315658159003241,
        "gpu": false,
        "hParams": {
            "celsius": 6.3,
            "clamp_resist": 0.001,
            "v_init": -65.0
        },
        "includeParamsLabel": true,
        "invertedYCoord": true,
        "networkType": "22May24",
        "oneSynPerNetcon": true,
        "printPopAvgRates": [
            100,
            1000.0
        ],
        "printRunTime": false,
        "printSynsAfterRule": false,
        "probEE": 0.2804773103936802,
        "probEE_std": 0.05310807828570313,
        "probEI": 0.9542770340751913,
        "probEI_std": 0.10201452565992358,
        "probIE": 0.14552394305656635,
        "probIE_std": 0.09891189876410023,
        "probII": 0.6988043705371784,
        "probII_std": 0.008388884068137259,
        "probLengthConst": 2174.5461186948874,
        "propVelocity": 1.0,
        "pt3dRelativeToCellLocation": true,
        "rand123GlobalIndex": null,
        "random123": false,
        "recordCells": [
            [
                "E",
                [
                    68,
                    13
                ]
            ],
            [
                "I",
                [
                    4,
                    5
                ]
            ]
        ],
        "recordCellsSpikes": -1,
        "recordDipole": false,
        "recordDipolesHNN": false,
        "recordLFP": [],
        "recordStep": 0.1,
        "recordStim": false,
        "recordTime": true,
        "recordTraces": {
            "soma_voltage": {
                "loc": 0.5,
                "sec": "soma",
                "var": "v"
            }
        },
        "saveCSV": false,
        "saveCellConns": true,
        "saveCellSecs": true,
        "saveDat": false,
        "saveDataInclude": [
            "simData",
            "simConfig",
            "netParams",
            "net"
        ],
        "saveDipoleCells": false,
        "saveDipolePops": false,
        "saveDpk": false,
        "saveFolder": "/pscratch/sd/a/adammwea/2DNetworkSimulations/NERSC/output/240604_Run1_24n24hr/gen_0",
        "saveHDF5": false,
        "saveJson": true,
        "saveLFPCells": false,
        "saveLFPPops": false,
        "saveMat": false,
        "savePickle": false,
        "saveTiming": false,
        "seeds": {
            "cell": 1,
            "conn": 1,
            "loc": 1,
            "stim": 1
        },
        "simLabel": "gen_0_cand_383",
        "tau1_exc": 5.113200655336395,
        "tau1_exc_std": 0.060951261607678685,
        "tau1_inh": 2.604968168902796,
        "tau1_inh_std": 1.933371176300445,
        "tau2_exc": 17.419705597416602,
        "tau2_exc_std": 0.39509459769735855,
        "tau2_inh": 15.220533288480539,
        "tau2_inh_std": 5.276049821791461,
        "timestampFilename": false,
        "timing": true,
        "tstop": 1000.0,
        "use_fast_imem": false,
        "validateNetParams": false,
        "verbose": false,
        "weightEE": 1.8274024092264471,
        "weightEE_std": 0.4147071174323801,
        "weightEI": 1.8495895770855109,
        "weightEI_std": 0.15715064499417603,
        "weightIE": 0.02669351654546026,
        "weightIE_std": 0.22184141121458067,
        "weightII": 1.522388406015895,
        "weightII_std": 0.10805508009448028
    }
}