{
    "simConfig": {
        "E_L_mean": 18.8,
        "E_L_stdev": 8.797445145770435,
        "E_Ra_mean": 128.0,
        "E_Ra_stdev": 3.5099018112254328,
        "E_diam_mean": 18.8,
        "E_diam_stdev": 1.7687645619637373,
        "I_L_mean": 9.0,
        "I_L_stdev": 0.4743109310172058,
        "I_Ra_mean": 110.0,
        "I_Ra_stdev": 45.34419168186429,
        "I_diam_mean": 10.0,
        "I_diam_stdev": 2.2180395756387257,
        "addSynMechs": true,
        "allowConnsWithWeight0": true,
        "allowSelfConns": false,
        "analysis": {},
        "backupCfgFile": [],
        "cache_efficient": true,
        "checkErrors": false,
        "compactConnFormat": false,
        "connRandomSecFromList": true,
        "coreneuron": false,
        "createNEURONObj": true,
        "createPyStruct": true,
        "cvode_active": false,
        "cvode_atol": 0.001,
        "distributeSynsUniformly": true,
        "dt": 0.025,
        "dump_coreneuron_model": false,
        "duration": 1000.0,
        "duration_seconds": 330.0,
        "filename": "model_output",
        "gatherOnlySimData": false,
        "gkbar_E": 0.09083383751278351,
        "gkbar_E_std": 0.46851976461172945,
        "gkbar_I": 1.0695013744443616,
        "gkbar_I_std": 0.050834382033097814,
        "gnabar_E": 5.358534052570291,
        "gnabar_E_std": 0.6743983058154995,
        "gnabar_I": 3.366563184273388,
        "gnabar_I_std": 0.9373685101769501,
        "gpu": false,
        "hParams": {
            "celsius": 6.3,
            "clamp_resist": 0.001,
            "v_init": -65.0
        },
        "includeParamsLabel": true,
        "invertedYCoord": true,
        "networkType": "22May24",
        "oneSynPerNetcon": true,
        "printPopAvgRates": [
            100,
            1000.0
        ],
        "printRunTime": false,
        "printSynsAfterRule": false,
        "probEE": 0.29845049961106807,
        "probEE_std": 0.39049871059505414,
        "probEI": 0.5742828421795869,
        "probEI_std": 0.06484408068524261,
        "probIE": 0.7163794737464453,
        "probIE_std": 0.4540269562470731,
        "probII": 0.2782551816491976,
        "probII_std": 0.017520257935397354,
        "probLengthConst": 2818.2957131984576,
        "propVelocity": 1.0,
        "pt3dRelativeToCellLocation": true,
        "rand123GlobalIndex": null,
        "random123": false,
        "recordCells": [
            [
                "E",
                [
                    68,
                    13
                ]
            ],
            [
                "I",
                [
                    4,
                    5
                ]
            ]
        ],
        "recordCellsSpikes": -1,
        "recordDipole": false,
        "recordDipolesHNN": false,
        "recordLFP": [],
        "recordStep": 0.1,
        "recordStim": false,
        "recordTime": true,
        "recordTraces": {
            "soma_voltage": {
                "loc": 0.5,
                "sec": "soma",
                "var": "v"
            }
        },
        "saveCSV": false,
        "saveCellConns": true,
        "saveCellSecs": true,
        "saveDat": false,
        "saveDataInclude": [
            "simData",
            "simConfig",
            "netParams",
            "net"
        ],
        "saveDipoleCells": false,
        "saveDipolePops": false,
        "saveDpk": false,
        "saveFolder": "/pscratch/sd/a/adammwea/2DNetworkSimulations/NERSC/output/240604_Run1_24n24hr/gen_0",
        "saveHDF5": false,
        "saveJson": true,
        "saveLFPCells": false,
        "saveLFPPops": false,
        "saveMat": false,
        "savePickle": false,
        "saveTiming": false,
        "seeds": {
            "cell": 1,
            "conn": 1,
            "loc": 1,
            "stim": 1
        },
        "simLabel": "gen_0_cand_211",
        "tau1_exc": 5.395474165046392,
        "tau1_exc_std": 0.213440609433662,
        "tau1_inh": 0.30584866197860827,
        "tau1_inh_std": 2.203988597259933,
        "tau2_exc": 10.059884573637383,
        "tau2_exc_std": 6.409685171743384,
        "tau2_inh": 16.63525671107397,
        "tau2_inh_std": 9.883780838855499,
        "timestampFilename": false,
        "timing": true,
        "tstop": 1000.0,
        "use_fast_imem": false,
        "validateNetParams": false,
        "verbose": false,
        "weightEE": 1.4130974567518875,
        "weightEE_std": 0.1298452191053171,
        "weightEI": 1.6905836888256556,
        "weightEI_std": 0.2978627905451362,
        "weightIE": 0.9231753848412526,
        "weightIE_std": 0.24592086672177083,
        "weightII": 1.184931520178666,
        "weightII_std": 0.12349582548341528
    }
}