{
    "simConfig": {
        "E_L_mean": 18.8,
        "E_L_stdev": 0.865329961840325,
        "E_Ra_mean": 128.0,
        "E_Ra_stdev": 37.07506335392194,
        "E_diam_mean": 18.8,
        "E_diam_stdev": 4.380872035166658,
        "I_L_mean": 9.0,
        "I_L_stdev": 0.656116011387803,
        "I_Ra_mean": 110.0,
        "I_Ra_stdev": 54.0660341914567,
        "I_diam_mean": 10.0,
        "I_diam_stdev": 3.216212634098757,
        "addSynMechs": true,
        "allowConnsWithWeight0": true,
        "allowSelfConns": false,
        "analysis": {},
        "backupCfgFile": [],
        "cache_efficient": true,
        "checkErrors": false,
        "compactConnFormat": false,
        "connRandomSecFromList": true,
        "coreneuron": false,
        "createNEURONObj": true,
        "createPyStruct": true,
        "cvode_active": false,
        "cvode_atol": 0.001,
        "distributeSynsUniformly": true,
        "dt": 0.025,
        "dump_coreneuron_model": false,
        "duration": 1000.0,
        "duration_seconds": 330.0,
        "filename": "model_output",
        "gatherOnlySimData": false,
        "gkbar_E": 0.08366282429509142,
        "gkbar_E_std": 0.13674852596786602,
        "gkbar_I": 9.980999799067224,
        "gkbar_I_std": 0.2542972258119647,
        "gnabar_E": 2.6932520854087114,
        "gnabar_E_std": 0.9061619050818132,
        "gnabar_I": 0.7759489720538726,
        "gnabar_I_std": 0.29381937813605796,
        "gpu": false,
        "hParams": {
            "celsius": 6.3,
            "clamp_resist": 0.001,
            "v_init": -65.0
        },
        "includeParamsLabel": true,
        "invertedYCoord": true,
        "networkType": "22May24",
        "oneSynPerNetcon": true,
        "printPopAvgRates": [
            100,
            1000.0
        ],
        "printRunTime": false,
        "printSynsAfterRule": false,
        "probEE": 0.19986695562128357,
        "probEE_std": 0.4244150893023268,
        "probEI": 0.4139716633503435,
        "probEI_std": 0.33693603092814006,
        "probIE": 0.16498511619830294,
        "probIE_std": 0.12514434207903447,
        "probII": 0.00937728790517836,
        "probII_std": 0.38477533369984,
        "probLengthConst": 2960.601695246817,
        "propVelocity": 1.0,
        "pt3dRelativeToCellLocation": true,
        "rand123GlobalIndex": null,
        "random123": false,
        "recordCells": [
            [
                "E",
                [
                    68,
                    13
                ]
            ],
            [
                "I",
                [
                    4,
                    5
                ]
            ]
        ],
        "recordCellsSpikes": -1,
        "recordDipole": false,
        "recordDipolesHNN": false,
        "recordLFP": [],
        "recordStep": 0.1,
        "recordStim": false,
        "recordTime": true,
        "recordTraces": {
            "soma_voltage": {
                "loc": 0.5,
                "sec": "soma",
                "var": "v"
            }
        },
        "saveCSV": false,
        "saveCellConns": true,
        "saveCellSecs": true,
        "saveDat": false,
        "saveDataInclude": [
            "simData",
            "simConfig",
            "netParams",
            "net"
        ],
        "saveDipoleCells": false,
        "saveDipolePops": false,
        "saveDpk": false,
        "saveFolder": "/pscratch/sd/a/adammwea/2DNetworkSimulations/NERSC/output/240604_Run1_24n24hr/gen_0",
        "saveHDF5": false,
        "saveJson": true,
        "saveLFPCells": false,
        "saveLFPPops": false,
        "saveMat": false,
        "savePickle": false,
        "saveTiming": false,
        "seeds": {
            "cell": 1,
            "conn": 1,
            "loc": 1,
            "stim": 1
        },
        "simLabel": "gen_0_cand_144",
        "tau1_exc": 5.34382631444592,
        "tau1_exc_std": 2.726530442728053,
        "tau1_inh": 6.844468367666785,
        "tau1_inh_std": 2.078284453432599,
        "tau2_exc": 27.014781621631936,
        "tau2_exc_std": 4.358765823250629,
        "tau2_inh": 8.677175179570453,
        "tau2_inh_std": 8.294821318032797,
        "timestampFilename": false,
        "timing": true,
        "tstop": 1000.0,
        "use_fast_imem": false,
        "validateNetParams": false,
        "verbose": false,
        "weightEE": 0.9793049251510741,
        "weightEE_std": 0.4505616290489358,
        "weightEI": 1.856261940708104,
        "weightEI_std": 0.0900662826588624,
        "weightIE": 0.4626572965845448,
        "weightIE_std": 0.1293967925401563,
        "weightII": 1.1173422279683902,
        "weightII_std": 0.24117277090569406
    }
}