{
    "simConfig": {
        "E_L_mean": 18.8,
        "E_L_stdev": 1.442776160844022,
        "E_Ra_mean": 128.0,
        "E_Ra_stdev": 61.03214933080717,
        "E_diam_mean": 18.8,
        "E_diam_stdev": 1.8428402834622277,
        "I_L_mean": 9.0,
        "I_L_stdev": 0.8088329833720738,
        "I_Ra_mean": 110.0,
        "I_Ra_stdev": 36.406094167666474,
        "I_diam_mean": 10.0,
        "I_diam_stdev": 0.5419385976987194,
        "addSynMechs": true,
        "allowConnsWithWeight0": true,
        "allowSelfConns": false,
        "analysis": {},
        "backupCfgFile": [],
        "cache_efficient": true,
        "checkErrors": false,
        "compactConnFormat": false,
        "connRandomSecFromList": true,
        "coreneuron": false,
        "createNEURONObj": true,
        "createPyStruct": true,
        "cvode_active": false,
        "cvode_atol": 0.001,
        "distributeSynsUniformly": true,
        "dt": 0.025,
        "dump_coreneuron_model": false,
        "duration": 1000.0,
        "duration_seconds": 330.0,
        "filename": "model_output",
        "gatherOnlySimData": false,
        "gkbar_E": 0.46662674640877555,
        "gkbar_E_std": 0.4632449768130221,
        "gkbar_I": 2.5222229138424526,
        "gkbar_I_std": 0.26130649406408024,
        "gnabar_E": 4.473516617101582,
        "gnabar_E_std": 1.3934141458358584,
        "gnabar_I": 4.059523758228678,
        "gnabar_I_std": 0.01378547665527241,
        "gpu": false,
        "hParams": {
            "celsius": 6.3,
            "clamp_resist": 0.001,
            "v_init": -65.0
        },
        "includeParamsLabel": true,
        "invertedYCoord": true,
        "networkType": "22May24",
        "oneSynPerNetcon": true,
        "printPopAvgRates": [
            100,
            1000.0
        ],
        "printRunTime": false,
        "printSynsAfterRule": false,
        "probEE": 0.5160755884300735,
        "probEE_std": 0.3609333973965834,
        "probEI": 0.9695808731995645,
        "probEI_std": 0.39575889341540094,
        "probIE": 0.39388687898016983,
        "probIE_std": 0.1185548890409645,
        "probII": 0.5886423160781005,
        "probII_std": 0.3949854262067773,
        "probLengthConst": 2360.500294855267,
        "propVelocity": 1.0,
        "pt3dRelativeToCellLocation": true,
        "rand123GlobalIndex": null,
        "random123": false,
        "recordCells": [
            [
                "E",
                [
                    68,
                    13
                ]
            ],
            [
                "I",
                [
                    4,
                    5
                ]
            ]
        ],
        "recordCellsSpikes": -1,
        "recordDipole": false,
        "recordDipolesHNN": false,
        "recordLFP": [],
        "recordStep": 0.1,
        "recordStim": false,
        "recordTime": true,
        "recordTraces": {
            "soma_voltage": {
                "loc": 0.5,
                "sec": "soma",
                "var": "v"
            }
        },
        "saveCSV": false,
        "saveCellConns": true,
        "saveCellSecs": true,
        "saveDat": false,
        "saveDataInclude": [
            "simData",
            "simConfig",
            "netParams",
            "net"
        ],
        "saveDipoleCells": false,
        "saveDipolePops": false,
        "saveDpk": false,
        "saveFolder": "/pscratch/sd/a/adammwea/2DNetworkSimulations/NERSC/output/240604_Run1_24n24hr/gen_0",
        "saveHDF5": false,
        "saveJson": true,
        "saveLFPCells": false,
        "saveLFPPops": false,
        "saveMat": false,
        "savePickle": false,
        "saveTiming": false,
        "seeds": {
            "cell": 1,
            "conn": 1,
            "loc": 1,
            "stim": 1
        },
        "simLabel": "gen_0_cand_291",
        "tau1_exc": 5.403803617797728,
        "tau1_exc_std": 1.642438536132703,
        "tau1_inh": 7.578113387514635,
        "tau1_inh_std": 1.6893116331281075,
        "tau2_exc": 14.606050787056601,
        "tau2_exc_std": 6.097591334198138,
        "tau2_inh": 18.50306775998718,
        "tau2_inh_std": 0.8134160610441799,
        "timestampFilename": false,
        "timing": true,
        "tstop": 1000.0,
        "use_fast_imem": false,
        "validateNetParams": false,
        "verbose": false,
        "weightEE": 0.5859520455253866,
        "weightEE_std": 0.34344787559666484,
        "weightEI": 0.7844975012226654,
        "weightEI_std": 0.08801559948214213,
        "weightIE": 0.7610883001522083,
        "weightIE_std": 0.1871008890398974,
        "weightII": 0.830292517966585,
        "weightII_std": 0.17798472843324334
    }
}