{
    "burstAmp_Fitness": 1000.0,
    "burst_peak_frequency_fitness": 57.30495512020465,
    "IBI_fitness": 2.7669118475791112,
    "baselineFitness": 4.319927544692821,
    "slopeFitness": 1.000009419678022,
    "thresh": 1000,
    "sustain_fit": 1.1970020986353196,
    "rate_fitness": 1000.0,
    "maxFitness": 1000,
    "average_fitness": 383.3236007538487,
    "average_scaled_fitness": 382.70630124038126
}