{
    "burstAmp_Fitness": 1000.0,
    "burst_peak_frequency_fitness": 72.36057456119106,
    "IBI_fitness": 2.8108531295193746,
    "baselineFitness": 2.113643175864672,
    "slopeFitness": 1.000027779143614,
    "baseline_diff_fitness": 1000,
    "rate_fitness": 506.5630536760539,
    "maxFitness": 1000,
    "average_fitness": 369.2640217602533,
    "average_scaled_fitness": 368.63263685826684
}