{
    "burstAmp_Fitness": 1000.0,
    "burst_peak_frequency_fitness": 2.793360096488417,
    "IBI_fitness": 2.210443286868284,
    "baselineFitness": 2.277563064757862,
    "slopeFitness": 1.0000359820420548,
    "baseline_diff_fitness": 1000,
    "rate_fitness": 506.43922618311683,
    "maxFitness": 1000,
    "average_fitness": 359.24580408761045,
    "average_scaled_fitness": 358.60438539428077
}