{
    "burstAmp_Fitness": 1000.0,
    "IBI_fitness": 79.6499353970739,
    "baselineFitness": 2.298597676946417,
    "slopeFitness": 1.0000987020520609,
    "baseline_diff_fitness": 1000,
    "burst_peak_frequency_fitness": 30.126506697214268,
    "rate_fitness": 506.43922618311683,
    "maxFitness": 1000,
    "average_fitness": 374.21633780805763,
    "average_scaled_fitness": 373.58986584593794
}