{
    "simConfig": {
        "E_L_mean": 18.8,
        "E_L_stdev": 3.582409109669323,
        "E_Ra_mean": 128.0,
        "E_Ra_stdev": 0.017912864032724296,
        "E_diam_mean": 18.8,
        "E_diam_stdev": 2.787266960027341,
        "I_L_mean": 9.0,
        "I_L_stdev": 0.18539043546441158,
        "I_Ra_mean": 110.0,
        "I_Ra_stdev": 53.02032838289337,
        "I_diam_mean": 10.0,
        "I_diam_stdev": 1.8511290433360785,
        "addSynMechs": true,
        "allowConnsWithWeight0": true,
        "allowSelfConns": false,
        "analysis": {},
        "backupCfgFile": [],
        "cache_efficient": true,
        "checkErrors": false,
        "compactConnFormat": false,
        "connRandomSecFromList": true,
        "coreneuron": false,
        "createNEURONObj": true,
        "createPyStruct": true,
        "cvode_active": false,
        "cvode_atol": 0.001,
        "distributeSynsUniformly": true,
        "dt": 0.025,
        "dump_coreneuron_model": false,
        "duration": 1000.0,
        "duration_seconds": 300.0,
        "filename": "model_output",
        "gatherOnlySimData": false,
        "gkbar_E": 0.5540737235420727,
        "gkbar_E_std": 0.004258869475975643,
        "gkbar_I": 0.06735553434925434,
        "gkbar_I_std": 0.8620894341504414,
        "gnabar_E": 6.337934635894891,
        "gnabar_E_std": 1.2891538419053057,
        "gnabar_I": 1.8854073021096731,
        "gnabar_I_std": 0.9998681653481467,
        "gpu": false,
        "hParams": {
            "celsius": 6.3,
            "clamp_resist": 0.001,
            "v_init": -65.0
        },
        "includeParamsLabel": true,
        "invertedYCoord": true,
        "networkType": "22May24",
        "oneSynPerNetcon": true,
        "printPopAvgRates": [
            100,
            1000.0
        ],
        "printRunTime": false,
        "printSynsAfterRule": false,
        "probEE": 0.4785945520022926,
        "probEE_std": 0.022153149768206815,
        "probEI": 0.8419302727826274,
        "probEI_std": 0.1679439324243226,
        "probIE": 0.7447469296854567,
        "probIE_std": 0.015190133697659904,
        "probII": 0.1253008903454889,
        "probII_std": 0.3781803008609794,
        "probLengthConst": 2720.91795527303,
        "propVelocity": 1.0,
        "pt3dRelativeToCellLocation": true,
        "rand123GlobalIndex": null,
        "random123": false,
        "recordCells": [
            [
                "E",
                [
                    65,
                    58
                ]
            ],
            [
                "I",
                [
                    22,
                    34
                ]
            ]
        ],
        "recordCellsSpikes": -1,
        "recordDipole": false,
        "recordDipolesHNN": false,
        "recordLFP": [],
        "recordStep": 0.1,
        "recordStim": false,
        "recordTime": true,
        "recordTraces": {
            "soma_voltage": {
                "loc": 0.5,
                "sec": "soma",
                "var": "v"
            }
        },
        "saveCSV": false,
        "saveCellConns": true,
        "saveCellSecs": true,
        "saveDat": false,
        "saveDataInclude": [
            "simData",
            "simConfig",
            "netParams",
            "net"
        ],
        "saveDipoleCells": false,
        "saveDipolePops": false,
        "saveDpk": false,
        "saveFolder": "/pscratch/sd/a/adammwea/2DNetworkSimulations/NERSC/output/240530_Run1_8nodes/gen_9",
        "saveHDF5": false,
        "saveJson": true,
        "saveLFPCells": false,
        "saveLFPPops": false,
        "saveMat": false,
        "savePickle": false,
        "saveTiming": false,
        "seeds": {
            "cell": 1,
            "conn": 1,
            "loc": 1,
            "stim": 1
        },
        "simLabel": "gen_9_cand_21",
        "tau1_exc": 7.293778968790127,
        "tau1_exc_std": 0.014751869648740479,
        "tau1_inh": 9.981285325683595,
        "tau1_inh_std": 2.271101336272939,
        "tau2_exc": 27.9900275900519,
        "tau2_exc_std": 1.421277240843787,
        "tau2_inh": 18.122961493656756,
        "tau2_inh_std": 0.3085927936546903,
        "timestampFilename": false,
        "timing": true,
        "tstop": 1000.0,
        "use_fast_imem": false,
        "validateNetParams": false,
        "verbose": false,
        "weightEE": 1.9874465406938677,
        "weightEE_std": 0.43285940227234077,
        "weightEI": 1.9993822147468583,
        "weightEI_std": 0.02307573571228439,
        "weightIE": 0.8217827865873628,
        "weightIE_std": 0.14733271287734395,
        "weightII": 0.10566856244227424,
        "weightII_std": 0.08738771163869638
    }
}