{
    "simConfig": {
        "E_L_mean": 18.8,
        "E_L_stdev": 8.304386923841575,
        "E_Ra_mean": 128.0,
        "E_Ra_stdev": 43.00515795027481,
        "E_diam_mean": 18.8,
        "E_diam_stdev": 3.7307845485262012,
        "I_L_mean": 9.0,
        "I_L_stdev": 0.6279671818744732,
        "I_Ra_mean": 110.0,
        "I_Ra_stdev": 4.831907875530014,
        "I_diam_mean": 10.0,
        "I_diam_stdev": 2.310643984184087,
        "addSynMechs": true,
        "allowConnsWithWeight0": true,
        "allowSelfConns": false,
        "analysis": {},
        "backupCfgFile": [],
        "cache_efficient": true,
        "checkErrors": false,
        "compactConnFormat": false,
        "connRandomSecFromList": true,
        "coreneuron": false,
        "createNEURONObj": true,
        "createPyStruct": true,
        "cvode_active": false,
        "cvode_atol": 0.001,
        "distributeSynsUniformly": true,
        "dt": 0.025,
        "dump_coreneuron_model": false,
        "duration": 1000.0,
        "duration_seconds": 330.0,
        "filename": "model_output",
        "gatherOnlySimData": false,
        "gkbar_E": 0.6322427471067364,
        "gkbar_E_std": 0.0619634016531875,
        "gkbar_I": 4.718160153246157,
        "gkbar_I_std": 0.35884513659440165,
        "gnabar_E": 6.728964396071662,
        "gnabar_E_std": 0.02513041373807079,
        "gnabar_I": 4.849872059964696,
        "gnabar_I_std": 0.9396011370872815,
        "gpu": false,
        "hParams": {
            "celsius": 6.3,
            "clamp_resist": 0.001,
            "v_init": -65.0
        },
        "includeParamsLabel": true,
        "invertedYCoord": true,
        "networkType": "22May24",
        "oneSynPerNetcon": true,
        "printPopAvgRates": [
            100,
            1000.0
        ],
        "printRunTime": false,
        "printSynsAfterRule": false,
        "probEE": 0.2622644153216999,
        "probEE_std": 0.040173291772437135,
        "probEI": 0.3156985434164976,
        "probEI_std": 0.03428210825035738,
        "probIE": 0.5538595609267225,
        "probIE_std": 0.4807437927978406,
        "probII": 0.0757605488720201,
        "probII_std": 0.4906523038028487,
        "probLengthConst": 2831.347396888866,
        "propVelocity": 1.0,
        "pt3dRelativeToCellLocation": true,
        "rand123GlobalIndex": null,
        "random123": false,
        "recordCells": [
            [
                "E",
                [
                    68,
                    13
                ]
            ],
            [
                "I",
                [
                    4,
                    5
                ]
            ]
        ],
        "recordCellsSpikes": -1,
        "recordDipole": false,
        "recordDipolesHNN": false,
        "recordLFP": [],
        "recordStep": 0.1,
        "recordStim": false,
        "recordTime": true,
        "recordTraces": {
            "soma_voltage": {
                "loc": 0.5,
                "sec": "soma",
                "var": "v"
            }
        },
        "saveCSV": false,
        "saveCellConns": true,
        "saveCellSecs": true,
        "saveDat": false,
        "saveDataInclude": [
            "simData",
            "simConfig",
            "netParams",
            "net"
        ],
        "saveDipoleCells": false,
        "saveDipolePops": false,
        "saveDpk": false,
        "saveFolder": "/pscratch/sd/a/adammwea/2DNetworkSimulations/NERSC/output/240604_Run1_24n24hr/gen_4",
        "saveHDF5": false,
        "saveJson": true,
        "saveLFPCells": false,
        "saveLFPPops": false,
        "saveMat": false,
        "savePickle": false,
        "saveTiming": false,
        "seeds": {
            "cell": 1,
            "conn": 1,
            "loc": 1,
            "stim": 1
        },
        "simLabel": "gen_4_cand_330",
        "tau1_exc": 0.47005543505081004,
        "tau1_exc_std": 2.9473957602194747,
        "tau1_inh": 7.381581335688875,
        "tau1_inh_std": 1.487722823067677,
        "tau2_exc": 20.826681326538452,
        "tau2_exc_std": 0.27477291383618574,
        "tau2_inh": 16.391498885844932,
        "tau2_inh_std": 1.523953247123709,
        "timestampFilename": false,
        "timing": true,
        "tstop": 1000.0,
        "use_fast_imem": false,
        "validateNetParams": false,
        "verbose": false,
        "weightEE": 1.6441700708081315,
        "weightEE_std": 0.22313749078340775,
        "weightEI": 1.0105034318763413,
        "weightEI_std": 0.0030891825941755276,
        "weightIE": 0.10340651535996281,
        "weightIE_std": 0.1580806847640316,
        "weightII": 0.04209216546548439,
        "weightII_std": 0.002349359057159634
    }
}