{
    "simConfig": {
        "E_L_mean": 18.8,
        "E_L_stdev": 9.356844675785059,
        "E_Ra_mean": 128.0,
        "E_Ra_stdev": 60.19136216193844,
        "E_diam_mean": 18.8,
        "E_diam_stdev": 5.903469865501684,
        "I_L_mean": 9.0,
        "I_L_stdev": 1.2553428448157304,
        "I_Ra_mean": 110.0,
        "I_Ra_stdev": 54.21947501902997,
        "I_diam_mean": 10.0,
        "I_diam_stdev": 2.5776952374833666,
        "addSynMechs": true,
        "allowConnsWithWeight0": true,
        "allowSelfConns": false,
        "analysis": {},
        "backupCfgFile": [],
        "cache_efficient": true,
        "checkErrors": false,
        "compactConnFormat": false,
        "connRandomSecFromList": true,
        "coreneuron": false,
        "createNEURONObj": true,
        "createPyStruct": true,
        "cvode_active": false,
        "cvode_atol": 0.001,
        "distributeSynsUniformly": true,
        "dt": 0.025,
        "dump_coreneuron_model": false,
        "duration": 1000.0,
        "duration_seconds": 330.0,
        "filename": "model_output",
        "gatherOnlySimData": false,
        "gkbar_E": 0.0004018145801658147,
        "gkbar_E_std": 0.4354224762681867,
        "gkbar_I": 3.8295421393325504,
        "gkbar_I_std": 0.9528018285094276,
        "gnabar_E": 3.2063325600211785,
        "gnabar_E_std": 1.331159983364397,
        "gnabar_I": 0.9234842893184502,
        "gnabar_I_std": 0.7725764870912768,
        "gpu": false,
        "hParams": {
            "celsius": 6.3,
            "clamp_resist": 0.001,
            "v_init": -65.0
        },
        "includeParamsLabel": true,
        "invertedYCoord": true,
        "networkType": "22May24",
        "oneSynPerNetcon": true,
        "printPopAvgRates": [
            100,
            1000.0
        ],
        "printRunTime": false,
        "printSynsAfterRule": false,
        "probEE": 0.005466986372157475,
        "probEE_std": 0.47822133859406096,
        "probEI": 0.8312423649119913,
        "probEI_std": 0.036398217347269744,
        "probIE": 0.04731496619273868,
        "probIE_std": 0.06853887240387563,
        "probII": 0.5048536980446987,
        "probII_std": 0.027061023009924197,
        "probLengthConst": 1234.5365923738354,
        "propVelocity": 1.0,
        "pt3dRelativeToCellLocation": true,
        "rand123GlobalIndex": null,
        "random123": false,
        "recordCells": [
            [
                "E",
                [
                    68,
                    13
                ]
            ],
            [
                "I",
                [
                    4,
                    5
                ]
            ]
        ],
        "recordCellsSpikes": -1,
        "recordDipole": false,
        "recordDipolesHNN": false,
        "recordLFP": [],
        "recordStep": 0.1,
        "recordStim": false,
        "recordTime": true,
        "recordTraces": {
            "soma_voltage": {
                "loc": 0.5,
                "sec": "soma",
                "var": "v"
            }
        },
        "saveCSV": false,
        "saveCellConns": true,
        "saveCellSecs": true,
        "saveDat": false,
        "saveDataInclude": [
            "simData",
            "simConfig",
            "netParams",
            "net"
        ],
        "saveDipoleCells": false,
        "saveDipolePops": false,
        "saveDpk": false,
        "saveFolder": "/pscratch/sd/a/adammwea/2DNetworkSimulations/NERSC/output/240604_Run1_24n24hr/gen_4",
        "saveHDF5": false,
        "saveJson": true,
        "saveLFPCells": false,
        "saveLFPPops": false,
        "saveMat": false,
        "savePickle": false,
        "saveTiming": false,
        "seeds": {
            "cell": 1,
            "conn": 1,
            "loc": 1,
            "stim": 1
        },
        "simLabel": "gen_4_cand_63",
        "tau1_exc": 2.4321440488560997,
        "tau1_exc_std": 3.33003337848667,
        "tau1_inh": 5.248278377085319,
        "tau1_inh_std": 3.150415465361389,
        "tau2_exc": 21.9340403602987,
        "tau2_exc_std": 5.710831849312638,
        "tau2_inh": 9.664575614395938,
        "tau2_inh_std": 0.13388372107864255,
        "timestampFilename": false,
        "timing": true,
        "tstop": 1000.0,
        "use_fast_imem": false,
        "validateNetParams": false,
        "verbose": false,
        "weightEE": 0.14894595201021366,
        "weightEE_std": 0.3230650074482155,
        "weightEI": 1.2638051194568454,
        "weightEI_std": 0.24776448345998772,
        "weightIE": 0.0061302149661711745,
        "weightIE_std": 0.07262026013889641,
        "weightII": 0.7230877937599997,
        "weightII_std": 0.22217088317632092
    }
}