{
    "simConfig": {
        "E_L_mean": 18.8,
        "E_L_stdev": 0.6071442736040569,
        "E_Ra_mean": 128.0,
        "E_Ra_stdev": 6.075778571010282,
        "E_diam_mean": 18.8,
        "E_diam_stdev": 2.5229440312416984,
        "I_L_mean": 9.0,
        "I_L_stdev": 0.11676232882101417,
        "I_Ra_mean": 110.0,
        "I_Ra_stdev": 19.211244319868555,
        "I_diam_mean": 10.0,
        "I_diam_stdev": 2.7778459310946153,
        "addSynMechs": true,
        "allowConnsWithWeight0": true,
        "allowSelfConns": false,
        "analysis": {},
        "backupCfgFile": [],
        "cache_efficient": true,
        "checkErrors": false,
        "compactConnFormat": false,
        "connRandomSecFromList": true,
        "coreneuron": false,
        "createNEURONObj": true,
        "createPyStruct": true,
        "cvode_active": false,
        "cvode_atol": 0.001,
        "distributeSynsUniformly": true,
        "dt": 0.025,
        "dump_coreneuron_model": false,
        "duration": 1000.0,
        "duration_seconds": 330.0,
        "filename": "model_output",
        "gatherOnlySimData": false,
        "gkbar_E": 0.00027194245712317943,
        "gkbar_E_std": 0.22982497316527617,
        "gkbar_I": 3.981955379111275,
        "gkbar_I_std": 0.0002475004379025709,
        "gnabar_E": 1.7552993033288118,
        "gnabar_E_std": 0.8189713510905791,
        "gnabar_I": 0.6163502239862326,
        "gnabar_I_std": 0.9983933608323232,
        "gpu": false,
        "hParams": {
            "celsius": 6.3,
            "clamp_resist": 0.001,
            "v_init": -65.0
        },
        "includeParamsLabel": true,
        "invertedYCoord": true,
        "networkType": "22May24",
        "oneSynPerNetcon": true,
        "printPopAvgRates": [
            100,
            1000.0
        ],
        "printRunTime": false,
        "printSynsAfterRule": false,
        "probEE": 0.00023017110165590715,
        "probEE_std": 0.423639373620876,
        "probEI": 0.41611214598264584,
        "probEI_std": 0.405715127095877,
        "probIE": 0.13096580672527047,
        "probIE_std": 0.45149310954649524,
        "probII": 0.041469091334480485,
        "probII_std": 0.38371437961383503,
        "probLengthConst": 2548.9036425162876,
        "propVelocity": 1.0,
        "pt3dRelativeToCellLocation": true,
        "rand123GlobalIndex": null,
        "random123": false,
        "recordCells": [
            [
                "E",
                [
                    68,
                    13
                ]
            ],
            [
                "I",
                [
                    4,
                    5
                ]
            ]
        ],
        "recordCellsSpikes": -1,
        "recordDipole": false,
        "recordDipolesHNN": false,
        "recordLFP": [],
        "recordStep": 0.1,
        "recordStim": false,
        "recordTime": true,
        "recordTraces": {
            "soma_voltage": {
                "loc": 0.5,
                "sec": "soma",
                "var": "v"
            }
        },
        "saveCSV": false,
        "saveCellConns": true,
        "saveCellSecs": true,
        "saveDat": false,
        "saveDataInclude": [
            "simData",
            "simConfig",
            "netParams",
            "net"
        ],
        "saveDipoleCells": false,
        "saveDipolePops": false,
        "saveDpk": false,
        "saveFolder": "/pscratch/sd/a/adammwea/2DNetworkSimulations/NERSC/output/240604_Run1_24n24hr/gen_4",
        "saveHDF5": false,
        "saveJson": true,
        "saveLFPCells": false,
        "saveLFPPops": false,
        "saveMat": false,
        "savePickle": false,
        "saveTiming": false,
        "seeds": {
            "cell": 1,
            "conn": 1,
            "loc": 1,
            "stim": 1
        },
        "simLabel": "gen_4_cand_101",
        "tau1_exc": 4.6376792109743405,
        "tau1_exc_std": 2.5598443265110267,
        "tau1_inh": 1.2565923087255948,
        "tau1_inh_std": 0.2995422754782993,
        "tau2_exc": 3.972244262595442,
        "tau2_exc_std": 8.317408530652,
        "tau2_inh": 1.403343448705098,
        "tau2_inh_std": 9.728388446137197,
        "timestampFilename": false,
        "timing": true,
        "tstop": 1000.0,
        "use_fast_imem": false,
        "validateNetParams": false,
        "verbose": false,
        "weightEE": 1.846958302786156,
        "weightEE_std": 0.16379270206618463,
        "weightEI": 1.0538243373523326,
        "weightEI_std": 0.0010556068458274451,
        "weightIE": 0.8216873447389179,
        "weightIE_std": 0.07971445786766904,
        "weightII": 1.552459691796265,
        "weightII_std": 0.07856563679105953
    }
}