{
    "simConfig": {
        "E_L_mean": 18.8,
        "E_L_stdev": 4.7840612628054995,
        "E_Ra_mean": 128.0,
        "E_Ra_stdev": 4.664395656439835,
        "E_diam_mean": 18.8,
        "E_diam_stdev": 2.7254661620456737,
        "I_L_mean": 9.0,
        "I_L_stdev": 0.16738049477373346,
        "I_Ra_mean": 110.0,
        "I_Ra_stdev": 54.913534060922174,
        "I_diam_mean": 10.0,
        "I_diam_stdev": 3.3305659225737663,
        "addSynMechs": true,
        "allowConnsWithWeight0": true,
        "allowSelfConns": false,
        "analysis": {},
        "backupCfgFile": [],
        "cache_efficient": true,
        "checkErrors": false,
        "compactConnFormat": false,
        "connRandomSecFromList": true,
        "coreneuron": false,
        "createNEURONObj": true,
        "createPyStruct": true,
        "cvode_active": false,
        "cvode_atol": 0.001,
        "distributeSynsUniformly": true,
        "dt": 0.025,
        "dump_coreneuron_model": false,
        "duration": 1000.0,
        "duration_seconds": 330.0,
        "filename": "model_output",
        "gatherOnlySimData": false,
        "gkbar_E": 0.9930688635996293,
        "gkbar_E_std": 0.1124938002625609,
        "gkbar_I": 2.4195407805857756,
        "gkbar_I_std": 1.2256009201183355,
        "gnabar_E": 6.560270091509257,
        "gnabar_E_std": 0.06003150649436009,
        "gnabar_I": 0.6008427579102325,
        "gnabar_I_std": 0.755424821785124,
        "gpu": false,
        "hParams": {
            "celsius": 6.3,
            "clamp_resist": 0.001,
            "v_init": -65.0
        },
        "includeParamsLabel": true,
        "invertedYCoord": true,
        "networkType": "22May24",
        "oneSynPerNetcon": true,
        "printPopAvgRates": [
            100,
            1000.0
        ],
        "printRunTime": false,
        "printSynsAfterRule": false,
        "probEE": 0.7482779533817127,
        "probEE_std": 0.47706802926154923,
        "probEI": 0.8742068553507963,
        "probEI_std": 0.46551528524690744,
        "probIE": 0.6377206486500531,
        "probIE_std": 0.025083552527210923,
        "probII": 0.16711882604010514,
        "probII_std": 0.48358973074664946,
        "probLengthConst": 714.0285453924758,
        "propVelocity": 1.0,
        "pt3dRelativeToCellLocation": true,
        "rand123GlobalIndex": null,
        "random123": false,
        "recordCells": [
            [
                "E",
                [
                    68,
                    13
                ]
            ],
            [
                "I",
                [
                    4,
                    5
                ]
            ]
        ],
        "recordCellsSpikes": -1,
        "recordDipole": false,
        "recordDipolesHNN": false,
        "recordLFP": [],
        "recordStep": 0.1,
        "recordStim": false,
        "recordTime": true,
        "recordTraces": {
            "soma_voltage": {
                "loc": 0.5,
                "sec": "soma",
                "var": "v"
            }
        },
        "saveCSV": false,
        "saveCellConns": true,
        "saveCellSecs": true,
        "saveDat": false,
        "saveDataInclude": [
            "simData",
            "simConfig",
            "netParams",
            "net"
        ],
        "saveDipoleCells": false,
        "saveDipolePops": false,
        "saveDpk": false,
        "saveFolder": "/pscratch/sd/a/adammwea/2DNetworkSimulations/NERSC/output/240604_Run1_24n24hr/gen_4",
        "saveHDF5": false,
        "saveJson": true,
        "saveLFPCells": false,
        "saveLFPPops": false,
        "saveMat": false,
        "savePickle": false,
        "saveTiming": false,
        "seeds": {
            "cell": 1,
            "conn": 1,
            "loc": 1,
            "stim": 1
        },
        "simLabel": "gen_4_cand_178",
        "tau1_exc": 2.1560310313831037,
        "tau1_exc_std": 0.7629658661019143,
        "tau1_inh": 3.3570752833235673,
        "tau1_inh_std": 1.8412081069521273,
        "tau2_exc": 25.098532396034017,
        "tau2_exc_std": 1.687363871482452,
        "tau2_inh": 17.024692305332703,
        "tau2_inh_std": 3.186413848441075,
        "timestampFilename": false,
        "timing": true,
        "tstop": 1000.0,
        "use_fast_imem": false,
        "validateNetParams": false,
        "verbose": false,
        "weightEE": 0.49950529480780537,
        "weightEE_std": 0.40783051195990505,
        "weightEI": 1.5050911070979478,
        "weightEI_std": 0.09633275626937879,
        "weightIE": 0.9244735696605269,
        "weightIE_std": 0.31188087345004345,
        "weightII": 1.480309666248266,
        "weightII_std": 0.19476489828658533
    }
}