{
    "simConfig": {
        "E_L_mean": 18.8,
        "E_L_stdev": 8.480433819676579,
        "E_Ra_mean": 128.0,
        "E_Ra_stdev": 44.128000392179004,
        "E_diam_mean": 18.8,
        "E_diam_stdev": 0.03846074608571459,
        "I_L_mean": 9.0,
        "I_L_stdev": 1.0369206364693746,
        "I_Ra_mean": 110.0,
        "I_Ra_stdev": 50.71038993772559,
        "I_diam_mean": 10.0,
        "I_diam_stdev": 3.127088853708618,
        "addSynMechs": true,
        "allowConnsWithWeight0": true,
        "allowSelfConns": false,
        "analysis": {},
        "backupCfgFile": [],
        "cache_efficient": true,
        "checkErrors": false,
        "compactConnFormat": false,
        "connRandomSecFromList": true,
        "coreneuron": false,
        "createNEURONObj": true,
        "createPyStruct": true,
        "cvode_active": false,
        "cvode_atol": 0.001,
        "distributeSynsUniformly": true,
        "dt": 0.025,
        "dump_coreneuron_model": false,
        "duration": 1000.0,
        "duration_seconds": 330.0,
        "filename": "model_output",
        "gatherOnlySimData": false,
        "gkbar_E": 0.06608581582663274,
        "gkbar_E_std": 0.00014117325620075757,
        "gkbar_I": 0.7969770595715815,
        "gkbar_I_std": 2.10948513535906,
        "gnabar_E": 1.432445684729329,
        "gnabar_E_std": 1.0693308189021913,
        "gnabar_I": 0.48172946303770325,
        "gnabar_I_std": 0.9935843886194536,
        "gpu": false,
        "hParams": {
            "celsius": 6.3,
            "clamp_resist": 0.001,
            "v_init": -65.0
        },
        "includeParamsLabel": true,
        "invertedYCoord": true,
        "networkType": "22May24",
        "oneSynPerNetcon": true,
        "printPopAvgRates": [
            100,
            1000.0
        ],
        "printRunTime": false,
        "printSynsAfterRule": false,
        "probEE": 0.5210133681862364,
        "probEE_std": 0.15963988302508328,
        "probEI": 0.9999636038750178,
        "probEI_std": 0.460945705334199,
        "probIE": 0.7296567125016237,
        "probIE_std": 0.20041747318985872,
        "probII": 0.5162750271121102,
        "probII_std": 0.4943541322103334,
        "probLengthConst": 2130.1555983148874,
        "propVelocity": 1.0,
        "pt3dRelativeToCellLocation": true,
        "rand123GlobalIndex": null,
        "random123": false,
        "recordCells": [
            [
                "E",
                [
                    68,
                    13
                ]
            ],
            [
                "I",
                [
                    4,
                    5
                ]
            ]
        ],
        "recordCellsSpikes": -1,
        "recordDipole": false,
        "recordDipolesHNN": false,
        "recordLFP": [],
        "recordStep": 0.1,
        "recordStim": false,
        "recordTime": true,
        "recordTraces": {
            "soma_voltage": {
                "loc": 0.5,
                "sec": "soma",
                "var": "v"
            }
        },
        "saveCSV": false,
        "saveCellConns": true,
        "saveCellSecs": true,
        "saveDat": false,
        "saveDataInclude": [
            "simData",
            "simConfig",
            "netParams",
            "net"
        ],
        "saveDipoleCells": false,
        "saveDipolePops": false,
        "saveDpk": false,
        "saveFolder": "/pscratch/sd/a/adammwea/2DNetworkSimulations/NERSC/output/240604_Run1_24n24hr/gen_4",
        "saveHDF5": false,
        "saveJson": true,
        "saveLFPCells": false,
        "saveLFPPops": false,
        "saveMat": false,
        "savePickle": false,
        "saveTiming": false,
        "seeds": {
            "cell": 1,
            "conn": 1,
            "loc": 1,
            "stim": 1
        },
        "simLabel": "gen_4_cand_152",
        "tau1_exc": 6.648660189176161,
        "tau1_exc_std": 0.8701905708080542,
        "tau1_inh": 9.814399843249245,
        "tau1_inh_std": 2.786378118279295,
        "tau2_exc": 3.9774866842990413,
        "tau2_exc_std": 7.823827054045459,
        "tau2_inh": 4.618044149999969,
        "tau2_inh_std": 4.48802860888117,
        "timestampFilename": false,
        "timing": true,
        "tstop": 1000.0,
        "use_fast_imem": false,
        "validateNetParams": false,
        "verbose": false,
        "weightEE": 0.143432845394898,
        "weightEE_std": 0.2579964974463145,
        "weightEI": 0.037880741949400276,
        "weightEI_std": 0.19501820817738919,
        "weightIE": 0.1449047424537908,
        "weightIE_std": 0.258599137918342,
        "weightII": 1.8511879323151177,
        "weightII_std": 0.07213393677324542
    }
}