{
    "simConfig": {
        "E_L_mean": 18.8,
        "E_L_stdev": 0.016579103949032614,
        "E_Ra_mean": 128.0,
        "E_Ra_stdev": 19.277675543663275,
        "E_diam_mean": 18.8,
        "E_diam_stdev": 1.3809323565748604,
        "I_L_mean": 9.0,
        "I_L_stdev": 1.6986140433702936,
        "I_Ra_mean": 110.0,
        "I_Ra_stdev": 11.235780222814215,
        "I_diam_mean": 10.0,
        "I_diam_stdev": 3.269571711108829,
        "addSynMechs": true,
        "allowConnsWithWeight0": true,
        "allowSelfConns": false,
        "analysis": {},
        "backupCfgFile": [],
        "cache_efficient": true,
        "checkErrors": false,
        "compactConnFormat": false,
        "connRandomSecFromList": true,
        "coreneuron": false,
        "createNEURONObj": true,
        "createPyStruct": true,
        "cvode_active": false,
        "cvode_atol": 0.001,
        "distributeSynsUniformly": true,
        "dt": 0.025,
        "dump_coreneuron_model": false,
        "duration": 1000.0,
        "duration_seconds": 330.0,
        "filename": "model_output",
        "gatherOnlySimData": false,
        "gkbar_E": 0.7866332981250468,
        "gkbar_E_std": 0.09402671927736778,
        "gkbar_I": 5.344266775203806,
        "gkbar_I_std": 1.5062882160630684,
        "gnabar_E": 6.555766874634896,
        "gnabar_E_std": 0.27530878370711614,
        "gnabar_I": 3.0694290785341862,
        "gnabar_I_std": 0.9207289647581715,
        "gpu": false,
        "hParams": {
            "celsius": 6.3,
            "clamp_resist": 0.001,
            "v_init": -65.0
        },
        "includeParamsLabel": true,
        "invertedYCoord": true,
        "networkType": "22May24",
        "oneSynPerNetcon": true,
        "printPopAvgRates": [
            100,
            1000.0
        ],
        "printRunTime": false,
        "printSynsAfterRule": false,
        "probEE": 0.7499607712888079,
        "probEE_std": 0.386037343569821,
        "probEI": 0.5926639036450388,
        "probEI_std": 0.057497014048071345,
        "probIE": 0.2857722723086051,
        "probIE_std": 0.4933246607212113,
        "probII": 0.06068682667462266,
        "probII_std": 0.04454853617930571,
        "probLengthConst": 2930.365588238935,
        "propVelocity": 1.0,
        "pt3dRelativeToCellLocation": true,
        "rand123GlobalIndex": null,
        "random123": false,
        "recordCells": [
            [
                "E",
                [
                    68,
                    13
                ]
            ],
            [
                "I",
                [
                    4,
                    5
                ]
            ]
        ],
        "recordCellsSpikes": -1,
        "recordDipole": false,
        "recordDipolesHNN": false,
        "recordLFP": [],
        "recordStep": 0.1,
        "recordStim": false,
        "recordTime": true,
        "recordTraces": {
            "soma_voltage": {
                "loc": 0.5,
                "sec": "soma",
                "var": "v"
            }
        },
        "saveCSV": false,
        "saveCellConns": true,
        "saveCellSecs": true,
        "saveDat": false,
        "saveDataInclude": [
            "simData",
            "simConfig",
            "netParams",
            "net"
        ],
        "saveDipoleCells": false,
        "saveDipolePops": false,
        "saveDpk": false,
        "saveFolder": "/pscratch/sd/a/adammwea/2DNetworkSimulations/NERSC/output/240604_Run1_24n24hr/gen_4",
        "saveHDF5": false,
        "saveJson": true,
        "saveLFPCells": false,
        "saveLFPPops": false,
        "saveMat": false,
        "savePickle": false,
        "saveTiming": false,
        "seeds": {
            "cell": 1,
            "conn": 1,
            "loc": 1,
            "stim": 1
        },
        "simLabel": "gen_4_cand_473",
        "tau1_exc": 0.13730591146342766,
        "tau1_exc_std": 2.8270761948435297,
        "tau1_inh": 8.68594694444042,
        "tau1_inh_std": 1.6090511792683453,
        "tau2_exc": 28.526232213150344,
        "tau2_exc_std": 0.2609119578551843,
        "tau2_inh": 1.450743280052242,
        "tau2_inh_std": 0.3737878728110251,
        "timestampFilename": false,
        "timing": true,
        "tstop": 1000.0,
        "use_fast_imem": false,
        "validateNetParams": false,
        "verbose": false,
        "weightEE": 0.006532415080393634,
        "weightEE_std": 0.19480794361728987,
        "weightEI": 1.8957687804486978,
        "weightEI_std": 0.16180824957709655,
        "weightIE": 0.7269767414199245,
        "weightIE_std": 0.09522393589427633,
        "weightII": 0.2833286387197044,
        "weightII_std": 0.2338129255809089
    }
}