{
    "simConfig": {
        "E_L_mean": 18.8,
        "E_L_stdev": 3.461748947753773,
        "E_Ra_mean": 128.0,
        "E_Ra_stdev": 11.761770505362232,
        "E_diam_mean": 18.8,
        "E_diam_stdev": 3.4830085455433677,
        "I_L_mean": 9.0,
        "I_L_stdev": 1.4540182535322457,
        "I_Ra_mean": 110.0,
        "I_Ra_stdev": 48.25548061607585,
        "I_diam_mean": 10.0,
        "I_diam_stdev": 1.1318870813855968,
        "addSynMechs": true,
        "allowConnsWithWeight0": true,
        "allowSelfConns": false,
        "analysis": {},
        "backupCfgFile": [],
        "cache_efficient": true,
        "checkErrors": false,
        "compactConnFormat": false,
        "connRandomSecFromList": true,
        "coreneuron": false,
        "createNEURONObj": true,
        "createPyStruct": true,
        "cvode_active": false,
        "cvode_atol": 0.001,
        "distributeSynsUniformly": true,
        "dt": 0.025,
        "dump_coreneuron_model": false,
        "duration": 1000.0,
        "duration_seconds": 330.0,
        "filename": "model_output",
        "gatherOnlySimData": false,
        "gkbar_E": 0.8133542406638836,
        "gkbar_E_std": 0.0762914095990262,
        "gkbar_I": 8.333270981251319,
        "gkbar_I_std": 1.9040046523346261,
        "gnabar_E": 6.453247977691568,
        "gnabar_E_std": 0.24164010090168242,
        "gnabar_I": 1.8246647920207586,
        "gnabar_I_std": 0.9590252609376172,
        "gpu": false,
        "hParams": {
            "celsius": 6.3,
            "clamp_resist": 0.001,
            "v_init": -65.0
        },
        "includeParamsLabel": true,
        "invertedYCoord": true,
        "networkType": "22May24",
        "oneSynPerNetcon": true,
        "printPopAvgRates": [
            100,
            1000.0
        ],
        "printRunTime": false,
        "printSynsAfterRule": false,
        "probEE": 0.004260812734932971,
        "probEE_std": 0.49436544552204364,
        "probEI": 0.38085535785099567,
        "probEI_std": 0.4714381029287872,
        "probIE": 0.5962867048093189,
        "probIE_std": 0.3850520318049632,
        "probII": 0.682004036038967,
        "probII_std": 0.4567323779110657,
        "probLengthConst": 2385.1283140519063,
        "propVelocity": 1.0,
        "pt3dRelativeToCellLocation": true,
        "rand123GlobalIndex": null,
        "random123": false,
        "recordCells": [
            [
                "E",
                [
                    68,
                    13
                ]
            ],
            [
                "I",
                [
                    4,
                    5
                ]
            ]
        ],
        "recordCellsSpikes": -1,
        "recordDipole": false,
        "recordDipolesHNN": false,
        "recordLFP": [],
        "recordStep": 0.1,
        "recordStim": false,
        "recordTime": true,
        "recordTraces": {
            "soma_voltage": {
                "loc": 0.5,
                "sec": "soma",
                "var": "v"
            }
        },
        "saveCSV": false,
        "saveCellConns": true,
        "saveCellSecs": true,
        "saveDat": false,
        "saveDataInclude": [
            "simData",
            "simConfig",
            "netParams",
            "net"
        ],
        "saveDipoleCells": false,
        "saveDipolePops": false,
        "saveDpk": false,
        "saveFolder": "/pscratch/sd/a/adammwea/2DNetworkSimulations/NERSC/output/240604_Run1_24n24hr/gen_4",
        "saveHDF5": false,
        "saveJson": true,
        "saveLFPCells": false,
        "saveLFPPops": false,
        "saveMat": false,
        "savePickle": false,
        "saveTiming": false,
        "seeds": {
            "cell": 1,
            "conn": 1,
            "loc": 1,
            "stim": 1
        },
        "simLabel": "gen_4_cand_423",
        "tau1_exc": 0.2642730364822117,
        "tau1_exc_std": 3.3330867414136103,
        "tau1_inh": 4.729002818046096,
        "tau1_inh_std": 0.4917645612560628,
        "tau2_exc": 0.11579053403387607,
        "tau2_exc_std": 9.193329163141453,
        "tau2_inh": 15.0109187937697,
        "tau2_inh_std": 5.378128018491204,
        "timestampFilename": false,
        "timing": true,
        "tstop": 1000.0,
        "use_fast_imem": false,
        "validateNetParams": false,
        "verbose": false,
        "weightEE": 1.9198157774319857,
        "weightEE_std": 0.0037941002221363457,
        "weightEI": 0.3396121394305265,
        "weightEI_std": 0.3195633230032804,
        "weightIE": 0.9890675146178858,
        "weightIE_std": 0.03911732620124825,
        "weightII": 1.70185862929204,
        "weightII_std": 0.006607180900544601
    }
}