{
    "simConfig": {
        "E_L_mean": 18.8,
        "E_L_stdev": 6.493327537707046,
        "E_Ra_mean": 128.0,
        "E_Ra_stdev": 14.401233111547118,
        "E_diam_mean": 18.8,
        "E_diam_stdev": 4.121879032453222,
        "I_L_mean": 9.0,
        "I_L_stdev": 2.931375416053275,
        "I_Ra_mean": 110.0,
        "I_Ra_stdev": 17.33000063495516,
        "I_diam_mean": 10.0,
        "I_diam_stdev": 1.9305680191943226,
        "addSynMechs": true,
        "allowConnsWithWeight0": true,
        "allowSelfConns": false,
        "analysis": {},
        "backupCfgFile": [],
        "cache_efficient": true,
        "checkErrors": false,
        "compactConnFormat": false,
        "connRandomSecFromList": true,
        "coreneuron": false,
        "createNEURONObj": true,
        "createPyStruct": true,
        "cvode_active": false,
        "cvode_atol": 0.001,
        "distributeSynsUniformly": true,
        "dt": 0.025,
        "dump_coreneuron_model": false,
        "duration": 1000.0,
        "duration_seconds": 330.0,
        "filename": "model_output",
        "gatherOnlySimData": false,
        "gkbar_E": 0.9280141247106739,
        "gkbar_E_std": 0.4285796308120825,
        "gkbar_I": 1.191584090944331,
        "gkbar_I_std": 1.0336451260253272,
        "gnabar_E": 6.71471295382332,
        "gnabar_E_std": 1.5140212516756746,
        "gnabar_I": 0.7079901377164566,
        "gnabar_I_std": 0.9992637228348465,
        "gpu": false,
        "hParams": {
            "celsius": 6.3,
            "clamp_resist": 0.001,
            "v_init": -65.0
        },
        "includeParamsLabel": true,
        "invertedYCoord": true,
        "networkType": "22May24",
        "oneSynPerNetcon": true,
        "printPopAvgRates": [
            100,
            1000.0
        ],
        "printRunTime": false,
        "printSynsAfterRule": false,
        "probEE": 0.3642133827880818,
        "probEE_std": 0.1646952881836986,
        "probEI": 0.4275436625983024,
        "probEI_std": 0.48697631013835097,
        "probIE": 0.010286749896808153,
        "probIE_std": 0.19870109772447145,
        "probII": 0.4218146854518143,
        "probII_std": 0.06086658697511957,
        "probLengthConst": 2961.033691627686,
        "propVelocity": 1.0,
        "pt3dRelativeToCellLocation": true,
        "rand123GlobalIndex": null,
        "random123": false,
        "recordCells": [
            [
                "E",
                [
                    68,
                    13
                ]
            ],
            [
                "I",
                [
                    4,
                    5
                ]
            ]
        ],
        "recordCellsSpikes": -1,
        "recordDipole": false,
        "recordDipolesHNN": false,
        "recordLFP": [],
        "recordStep": 0.1,
        "recordStim": false,
        "recordTime": true,
        "recordTraces": {
            "soma_voltage": {
                "loc": 0.5,
                "sec": "soma",
                "var": "v"
            }
        },
        "saveCSV": false,
        "saveCellConns": true,
        "saveCellSecs": true,
        "saveDat": false,
        "saveDataInclude": [
            "simData",
            "simConfig",
            "netParams",
            "net"
        ],
        "saveDipoleCells": false,
        "saveDipolePops": false,
        "saveDpk": false,
        "saveFolder": "/pscratch/sd/a/adammwea/2DNetworkSimulations/NERSC/output/240604_Run1_24n24hr/gen_3",
        "saveHDF5": false,
        "saveJson": true,
        "saveLFPCells": false,
        "saveLFPPops": false,
        "saveMat": false,
        "savePickle": false,
        "saveTiming": false,
        "seeds": {
            "cell": 1,
            "conn": 1,
            "loc": 1,
            "stim": 1
        },
        "simLabel": "gen_3_cand_43",
        "tau1_exc": 6.387886319683235,
        "tau1_exc_std": 2.831134223897988,
        "tau1_inh": 1.1945089509850408,
        "tau1_inh_std": 0.14566766002758103,
        "tau2_exc": 14.872143749570299,
        "tau2_exc_std": 0.7494033793637112,
        "tau2_inh": 15.343844083297864,
        "tau2_inh_std": 1.750578892135117,
        "timestampFilename": false,
        "timing": true,
        "tstop": 1000.0,
        "use_fast_imem": false,
        "validateNetParams": false,
        "verbose": false,
        "weightEE": 1.0796488907467792,
        "weightEE_std": 0.34123322627968095,
        "weightEI": 0.04948077650756946,
        "weightEI_std": 0.026685715716655616,
        "weightIE": 0.23104981905291722,
        "weightIE_std": 0.14484033615449393,
        "weightII": 0.4160277421723977,
        "weightII_std": 0.11122890893782059
    }
}