{
    "simConfig": {
        "E_L_mean": 18.8,
        "E_L_stdev": 0.3876307387522928,
        "E_Ra_mean": 128.0,
        "E_Ra_stdev": 6.898642916075238,
        "E_diam_mean": 18.8,
        "E_diam_stdev": 0.7157754844742923,
        "I_L_mean": 9.0,
        "I_L_stdev": 2.800699969737365,
        "I_Ra_mean": 110.0,
        "I_Ra_stdev": 1.7093877359338023,
        "I_diam_mean": 10.0,
        "I_diam_stdev": 0.045964720254612235,
        "addSynMechs": true,
        "allowConnsWithWeight0": true,
        "allowSelfConns": false,
        "analysis": {},
        "backupCfgFile": [],
        "cache_efficient": true,
        "checkErrors": false,
        "compactConnFormat": false,
        "connRandomSecFromList": true,
        "coreneuron": false,
        "createNEURONObj": true,
        "createPyStruct": true,
        "cvode_active": false,
        "cvode_atol": 0.001,
        "distributeSynsUniformly": true,
        "dt": 0.025,
        "dump_coreneuron_model": false,
        "duration": 1000.0,
        "duration_seconds": 330.0,
        "filename": "model_output",
        "gatherOnlySimData": false,
        "gkbar_E": 0.9749692425440555,
        "gkbar_E_std": 0.44010906324528204,
        "gkbar_I": 0.2538579478519588,
        "gkbar_I_std": 1.8893758568480832,
        "gnabar_E": 5.396671606097173,
        "gnabar_E_std": 0.012506833166443021,
        "gnabar_I": 3.9523478497234397,
        "gnabar_I_std": 0.3174954376615815,
        "gpu": false,
        "hParams": {
            "celsius": 6.3,
            "clamp_resist": 0.001,
            "v_init": -65.0
        },
        "includeParamsLabel": true,
        "invertedYCoord": true,
        "networkType": "22May24",
        "oneSynPerNetcon": true,
        "printPopAvgRates": [
            100,
            1000.0
        ],
        "printRunTime": false,
        "printSynsAfterRule": false,
        "probEE": 0.10889683872174147,
        "probEE_std": 0.2848948637920222,
        "probEI": 0.34179704834899083,
        "probEI_std": 0.05203854274508529,
        "probIE": 0.7443821228118124,
        "probIE_std": 0.47647504413280506,
        "probII": 0.6582722664263172,
        "probII_std": 0.03502407990976966,
        "probLengthConst": 1433.4293207502883,
        "propVelocity": 1.0,
        "pt3dRelativeToCellLocation": true,
        "rand123GlobalIndex": null,
        "random123": false,
        "recordCells": [
            [
                "E",
                [
                    68,
                    13
                ]
            ],
            [
                "I",
                [
                    4,
                    5
                ]
            ]
        ],
        "recordCellsSpikes": -1,
        "recordDipole": false,
        "recordDipolesHNN": false,
        "recordLFP": [],
        "recordStep": 0.1,
        "recordStim": false,
        "recordTime": true,
        "recordTraces": {
            "soma_voltage": {
                "loc": 0.5,
                "sec": "soma",
                "var": "v"
            }
        },
        "saveCSV": false,
        "saveCellConns": true,
        "saveCellSecs": true,
        "saveDat": false,
        "saveDataInclude": [
            "simData",
            "simConfig",
            "netParams",
            "net"
        ],
        "saveDipoleCells": false,
        "saveDipolePops": false,
        "saveDpk": false,
        "saveFolder": "/pscratch/sd/a/adammwea/2DNetworkSimulations/NERSC/output/240604_Run1_24n24hr/gen_3",
        "saveHDF5": false,
        "saveJson": true,
        "saveLFPCells": false,
        "saveLFPPops": false,
        "saveMat": false,
        "savePickle": false,
        "saveTiming": false,
        "seeds": {
            "cell": 1,
            "conn": 1,
            "loc": 1,
            "stim": 1
        },
        "simLabel": "gen_3_cand_377",
        "tau1_exc": 0.26894214876118144,
        "tau1_exc_std": 1.6849436016560424,
        "tau1_inh": 9.45187420400238,
        "tau1_inh_std": 1.6984634644472614,
        "tau2_exc": 28.18041889817942,
        "tau2_exc_std": 2.9275998079108683,
        "tau2_inh": 15.761371937399247,
        "tau2_inh_std": 0.1249647094383189,
        "timestampFilename": false,
        "timing": true,
        "tstop": 1000.0,
        "use_fast_imem": false,
        "validateNetParams": false,
        "verbose": false,
        "weightEE": 1.058118208532139,
        "weightEE_std": 0.28199590907046906,
        "weightEI": 0.9581821358764032,
        "weightEI_std": 0.08745364382189807,
        "weightIE": 0.5315280606539176,
        "weightIE_std": 0.31948357382795006,
        "weightII": 1.8150624617411317,
        "weightII_std": 0.16330439176771774
    }
}