{
    "simConfig": {
        "E_L_mean": 18.8,
        "E_L_stdev": 8.535377198546021,
        "E_Ra_mean": 128.0,
        "E_Ra_stdev": 44.55450877102311,
        "E_diam_mean": 18.8,
        "E_diam_stdev": 3.971381440327935,
        "I_L_mean": 9.0,
        "I_L_stdev": 2.255753401418596,
        "I_Ra_mean": 110.0,
        "I_Ra_stdev": 40.36810047875345,
        "I_diam_mean": 10.0,
        "I_diam_stdev": 3.160632422776111,
        "addSynMechs": true,
        "allowConnsWithWeight0": true,
        "allowSelfConns": false,
        "analysis": {},
        "backupCfgFile": [],
        "cache_efficient": true,
        "checkErrors": false,
        "compactConnFormat": false,
        "connRandomSecFromList": true,
        "coreneuron": false,
        "createNEURONObj": true,
        "createPyStruct": true,
        "cvode_active": false,
        "cvode_atol": 0.001,
        "distributeSynsUniformly": true,
        "dt": 0.025,
        "dump_coreneuron_model": false,
        "duration": 1000.0,
        "duration_seconds": 300.0,
        "filename": "model_output",
        "gatherOnlySimData": false,
        "gkbar_E": 0.9879944862501773,
        "gkbar_E_std": 0.12090682253660928,
        "gkbar_I": 6.415580993773819,
        "gkbar_I_std": 1.2242833348746545,
        "gnabar_E": 0.6685830845718164,
        "gnabar_E_std": 0.6246165654116339,
        "gnabar_I": 4.702785137202114,
        "gnabar_I_std": 0.03216727250230922,
        "gpu": false,
        "hParams": {
            "celsius": 6.3,
            "clamp_resist": 0.001,
            "v_init": -65.0
        },
        "includeParamsLabel": true,
        "invertedYCoord": true,
        "networkType": "22May24",
        "oneSynPerNetcon": true,
        "printPopAvgRates": [
            100,
            1000.0
        ],
        "printRunTime": false,
        "printSynsAfterRule": false,
        "probEE": 0.6118100128879419,
        "probEE_std": 0.35215366012476984,
        "probEI": 0.5038161190744854,
        "probEI_std": 0.2886801071957697,
        "probIE": 0.4161148252252627,
        "probIE_std": 0.011465506983891871,
        "probII": 0.18540879254153209,
        "probII_std": 0.2659546147478243,
        "probLengthConst": 2957.514029349648,
        "propVelocity": 1.0,
        "pt3dRelativeToCellLocation": true,
        "rand123GlobalIndex": null,
        "random123": false,
        "recordCells": [
            [
                "E",
                [
                    24,
                    73
                ]
            ],
            [
                "I",
                [
                    41,
                    25
                ]
            ]
        ],
        "recordCellsSpikes": -1,
        "recordDipole": false,
        "recordDipolesHNN": false,
        "recordLFP": [],
        "recordStep": 0.1,
        "recordStim": false,
        "recordTime": true,
        "recordTraces": {
            "soma_voltage": {
                "loc": 0.5,
                "sec": "soma",
                "var": "v"
            }
        },
        "saveCSV": false,
        "saveCellConns": true,
        "saveCellSecs": true,
        "saveDat": false,
        "saveDataInclude": [
            "simData",
            "simConfig",
            "netParams",
            "net"
        ],
        "saveDipoleCells": false,
        "saveDipolePops": false,
        "saveDpk": false,
        "saveFolder": "/pscratch/sd/a/adammwea/2DNetworkSimulations/NERSC/output/240529_Run1_8nodes/gen_0",
        "saveHDF5": false,
        "saveJson": true,
        "saveLFPCells": false,
        "saveLFPPops": false,
        "saveMat": false,
        "savePickle": false,
        "saveTiming": false,
        "seeds": {
            "cell": 1,
            "conn": 1,
            "loc": 1,
            "stim": 1
        },
        "simLabel": "gen_0_cand_14",
        "tau1_exc": 6.597874301627875,
        "tau1_exc_std": 1.4893294724177513,
        "tau1_inh": 8.264794068583063,
        "tau1_inh_std": 0.6726303474859823,
        "tau2_exc": 13.264373708208057,
        "tau2_exc_std": 3.1616589812693507,
        "tau2_inh": 8.588998869688563,
        "tau2_inh_std": 5.538874795088384,
        "timestampFilename": false,
        "timing": true,
        "tstop": 1000.0,
        "use_fast_imem": false,
        "validateNetParams": false,
        "verbose": false,
        "weightEE": 1.7397538825650516,
        "weightEE_std": 0.22434968863253718,
        "weightEI": 0.43771874636527763,
        "weightEI_std": 0.23348452297949068,
        "weightIE": 0.9751519436002298,
        "weightIE_std": 0.028025883316374567,
        "weightII": 1.4363594203510244,
        "weightII_std": 0.07792042810877328
    }
}