{
    "simConfig": {
        "E_L_mean": 18.8,
        "E_L_stdev": 2.493222328105876,
        "E_Ra_mean": 128.0,
        "E_Ra_stdev": 54.587363345131486,
        "E_diam_mean": 18.8,
        "E_diam_stdev": 4.285022397394216,
        "I_L_mean": 9.0,
        "I_L_stdev": 0.3651100431663642,
        "I_Ra_mean": 110.0,
        "I_Ra_stdev": 41.50693566780785,
        "I_diam_mean": 10.0,
        "I_diam_stdev": 1.9077313532372386,
        "addSynMechs": true,
        "allowConnsWithWeight0": true,
        "allowSelfConns": false,
        "analysis": {},
        "backupCfgFile": [],
        "cache_efficient": true,
        "checkErrors": false,
        "compactConnFormat": false,
        "connRandomSecFromList": true,
        "coreneuron": false,
        "createNEURONObj": true,
        "createPyStruct": true,
        "cvode_active": false,
        "cvode_atol": 0.001,
        "distributeSynsUniformly": true,
        "dt": 0.025,
        "dump_coreneuron_model": false,
        "duration": 1000.0,
        "duration_seconds": 300.0,
        "filename": "model_output",
        "gatherOnlySimData": false,
        "gkbar_E": 0.11674936484421719,
        "gkbar_E_std": 0.33251756657864645,
        "gkbar_I": 4.597608394574927,
        "gkbar_I_std": 2.396714124143673,
        "gnabar_E": 2.4366213679317124,
        "gnabar_E_std": 1.4425808906182482,
        "gnabar_I": 4.964637563911921,
        "gnabar_I_std": 0.2525325057884998,
        "gpu": false,
        "hParams": {
            "celsius": 6.3,
            "clamp_resist": 0.001,
            "v_init": -65.0
        },
        "includeParamsLabel": true,
        "invertedYCoord": true,
        "networkType": "22May24",
        "oneSynPerNetcon": true,
        "printPopAvgRates": [
            100,
            1000.0
        ],
        "printRunTime": false,
        "printSynsAfterRule": false,
        "probEE": 0.6802560235028049,
        "probEE_std": 0.014691531256334264,
        "probEI": 0.49943165624676006,
        "probEI_std": 0.31911267765077,
        "probIE": 0.34578617415167917,
        "probIE_std": 0.49066559102115115,
        "probII": 0.24604041169936552,
        "probII_std": 0.34769305973052267,
        "probLengthConst": 355.0863182363992,
        "propVelocity": 1.0,
        "pt3dRelativeToCellLocation": true,
        "rand123GlobalIndex": null,
        "random123": false,
        "recordCells": [
            [
                "E",
                [
                    24,
                    73
                ]
            ],
            [
                "I",
                [
                    41,
                    25
                ]
            ]
        ],
        "recordCellsSpikes": -1,
        "recordDipole": false,
        "recordDipolesHNN": false,
        "recordLFP": [],
        "recordStep": 0.1,
        "recordStim": false,
        "recordTime": true,
        "recordTraces": {
            "soma_voltage": {
                "loc": 0.5,
                "sec": "soma",
                "var": "v"
            }
        },
        "saveCSV": false,
        "saveCellConns": true,
        "saveCellSecs": true,
        "saveDat": false,
        "saveDataInclude": [
            "simData",
            "simConfig",
            "netParams",
            "net"
        ],
        "saveDipoleCells": false,
        "saveDipolePops": false,
        "saveDpk": false,
        "saveFolder": "/pscratch/sd/a/adammwea/2DNetworkSimulations/NERSC/output/240529_Run1_8nodes/gen_2",
        "saveHDF5": false,
        "saveJson": true,
        "saveLFPCells": false,
        "saveLFPPops": false,
        "saveMat": false,
        "savePickle": false,
        "saveTiming": false,
        "seeds": {
            "cell": 1,
            "conn": 1,
            "loc": 1,
            "stim": 1
        },
        "simLabel": "gen_2_cand_28",
        "tau1_exc": 1.4199846178660065,
        "tau1_exc_std": 0.3724856517400654,
        "tau1_inh": 4.477892559376793,
        "tau1_inh_std": 1.5969843227105427,
        "tau2_exc": 24.55415435237648,
        "tau2_exc_std": 0.04032635474676959,
        "tau2_inh": 19.23757385438973,
        "tau2_inh_std": 6.553043851128544,
        "timestampFilename": false,
        "timing": true,
        "tstop": 1000.0,
        "use_fast_imem": false,
        "validateNetParams": false,
        "verbose": false,
        "weightEE": 0.7231906099330525,
        "weightEE_std": 0.1521697582809394,
        "weightEI": 0.9750838974219647,
        "weightEI_std": 0.158283027983465,
        "weightIE": 0.8735469855697193,
        "weightIE_std": 0.14009172925082736,
        "weightII": 1.958538569212269,
        "weightII_std": 0.130075019744813
    }
}