{
    "simConfig": {
        "E_L_mean": 18.8,
        "E_L_stdev": 8.928932692767509,
        "E_Ra_mean": 128.0,
        "E_Ra_stdev": 1.946683205605178,
        "E_diam_mean": 18.8,
        "E_diam_stdev": 4.0182142798597855,
        "I_L_mean": 9.0,
        "I_L_stdev": 0.4670725127622542,
        "I_Ra_mean": 110.0,
        "I_Ra_stdev": 1.4028623287336544,
        "I_diam_mean": 10.0,
        "I_diam_stdev": 0.8737231406648311,
        "addSynMechs": true,
        "allowConnsWithWeight0": true,
        "allowSelfConns": false,
        "analysis": {},
        "backupCfgFile": [],
        "cache_efficient": true,
        "checkErrors": false,
        "compactConnFormat": false,
        "connRandomSecFromList": true,
        "coreneuron": false,
        "createNEURONObj": true,
        "createPyStruct": true,
        "cvode_active": false,
        "cvode_atol": 0.001,
        "distributeSynsUniformly": true,
        "dt": 0.025,
        "dump_coreneuron_model": false,
        "duration": 1000.0,
        "duration_seconds": 300.0,
        "filename": "model_output",
        "gatherOnlySimData": false,
        "gkbar_E": 0.7115054296117385,
        "gkbar_E_std": 0.013482385452590964,
        "gkbar_I": 0.4579686794086495,
        "gkbar_I_std": 2.2099731868997243,
        "gnabar_E": 3.2901679821357988,
        "gnabar_E_std": 0.005636867729724271,
        "gnabar_I": 4.906246010536304,
        "gnabar_I_std": 0.5873625695261389,
        "gpu": false,
        "hParams": {
            "celsius": 6.3,
            "clamp_resist": 0.001,
            "v_init": -65.0
        },
        "includeParamsLabel": true,
        "invertedYCoord": true,
        "networkType": "22May24",
        "oneSynPerNetcon": true,
        "printPopAvgRates": [
            100,
            1000.0
        ],
        "printRunTime": false,
        "printSynsAfterRule": false,
        "probEE": 0.73144606674754,
        "probEE_std": 0.005341945300639632,
        "probEI": 0.3044589368571984,
        "probEI_std": 0.41133675310335127,
        "probIE": 0.732420845004577,
        "probIE_std": 0.09339021331613886,
        "probII": 0.6936439737251285,
        "probII_std": 0.08117070226011763,
        "probLengthConst": 245.11988993287036,
        "propVelocity": 1.0,
        "pt3dRelativeToCellLocation": true,
        "rand123GlobalIndex": null,
        "random123": false,
        "recordCells": [
            [
                "E",
                [
                    24,
                    73
                ]
            ],
            [
                "I",
                [
                    41,
                    25
                ]
            ]
        ],
        "recordCellsSpikes": -1,
        "recordDipole": false,
        "recordDipolesHNN": false,
        "recordLFP": [],
        "recordStep": 0.1,
        "recordStim": false,
        "recordTime": true,
        "recordTraces": {
            "soma_voltage": {
                "loc": 0.5,
                "sec": "soma",
                "var": "v"
            }
        },
        "saveCSV": false,
        "saveCellConns": true,
        "saveCellSecs": true,
        "saveDat": false,
        "saveDataInclude": [
            "simData",
            "simConfig",
            "netParams",
            "net"
        ],
        "saveDipoleCells": false,
        "saveDipolePops": false,
        "saveDpk": false,
        "saveFolder": "/pscratch/sd/a/adammwea/2DNetworkSimulations/NERSC/output/240529_Run1_8nodes/gen_2",
        "saveHDF5": false,
        "saveJson": true,
        "saveLFPCells": false,
        "saveLFPPops": false,
        "saveMat": false,
        "savePickle": false,
        "saveTiming": false,
        "seeds": {
            "cell": 1,
            "conn": 1,
            "loc": 1,
            "stim": 1
        },
        "simLabel": "gen_2_cand_2",
        "tau1_exc": 7.499713166334223,
        "tau1_exc_std": 3.227671507155741,
        "tau1_inh": 1.7118008264759876,
        "tau1_inh_std": 2.3144579603722693,
        "tau2_exc": 5.917750318313159,
        "tau2_exc_std": 9.281774371088805,
        "tau2_inh": 17.59876289772275,
        "tau2_inh_std": 5.889424969037078,
        "timestampFilename": false,
        "timing": true,
        "tstop": 1000.0,
        "use_fast_imem": false,
        "validateNetParams": false,
        "verbose": false,
        "weightEE": 1.5611392125365982,
        "weightEE_std": 0.15208680582173156,
        "weightEI": 0.02256767538532456,
        "weightEI_std": 0.0694634165327652,
        "weightIE": 0.37775770548226817,
        "weightIE_std": 0.27492132592959423,
        "weightII": 1.7896616275127162,
        "weightII_std": 0.17402902182242463
    }
}