{
    "simConfig": {
        "E_L_mean": 18.8,
        "E_L_stdev": 0.07530447196805612,
        "E_Ra_mean": 128.0,
        "E_Ra_stdev": 3.7599101247909417,
        "E_diam_mean": 18.8,
        "E_diam_stdev": 6.0821129972162495,
        "I_L_mean": 9.0,
        "I_L_stdev": 2.9987534628603205,
        "I_Ra_mean": 110.0,
        "I_Ra_stdev": 47.401512637375646,
        "I_diam_mean": 10.0,
        "I_diam_stdev": 0.011360246806473304,
        "addSynMechs": true,
        "allowConnsWithWeight0": true,
        "allowSelfConns": false,
        "analysis": {},
        "backupCfgFile": [],
        "cache_efficient": true,
        "checkErrors": false,
        "compactConnFormat": false,
        "connRandomSecFromList": true,
        "coreneuron": false,
        "createNEURONObj": true,
        "createPyStruct": true,
        "cvode_active": false,
        "cvode_atol": 0.001,
        "distributeSynsUniformly": true,
        "dt": 0.025,
        "dump_coreneuron_model": false,
        "duration": 1000.0,
        "duration_seconds": 90.0,
        "filename": "model_output",
        "gatherOnlySimData": false,
        "gkbar_E": 0.6295300814007178,
        "gkbar_E_std": 0.0038864822793514726,
        "gkbar_I": 9.653911320488076,
        "gkbar_I_std": 0.5287548554106623,
        "gnabar_E": 1.5193229641242016,
        "gnabar_E_std": 0.8066352453512267,
        "gnabar_I": 4.762664356322979,
        "gnabar_I_std": 0.26933159925441935,
        "gpu": false,
        "hParams": {
            "celsius": 6.3,
            "clamp_resist": 0.001,
            "v_init": -65.0
        },
        "includeParamsLabel": true,
        "invertedYCoord": true,
        "networkType": "22May24",
        "oneSynPerNetcon": true,
        "printPopAvgRates": [
            100,
            1000.0
        ],
        "printRunTime": false,
        "printSynsAfterRule": false,
        "probEE": 0.611979670713373,
        "probEE_std": 0.4928924744737646,
        "probEI": 0.9801171729552465,
        "probEI_std": 0.13155444369327357,
        "probIE": 0.6161688153415651,
        "probIE_std": 0.009613038547697128,
        "probII": 0.27527898168452086,
        "probII_std": 0.4592515262380888,
        "probLengthConst": 2385.7635553587293,
        "propVelocity": 1.0,
        "pt3dRelativeToCellLocation": true,
        "rand123GlobalIndex": null,
        "random123": false,
        "recordCells": [
            [
                "E",
                [
                    74,
                    47
                ]
            ],
            [
                "I",
                [
                    38,
                    3
                ]
            ]
        ],
        "recordCellsSpikes": -1,
        "recordDipole": false,
        "recordDipolesHNN": false,
        "recordLFP": [],
        "recordStep": 0.1,
        "recordStim": false,
        "recordTime": true,
        "recordTraces": {
            "soma_voltage": {
                "loc": 0.5,
                "sec": "soma",
                "var": "v"
            }
        },
        "saveCSV": false,
        "saveCellConns": true,
        "saveCellSecs": true,
        "saveDat": false,
        "saveDataInclude": [
            "simData",
            "simConfig",
            "netParams",
            "net"
        ],
        "saveDipoleCells": false,
        "saveDipolePops": false,
        "saveDpk": false,
        "saveFolder": "/pscratch/sd/a/adammwea/2DNetworkSimulations/NERSC/output/240528_Run1_this_does_work/gen_6",
        "saveHDF5": false,
        "saveJson": true,
        "saveLFPCells": false,
        "saveLFPPops": false,
        "saveMat": false,
        "savePickle": false,
        "saveTiming": false,
        "seeds": {
            "cell": 1,
            "conn": 1,
            "loc": 1,
            "stim": 1
        },
        "simLabel": "gen_6_cand_13",
        "tau1_exc": 6.921189721798347,
        "tau1_exc_std": 0.12762963591285806,
        "tau1_inh": 4.605550094014877,
        "tau1_inh_std": 1.5496967840031652,
        "tau2_exc": 19.219548215778858,
        "tau2_exc_std": 9.950413444429559,
        "tau2_inh": 2.6380064201548485,
        "tau2_inh_std": 3.8505857286578347,
        "timestampFilename": false,
        "timing": true,
        "tstop": 1000.0,
        "use_fast_imem": false,
        "validateNetParams": false,
        "verbose": false,
        "weightEE": 1.6437980412378224,
        "weightEE_std": 0.3398216190470368,
        "weightEI": 1.492873547164823,
        "weightEI_std": 0.0026180803623036064,
        "weightIE": 0.19523964159381163,
        "weightIE_std": 0.014194738431477935,
        "weightII": 1.9929946527125761,
        "weightII_std": 0.18107365205374998
    }
}