{
    "simConfig": {
        "E_L_mean": 18.8,
        "E_L_stdev": 6.661649419709619,
        "E_Ra_mean": 128.0,
        "E_Ra_stdev": 17.68790812154971,
        "E_diam_mean": 18.8,
        "E_diam_stdev": 0.20909021682079054,
        "I_L_mean": 9.0,
        "I_L_stdev": 1.4846292652177908,
        "I_Ra_mean": 110.0,
        "I_Ra_stdev": 42.74583181258407,
        "I_diam_mean": 10.0,
        "I_diam_stdev": 1.9350279039326916,
        "addSynMechs": true,
        "allowConnsWithWeight0": true,
        "allowSelfConns": false,
        "analysis": {},
        "backupCfgFile": [],
        "cache_efficient": true,
        "checkErrors": false,
        "compactConnFormat": false,
        "connRandomSecFromList": true,
        "coreneuron": false,
        "createNEURONObj": true,
        "createPyStruct": true,
        "cvode_active": false,
        "cvode_atol": 0.001,
        "distributeSynsUniformly": true,
        "dt": 0.025,
        "dump_coreneuron_model": false,
        "duration": 1000.0,
        "duration_seconds": 90.0,
        "filename": "model_output",
        "gatherOnlySimData": false,
        "gkbar_E": 0.9326544494735339,
        "gkbar_E_std": 0.39328681908800234,
        "gkbar_I": 2.032241278810814,
        "gkbar_I_std": 0.14493801597311293,
        "gnabar_E": 0.8325738010693073,
        "gnabar_E_std": 1.62621656701586,
        "gnabar_I": 2.3593915888582684,
        "gnabar_I_std": 0.12378886838189562,
        "gpu": false,
        "hParams": {
            "celsius": 6.3,
            "clamp_resist": 0.001,
            "v_init": -65.0
        },
        "includeParamsLabel": true,
        "invertedYCoord": true,
        "networkType": "22May24",
        "oneSynPerNetcon": true,
        "printPopAvgRates": [
            100,
            1000.0
        ],
        "printRunTime": false,
        "printSynsAfterRule": false,
        "probEE": 0.6392370491812083,
        "probEE_std": 0.08540835787223908,
        "probEI": 0.8312834391385681,
        "probEI_std": 0.48669115518353945,
        "probIE": 0.5389466578900942,
        "probIE_std": 0.12467383851904629,
        "probII": 0.4664018985515921,
        "probII_std": 0.39557459600324807,
        "probLengthConst": 2021.5826377560238,
        "propVelocity": 1.0,
        "pt3dRelativeToCellLocation": true,
        "rand123GlobalIndex": null,
        "random123": false,
        "recordCells": [
            [
                "E",
                [
                    74,
                    47
                ]
            ],
            [
                "I",
                [
                    38,
                    3
                ]
            ]
        ],
        "recordCellsSpikes": -1,
        "recordDipole": false,
        "recordDipolesHNN": false,
        "recordLFP": [],
        "recordStep": 0.1,
        "recordStim": false,
        "recordTime": true,
        "recordTraces": {
            "soma_voltage": {
                "loc": 0.5,
                "sec": "soma",
                "var": "v"
            }
        },
        "saveCSV": false,
        "saveCellConns": true,
        "saveCellSecs": true,
        "saveDat": false,
        "saveDataInclude": [
            "simData",
            "simConfig",
            "netParams",
            "net"
        ],
        "saveDipoleCells": false,
        "saveDipolePops": false,
        "saveDpk": false,
        "saveFolder": "/pscratch/sd/a/adammwea/2DNetworkSimulations/NERSC/output/240528_Run1_this_does_work/gen_6",
        "saveHDF5": false,
        "saveJson": true,
        "saveLFPCells": false,
        "saveLFPPops": false,
        "saveMat": false,
        "savePickle": false,
        "saveTiming": false,
        "seeds": {
            "cell": 1,
            "conn": 1,
            "loc": 1,
            "stim": 1
        },
        "simLabel": "gen_6_cand_46",
        "tau1_exc": 3.642243919343558,
        "tau1_exc_std": 2.917077527370011,
        "tau1_inh": 2.569632646002259,
        "tau1_inh_std": 2.540598103508436,
        "tau2_exc": 25.06074730199785,
        "tau2_exc_std": 6.092993863995746,
        "tau2_inh": 12.372629826913304,
        "tau2_inh_std": 9.991338699346983,
        "timestampFilename": false,
        "timing": true,
        "tstop": 1000.0,
        "use_fast_imem": false,
        "validateNetParams": false,
        "verbose": false,
        "weightEE": 1.3499465086645284,
        "weightEE_std": 0.06836572203718058,
        "weightEI": 0.8584802200424962,
        "weightEI_std": 0.3053999899399562,
        "weightIE": 0.7426331687639303,
        "weightIE_std": 0.10411001973566218,
        "weightII": 0.14696322336232756,
        "weightII_std": 0.06996395036724956
    }
}