{
    "simConfig": {
        "E_L_mean": 18.8,
        "E_L_stdev": 0.2998354109556234,
        "E_Ra_mean": 128.0,
        "E_Ra_stdev": 35.891062842879066,
        "E_diam_mean": 18.8,
        "E_diam_stdev": 4.412834870366053,
        "I_L_mean": 9.0,
        "I_L_stdev": 1.15025373099985,
        "I_Ra_mean": 110.0,
        "I_Ra_stdev": 7.862976795453111,
        "I_diam_mean": 10.0,
        "I_diam_stdev": 0.0702041391710913,
        "addSynMechs": true,
        "allowConnsWithWeight0": true,
        "allowSelfConns": false,
        "analysis": {},
        "backupCfgFile": [],
        "cache_efficient": true,
        "checkErrors": false,
        "compactConnFormat": false,
        "connRandomSecFromList": true,
        "coreneuron": false,
        "createNEURONObj": true,
        "createPyStruct": true,
        "cvode_active": false,
        "cvode_atol": 0.001,
        "distributeSynsUniformly": true,
        "dt": 0.025,
        "dump_coreneuron_model": false,
        "duration": 1000.0,
        "duration_seconds": 90.0,
        "filename": "model_output",
        "gatherOnlySimData": false,
        "gkbar_E": 0.9998101580827979,
        "gkbar_E_std": 0.33121384010687543,
        "gkbar_I": 8.096640354497898,
        "gkbar_I_std": 2.493494644954589,
        "gnabar_E": 3.330007091179413,
        "gnabar_E_std": 1.4808174876396216,
        "gnabar_I": 0.529512610842757,
        "gnabar_I_std": 0.4948924874895609,
        "gpu": false,
        "hParams": {
            "celsius": 6.3,
            "clamp_resist": 0.001,
            "v_init": -65.0
        },
        "includeParamsLabel": true,
        "invertedYCoord": true,
        "networkType": "22May24",
        "oneSynPerNetcon": true,
        "printPopAvgRates": [
            100,
            1000.0
        ],
        "printRunTime": false,
        "printSynsAfterRule": false,
        "probEE": 0.45539318829616526,
        "probEE_std": 0.4999102345894454,
        "probEI": 0.6048270353856016,
        "probEI_std": 0.30699701235096505,
        "probIE": 0.5000114239307276,
        "probIE_std": 0.10215097871970596,
        "probII": 0.5967522784316476,
        "probII_std": 0.007313974708329155,
        "probLengthConst": 87.87317160446491,
        "propVelocity": 1.0,
        "pt3dRelativeToCellLocation": true,
        "rand123GlobalIndex": null,
        "random123": false,
        "recordCells": [
            [
                "E",
                [
                    74,
                    47
                ]
            ],
            [
                "I",
                [
                    38,
                    3
                ]
            ]
        ],
        "recordCellsSpikes": -1,
        "recordDipole": false,
        "recordDipolesHNN": false,
        "recordLFP": [],
        "recordStep": 0.1,
        "recordStim": false,
        "recordTime": true,
        "recordTraces": {
            "soma_voltage": {
                "loc": 0.5,
                "sec": "soma",
                "var": "v"
            }
        },
        "saveCSV": false,
        "saveCellConns": true,
        "saveCellSecs": true,
        "saveDat": false,
        "saveDataInclude": [
            "simData",
            "simConfig",
            "netParams",
            "net"
        ],
        "saveDipoleCells": false,
        "saveDipolePops": false,
        "saveDpk": false,
        "saveFolder": "/pscratch/sd/a/adammwea/2DNetworkSimulations/NERSC/output/240528_Run1_this_does_work/gen_6",
        "saveHDF5": false,
        "saveJson": true,
        "saveLFPCells": false,
        "saveLFPPops": false,
        "saveMat": false,
        "savePickle": false,
        "saveTiming": false,
        "seeds": {
            "cell": 1,
            "conn": 1,
            "loc": 1,
            "stim": 1
        },
        "simLabel": "gen_6_cand_19",
        "tau1_exc": 7.339998077328414,
        "tau1_exc_std": 0.6697196421076941,
        "tau1_inh": 0.015335178657810075,
        "tau1_inh_std": 0.2626198478279336,
        "tau2_exc": 0.5961693307997775,
        "tau2_exc_std": 5.688386611403585,
        "tau2_inh": 2.077515931045294,
        "tau2_inh_std": 0.8351664325004258,
        "timestampFilename": false,
        "timing": true,
        "tstop": 1000.0,
        "use_fast_imem": false,
        "validateNetParams": false,
        "verbose": false,
        "weightEE": 1.9936506058785326,
        "weightEE_std": 0.1173569687543345,
        "weightEI": 0.8514100173918598,
        "weightEI_std": 0.22591606651946516,
        "weightIE": 0.03319040135145207,
        "weightIE_std": 0.05396302828503477,
        "weightII": 1.5830590217058926,
        "weightII_std": 0.24540719539763783
    }
}