{
    "simConfig": {
        "E_L_mean": 18.8,
        "E_L_stdev": 4.048721421469272,
        "E_Ra_mean": 128.0,
        "E_Ra_stdev": 28.686844211098194,
        "E_diam_mean": 18.8,
        "E_diam_stdev": 5.9869788358168625,
        "I_L_mean": 9.0,
        "I_L_stdev": 0.693798775291652,
        "I_Ra_mean": 110.0,
        "I_Ra_stdev": 5.16130908560845,
        "I_diam_mean": 10.0,
        "I_diam_stdev": 3.1235278131442814,
        "addSynMechs": true,
        "allowConnsWithWeight0": true,
        "allowSelfConns": false,
        "analysis": {},
        "backupCfgFile": [],
        "cache_efficient": true,
        "checkErrors": false,
        "compactConnFormat": false,
        "connRandomSecFromList": true,
        "coreneuron": false,
        "createNEURONObj": true,
        "createPyStruct": true,
        "cvode_active": false,
        "cvode_atol": 0.001,
        "distributeSynsUniformly": true,
        "dt": 0.025,
        "dump_coreneuron_model": false,
        "duration": 1000.0,
        "duration_seconds": 300.0,
        "filename": "model_output",
        "gatherOnlySimData": false,
        "gkbar_E": 0.6081500599117056,
        "gkbar_E_std": 0.12355284465690969,
        "gkbar_I": 6.966039084021238,
        "gkbar_I_std": 2.3513345643879875,
        "gnabar_E": 5.83840696998344,
        "gnabar_E_std": 1.6652605893161216,
        "gnabar_I": 4.984642202992188,
        "gnabar_I_std": 0.7568097809932641,
        "gpu": false,
        "hParams": {
            "celsius": 6.3,
            "clamp_resist": 0.001,
            "v_init": -65.0
        },
        "includeParamsLabel": true,
        "invertedYCoord": true,
        "networkType": "22May24",
        "oneSynPerNetcon": true,
        "printPopAvgRates": [
            100,
            1000.0
        ],
        "printRunTime": false,
        "printSynsAfterRule": false,
        "probEE": 0.589908199549875,
        "probEE_std": 0.3459858551216204,
        "probEI": 0.2699798893975909,
        "probEI_std": 0.32723586465980437,
        "probIE": 0.12837415661325036,
        "probIE_std": 0.49993002340276593,
        "probII": 0.5642243144119898,
        "probII_std": 0.10803734735757974,
        "probLengthConst": 169.58006333266349,
        "propVelocity": 1.0,
        "pt3dRelativeToCellLocation": true,
        "rand123GlobalIndex": null,
        "random123": false,
        "recordCells": [
            [
                "E",
                [
                    65,
                    58
                ]
            ],
            [
                "I",
                [
                    22,
                    34
                ]
            ]
        ],
        "recordCellsSpikes": -1,
        "recordDipole": false,
        "recordDipolesHNN": false,
        "recordLFP": [],
        "recordStep": 0.1,
        "recordStim": false,
        "recordTime": true,
        "recordTraces": {
            "soma_voltage": {
                "loc": 0.5,
                "sec": "soma",
                "var": "v"
            }
        },
        "saveCSV": false,
        "saveCellConns": true,
        "saveCellSecs": true,
        "saveDat": false,
        "saveDataInclude": [
            "simData",
            "simConfig",
            "netParams",
            "net"
        ],
        "saveDipoleCells": false,
        "saveDipolePops": false,
        "saveDpk": false,
        "saveFolder": "/pscratch/sd/a/adammwea/2DNetworkSimulations/NERSC/output/240530_Run1_8nodes/gen_12",
        "saveHDF5": false,
        "saveJson": true,
        "saveLFPCells": false,
        "saveLFPPops": false,
        "saveMat": false,
        "savePickle": false,
        "saveTiming": false,
        "seeds": {
            "cell": 1,
            "conn": 1,
            "loc": 1,
            "stim": 1
        },
        "simLabel": "gen_12_cand_30",
        "tau1_exc": 0.5386214422492885,
        "tau1_exc_std": 3.1653705957281963,
        "tau1_inh": 9.939084240846247,
        "tau1_inh_std": 0.0001560916516742325,
        "tau2_exc": 28.861820333333412,
        "tau2_exc_std": 4.543106570901719,
        "tau2_inh": 3.9343565438083417,
        "tau2_inh_std": 0.16610846591765938,
        "timestampFilename": false,
        "timing": true,
        "tstop": 1000.0,
        "use_fast_imem": false,
        "validateNetParams": false,
        "verbose": false,
        "weightEE": 0.4516443193119028,
        "weightEE_std": 0.0038713081286886053,
        "weightEI": 1.4697462118517994,
        "weightEI_std": 0.24056112000885277,
        "weightIE": 0.5125964635814667,
        "weightIE_std": 0.04967417283466139,
        "weightII": 1.09745114537423,
        "weightII_std": 0.00014852197729154281
    }
}