{
    "simConfig": {
        "E_L_mean": 18.8,
        "E_L_stdev": 7.534121014546222,
        "E_Ra_mean": 128.0,
        "E_Ra_stdev": 12.411358572058205,
        "E_diam_mean": 18.8,
        "E_diam_stdev": 0.3798230870688135,
        "I_L_mean": 9.0,
        "I_L_stdev": 0.3710123920439641,
        "I_Ra_mean": 110.0,
        "I_Ra_stdev": 30.023840580925242,
        "I_diam_mean": 10.0,
        "I_diam_stdev": 3.3305627936790043,
        "addSynMechs": true,
        "allowConnsWithWeight0": true,
        "allowSelfConns": false,
        "analysis": {},
        "backupCfgFile": [],
        "cache_efficient": true,
        "checkErrors": false,
        "compactConnFormat": false,
        "connRandomSecFromList": true,
        "coreneuron": false,
        "createNEURONObj": true,
        "createPyStruct": true,
        "cvode_active": false,
        "cvode_atol": 0.001,
        "distributeSynsUniformly": true,
        "dt": 0.025,
        "dump_coreneuron_model": false,
        "duration": 1000.0,
        "duration_seconds": 300.0,
        "filename": "model_output",
        "gatherOnlySimData": false,
        "gkbar_E": 0.0012243706394156765,
        "gkbar_E_std": 0.49996932268815314,
        "gkbar_I": 0.4589936352898032,
        "gkbar_I_std": 0.5404941378529605,
        "gnabar_E": 4.359711351149714,
        "gnabar_E_std": 0.7465583120835138,
        "gnabar_I": 4.7582175464507035,
        "gnabar_I_std": 0.004889446660212647,
        "gpu": false,
        "hParams": {
            "celsius": 6.3,
            "clamp_resist": 0.001,
            "v_init": -65.0
        },
        "includeParamsLabel": true,
        "invertedYCoord": true,
        "networkType": "22May24",
        "oneSynPerNetcon": true,
        "printPopAvgRates": [
            100,
            1000.0
        ],
        "printRunTime": false,
        "printSynsAfterRule": false,
        "probEE": 0.005524377287725653,
        "probEE_std": 0.044912694425620625,
        "probEI": 0.9463054084053731,
        "probEI_std": 0.43594032878051514,
        "probIE": 0.7483127481015301,
        "probIE_std": 0.3948273376648338,
        "probII": 0.0008505334420804208,
        "probII_std": 0.49767200914067483,
        "probLengthConst": 2564.320367229635,
        "propVelocity": 1.0,
        "pt3dRelativeToCellLocation": true,
        "rand123GlobalIndex": null,
        "random123": false,
        "recordCells": [
            [
                "E",
                [
                    65,
                    58
                ]
            ],
            [
                "I",
                [
                    22,
                    34
                ]
            ]
        ],
        "recordCellsSpikes": -1,
        "recordDipole": false,
        "recordDipolesHNN": false,
        "recordLFP": [],
        "recordStep": 0.1,
        "recordStim": false,
        "recordTime": true,
        "recordTraces": {
            "soma_voltage": {
                "loc": 0.5,
                "sec": "soma",
                "var": "v"
            }
        },
        "saveCSV": false,
        "saveCellConns": true,
        "saveCellSecs": true,
        "saveDat": false,
        "saveDataInclude": [
            "simData",
            "simConfig",
            "netParams",
            "net"
        ],
        "saveDipoleCells": false,
        "saveDipolePops": false,
        "saveDpk": false,
        "saveFolder": "/pscratch/sd/a/adammwea/2DNetworkSimulations/NERSC/output/240530_Run1_8nodes/gen_12",
        "saveHDF5": false,
        "saveJson": true,
        "saveLFPCells": false,
        "saveLFPPops": false,
        "saveMat": false,
        "savePickle": false,
        "saveTiming": false,
        "seeds": {
            "cell": 1,
            "conn": 1,
            "loc": 1,
            "stim": 1
        },
        "simLabel": "gen_12_cand_58",
        "tau1_exc": 1.1662407448315006,
        "tau1_exc_std": 1.548932524356214,
        "tau1_inh": 1.5515450991914763,
        "tau1_inh_std": 1.1600724889221334,
        "tau2_exc": 29.352800720732503,
        "tau2_exc_std": 9.953997927469834,
        "tau2_inh": 18.67806586489708,
        "tau2_inh_std": 0.5853880294168645,
        "timestampFilename": false,
        "timing": true,
        "tstop": 1000.0,
        "use_fast_imem": false,
        "validateNetParams": false,
        "verbose": false,
        "weightEE": 0.0019893905232784524,
        "weightEE_std": 0.3830209432683094,
        "weightEI": 0.10650857045453119,
        "weightEI_std": 0.03774517709149487,
        "weightIE": 0.3958623859986566,
        "weightIE_std": 0.32613765486732904,
        "weightII": 0.06586476041832398,
        "weightII_std": 0.2458871182668711
    }
}