{
    "simConfig": {
        "E_L_mean": 18.8,
        "E_L_stdev": 0.010033372107966714,
        "E_Ra_mean": 128.0,
        "E_Ra_stdev": 16.851108395408602,
        "E_diam_mean": 18.8,
        "E_diam_stdev": 2.188905831042536,
        "I_L_mean": 9.0,
        "I_L_stdev": 2.5121361108710225,
        "I_Ra_mean": 110.0,
        "I_Ra_stdev": 34.43259238067651,
        "I_diam_mean": 10.0,
        "I_diam_stdev": 0.7318977931902801,
        "addSynMechs": true,
        "allowConnsWithWeight0": true,
        "allowSelfConns": false,
        "analysis": {},
        "backupCfgFile": [],
        "cache_efficient": true,
        "checkErrors": false,
        "compactConnFormat": false,
        "connRandomSecFromList": true,
        "coreneuron": false,
        "createNEURONObj": true,
        "createPyStruct": true,
        "cvode_active": false,
        "cvode_atol": 0.001,
        "distributeSynsUniformly": true,
        "dt": 0.025,
        "dump_coreneuron_model": false,
        "duration": 1000.0,
        "duration_seconds": 60.0,
        "filename": "model_output",
        "gatherOnlySimData": false,
        "gkbar_E": 0.9921099783839091,
        "gkbar_E_std": 7.682180717990381e-07,
        "gkbar_I": 3.757571586970749,
        "gkbar_I_std": 0.20714793269428355,
        "gnabar_E": 0.47830567256690726,
        "gnabar_E_std": 1.662239295754349,
        "gnabar_I": 2.9670756113488297,
        "gnabar_I_std": 0.9966883526131458,
        "gpu": false,
        "hParams": {
            "celsius": 6.3,
            "clamp_resist": 0.001,
            "v_init": -65.0
        },
        "includeParamsLabel": true,
        "invertedYCoord": true,
        "networkType": "22May24",
        "oneSynPerNetcon": true,
        "printPopAvgRates": [
            100,
            1000.0
        ],
        "printRunTime": false,
        "printSynsAfterRule": false,
        "probEE": 0.04794209587485666,
        "probEE_std": 0.18809065653235588,
        "probEI": 0.002955381974967388,
        "probEI_std": 0.05939709399720942,
        "probIE": 0.8056988053640334,
        "probIE_std": 0.33198432847425113,
        "probII": 0.358740825886929,
        "probII_std": 0.28358314935829176,
        "probLengthConst": 687.7120808163074,
        "propVelocity": 1.0,
        "pt3dRelativeToCellLocation": true,
        "rand123GlobalIndex": null,
        "random123": false,
        "recordCells": [
            [
                "E",
                [
                    16,
                    79
                ]
            ],
            [
                "I",
                [
                    28,
                    1
                ]
            ]
        ],
        "recordCellsSpikes": -1,
        "recordDipole": false,
        "recordDipolesHNN": false,
        "recordLFP": [],
        "recordStep": 0.1,
        "recordStim": false,
        "recordTime": true,
        "recordTraces": {
            "soma_voltage": {
                "loc": 0.5,
                "sec": "soma",
                "var": "v"
            }
        },
        "saveCSV": false,
        "saveCellConns": true,
        "saveCellSecs": true,
        "saveDat": false,
        "saveDataInclude": [
            "simData",
            "simConfig",
            "netParams",
            "net"
        ],
        "saveDipoleCells": false,
        "saveDipolePops": false,
        "saveDpk": false,
        "saveFolder": "/pscratch/sd/a/adammwea/2DNetworkSimulations/NERSC/output/240527_Run3_this_should_work/gen_16",
        "saveHDF5": false,
        "saveJson": true,
        "saveLFPCells": false,
        "saveLFPPops": false,
        "saveMat": false,
        "savePickle": false,
        "saveTiming": false,
        "seeds": {
            "cell": 1,
            "conn": 1,
            "loc": 1,
            "stim": 1
        },
        "simLabel": "gen_16_cand_22",
        "tau1_exc": 9.883260983048606,
        "tau1_exc_std": 0.6689330227073937,
        "tau1_inh": 7.0041082914859265,
        "tau1_inh_std": 0.8297277434512833,
        "tau2_exc": 5.819389557922136,
        "tau2_exc_std": 5.983266997412975,
        "tau2_inh": 0.7374246222559431,
        "tau2_inh_std": 5.828663604053052,
        "timestampFilename": false,
        "timing": true,
        "tstop": 1000.0,
        "use_fast_imem": false,
        "validateNetParams": false,
        "verbose": false,
        "weightEE": 0.8846707197013537,
        "weightEE_std": 0.02507255369072915,
        "weightEI": 0.00200658441385077,
        "weightEI_std": 0.028986308747223216,
        "weightIE": 0.7452388535459149,
        "weightIE_std": 0.026573742659405312,
        "weightII": 0.306128811194608,
        "weightII_std": 0.124955965314966
    }
}