{
    "burstAmp_Fitness": 1.7656317632713001,
    "IBI_fitness": 1.7101217624883125,
    "baselineFitness": 1000,
    "slopeFitness": 1.002226323933541,
    "baseline_diff_fitness": 1000,
    "burst_peak_frequency_fitness": 1000,
    "rate_fitness": 502.9474102207671,
    "maxFitness": 1000,
    "average_fitness": 501.0607700100657,
    "average_scaled_fitness": 500.56021831364006
}