{
    "simConfig": {
        "E_L_mean": 18.8,
        "E_L_stdev": 9.354573394580733,
        "E_Ra_mean": 128.0,
        "E_Ra_stdev": 21.176349367162345,
        "E_diam_mean": 18.8,
        "E_diam_stdev": 5.713001319158262,
        "I_L_mean": 9.0,
        "I_L_stdev": 2.406736342491353,
        "I_Ra_mean": 110.0,
        "I_Ra_stdev": 42.84962674941259,
        "I_diam_mean": 10.0,
        "I_diam_stdev": 0.9733163583478284,
        "addSynMechs": true,
        "allowConnsWithWeight0": true,
        "allowSelfConns": false,
        "analysis": {},
        "backupCfgFile": [],
        "cache_efficient": true,
        "checkErrors": false,
        "compactConnFormat": false,
        "connRandomSecFromList": true,
        "coreneuron": false,
        "createNEURONObj": true,
        "createPyStruct": true,
        "cvode_active": false,
        "cvode_atol": 0.001,
        "distributeSynsUniformly": true,
        "dt": 0.025,
        "dump_coreneuron_model": false,
        "duration": 1000.0,
        "duration_seconds": 90.0,
        "filename": "model_output",
        "gatherOnlySimData": false,
        "gkbar_E": 0.7013871879141987,
        "gkbar_E_std": 0.3970382435301063,
        "gkbar_I": 2.342041424338781,
        "gkbar_I_std": 2.1316724875873976,
        "gnabar_E": 4.687650386709436,
        "gnabar_E_std": 0.6395114509076426,
        "gnabar_I": 0.5877554416244712,
        "gnabar_I_std": 0.1800543190455388,
        "gpu": false,
        "hParams": {
            "celsius": 6.3,
            "clamp_resist": 0.001,
            "v_init": -65.0
        },
        "includeParamsLabel": true,
        "invertedYCoord": true,
        "networkType": "22May24",
        "oneSynPerNetcon": true,
        "printPopAvgRates": [
            100,
            1000.0
        ],
        "printRunTime": false,
        "printSynsAfterRule": false,
        "probEE": 0.6695859138703181,
        "probEE_std": 0.4143891239698819,
        "probEI": 0.7931121721382132,
        "probEI_std": 0.4293158239339271,
        "probIE": 0.12126088877730445,
        "probIE_std": 0.33989738481190884,
        "probII": 0.1755683216818003,
        "probII_std": 0.007799641509512678,
        "probLengthConst": 323.0881847911055,
        "propVelocity": 1.0,
        "pt3dRelativeToCellLocation": true,
        "rand123GlobalIndex": null,
        "random123": false,
        "recordCells": [
            [
                "E",
                [
                    74,
                    47
                ]
            ],
            [
                "I",
                [
                    38,
                    3
                ]
            ]
        ],
        "recordCellsSpikes": -1,
        "recordDipole": false,
        "recordDipolesHNN": false,
        "recordLFP": [],
        "recordStep": 0.1,
        "recordStim": false,
        "recordTime": true,
        "recordTraces": {
            "soma_voltage": {
                "loc": 0.5,
                "sec": "soma",
                "var": "v"
            }
        },
        "saveCSV": false,
        "saveCellConns": true,
        "saveCellSecs": true,
        "saveDat": false,
        "saveDataInclude": [
            "simData",
            "simConfig",
            "netParams",
            "net"
        ],
        "saveDipoleCells": false,
        "saveDipolePops": false,
        "saveDpk": false,
        "saveFolder": "/pscratch/sd/a/adammwea/2DNetworkSimulations/NERSC/output/240528_Run1_this_does_work/gen_15",
        "saveHDF5": false,
        "saveJson": true,
        "saveLFPCells": false,
        "saveLFPPops": false,
        "saveMat": false,
        "savePickle": false,
        "saveTiming": false,
        "seeds": {
            "cell": 1,
            "conn": 1,
            "loc": 1,
            "stim": 1
        },
        "simLabel": "gen_15_cand_4",
        "tau1_exc": 0.9756919313787626,
        "tau1_exc_std": 3.2686936210601942,
        "tau1_inh": 9.16965984026158,
        "tau1_inh_std": 3.0507829754148923,
        "tau2_exc": 18.593336131483,
        "tau2_exc_std": 5.963248107721336,
        "tau2_inh": 18.485303067377043,
        "tau2_inh_std": 7.917585103550148,
        "timestampFilename": false,
        "timing": true,
        "tstop": 1000.0,
        "use_fast_imem": false,
        "validateNetParams": false,
        "verbose": false,
        "weightEE": 0.7623833207864465,
        "weightEE_std": 0.4826776827409439,
        "weightEI": 1.2409347149794192,
        "weightEI_std": 0.25512102048216023,
        "weightIE": 0.03910150870093038,
        "weightIE_std": 0.12758681189598958,
        "weightII": 0.29372516205846433,
        "weightII_std": 0.10357575772743229
    }
}