{
    "simConfig": {
        "E_L_mean": 18.8,
        "E_L_stdev": 2.8666207110123123,
        "E_Ra_mean": 128.0,
        "E_Ra_stdev": 18.322225390203112,
        "E_diam_mean": 18.8,
        "E_diam_stdev": 5.875760124511913,
        "I_L_mean": 9.0,
        "I_L_stdev": 0.09646294943200759,
        "I_Ra_mean": 110.0,
        "I_Ra_stdev": 5.378576262091954,
        "I_diam_mean": 10.0,
        "I_diam_stdev": 0.9602749263172405,
        "addSynMechs": true,
        "allowConnsWithWeight0": true,
        "allowSelfConns": false,
        "analysis": {},
        "backupCfgFile": [],
        "cache_efficient": true,
        "checkErrors": false,
        "compactConnFormat": false,
        "connRandomSecFromList": true,
        "coreneuron": false,
        "createNEURONObj": true,
        "createPyStruct": true,
        "cvode_active": false,
        "cvode_atol": 0.001,
        "distributeSynsUniformly": true,
        "dt": 0.025,
        "dump_coreneuron_model": false,
        "duration": 1000.0,
        "duration_seconds": 90.0,
        "filename": "model_output",
        "gatherOnlySimData": false,
        "gkbar_E": 0.967286006507623,
        "gkbar_E_std": 1.4152933699628162e-06,
        "gkbar_I": 9.808494142615798,
        "gkbar_I_std": 0.22365912490975703,
        "gnabar_E": 0.9472308706039523,
        "gnabar_E_std": 0.33354298302197366,
        "gnabar_I": 0.11203039642865659,
        "gnabar_I_std": 0.05104211424210525,
        "gpu": false,
        "hParams": {
            "celsius": 6.3,
            "clamp_resist": 0.001,
            "v_init": -65.0
        },
        "includeParamsLabel": true,
        "invertedYCoord": true,
        "networkType": "22May24",
        "oneSynPerNetcon": true,
        "printPopAvgRates": [
            100,
            1000.0
        ],
        "printRunTime": false,
        "printSynsAfterRule": false,
        "probEE": 0.7449804031727886,
        "probEE_std": 0.4998213330585919,
        "probEI": 0.40025553278784637,
        "probEI_std": 0.34710528144150665,
        "probIE": 0.3852378838319103,
        "probIE_std": 0.23733342863432144,
        "probII": 0.6070919756084329,
        "probII_std": 0.1823001535040191,
        "probLengthConst": 507.8001942214084,
        "propVelocity": 1.0,
        "pt3dRelativeToCellLocation": true,
        "rand123GlobalIndex": null,
        "random123": false,
        "recordCells": [
            [
                "E",
                [
                    74,
                    47
                ]
            ],
            [
                "I",
                [
                    38,
                    3
                ]
            ]
        ],
        "recordCellsSpikes": -1,
        "recordDipole": false,
        "recordDipolesHNN": false,
        "recordLFP": [],
        "recordStep": 0.1,
        "recordStim": false,
        "recordTime": true,
        "recordTraces": {
            "soma_voltage": {
                "loc": 0.5,
                "sec": "soma",
                "var": "v"
            }
        },
        "saveCSV": false,
        "saveCellConns": true,
        "saveCellSecs": true,
        "saveDat": false,
        "saveDataInclude": [
            "simData",
            "simConfig",
            "netParams",
            "net"
        ],
        "saveDipoleCells": false,
        "saveDipolePops": false,
        "saveDpk": false,
        "saveFolder": "/pscratch/sd/a/adammwea/2DNetworkSimulations/NERSC/output/240528_Run1_this_does_work/gen_15",
        "saveHDF5": false,
        "saveJson": true,
        "saveLFPCells": false,
        "saveLFPPops": false,
        "saveMat": false,
        "savePickle": false,
        "saveTiming": false,
        "seeds": {
            "cell": 1,
            "conn": 1,
            "loc": 1,
            "stim": 1
        },
        "simLabel": "gen_15_cand_30",
        "tau1_exc": 7.497488611413829,
        "tau1_exc_std": 2.7067007381753916,
        "tau1_inh": 8.429682158721544,
        "tau1_inh_std": 3.095624197418909,
        "tau2_exc": 18.80676216900341,
        "tau2_exc_std": 1.1357875752236533,
        "tau2_inh": 17.257055660633025,
        "tau2_inh_std": 9.817233252305439,
        "timestampFilename": false,
        "timing": true,
        "tstop": 1000.0,
        "use_fast_imem": false,
        "validateNetParams": false,
        "verbose": false,
        "weightEE": 0.955453197258807,
        "weightEE_std": 0.40988326555732146,
        "weightEI": 1.10501080481726,
        "weightEI_std": 0.0006762004506240471,
        "weightIE": 0.19188363334046715,
        "weightIE_std": 0.22490742854913678,
        "weightII": 1.130958245407235,
        "weightII_std": 0.21897275432249466
    }
}