{
    "burstAmp_Fitness": 2.2184230513921137,
    "burst_peak_frequency_fitness": 35.00726304580835,
    "IBI_fitness": 1000,
    "baselineFitness": 1000,
    "slopeFitness": 1.4237177368842204,
    "baseline_diff_fitness": 1000,
    "rate_fitness": 504.5083304365033,
    "maxFitness": 1000,
    "average_fitness": 506.16539061008405,
    "average_scaled_fitness": 505.4613071014288
}