{
    "BigBurstVal_Fitness": {
        "Value": 4276.968790452041,
        "Fit": 1000.0
    },
    "numBig_Fitness": {
        "Value": 1,
        "Percent": 100.0,
        "Fit": 1000
    },
    "SmallBurstVal_Fitness": {
        "Value": null,
        "Fit": 1000
    },
    "numSmall_Fitness": {
        "Value": 0,
        "Percent": 0.0,
        "Fit": 1000
    },
    "burst_peak_frequency_fitness": {
        "Value": 0.7692307692307692,
        "Fit": 1.9210408199177413
    },
    "IBI_fitness": {
        "Value": null,
        "Fit": 1000
    },
    "baseline_fitness": {
        "Value": 2913.2135362602608,
        "Fit": 1000
    },
    "slopeFitness": {
        "Value": -63.99205705057327,
        "Fit": 1000
    },
    "thresh": {
        "Value": 1460.6432352198956,
        "Fit": 1000
    },
    "sustain_oscillation_fitness": {
        "Value": 7.28476821192053,
        "Fit": 1000
    },
    "E_rate_fitness": {
        "Value": 8.936507936507937,
        "Fit": 1000
    },
    "I_rate_fitness": {
        "Value": 4.222222222222222,
        "Fit": 1.6294505858070072
    },
    "maxFitness": 1000,
    "average_fitness": 833.6292076171438,
    "average_scaled_fitness": 0.8333576721784546
}