{
    "BigBurstVal_Fitness": {
        "Value": 1394.685170077366,
        "Fit": 1.0006334770359753
    },
    "numBig_Fitness": {
        "Value": 13,
        "Percent": 100.0,
        "Fit": 1000
    },
    "SmallBurstVal_Fitness": {
        "Value": null,
        "Fit": 1000
    },
    "numSmall_Fitness": {
        "Value": 0,
        "Percent": 0.0,
        "Fit": 1000
    },
    "burst_peak_frequency_fitness": {
        "Value": 0.8904109589041095,
        "Fit": 2.168525237685891
    },
    "IBI_fitness": {
        "Value": 1.2083333333333335,
        "Fit": 1.0006851209744134
    },
    "baseline_fitness": {
        "Value": 1367.9345032631854,
        "Fit": 1000
    },
    "slopeFitness": {
        "Value": 0.3259366091687072,
        "Fit": 1.381871992808435
    },
    "thresh": {
        "Value": 1360.635150758962,
        "Fit": 1000
    },
    "sustain_oscillation_fitness": {
        "Value": 96.68874172185431,
        "Fit": 325.612947795735
    },
    "E_rate_fitness": {
        "Value": 1.3015873015873016,
        "Fit": 1.5283987746771581
    },
    "I_rate_fitness": {
        "Value": 6.944444444444445,
        "Fit": 9.336947028012743
    },
    "maxFitness": 1000,
    "average_fitness": 445.1691674522442,
    "average_scaled_fitness": 0.44461342905666196
}