{
    "burstAmp_Fitness": 2.2585127671832326,
    "IBI_fitness": 2.7682386725975645,
    "baselineFitness": 1000,
    "slopeFitness": 1.0000232192211085,
    "baseline_diff_fitness": 1000,
    "burst_peak_frequency_fitness": 48.24986888807294,
    "rate_fitness": 507.50212379237627,
    "maxFitness": 1000,
    "average_fitness": 365.9683953342073,
    "average_scaled_fitness": 365.33371431206257
}