{
    "simConfig": {
        "E_L_mean": 18.8,
        "E_L_stdev": 0.0033204313980022184,
        "E_Ra_mean": 128.0,
        "E_Ra_stdev": 8.952758818868219,
        "E_diam_mean": 18.8,
        "E_diam_stdev": 4.46445425626012,
        "I_L_mean": 9.0,
        "I_L_stdev": 2.6476568464978474,
        "I_Ra_mean": 110.0,
        "I_Ra_stdev": 36.979568285496455,
        "I_diam_mean": 10.0,
        "I_diam_stdev": 0.3387297530713723,
        "addSynMechs": true,
        "allowConnsWithWeight0": true,
        "allowSelfConns": false,
        "analysis": {},
        "backupCfgFile": [],
        "cache_efficient": true,
        "checkErrors": false,
        "compactConnFormat": false,
        "connRandomSecFromList": true,
        "coreneuron": false,
        "createNEURONObj": true,
        "createPyStruct": true,
        "cvode_active": false,
        "cvode_atol": 0.001,
        "distributeSynsUniformly": true,
        "dt": 0.025,
        "dump_coreneuron_model": false,
        "duration": 1000.0,
        "duration_seconds": 90.0,
        "filename": "model_output",
        "gatherOnlySimData": false,
        "gkbar_E": 0.8594336195563512,
        "gkbar_E_std": 0.0005465490612969011,
        "gkbar_I": 1.4291921928471416,
        "gkbar_I_std": 1.890454333233585,
        "gnabar_E": 4.341635429809491,
        "gnabar_E_std": 1.5899378567589433,
        "gnabar_I": 0.09397021855326948,
        "gnabar_I_std": 0.8701731381785297,
        "gpu": false,
        "hParams": {
            "celsius": 6.3,
            "clamp_resist": 0.001,
            "v_init": -65.0
        },
        "includeParamsLabel": true,
        "invertedYCoord": true,
        "networkType": "22May24",
        "oneSynPerNetcon": true,
        "printPopAvgRates": [
            100,
            1000.0
        ],
        "printRunTime": false,
        "printSynsAfterRule": false,
        "probEE": 0.11773046670475804,
        "probEE_std": 0.008109040483452038,
        "probEI": 0.3628630783998722,
        "probEI_std": 0.454514008017249,
        "probIE": 0.3868786348242902,
        "probIE_std": 0.2470478634510712,
        "probII": 0.07611824581280097,
        "probII_std": 0.49454977750638895,
        "probLengthConst": 2457.556135174676,
        "propVelocity": 1.0,
        "pt3dRelativeToCellLocation": true,
        "rand123GlobalIndex": null,
        "random123": false,
        "recordCells": [
            [
                "E",
                [
                    74,
                    47
                ]
            ],
            [
                "I",
                [
                    38,
                    3
                ]
            ]
        ],
        "recordCellsSpikes": -1,
        "recordDipole": false,
        "recordDipolesHNN": false,
        "recordLFP": [],
        "recordStep": 0.1,
        "recordStim": false,
        "recordTime": true,
        "recordTraces": {
            "soma_voltage": {
                "loc": 0.5,
                "sec": "soma",
                "var": "v"
            }
        },
        "saveCSV": false,
        "saveCellConns": true,
        "saveCellSecs": true,
        "saveDat": false,
        "saveDataInclude": [
            "simData",
            "simConfig",
            "netParams",
            "net"
        ],
        "saveDipoleCells": false,
        "saveDipolePops": false,
        "saveDpk": false,
        "saveFolder": "/pscratch/sd/a/adammwea/2DNetworkSimulations/NERSC/output/240528_Run1_this_does_work/gen_13",
        "saveHDF5": false,
        "saveJson": true,
        "saveLFPCells": false,
        "saveLFPPops": false,
        "saveMat": false,
        "savePickle": false,
        "saveTiming": false,
        "seeds": {
            "cell": 1,
            "conn": 1,
            "loc": 1,
            "stim": 1
        },
        "simLabel": "gen_13_cand_34",
        "tau1_exc": 1.997064288277424,
        "tau1_exc_std": 3.212175699005144,
        "tau1_inh": 0.08395404225122471,
        "tau1_inh_std": 2.2266050843240883,
        "tau2_exc": 3.7181849642388443,
        "tau2_exc_std": 0.41916418273277617,
        "tau2_inh": 4.760532446204676,
        "tau2_inh_std": 0.04635839240475413,
        "timestampFilename": false,
        "timing": true,
        "tstop": 1000.0,
        "use_fast_imem": false,
        "validateNetParams": false,
        "verbose": false,
        "weightEE": 1.8426495696351866,
        "weightEE_std": 0.09369191565177004,
        "weightEI": 1.5965816377511923,
        "weightEI_std": 0.01143081686494063,
        "weightIE": 0.04865412829095625,
        "weightIE_std": 0.03635284637155309,
        "weightII": 1.6194672217647739,
        "weightII_std": 0.09054409453108642
    }
}