{
    "simConfig": {
        "E_L_mean": 18.8,
        "E_L_stdev": 2.0335628332126143,
        "E_Ra_mean": 128.0,
        "E_Ra_stdev": 21.7652637913772,
        "E_diam_mean": 18.8,
        "E_diam_stdev": 4.0482847814880865,
        "I_L_mean": 9.0,
        "I_L_stdev": 0.07455210070128604,
        "I_Ra_mean": 110.0,
        "I_Ra_stdev": 5.791851818895065,
        "I_diam_mean": 10.0,
        "I_diam_stdev": 0.06148827533332939,
        "addSynMechs": true,
        "allowConnsWithWeight0": true,
        "allowSelfConns": false,
        "analysis": {},
        "backupCfgFile": [],
        "cache_efficient": true,
        "checkErrors": false,
        "compactConnFormat": false,
        "connRandomSecFromList": true,
        "coreneuron": false,
        "createNEURONObj": true,
        "createPyStruct": true,
        "cvode_active": false,
        "cvode_atol": 0.001,
        "distributeSynsUniformly": true,
        "dt": 0.025,
        "dump_coreneuron_model": false,
        "duration": 1000.0,
        "duration_seconds": 1.0,
        "filename": "model_output",
        "gatherOnlySimData": false,
        "gkbar_E": 0.7926400859690858,
        "gkbar_E_std": 0.06960157814012746,
        "gkbar_I": 1.4583812237188476,
        "gkbar_I_std": 1.0628608897675351,
        "gnabar_E": 3.779242147480936,
        "gnabar_E_std": 0.597374427652336,
        "gnabar_I": 4.204679576268786,
        "gnabar_I_std": 0.9075027057395552,
        "gpu": false,
        "hParams": {
            "celsius": 6.3,
            "clamp_resist": 0.001,
            "v_init": -65.0
        },
        "includeParamsLabel": true,
        "invertedYCoord": true,
        "networkType": "07Oct24",
        "oneSynPerNetcon": true,
        "printPopAvgRates": [
            100,
            1000.0
        ],
        "printRunTime": false,
        "printSynsAfterRule": false,
        "probEE": 0.4628747482980337,
        "probEE_std": 0.2512621100214796,
        "probEI": 0.2809378340230862,
        "probEI_std": 0.273451352532168,
        "probIE": 0.22457334473555315,
        "probIE_std": 0.3998007125240111,
        "probII": 0.6208288974132758,
        "probII_std": 0.3277443837766797,
        "probLengthConst": 175.70827117631023,
        "progressBar": 2,
        "propVelocity": 1.0,
        "pt3dRelativeToCellLocation": true,
        "rand123GlobalIndex": null,
        "random123": false,
        "recordCells": [
            [
                "E",
                [
                    35,
                    87
                ]
            ],
            [
                "I",
                [
                    34,
                    13
                ]
            ]
        ],
        "recordCellsSpikes": -1,
        "recordDipole": false,
        "recordDipolesHNN": false,
        "recordLFP": [],
        "recordStep": 0.1,
        "recordStim": false,
        "recordTime": true,
        "recordTraces": {
            "soma_voltage": {
                "loc": 0.5,
                "sec": "soma",
                "var": "v"
            }
        },
        "saveCSV": false,
        "saveCellConns": true,
        "saveCellSecs": true,
        "saveDat": false,
        "saveDataInclude": [
            "simData",
            "simConfig",
            "netParams",
            "net"
        ],
        "saveDipoleCells": false,
        "saveDipolePops": false,
        "saveDpk": false,
        "saveFolder": "/app/simulation_output/241007_Run5_vscode/gen_0",
        "saveHDF5": false,
        "saveJson": true,
        "saveLFPCells": false,
        "saveLFPPops": false,
        "saveMat": false,
        "savePickle": false,
        "saveTiming": false,
        "seeds": {
            "cell": 1,
            "conn": 1,
            "loc": 1,
            "stim": 1
        },
        "simLabel": "gen_0_cand_2",
        "tau1_exc": 1.780287743696665,
        "tau1_exc_std": 2.7178924986058886,
        "tau1_inh": 2.3572581595116535,
        "tau1_inh_std": 1.619202810829735,
        "tau2_exc": 6.529233820908676,
        "tau2_exc_std": 9.966161384484947,
        "tau2_inh": 12.568275121392835,
        "tau2_inh_std": 0.7011437029328793,
        "timestampFilename": false,
        "timing": true,
        "tstop": 1000.0,
        "use_fast_imem": false,
        "validateNetParams": false,
        "verbose": false,
        "weightEE": 1.6276804553640922,
        "weightEE_std": 0.19723801426294402,
        "weightEI": 1.045787943260976,
        "weightEI_std": 0.050629407558016926,
        "weightIE": 0.6804919402545011,
        "weightIE_std": 0.17447229679240486,
        "weightII": 0.8320400301817872,
        "weightII_std": 0.07052039700445972
    }
}