{
    "burstAmp_Fitness": {
        "Value": 0.8884970265760366,
        "Fit": 1000.0
    },
    "burst_peak_frequency_fitness": {
        "Value": 0.20964360587002098,
        "Fit": 1000
    },
    "IBI_fitness": {
        "Value": null,
        "Fit": 1000
    },
    "baseline_fitness": {
        "Value": 20.401441186742073,
        "Fit": 1000
    },
    "slopeFitness": {
        "Value": 0.0019487256207127283,
        "Fit": 1.0039050561812661
    },
    "thresh": {
        "Value": 19.633274203314368,
        "Fit": 1000
    },
    "sustain_oscillation_fitness": {
        "Value": 79.16666666666666,
        "Fit": 64.50009306485589
    },
    "rate_fitness": {
        "Value": 32.76322751322752,
        "Fit": 1000.0
    },
    "maxFitness": 1000,
    "average_fitness": 758.1879997651296,
    "average_scaled_fitness": 757.9449995262801
}