{
    "simConfig": {
        "E_L_mean": 18.8,
        "E_L_stdev": 3.56117364608762,
        "E_Ra_mean": 128.0,
        "E_Ra_stdev": 37.22146764324529,
        "E_diam_mean": 18.8,
        "E_diam_stdev": 3.472092675347564,
        "I_L_mean": 9.0,
        "I_L_stdev": 2.9998112938871597,
        "I_Ra_mean": 110.0,
        "I_Ra_stdev": 53.637437475120684,
        "I_diam_mean": 10.0,
        "I_diam_stdev": 2.1605374567636346,
        "addSynMechs": true,
        "allowConnsWithWeight0": true,
        "allowSelfConns": false,
        "analysis": {},
        "backupCfgFile": [],
        "cache_efficient": true,
        "checkErrors": false,
        "compactConnFormat": false,
        "connRandomSecFromList": true,
        "coreneuron": false,
        "createNEURONObj": true,
        "createPyStruct": true,
        "cvode_active": false,
        "cvode_atol": 0.001,
        "distributeSynsUniformly": true,
        "dt": 0.025,
        "dump_coreneuron_model": false,
        "duration": 1000.0,
        "duration_seconds": 300.0,
        "filename": "model_output",
        "gatherOnlySimData": false,
        "gkbar_E": 0.7374416475262039,
        "gkbar_E_std": 0.4913968863883641,
        "gkbar_I": 2.70101192426768,
        "gkbar_I_std": 0.8247162308654588,
        "gnabar_E": 1.9253099253078316,
        "gnabar_E_std": 1.556751726461611,
        "gnabar_I": 0.4646912102927019,
        "gnabar_I_std": 0.4221752297486393,
        "gpu": false,
        "hParams": {
            "celsius": 6.3,
            "clamp_resist": 0.001,
            "v_init": -65.0
        },
        "includeParamsLabel": true,
        "invertedYCoord": true,
        "networkType": "22May24",
        "oneSynPerNetcon": true,
        "printPopAvgRates": [
            100,
            1000.0
        ],
        "printRunTime": false,
        "printSynsAfterRule": false,
        "probEE": 0.7499919951497689,
        "probEE_std": 0.0708785454009773,
        "probEI": 0.6626544012086422,
        "probEI_std": 0.4909623721572657,
        "probIE": 0.45825160497667045,
        "probIE_std": 0.4920028833996363,
        "probII": 0.2956005991109555,
        "probII_std": 0.40077642688303106,
        "probLengthConst": 53.75077931296798,
        "propVelocity": 1.0,
        "pt3dRelativeToCellLocation": true,
        "rand123GlobalIndex": null,
        "random123": false,
        "recordCells": [
            [
                "E",
                [
                    65,
                    58
                ]
            ],
            [
                "I",
                [
                    22,
                    34
                ]
            ]
        ],
        "recordCellsSpikes": -1,
        "recordDipole": false,
        "recordDipolesHNN": false,
        "recordLFP": [],
        "recordStep": 0.1,
        "recordStim": false,
        "recordTime": true,
        "recordTraces": {
            "soma_voltage": {
                "loc": 0.5,
                "sec": "soma",
                "var": "v"
            }
        },
        "saveCSV": false,
        "saveCellConns": true,
        "saveCellSecs": true,
        "saveDat": false,
        "saveDataInclude": [
            "simData",
            "simConfig",
            "netParams",
            "net"
        ],
        "saveDipoleCells": false,
        "saveDipolePops": false,
        "saveDpk": false,
        "saveFolder": "/pscratch/sd/a/adammwea/2DNetworkSimulations/NERSC/output/240530_Run1_8nodes/gen_3",
        "saveHDF5": false,
        "saveJson": true,
        "saveLFPCells": false,
        "saveLFPPops": false,
        "saveMat": false,
        "savePickle": false,
        "saveTiming": false,
        "seeds": {
            "cell": 1,
            "conn": 1,
            "loc": 1,
            "stim": 1
        },
        "simLabel": "gen_3_cand_57",
        "tau1_exc": 6.691429917515137,
        "tau1_exc_std": 0.08672782457472814,
        "tau1_inh": 8.038146086143358,
        "tau1_inh_std": 0.2550273854571543,
        "tau2_exc": 29.816466730700252,
        "tau2_exc_std": 0.9961957115038611,
        "tau2_inh": 7.743985212287704,
        "tau2_inh_std": 3.8891582193200325,
        "timestampFilename": false,
        "timing": true,
        "tstop": 1000.0,
        "use_fast_imem": false,
        "validateNetParams": false,
        "verbose": false,
        "weightEE": 1.878962944896797,
        "weightEE_std": 0.3840459470262336,
        "weightEI": 0.24806027535029818,
        "weightEI_std": 0.32941880957232283,
        "weightIE": 0.16047772261261473,
        "weightIE_std": 0.0003912049031640115,
        "weightII": 1.9953275053494919,
        "weightII_std": 0.001925560291995578
    }
}