{
    "simConfig": {
        "E_L_mean": 18.8,
        "E_L_stdev": 9.278352630228191,
        "E_Ra_mean": 128.0,
        "E_Ra_stdev": 61.74391381330207,
        "E_diam_mean": 18.8,
        "E_diam_stdev": 0.5061466098418186,
        "I_L_mean": 9.0,
        "I_L_stdev": 2.4401863517644817,
        "I_Ra_mean": 110.0,
        "I_Ra_stdev": 8.784254178582703,
        "I_diam_mean": 10.0,
        "I_diam_stdev": 0.02327334837226608,
        "addSynMechs": true,
        "allowConnsWithWeight0": true,
        "allowSelfConns": false,
        "analysis": {},
        "backupCfgFile": [],
        "cache_efficient": true,
        "checkErrors": false,
        "compactConnFormat": false,
        "connRandomSecFromList": true,
        "coreneuron": false,
        "createNEURONObj": true,
        "createPyStruct": true,
        "cvode_active": false,
        "cvode_atol": 0.001,
        "distributeSynsUniformly": true,
        "dt": 0.025,
        "dump_coreneuron_model": false,
        "duration": 1000.0,
        "duration_seconds": 300.0,
        "filename": "model_output",
        "gatherOnlySimData": false,
        "gkbar_E": 0.07454589002562761,
        "gkbar_E_std": 0.4992724424552653,
        "gkbar_I": 3.3086070223723603,
        "gkbar_I_std": 2.2989109717002947,
        "gnabar_E": 4.712717925536604,
        "gnabar_E_std": 0.9751149201416798,
        "gnabar_I": 3.985113688826863,
        "gnabar_I_std": 0.013935441631664214,
        "gpu": false,
        "hParams": {
            "celsius": 6.3,
            "clamp_resist": 0.001,
            "v_init": -65.0
        },
        "includeParamsLabel": true,
        "invertedYCoord": true,
        "networkType": "22May24",
        "oneSynPerNetcon": true,
        "printPopAvgRates": [
            100,
            1000.0
        ],
        "printRunTime": false,
        "printSynsAfterRule": false,
        "probEE": 0.014851368411618332,
        "probEE_std": 0.26033557311669264,
        "probEI": 0.7845344034112054,
        "probEI_std": 0.4181320501622679,
        "probIE": 0.22464999254610618,
        "probIE_std": 0.49820955828053765,
        "probII": 0.10795985580374423,
        "probII_std": 0.00018982873675467415,
        "probLengthConst": 2736.1128535478847,
        "propVelocity": 1.0,
        "pt3dRelativeToCellLocation": true,
        "rand123GlobalIndex": null,
        "random123": false,
        "recordCells": [
            [
                "E",
                [
                    65,
                    58
                ]
            ],
            [
                "I",
                [
                    22,
                    34
                ]
            ]
        ],
        "recordCellsSpikes": -1,
        "recordDipole": false,
        "recordDipolesHNN": false,
        "recordLFP": [],
        "recordStep": 0.1,
        "recordStim": false,
        "recordTime": true,
        "recordTraces": {
            "soma_voltage": {
                "loc": 0.5,
                "sec": "soma",
                "var": "v"
            }
        },
        "saveCSV": false,
        "saveCellConns": true,
        "saveCellSecs": true,
        "saveDat": false,
        "saveDataInclude": [
            "simData",
            "simConfig",
            "netParams",
            "net"
        ],
        "saveDipoleCells": false,
        "saveDipolePops": false,
        "saveDpk": false,
        "saveFolder": "/pscratch/sd/a/adammwea/2DNetworkSimulations/NERSC/output/240530_Run1_8nodes/gen_10",
        "saveHDF5": false,
        "saveJson": true,
        "saveLFPCells": false,
        "saveLFPPops": false,
        "saveMat": false,
        "savePickle": false,
        "saveTiming": false,
        "seeds": {
            "cell": 1,
            "conn": 1,
            "loc": 1,
            "stim": 1
        },
        "simLabel": "gen_10_cand_35",
        "tau1_exc": 5.092339912368404,
        "tau1_exc_std": 0.04165143471669097,
        "tau1_inh": 8.20985483820393,
        "tau1_inh_std": 2.1097387285225513,
        "tau2_exc": 0.8200402602482004,
        "tau2_exc_std": 6.707949096603273,
        "tau2_inh": 2.781041559624832,
        "tau2_inh_std": 9.973279183226232,
        "timestampFilename": false,
        "timing": true,
        "tstop": 1000.0,
        "use_fast_imem": false,
        "validateNetParams": false,
        "verbose": false,
        "weightEE": 1.8478004976688673,
        "weightEE_std": 0.39194914558922067,
        "weightEI": 1.4883009017220141,
        "weightEI_std": 0.08926515401230595,
        "weightIE": 0.28587472875154507,
        "weightIE_std": 0.09557759532798504,
        "weightII": 1.993223034643069,
        "weightII_std": 0.011619643210331664
    }
}