{
    "BigBurstVal_Fitness": {
        "Value": null,
        "Fit": 1000
    },
    "numBig_Fitness": {
        "Value": 0,
        "Percent": 0.0,
        "Fit": 1000
    },
    "SmallBurstVal_Fitness": {
        "Value": 73.25219410607124,
        "Fit": 1000.0
    },
    "numSmall_Fitness": {
        "Value": 8,
        "Percent": 100.0,
        "Fit": 1000
    },
    "burst_peak_frequency_fitness": {
        "Value": 6.153846153846153,
        "Fit": 1000
    },
    "IBI_fitness": {
        "Value": 0.0,
        "Fit": 1.0008515341052526
    },
    "baseline_fitness": {
        "Value": 72.85813586820598,
        "Fit": 1000
    },
    "slopeFitness": {
        "Value": 0.04405627783037367,
        "Fit": 1.0424344188366383
    },
    "thresh": {
        "Value": 71.99644937939576,
        "Fit": 1000
    },
    "sustain_oscillation_fitness": {
        "Value": 6.622516556291391,
        "Fit": 1000
    },
    "E_rate_fitness": {
        "Value": 0.0,
        "Fit": 1000
    },
    "I_rate_fitness": {
        "Value": 0.6111111111111112,
        "Fit": 1000
    },
    "maxFitness": 1000,
    "average_fitness": 833.5036071627452,
    "average_scaled_fitness": 0.8333368020453934
}