{
    "BigBurstVal_Fitness": {
        "Value": 2455.9271700030786,
        "Fit": 1000.0
    },
    "numBig_Fitness": {
        "Value": 13,
        "Percent": 100.0,
        "Fit": 1000
    },
    "SmallBurstVal_Fitness": {
        "Value": null,
        "Fit": 1000
    },
    "numSmall_Fitness": {
        "Value": 0,
        "Percent": 0.0,
        "Fit": 1000
    },
    "burst_peak_frequency_fitness": {
        "Value": 0.896551724137931,
        "Fit": 2.181882612350708
    },
    "IBI_fitness": {
        "Value": 1.0916666666666666,
        "Fit": 1.0006956656660706
    },
    "baseline_fitness": {
        "Value": 2315.3760141451558,
        "Fit": 1000
    },
    "slopeFitness": {
        "Value": -1.2340756979793515,
        "Fit": 3.4437920717563983
    },
    "thresh": {
        "Value": 2288.564728659584,
        "Fit": 1000
    },
    "sustain_oscillation_fitness": {
        "Value": 94.03973509933775,
        "Fit": 23.027813703428244
    },
    "E_rate_fitness": {
        "Value": 9.325396825396824,
        "Fit": 1000
    },
    "I_rate_fitness": {
        "Value": 0.9814814814814814,
        "Fit": 1000
    },
    "maxFitness": 1000,
    "average_fitness": 669.1378486711002,
    "average_scaled_fitness": 0.6688064246957968
}