{
    "BigBurstVal_Fitness": {
        "Value": 6617.652683991892,
        "Fit": 1000.0
    },
    "numBig_Fitness": {
        "Value": 2,
        "Percent": 100.0,
        "Fit": 1000
    },
    "SmallBurstVal_Fitness": {
        "Value": null,
        "Fit": 1000
    },
    "numSmall_Fitness": {
        "Value": 0,
        "Percent": 0.0,
        "Fit": 1000
    },
    "burst_peak_frequency_fitness": {
        "Value": 0.13605442176870747,
        "Fit": 1.0198859276502217
    },
    "IBI_fitness": {
        "Value": 6.4,
        "Fit": 1.0002159221334836
    },
    "baseline_fitness": {
        "Value": 6568.423598221985,
        "Fit": 1000
    },
    "slopeFitness": {
        "Value": 1.4218140547584701,
        "Fit": 4.134293858428834
    },
    "thresh": {
        "Value": 6412.489158859363,
        "Fit": 1000
    },
    "sustain_oscillation_fitness": {
        "Value": 84.10596026490066,
        "Fit": 895.2222913490648
    },
    "E_rate_fitness": {
        "Value": 15.638888888888888,
        "Fit": 1000
    },
    "I_rate_fitness": {
        "Value": 5.555555555555555,
        "Fit": 2.3281883646715875
    },
    "maxFitness": 1000,
    "average_fitness": 658.642072951829,
    "average_scaled_fitness": 0.6583002994707715
}