{
    "simConfig": {
        "E_L_mean": 18.8,
        "E_L_stdev": 4.788801243307155,
        "E_Ra_mean": 128.0,
        "E_Ra_stdev": 63.79161822235023,
        "E_diam_mean": 18.8,
        "E_diam_stdev": 5.49339720492187,
        "I_L_mean": 9.0,
        "I_L_stdev": 1.9986798847244718,
        "I_Ra_mean": 110.0,
        "I_Ra_stdev": 11.869711747011117,
        "I_diam_mean": 10.0,
        "I_diam_stdev": 1.675137442938177,
        "addSynMechs": true,
        "allowConnsWithWeight0": true,
        "allowSelfConns": false,
        "analysis": {},
        "backupCfgFile": [],
        "cache_efficient": true,
        "checkErrors": false,
        "compactConnFormat": false,
        "connRandomSecFromList": true,
        "coreneuron": false,
        "createNEURONObj": true,
        "createPyStruct": true,
        "cvode_active": false,
        "cvode_atol": 0.001,
        "distributeSynsUniformly": true,
        "dt": 0.025,
        "dump_coreneuron_model": false,
        "duration": 1000.0,
        "duration_seconds": 90.0,
        "filename": "model_output",
        "gatherOnlySimData": false,
        "gkbar_E": 0.9169107229204141,
        "gkbar_E_std": 0.3772055925968997,
        "gkbar_I": 9.241993717974609,
        "gkbar_I_std": 1.3392391934731447,
        "gnabar_E": 6.958304034106993,
        "gnabar_E_std": 0.1767371551976932,
        "gnabar_I": 4.163990801991972,
        "gnabar_I_std": 0.763810359694548,
        "gpu": false,
        "hParams": {
            "celsius": 6.3,
            "clamp_resist": 0.001,
            "v_init": -65.0
        },
        "includeParamsLabel": true,
        "invertedYCoord": true,
        "networkType": "22May24",
        "oneSynPerNetcon": true,
        "printPopAvgRates": [
            100,
            1000.0
        ],
        "printRunTime": false,
        "printSynsAfterRule": false,
        "probEE": 0.6978517449791563,
        "probEE_std": 0.46597495079681345,
        "probEI": 0.9909539661142646,
        "probEI_std": 0.2356146538238922,
        "probIE": 0.5960661218899529,
        "probIE_std": 0.4825805382701698,
        "probII": 0.2111691160237465,
        "probII_std": 0.45968695278993,
        "probLengthConst": 2826.930828549479,
        "propVelocity": 1.0,
        "pt3dRelativeToCellLocation": true,
        "rand123GlobalIndex": null,
        "random123": false,
        "recordCells": [
            [
                "E",
                [
                    74,
                    47
                ]
            ],
            [
                "I",
                [
                    38,
                    3
                ]
            ]
        ],
        "recordCellsSpikes": -1,
        "recordDipole": false,
        "recordDipolesHNN": false,
        "recordLFP": [],
        "recordStep": 0.1,
        "recordStim": false,
        "recordTime": true,
        "recordTraces": {
            "soma_voltage": {
                "loc": 0.5,
                "sec": "soma",
                "var": "v"
            }
        },
        "saveCSV": false,
        "saveCellConns": true,
        "saveCellSecs": true,
        "saveDat": false,
        "saveDataInclude": [
            "simData",
            "simConfig",
            "netParams",
            "net"
        ],
        "saveDipoleCells": false,
        "saveDipolePops": false,
        "saveDpk": false,
        "saveFolder": "/pscratch/sd/a/adammwea/2DNetworkSimulations/NERSC/output/240528_Run1_this_does_work/gen_2",
        "saveHDF5": false,
        "saveJson": true,
        "saveLFPCells": false,
        "saveLFPPops": false,
        "saveMat": false,
        "savePickle": false,
        "saveTiming": false,
        "seeds": {
            "cell": 1,
            "conn": 1,
            "loc": 1,
            "stim": 1
        },
        "simLabel": "gen_2_cand_49",
        "tau1_exc": 4.526441029739322,
        "tau1_exc_std": 3.059679679755019,
        "tau1_inh": 8.549346853178822,
        "tau1_inh_std": 1.588951858601592,
        "tau2_exc": 5.03404032732332,
        "tau2_exc_std": 8.911479554233665,
        "tau2_inh": 11.837611603242742,
        "tau2_inh_std": 9.315991111048005,
        "timestampFilename": false,
        "timing": true,
        "tstop": 1000.0,
        "use_fast_imem": false,
        "validateNetParams": false,
        "verbose": false,
        "weightEE": 0.6905494024431728,
        "weightEE_std": 0.49616834254149966,
        "weightEI": 0.09020178472377394,
        "weightEI_std": 0.06135990903040002,
        "weightIE": 0.17796617448773625,
        "weightIE_std": 0.15095060109298788,
        "weightII": 1.6499280527213147,
        "weightII_std": 0.11136076903360331
    }
}