{
    "simConfig": {
        "E_L_mean": 18.8,
        "E_L_stdev": 7.515757511839043,
        "E_Ra_mean": 128.0,
        "E_Ra_stdev": 23.11521802746197,
        "E_diam_mean": 18.8,
        "E_diam_stdev": 6.089722193849546,
        "I_L_mean": 9.0,
        "I_L_stdev": 2.9696274261539335,
        "I_Ra_mean": 110.0,
        "I_Ra_stdev": 54.60631613296853,
        "I_diam_mean": 10.0,
        "I_diam_stdev": 0.7624465427918851,
        "addSynMechs": true,
        "allowConnsWithWeight0": true,
        "allowSelfConns": false,
        "analysis": {},
        "backupCfgFile": [],
        "cache_efficient": true,
        "checkErrors": false,
        "compactConnFormat": false,
        "connRandomSecFromList": true,
        "coreneuron": false,
        "createNEURONObj": true,
        "createPyStruct": true,
        "cvode_active": false,
        "cvode_atol": 0.001,
        "distributeSynsUniformly": true,
        "dt": 0.025,
        "dump_coreneuron_model": false,
        "duration": 1000.0,
        "duration_seconds": 90.0,
        "filename": "model_output",
        "gatherOnlySimData": false,
        "gkbar_E": 0.45580689157939386,
        "gkbar_E_std": 0.41672807342947515,
        "gkbar_I": 0.4592930783229221,
        "gkbar_I_std": 0.07824637102097273,
        "gnabar_E": 3.7408056135904726,
        "gnabar_E_std": 1.334181447892553,
        "gnabar_I": 4.529568233725235,
        "gnabar_I_std": 0.9392244055548915,
        "gpu": false,
        "hParams": {
            "celsius": 6.3,
            "clamp_resist": 0.001,
            "v_init": -65.0
        },
        "includeParamsLabel": true,
        "invertedYCoord": true,
        "networkType": "22May24",
        "oneSynPerNetcon": true,
        "printPopAvgRates": [
            100,
            1000.0
        ],
        "printRunTime": false,
        "printSynsAfterRule": false,
        "probEE": 0.08573656926759879,
        "probEE_std": 0.4898707079673091,
        "probEI": 0.3133198749190133,
        "probEI_std": 0.08198450968671794,
        "probIE": 0.6307730644021132,
        "probIE_std": 0.08898908756891144,
        "probII": 0.7391583145691305,
        "probII_std": 0.20926659875172374,
        "probLengthConst": 231.8499377046162,
        "propVelocity": 1.0,
        "pt3dRelativeToCellLocation": true,
        "rand123GlobalIndex": null,
        "random123": false,
        "recordCells": [
            [
                "E",
                [
                    74,
                    47
                ]
            ],
            [
                "I",
                [
                    38,
                    3
                ]
            ]
        ],
        "recordCellsSpikes": -1,
        "recordDipole": false,
        "recordDipolesHNN": false,
        "recordLFP": [],
        "recordStep": 0.1,
        "recordStim": false,
        "recordTime": true,
        "recordTraces": {
            "soma_voltage": {
                "loc": 0.5,
                "sec": "soma",
                "var": "v"
            }
        },
        "saveCSV": false,
        "saveCellConns": true,
        "saveCellSecs": true,
        "saveDat": false,
        "saveDataInclude": [
            "simData",
            "simConfig",
            "netParams",
            "net"
        ],
        "saveDipoleCells": false,
        "saveDipolePops": false,
        "saveDpk": false,
        "saveFolder": "/pscratch/sd/a/adammwea/2DNetworkSimulations/NERSC/output/240528_Run1_this_does_work/gen_2",
        "saveHDF5": false,
        "saveJson": true,
        "saveLFPCells": false,
        "saveLFPPops": false,
        "saveMat": false,
        "savePickle": false,
        "saveTiming": false,
        "seeds": {
            "cell": 1,
            "conn": 1,
            "loc": 1,
            "stim": 1
        },
        "simLabel": "gen_2_cand_13",
        "tau1_exc": 7.3964676790772135,
        "tau1_exc_std": 1.7145572164229166,
        "tau1_inh": 8.467619128107003,
        "tau1_inh_std": 0.1830820986155418,
        "tau2_exc": 7.476592989278288,
        "tau2_exc_std": 5.770241324741929,
        "tau2_inh": 6.589727627047978,
        "tau2_inh_std": 0.497990888411591,
        "timestampFilename": false,
        "timing": true,
        "tstop": 1000.0,
        "use_fast_imem": false,
        "validateNetParams": false,
        "verbose": false,
        "weightEE": 0.44505135921392547,
        "weightEE_std": 0.15327200153092235,
        "weightEI": 0.378776269519129,
        "weightEI_std": 0.049273566553937546,
        "weightIE": 0.8210621694466149,
        "weightIE_std": 0.3022737042897768,
        "weightII": 0.49198667278076513,
        "weightII_std": 0.19531710700554633
    }
}