{
    "simConfig": {
        "E_L_mean": 18.8,
        "E_L_stdev": 0.5293962507586241,
        "E_Ra_mean": 128.0,
        "E_Ra_stdev": 62.99880840606243,
        "E_diam_mean": 18.8,
        "E_diam_stdev": 2.658389118354036,
        "I_L_mean": 9.0,
        "I_L_stdev": 2.3748521373722906,
        "I_Ra_mean": 110.0,
        "I_Ra_stdev": 23.664054124105622,
        "I_diam_mean": 10.0,
        "I_diam_stdev": 2.8393167973784603,
        "addSynMechs": true,
        "allowConnsWithWeight0": true,
        "allowSelfConns": false,
        "analysis": {},
        "backupCfgFile": [],
        "cache_efficient": true,
        "checkErrors": false,
        "compactConnFormat": false,
        "connRandomSecFromList": true,
        "coreneuron": false,
        "createNEURONObj": true,
        "createPyStruct": true,
        "cvode_active": false,
        "cvode_atol": 0.001,
        "distributeSynsUniformly": true,
        "dt": 0.025,
        "dump_coreneuron_model": false,
        "duration": 1000.0,
        "duration_seconds": 90.0,
        "filename": "model_output",
        "gatherOnlySimData": false,
        "gkbar_E": 0.035804978864763304,
        "gkbar_E_std": 0.0005821158632580356,
        "gkbar_I": 1.4718716620430365,
        "gkbar_I_std": 2.170729943694773,
        "gnabar_E": 0.8863641246934705,
        "gnabar_E_std": 0.9813196920652607,
        "gnabar_I": 0.4711693308235735,
        "gnabar_I_std": 0.427938946380207,
        "gpu": false,
        "hParams": {
            "celsius": 6.3,
            "clamp_resist": 0.001,
            "v_init": -65.0
        },
        "includeParamsLabel": true,
        "invertedYCoord": true,
        "networkType": "22May24",
        "oneSynPerNetcon": true,
        "printPopAvgRates": [
            100,
            1000.0
        ],
        "printRunTime": false,
        "printSynsAfterRule": false,
        "probEE": 0.6959678041520582,
        "probEE_std": 0.2166593031339617,
        "probEI": 0.9129676806362619,
        "probEI_std": 0.2250157971535396,
        "probIE": 0.010607506148609197,
        "probIE_std": 0.3502944357084987,
        "probII": 0.7008033144733162,
        "probII_std": 0.017636504902566436,
        "probLengthConst": 1138.940311777716,
        "propVelocity": 1.0,
        "pt3dRelativeToCellLocation": true,
        "rand123GlobalIndex": null,
        "random123": false,
        "recordCells": [
            [
                "E",
                [
                    74,
                    47
                ]
            ],
            [
                "I",
                [
                    38,
                    3
                ]
            ]
        ],
        "recordCellsSpikes": -1,
        "recordDipole": false,
        "recordDipolesHNN": false,
        "recordLFP": [],
        "recordStep": 0.1,
        "recordStim": false,
        "recordTime": true,
        "recordTraces": {
            "soma_voltage": {
                "loc": 0.5,
                "sec": "soma",
                "var": "v"
            }
        },
        "saveCSV": false,
        "saveCellConns": true,
        "saveCellSecs": true,
        "saveDat": false,
        "saveDataInclude": [
            "simData",
            "simConfig",
            "netParams",
            "net"
        ],
        "saveDipoleCells": false,
        "saveDipolePops": false,
        "saveDpk": false,
        "saveFolder": "/pscratch/sd/a/adammwea/2DNetworkSimulations/NERSC/output/240528_Run1_this_does_work/gen_2",
        "saveHDF5": false,
        "saveJson": true,
        "saveLFPCells": false,
        "saveLFPPops": false,
        "saveMat": false,
        "savePickle": false,
        "saveTiming": false,
        "seeds": {
            "cell": 1,
            "conn": 1,
            "loc": 1,
            "stim": 1
        },
        "simLabel": "gen_2_cand_10",
        "tau1_exc": 6.966190597697734,
        "tau1_exc_std": 1.7610621011688032,
        "tau1_inh": 8.406209827734049,
        "tau1_inh_std": 3.1328586245118184,
        "tau2_exc": 29.627761146575217,
        "tau2_exc_std": 7.263227513344931,
        "tau2_inh": 0.7831117211183365,
        "tau2_inh_std": 3.262928858635001,
        "timestampFilename": false,
        "timing": true,
        "tstop": 1000.0,
        "use_fast_imem": false,
        "validateNetParams": false,
        "verbose": false,
        "weightEE": 0.25664274071449156,
        "weightEE_std": 0.44873246775234166,
        "weightEI": 0.4027932360527524,
        "weightEI_std": 0.12272089654708015,
        "weightIE": 0.9971219664387387,
        "weightIE_std": 0.023574900132451396,
        "weightII": 1.5822143939646636,
        "weightII_std": 0.24760103867134298
    }
}