{
    "simConfig": {
        "E_L_mean": 18.8,
        "E_L_stdev": 0.8662998146059518,
        "E_Ra_mean": 128.0,
        "E_Ra_stdev": 39.348782578516364,
        "E_diam_mean": 18.8,
        "E_diam_stdev": 0.33314263985532144,
        "I_L_mean": 9.0,
        "I_L_stdev": 0.23298477647416382,
        "I_Ra_mean": 110.0,
        "I_Ra_stdev": 28.472350534493554,
        "I_diam_mean": 10.0,
        "I_diam_stdev": 2.307892081929433,
        "addSynMechs": true,
        "allowConnsWithWeight0": true,
        "allowSelfConns": false,
        "analysis": {},
        "backupCfgFile": [],
        "cache_efficient": true,
        "checkErrors": false,
        "compactConnFormat": false,
        "connRandomSecFromList": true,
        "coreneuron": false,
        "createNEURONObj": true,
        "createPyStruct": true,
        "cvode_active": false,
        "cvode_atol": 0.001,
        "distributeSynsUniformly": true,
        "dt": 0.025,
        "dump_coreneuron_model": false,
        "duration": 1000.0,
        "duration_seconds": 330.0,
        "filename": "model_output",
        "gatherOnlySimData": false,
        "gkbar_E": 0.020259658567301775,
        "gkbar_E_std": 0.49089392788734076,
        "gkbar_I": 9.835909100153584,
        "gkbar_I_std": 0.16906529563181039,
        "gnabar_E": 2.9702404169470342,
        "gnabar_E_std": 0.2883658601539991,
        "gnabar_I": 3.88022014545178,
        "gnabar_I_std": 0.4900655226926187,
        "gpu": false,
        "hParams": {
            "celsius": 6.3,
            "clamp_resist": 0.001,
            "v_init": -65.0
        },
        "includeParamsLabel": true,
        "invertedYCoord": true,
        "networkType": "22May24",
        "oneSynPerNetcon": true,
        "printPopAvgRates": [
            100,
            1000.0
        ],
        "printRunTime": false,
        "printSynsAfterRule": false,
        "probEE": 0.2550061145799467,
        "probEE_std": 0.4398251395498304,
        "probEI": 0.3286774709387616,
        "probEI_std": 0.19670247860213888,
        "probIE": 0.1025972759702815,
        "probIE_std": 0.026403598128078132,
        "probII": 0.5846367000055214,
        "probII_std": 0.07745599388656438,
        "probLengthConst": 885.947160354257,
        "propVelocity": 1.0,
        "pt3dRelativeToCellLocation": true,
        "rand123GlobalIndex": null,
        "random123": false,
        "recordCells": [
            [
                "E",
                [
                    68,
                    13
                ]
            ],
            [
                "I",
                [
                    4,
                    5
                ]
            ]
        ],
        "recordCellsSpikes": -1,
        "recordDipole": false,
        "recordDipolesHNN": false,
        "recordLFP": [],
        "recordStep": 0.1,
        "recordStim": false,
        "recordTime": true,
        "recordTraces": {
            "soma_voltage": {
                "loc": 0.5,
                "sec": "soma",
                "var": "v"
            }
        },
        "saveCSV": false,
        "saveCellConns": true,
        "saveCellSecs": true,
        "saveDat": false,
        "saveDataInclude": [
            "simData",
            "simConfig",
            "netParams",
            "net"
        ],
        "saveDipoleCells": false,
        "saveDipolePops": false,
        "saveDpk": false,
        "saveFolder": "/pscratch/sd/a/adammwea/2DNetworkSimulations/NERSC/output/240604_Run1_24n24hr/gen_2",
        "saveHDF5": false,
        "saveJson": true,
        "saveLFPCells": false,
        "saveLFPPops": false,
        "saveMat": false,
        "savePickle": false,
        "saveTiming": false,
        "seeds": {
            "cell": 1,
            "conn": 1,
            "loc": 1,
            "stim": 1
        },
        "simLabel": "gen_2_cand_423",
        "tau1_exc": 1.8978620668029116,
        "tau1_exc_std": 3.282851575307823,
        "tau1_inh": 9.328048747144344,
        "tau1_inh_std": 2.6555987351052686,
        "tau2_exc": 0.4295937246765327,
        "tau2_exc_std": 9.534710825598403,
        "tau2_inh": 14.55578369879978,
        "tau2_inh_std": 2.6796453258833477,
        "timestampFilename": false,
        "timing": true,
        "tstop": 1000.0,
        "use_fast_imem": false,
        "validateNetParams": false,
        "verbose": false,
        "weightEE": 1.5842680718446998,
        "weightEE_std": 0.0648554969050682,
        "weightEI": 0.27847219643945387,
        "weightEI_std": 0.16976404124635497,
        "weightIE": 0.701429296499545,
        "weightIE_std": 0.10120893414430082,
        "weightII": 1.421241706880237,
        "weightII_std": 0.14343853135109133
    }
}