{
    "simConfig": {
        "E_L_mean": 18.8,
        "E_L_stdev": 5.321814956824991,
        "E_Ra_mean": 128.0,
        "E_Ra_stdev": 55.43694041642432,
        "E_diam_mean": 18.8,
        "E_diam_stdev": 5.047276631432656,
        "I_L_mean": 9.0,
        "I_L_stdev": 1.8123153799403466,
        "I_Ra_mean": 110.0,
        "I_Ra_stdev": 51.02881356653142,
        "I_diam_mean": 10.0,
        "I_diam_stdev": 0.031996395710563785,
        "addSynMechs": true,
        "allowConnsWithWeight0": true,
        "allowSelfConns": false,
        "analysis": {},
        "backupCfgFile": [],
        "cache_efficient": true,
        "checkErrors": false,
        "compactConnFormat": false,
        "connRandomSecFromList": true,
        "coreneuron": false,
        "createNEURONObj": true,
        "createPyStruct": true,
        "cvode_active": false,
        "cvode_atol": 0.001,
        "distributeSynsUniformly": true,
        "dt": 0.025,
        "dump_coreneuron_model": false,
        "duration": 1000.0,
        "duration_seconds": 330.0,
        "filename": "model_output",
        "gatherOnlySimData": false,
        "gkbar_E": 0.27155274887628217,
        "gkbar_E_std": 0.37375329620441056,
        "gkbar_I": 7.74856392847375,
        "gkbar_I_std": 0.20351350176309257,
        "gnabar_E": 1.733834066610993,
        "gnabar_E_std": 0.5268593550712501,
        "gnabar_I": 2.182911139968905,
        "gnabar_I_std": 0.06793672276758156,
        "gpu": false,
        "hParams": {
            "celsius": 6.3,
            "clamp_resist": 0.001,
            "v_init": -65.0
        },
        "includeParamsLabel": true,
        "invertedYCoord": true,
        "networkType": "22May24",
        "oneSynPerNetcon": true,
        "printPopAvgRates": [
            100,
            1000.0
        ],
        "printRunTime": false,
        "printSynsAfterRule": false,
        "probEE": 0.34206310545090185,
        "probEE_std": 0.20624731104166172,
        "probEI": 0.9903034624485675,
        "probEI_std": 0.4175077678276584,
        "probIE": 0.5826263633475028,
        "probIE_std": 0.012020130840323665,
        "probII": 0.7466169883635138,
        "probII_std": 0.40072162682753076,
        "probLengthConst": 1535.9368277766782,
        "propVelocity": 1.0,
        "pt3dRelativeToCellLocation": true,
        "rand123GlobalIndex": null,
        "random123": false,
        "recordCells": [
            [
                "E",
                [
                    68,
                    13
                ]
            ],
            [
                "I",
                [
                    4,
                    5
                ]
            ]
        ],
        "recordCellsSpikes": -1,
        "recordDipole": false,
        "recordDipolesHNN": false,
        "recordLFP": [],
        "recordStep": 0.1,
        "recordStim": false,
        "recordTime": true,
        "recordTraces": {
            "soma_voltage": {
                "loc": 0.5,
                "sec": "soma",
                "var": "v"
            }
        },
        "saveCSV": false,
        "saveCellConns": true,
        "saveCellSecs": true,
        "saveDat": false,
        "saveDataInclude": [
            "simData",
            "simConfig",
            "netParams",
            "net"
        ],
        "saveDipoleCells": false,
        "saveDipolePops": false,
        "saveDpk": false,
        "saveFolder": "/pscratch/sd/a/adammwea/2DNetworkSimulations/NERSC/output/240604_Run1_24n24hr/gen_2",
        "saveHDF5": false,
        "saveJson": true,
        "saveLFPCells": false,
        "saveLFPPops": false,
        "saveMat": false,
        "savePickle": false,
        "saveTiming": false,
        "seeds": {
            "cell": 1,
            "conn": 1,
            "loc": 1,
            "stim": 1
        },
        "simLabel": "gen_2_cand_442",
        "tau1_exc": 0.04264525919583556,
        "tau1_exc_std": 1.8728754942334076,
        "tau1_inh": 5.9648298544088725,
        "tau1_inh_std": 3.1466887168067785,
        "tau2_exc": 7.84213969323997,
        "tau2_exc_std": 0.007078499393430818,
        "tau2_inh": 2.305728472849036,
        "tau2_inh_std": 1.499180953531698,
        "timestampFilename": false,
        "timing": true,
        "tstop": 1000.0,
        "use_fast_imem": false,
        "validateNetParams": false,
        "verbose": false,
        "weightEE": 0.8378165014565042,
        "weightEE_std": 0.48700204118738893,
        "weightEI": 0.5247127670549936,
        "weightEI_std": 0.2731660551419419,
        "weightIE": 0.5182423495897491,
        "weightIE_std": 0.07891288832836645,
        "weightII": 0.14726869725085423,
        "weightII_std": 0.21444377189509178
    }
}