{
    "simConfig": {
        "E_L_mean": 18.8,
        "E_L_stdev": 9.009537991367626,
        "E_Ra_mean": 128.0,
        "E_Ra_stdev": 39.19028306412518,
        "E_diam_mean": 18.8,
        "E_diam_stdev": 6.104080767141818,
        "I_L_mean": 9.0,
        "I_L_stdev": 2.551078231161276,
        "I_Ra_mean": 110.0,
        "I_Ra_stdev": 7.3940862801890646,
        "I_diam_mean": 10.0,
        "I_diam_stdev": 2.7117286561686753,
        "addSynMechs": true,
        "allowConnsWithWeight0": true,
        "allowSelfConns": false,
        "analysis": {},
        "backupCfgFile": [],
        "cache_efficient": true,
        "checkErrors": false,
        "compactConnFormat": false,
        "connRandomSecFromList": true,
        "coreneuron": false,
        "createNEURONObj": true,
        "createPyStruct": true,
        "cvode_active": false,
        "cvode_atol": 0.001,
        "distributeSynsUniformly": true,
        "dt": 0.025,
        "dump_coreneuron_model": false,
        "duration": 1000.0,
        "duration_seconds": 330.0,
        "filename": "model_output",
        "gatherOnlySimData": false,
        "gkbar_E": 0.9902465790036652,
        "gkbar_E_std": 0.45457602020356236,
        "gkbar_I": 1.9760258734164844,
        "gkbar_I_std": 1.8753426839768617,
        "gnabar_E": 6.555918478488979,
        "gnabar_E_std": 0.9224853864785247,
        "gnabar_I": 2.849460258008799,
        "gnabar_I_std": 0.6753087509604441,
        "gpu": false,
        "hParams": {
            "celsius": 6.3,
            "clamp_resist": 0.001,
            "v_init": -65.0
        },
        "includeParamsLabel": true,
        "invertedYCoord": true,
        "networkType": "22May24",
        "oneSynPerNetcon": true,
        "printPopAvgRates": [
            100,
            1000.0
        ],
        "printRunTime": false,
        "printSynsAfterRule": false,
        "probEE": 0.2244300842094985,
        "probEE_std": 0.4191136573962083,
        "probEI": 0.359732151453484,
        "probEI_std": 0.4281890212508461,
        "probIE": 0.06990184355804863,
        "probIE_std": 0.03837928846613137,
        "probII": 0.7251529585801848,
        "probII_std": 0.31275280927700627,
        "probLengthConst": 2898.6706316608693,
        "propVelocity": 1.0,
        "pt3dRelativeToCellLocation": true,
        "rand123GlobalIndex": null,
        "random123": false,
        "recordCells": [
            [
                "E",
                [
                    68,
                    13
                ]
            ],
            [
                "I",
                [
                    4,
                    5
                ]
            ]
        ],
        "recordCellsSpikes": -1,
        "recordDipole": false,
        "recordDipolesHNN": false,
        "recordLFP": [],
        "recordStep": 0.1,
        "recordStim": false,
        "recordTime": true,
        "recordTraces": {
            "soma_voltage": {
                "loc": 0.5,
                "sec": "soma",
                "var": "v"
            }
        },
        "saveCSV": false,
        "saveCellConns": true,
        "saveCellSecs": true,
        "saveDat": false,
        "saveDataInclude": [
            "simData",
            "simConfig",
            "netParams",
            "net"
        ],
        "saveDipoleCells": false,
        "saveDipolePops": false,
        "saveDpk": false,
        "saveFolder": "/pscratch/sd/a/adammwea/2DNetworkSimulations/NERSC/output/240604_Run1_24n24hr/gen_2",
        "saveHDF5": false,
        "saveJson": true,
        "saveLFPCells": false,
        "saveLFPPops": false,
        "saveMat": false,
        "savePickle": false,
        "saveTiming": false,
        "seeds": {
            "cell": 1,
            "conn": 1,
            "loc": 1,
            "stim": 1
        },
        "simLabel": "gen_2_cand_4",
        "tau1_exc": 4.231266467989093,
        "tau1_exc_std": 0.13888952144543376,
        "tau1_inh": 1.1859074238199332,
        "tau1_inh_std": 2.4179766049728832,
        "tau2_exc": 27.865435527865603,
        "tau2_exc_std": 2.370700481073627,
        "tau2_inh": 0.12399970884222267,
        "tau2_inh_std": 3.292995362715139,
        "timestampFilename": false,
        "timing": true,
        "tstop": 1000.0,
        "use_fast_imem": false,
        "validateNetParams": false,
        "verbose": false,
        "weightEE": 0.8921558249893035,
        "weightEE_std": 0.4917760814087254,
        "weightEI": 1.9023933486741818,
        "weightEI_std": 0.3110715715592702,
        "weightIE": 0.7599191039704284,
        "weightIE_std": 0.006108401927451934,
        "weightII": 0.11342219118931768,
        "weightII_std": 0.22913987910732225
    }
}