{
    "simConfig": {
        "E_L_mean": 18.8,
        "E_L_stdev": 9.358064730399814,
        "E_Ra_mean": 128.0,
        "E_Ra_stdev": 13.282452901413274,
        "E_diam_mean": 18.8,
        "E_diam_stdev": 6.225491352707003,
        "I_L_mean": 9.0,
        "I_L_stdev": 1.5454204862161838,
        "I_Ra_mean": 110.0,
        "I_Ra_stdev": 3.467447586607831,
        "I_diam_mean": 10.0,
        "I_diam_stdev": 3.3316041160446663,
        "addSynMechs": true,
        "allowConnsWithWeight0": true,
        "allowSelfConns": false,
        "analysis": {},
        "backupCfgFile": [],
        "cache_efficient": true,
        "checkErrors": false,
        "compactConnFormat": false,
        "connRandomSecFromList": true,
        "coreneuron": false,
        "createNEURONObj": true,
        "createPyStruct": true,
        "cvode_active": false,
        "cvode_atol": 0.001,
        "distributeSynsUniformly": true,
        "dt": 0.025,
        "dump_coreneuron_model": false,
        "duration": 1000.0,
        "duration_seconds": 330.0,
        "filename": "model_output",
        "gatherOnlySimData": false,
        "gkbar_E": 0.37960414289370636,
        "gkbar_E_std": 0.4672909856927735,
        "gkbar_I": 8.576742564818506,
        "gkbar_I_std": 2.0398478269336375,
        "gnabar_E": 3.134064903637166,
        "gnabar_E_std": 0.25009241423112466,
        "gnabar_I": 3.190483553559882,
        "gnabar_I_std": 0.9972793048405589,
        "gpu": false,
        "hParams": {
            "celsius": 6.3,
            "clamp_resist": 0.001,
            "v_init": -65.0
        },
        "includeParamsLabel": true,
        "invertedYCoord": true,
        "networkType": "22May24",
        "oneSynPerNetcon": true,
        "printPopAvgRates": [
            100,
            1000.0
        ],
        "printRunTime": false,
        "printSynsAfterRule": false,
        "probEE": 0.5830366553722628,
        "probEE_std": 0.011740812634619027,
        "probEI": 0.5655141351816594,
        "probEI_std": 0.47172521093054165,
        "probIE": 0.2312619682237929,
        "probIE_std": 0.4994510984157263,
        "probII": 0.025954075897400477,
        "probII_std": 0.49122877166340817,
        "probLengthConst": 145.63852450081504,
        "propVelocity": 1.0,
        "pt3dRelativeToCellLocation": true,
        "rand123GlobalIndex": null,
        "random123": false,
        "recordCells": [
            [
                "E",
                [
                    68,
                    13
                ]
            ],
            [
                "I",
                [
                    4,
                    5
                ]
            ]
        ],
        "recordCellsSpikes": -1,
        "recordDipole": false,
        "recordDipolesHNN": false,
        "recordLFP": [],
        "recordStep": 0.1,
        "recordStim": false,
        "recordTime": true,
        "recordTraces": {
            "soma_voltage": {
                "loc": 0.5,
                "sec": "soma",
                "var": "v"
            }
        },
        "saveCSV": false,
        "saveCellConns": true,
        "saveCellSecs": true,
        "saveDat": false,
        "saveDataInclude": [
            "simData",
            "simConfig",
            "netParams",
            "net"
        ],
        "saveDipoleCells": false,
        "saveDipolePops": false,
        "saveDpk": false,
        "saveFolder": "/pscratch/sd/a/adammwea/2DNetworkSimulations/NERSC/output/240604_Run1_24n24hr/gen_2",
        "saveHDF5": false,
        "saveJson": true,
        "saveLFPCells": false,
        "saveLFPPops": false,
        "saveMat": false,
        "savePickle": false,
        "saveTiming": false,
        "seeds": {
            "cell": 1,
            "conn": 1,
            "loc": 1,
            "stim": 1
        },
        "simLabel": "gen_2_cand_145",
        "tau1_exc": 6.180741645100336,
        "tau1_exc_std": 3.22041675671063,
        "tau1_inh": 9.011696625856334,
        "tau1_inh_std": 1.7340884552304432,
        "tau2_exc": 16.785342846197327,
        "tau2_exc_std": 6.033434955097447,
        "tau2_inh": 19.65822125979782,
        "tau2_inh_std": 9.362372741583043,
        "timestampFilename": false,
        "timing": true,
        "tstop": 1000.0,
        "use_fast_imem": false,
        "validateNetParams": false,
        "verbose": false,
        "weightEE": 0.32976938151107027,
        "weightEE_std": 0.03306640909744177,
        "weightEI": 1.224557907840022,
        "weightEI_std": 0.2319049060165331,
        "weightIE": 0.656817136819809,
        "weightIE_std": 0.008026763053825218,
        "weightII": 1.1799941861194305,
        "weightII_std": 0.21248617628558542
    }
}