{
    "simConfig": {
        "E_L_mean": 18.8,
        "E_L_stdev": 7.57261324173868,
        "E_Ra_mean": 128.0,
        "E_Ra_stdev": 0.9013879187333256,
        "E_diam_mean": 18.8,
        "E_diam_stdev": 1.1447135413231355,
        "I_L_mean": 9.0,
        "I_L_stdev": 0.562157303735427,
        "I_Ra_mean": 110.0,
        "I_Ra_stdev": 45.383842249993364,
        "I_diam_mean": 10.0,
        "I_diam_stdev": 0.1292063827272284,
        "addSynMechs": true,
        "allowConnsWithWeight0": true,
        "allowSelfConns": false,
        "analysis": {},
        "backupCfgFile": [],
        "cache_efficient": true,
        "checkErrors": false,
        "compactConnFormat": false,
        "connRandomSecFromList": true,
        "coreneuron": false,
        "createNEURONObj": true,
        "createPyStruct": true,
        "cvode_active": false,
        "cvode_atol": 0.001,
        "distributeSynsUniformly": true,
        "dt": 0.025,
        "dump_coreneuron_model": false,
        "duration": 1000.0,
        "duration_seconds": 330.0,
        "filename": "model_output",
        "gatherOnlySimData": false,
        "gkbar_E": 0.9930214712733074,
        "gkbar_E_std": 0.31608811731720143,
        "gkbar_I": 0.904411704227118,
        "gkbar_I_std": 0.36337165952610473,
        "gnabar_E": 5.0701856748606025,
        "gnabar_E_std": 0.9459119200246657,
        "gnabar_I": 2.970207615152008,
        "gnabar_I_std": 0.03578120289406743,
        "gpu": false,
        "hParams": {
            "celsius": 6.3,
            "clamp_resist": 0.001,
            "v_init": -65.0
        },
        "includeParamsLabel": true,
        "invertedYCoord": true,
        "networkType": "22May24",
        "oneSynPerNetcon": true,
        "printPopAvgRates": [
            100,
            1000.0
        ],
        "printRunTime": false,
        "printSynsAfterRule": false,
        "probEE": 0.4703669897792516,
        "probEE_std": 0.4387712328474903,
        "probEI": 0.34572762168994575,
        "probEI_std": 0.018799687964581688,
        "probIE": 0.0032031246822273513,
        "probIE_std": 0.08504005617895234,
        "probII": 0.14014427597100845,
        "probII_std": 0.16536161851128878,
        "probLengthConst": 758.8995622059156,
        "propVelocity": 1.0,
        "pt3dRelativeToCellLocation": true,
        "rand123GlobalIndex": null,
        "random123": false,
        "recordCells": [
            [
                "E",
                [
                    68,
                    13
                ]
            ],
            [
                "I",
                [
                    4,
                    5
                ]
            ]
        ],
        "recordCellsSpikes": -1,
        "recordDipole": false,
        "recordDipolesHNN": false,
        "recordLFP": [],
        "recordStep": 0.1,
        "recordStim": false,
        "recordTime": true,
        "recordTraces": {
            "soma_voltage": {
                "loc": 0.5,
                "sec": "soma",
                "var": "v"
            }
        },
        "saveCSV": false,
        "saveCellConns": true,
        "saveCellSecs": true,
        "saveDat": false,
        "saveDataInclude": [
            "simData",
            "simConfig",
            "netParams",
            "net"
        ],
        "saveDipoleCells": false,
        "saveDipolePops": false,
        "saveDpk": false,
        "saveFolder": "/pscratch/sd/a/adammwea/2DNetworkSimulations/NERSC/output/240604_Run1_24n24hr/gen_2",
        "saveHDF5": false,
        "saveJson": true,
        "saveLFPCells": false,
        "saveLFPPops": false,
        "saveMat": false,
        "savePickle": false,
        "saveTiming": false,
        "seeds": {
            "cell": 1,
            "conn": 1,
            "loc": 1,
            "stim": 1
        },
        "simLabel": "gen_2_cand_384",
        "tau1_exc": 3.7399077964993244,
        "tau1_exc_std": 0.4788921906692625,
        "tau1_inh": 4.275629972855629,
        "tau1_inh_std": 2.415306405316474,
        "tau2_exc": 16.967342671872036,
        "tau2_exc_std": 6.551647543548707,
        "tau2_inh": 18.228052235885112,
        "tau2_inh_std": 4.282043815165788,
        "timestampFilename": false,
        "timing": true,
        "tstop": 1000.0,
        "use_fast_imem": false,
        "validateNetParams": false,
        "verbose": false,
        "weightEE": 0.12955854380259474,
        "weightEE_std": 0.35822625953651144,
        "weightEI": 0.42525946276163284,
        "weightEI_std": 0.019148521303925414,
        "weightIE": 0.994466318600948,
        "weightIE_std": 0.13911714783564666,
        "weightII": 1.1808707821297197,
        "weightII_std": 0.04827627427734389
    }
}