{
    "BigBurstVal_Fitness": {
        "Value": null,
        "Fit": 1000
    },
    "numBig_Fitness": {
        "Value": 0,
        "Percent": 0.0,
        "Fit": 1000
    },
    "SmallBurstVal_Fitness": {
        "Value": 439.97212794655326,
        "Fit": 1000.0
    },
    "numSmall_Fitness": {
        "Value": 20,
        "Percent": 100.0,
        "Fit": 1000
    },
    "burst_peak_frequency_fitness": {
        "Value": 0.6779661016949152,
        "Fit": 1.7534801412570897
    },
    "IBI_fitness": {
        "Value": 1.5,
        "Fit": 1.0006587551399713
    },
    "baseline_fitness": {
        "Value": 374.7649747658599,
        "Fit": 1000
    },
    "slopeFitness": {
        "Value": -0.014859665227302983,
        "Fit": 1.0175086890818958
    },
    "thresh": {
        "Value": 375.91181658730375,
        "Fit": 1000
    },
    "sustain_oscillation_fitness": {
        "Value": 96.67774086378738,
        "Fit": 322.05055657866643
    },
    "E_rate_fitness": {
        "Value": 4.088888888888889,
        "Fit": 24.816834222590206
    },
    "I_rate_fitness": {
        "Value": 1.0077519379844961,
        "Fit": 1000
    },
    "maxFitness": 1000,
    "average_fitness": 612.5532531988946,
    "average_scaled_fitness": 0.6121651628735758
}