{
    "BigBurstVal_Fitness": {
        "Value": 2043.5830963827095,
        "Fit": 800.200191129429
    },
    "numBig_Fitness": {
        "Value": 15,
        "Percent": 100.0,
        "Fit": 1000
    },
    "SmallBurstVal_Fitness": {
        "Value": null,
        "Fit": 1000
    },
    "numSmall_Fitness": {
        "Value": 0,
        "Percent": 0.0,
        "Fit": 1000
    },
    "burst_peak_frequency_fitness": {
        "Value": 0.5067567567567567,
        "Fit": 1.4775615392969186
    },
    "IBI_fitness": {
        "Value": 1.8214285714285714,
        "Fit": 1.000629699802845
    },
    "baseline_fitness": {
        "Value": 1976.8257604797877,
        "Fit": 1000
    },
    "slopeFitness": {
        "Value": -0.002049746185782854,
        "Fit": 1.004557613365456
    },
    "thresh": {
        "Value": 1904.9052502921822,
        "Fit": 1000
    },
    "sustain_oscillation_fitness": {
        "Value": 86.37873754152824,
        "Fit": 92.23085993654176
    },
    "E_rate_fitness": {
        "Value": 7.6,
        "Fit": 831.0029404526242
    },
    "I_rate_fitness": {
        "Value": 0.10335917312661498,
        "Fit": 1000
    },
    "maxFitness": 1000,
    "average_fitness": 643.909728364255,
    "average_scaled_fitness": 0.6435530569666519
}