{
    "BigBurstVal_Fitness": {
        "Value": 2397.046770388389,
        "Fit": 1000.0
    },
    "numBig_Fitness": {
        "Value": 19,
        "Percent": 100.0,
        "Fit": 1000
    },
    "SmallBurstVal_Fitness": {
        "Value": null,
        "Fit": 1000
    },
    "numSmall_Fitness": {
        "Value": 0,
        "Percent": 0.0,
        "Fit": 1000
    },
    "burst_peak_frequency_fitness": {
        "Value": 0.6418918918918919,
        "Fit": 1.6913520785171436
    },
    "IBI_fitness": {
        "Value": 1.5833333333333335,
        "Fit": 1.0006512230173252
    },
    "baseline_fitness": {
        "Value": 2224.787039746068,
        "Fit": 1000
    },
    "slopeFitness": {
        "Value": 0.22974551983602887,
        "Fit": 1.2551411132845804
    },
    "thresh": {
        "Value": 2216.2165937205673,
        "Fit": 1000
    },
    "sustain_oscillation_fitness": {
        "Value": 96.67774086378738,
        "Fit": 322.05055657866643
    },
    "E_rate_fitness": {
        "Value": 23.144444444444442,
        "Fit": 1000
    },
    "I_rate_fitness": {
        "Value": 0.6459948320413437,
        "Fit": 1000
    },
    "maxFitness": 1000,
    "average_fitness": 693.833141749457,
    "average_scaled_fitness": 0.6935264686354747
}