{
    "BigBurstVal_Fitness": {
        "Value": 2475.460370966295,
        "Fit": 1000.0
    },
    "numBig_Fitness": {
        "Value": 21,
        "Percent": 100.0,
        "Fit": 1000
    },
    "SmallBurstVal_Fitness": {
        "Value": null,
        "Fit": 1000
    },
    "numSmall_Fitness": {
        "Value": 0,
        "Percent": 0.0,
        "Fit": 1000
    },
    "burst_peak_frequency_fitness": {
        "Value": 0.7216494845360825,
        "Fit": 1.8317757438051563
    },
    "IBI_fitness": {
        "Value": 1.3800000000000003,
        "Fit": 1.0006696020567238
    },
    "baseline_fitness": {
        "Value": 2359.6802604001655,
        "Fit": 1000
    },
    "slopeFitness": {
        "Value": -0.6038732275598121,
        "Fit": 1.8337641012136572
    },
    "thresh": {
        "Value": 2334.5305149322157,
        "Fit": 1000
    },
    "sustain_oscillation_fitness": {
        "Value": 94.35215946843853,
        "Fit": 31.472909057699244
    },
    "E_rate_fitness": {
        "Value": 14.8,
        "Fit": 1000
    },
    "I_rate_fitness": {
        "Value": 2.3255813953488373,
        "Fit": 1000
    },
    "maxFitness": 1000,
    "average_fitness": 669.678259875398,
    "average_scaled_fitness": 0.6693473858555828
}