{
    "BigBurstVal_Fitness": {
        "Value": 1356.464976512107,
        "Fit": 1.000742525742538
    },
    "numBig_Fitness": {
        "Value": 1,
        "Percent": 3.8461538461538463,
        "Fit": 1000
    },
    "SmallBurstVal_Fitness": {
        "Value": 998.1848354793639,
        "Fit": 1.0005512625590989
    },
    "numSmall_Fitness": {
        "Value": 25,
        "Percent": 96.15384615384616,
        "Fit": 1000
    },
    "burst_peak_frequency_fitness": {
        "Value": 0.8783783783783783,
        "Fit": 2.1425886381831845
    },
    "IBI_fitness": {
        "Value": 1.1440000000000001,
        "Fit": 1.0006909349984487
    },
    "baseline_fitness": {
        "Value": 931.6735552609282,
        "Fit": 1000
    },
    "slopeFitness": {
        "Value": -0.12323962408946108,
        "Fit": 1.1339840464252555
    },
    "thresh": {
        "Value": 928.8875880596021,
        "Fit": 1000
    },
    "sustain_oscillation_fitness": {
        "Value": 97.34219269102991,
        "Fit": 625.8810696529262
    },
    "E_rate_fitness": {
        "Value": 10.644444444444444,
        "Fit": 1000
    },
    "I_rate_fitness": {
        "Value": 1.6020671834625322,
        "Fit": 1000
    },
    "maxFitness": 1000,
    "average_fitness": 552.6799689217362,
    "average_scaled_fitness": 0.5522319540380153
}