{
    "BigBurstVal_Fitness": {
        "Value": 2409.102848918054,
        "Fit": 1000.0
    },
    "numBig_Fitness": {
        "Value": 1,
        "Percent": 6.666666666666667,
        "Fit": 1000
    },
    "SmallBurstVal_Fitness": {
        "Value": 1113.3509414197329,
        "Fit": 1.0006578993691002
    },
    "numSmall_Fitness": {
        "Value": 14,
        "Percent": 93.33333333333333,
        "Fit": 1000
    },
    "burst_peak_frequency_fitness": {
        "Value": 0.539568345323741,
        "Fit": 1.5268468232022194
    },
    "IBI_fitness": {
        "Value": 1.942857142857143,
        "Fit": 1.0006187265952506
    },
    "baseline_fitness": {
        "Value": 1047.9536416941862,
        "Fit": 1000
    },
    "slopeFitness": {
        "Value": -0.33296004206262414,
        "Fit": 1.3985801658724584
    },
    "thresh": {
        "Value": 1054.6844722107444,
        "Fit": 1000
    },
    "sustain_oscillation_fitness": {
        "Value": 92.02657807308971,
        "Fit": 3.075740700706654
    },
    "E_rate_fitness": {
        "Value": 19.366666666666667,
        "Fit": 1000
    },
    "I_rate_fitness": {
        "Value": 2.739018087855297,
        "Fit": 7.181060172124049
    },
    "maxFitness": 1000,
    "average_fitness": 501.2652920406558,
    "average_scaled_fitness": 0.5007657489000474
}