{
    "simConfig": {
        "E_L_mean": 18.8,
        "E_L_stdev": 1.6497941693434957,
        "E_Ra_mean": 128.0,
        "E_Ra_stdev": 3.0146334752281803,
        "E_diam_mean": 18.8,
        "E_diam_stdev": 4.81317379259541,
        "I_L_mean": 9.0,
        "I_L_stdev": 2.141306504374704,
        "I_Ra_mean": 110.0,
        "I_Ra_stdev": 9.828926919540244,
        "I_diam_mean": 10.0,
        "I_diam_stdev": 0.8934751414171465,
        "addSynMechs": true,
        "allowConnsWithWeight0": true,
        "allowSelfConns": false,
        "analysis": {},
        "backupCfgFile": [],
        "cache_efficient": true,
        "checkErrors": false,
        "compactConnFormat": false,
        "connRandomSecFromList": true,
        "coreneuron": false,
        "createNEURONObj": true,
        "createPyStruct": true,
        "cvode_active": false,
        "cvode_atol": 0.001,
        "distributeSynsUniformly": true,
        "dt": 0.025,
        "dump_coreneuron_model": false,
        "duration": 1000.0,
        "duration_seconds": 90.0,
        "filename": "model_output",
        "gatherOnlySimData": false,
        "gkbar_E": 0.3687045788442768,
        "gkbar_E_std": 0.46895209434035073,
        "gkbar_I": 3.8411079497620353,
        "gkbar_I_std": 0.28362227605903406,
        "gnabar_E": 0.5587556014702479,
        "gnabar_E_std": 1.577849379319637,
        "gnabar_I": 4.992782700810073,
        "gnabar_I_std": 0.8607383672682222,
        "gpu": false,
        "hParams": {
            "celsius": 6.3,
            "clamp_resist": 0.001,
            "v_init": -65.0
        },
        "includeParamsLabel": true,
        "invertedYCoord": true,
        "networkType": "22May24",
        "oneSynPerNetcon": true,
        "printPopAvgRates": [
            100,
            1000.0
        ],
        "printRunTime": false,
        "printSynsAfterRule": false,
        "probEE": 0.5515872317403077,
        "probEE_std": 0.204721558054489,
        "probEI": 0.906969925856995,
        "probEI_std": 0.4272792875733867,
        "probIE": 0.010400687952873522,
        "probIE_std": 0.43089726156317276,
        "probII": 0.6781486733366258,
        "probII_std": 0.20310235624072245,
        "probLengthConst": 1555.3957289367177,
        "propVelocity": 1.0,
        "pt3dRelativeToCellLocation": true,
        "rand123GlobalIndex": null,
        "random123": false,
        "recordCells": [
            [
                "E",
                [
                    74,
                    47
                ]
            ],
            [
                "I",
                [
                    38,
                    3
                ]
            ]
        ],
        "recordCellsSpikes": -1,
        "recordDipole": false,
        "recordDipolesHNN": false,
        "recordLFP": [],
        "recordStep": 0.1,
        "recordStim": false,
        "recordTime": true,
        "recordTraces": {
            "soma_voltage": {
                "loc": 0.5,
                "sec": "soma",
                "var": "v"
            }
        },
        "saveCSV": false,
        "saveCellConns": true,
        "saveCellSecs": true,
        "saveDat": false,
        "saveDataInclude": [
            "simData",
            "simConfig",
            "netParams",
            "net"
        ],
        "saveDipoleCells": false,
        "saveDipolePops": false,
        "saveDpk": false,
        "saveFolder": "/pscratch/sd/a/adammwea/2DNetworkSimulations/NERSC/output/240528_Run1_this_does_work/gen_16",
        "saveHDF5": false,
        "saveJson": true,
        "saveLFPCells": false,
        "saveLFPPops": false,
        "saveMat": false,
        "savePickle": false,
        "saveTiming": false,
        "seeds": {
            "cell": 1,
            "conn": 1,
            "loc": 1,
            "stim": 1
        },
        "simLabel": "gen_16_cand_62",
        "tau1_exc": 3.6621819271934886,
        "tau1_exc_std": 0.060912026736500646,
        "tau1_inh": 3.878370198105327,
        "tau1_inh_std": 2.4817116679938036,
        "tau2_exc": 27.93270998542019,
        "tau2_exc_std": 9.841632602346657,
        "tau2_inh": 10.786320703477942,
        "tau2_inh_std": 7.912502772472889,
        "timestampFilename": false,
        "timing": true,
        "tstop": 1000.0,
        "use_fast_imem": false,
        "validateNetParams": false,
        "verbose": false,
        "weightEE": 1.86883510950521,
        "weightEE_std": 0.03340751814579376,
        "weightEI": 1.9936514016614384,
        "weightEI_std": 0.3148428411444749,
        "weightIE": 0.013593769355417618,
        "weightIE_std": 0.3317258197983038,
        "weightII": 0.7652815623674768,
        "weightII_std": 0.15711730020954573
    }
}