{
    "simConfig": {
        "E_L_mean": 18.8,
        "E_L_stdev": 4.94773032742534,
        "E_Ra_mean": 128.0,
        "E_Ra_stdev": 63.49690996518788,
        "E_diam_mean": 18.8,
        "E_diam_stdev": 5.386514359516391,
        "I_L_mean": 9.0,
        "I_L_stdev": 1.1225269262892006,
        "I_Ra_mean": 110.0,
        "I_Ra_stdev": 15.890643371217863,
        "I_diam_mean": 10.0,
        "I_diam_stdev": 0.1624869158153262,
        "addSynMechs": true,
        "allowConnsWithWeight0": true,
        "allowSelfConns": false,
        "analysis": {},
        "backupCfgFile": [],
        "cache_efficient": true,
        "checkErrors": false,
        "compactConnFormat": false,
        "connRandomSecFromList": true,
        "coreneuron": false,
        "createNEURONObj": true,
        "createPyStruct": true,
        "cvode_active": false,
        "cvode_atol": 0.001,
        "distributeSynsUniformly": true,
        "dt": 0.025,
        "dump_coreneuron_model": false,
        "duration": 1000.0,
        "duration_seconds": 90.0,
        "filename": "model_output",
        "gatherOnlySimData": false,
        "gkbar_E": 0.6893329273790217,
        "gkbar_E_std": 0.0654979396987039,
        "gkbar_I": 4.262705541249019,
        "gkbar_I_std": 0.006075118061928892,
        "gnabar_E": 2.60044213492408,
        "gnabar_E_std": 0.09519932380224061,
        "gnabar_I": 3.129407427126256,
        "gnabar_I_std": 0.814404593142126,
        "gpu": false,
        "hParams": {
            "celsius": 6.3,
            "clamp_resist": 0.001,
            "v_init": -65.0
        },
        "includeParamsLabel": true,
        "invertedYCoord": true,
        "networkType": "22May24",
        "oneSynPerNetcon": true,
        "printPopAvgRates": [
            100,
            1000.0
        ],
        "printRunTime": false,
        "printSynsAfterRule": false,
        "probEE": 0.4222004880691922,
        "probEE_std": 0.21229231328648032,
        "probEI": 0.8730057103308906,
        "probEI_std": 0.4996016885911529,
        "probIE": 0.7488199346072257,
        "probIE_std": 0.47335583198209846,
        "probII": 0.10243795310796772,
        "probII_std": 0.45370802238586544,
        "probLengthConst": 2999.6891535229265,
        "propVelocity": 1.0,
        "pt3dRelativeToCellLocation": true,
        "rand123GlobalIndex": null,
        "random123": false,
        "recordCells": [
            [
                "E",
                [
                    74,
                    47
                ]
            ],
            [
                "I",
                [
                    38,
                    3
                ]
            ]
        ],
        "recordCellsSpikes": -1,
        "recordDipole": false,
        "recordDipolesHNN": false,
        "recordLFP": [],
        "recordStep": 0.1,
        "recordStim": false,
        "recordTime": true,
        "recordTraces": {
            "soma_voltage": {
                "loc": 0.5,
                "sec": "soma",
                "var": "v"
            }
        },
        "saveCSV": false,
        "saveCellConns": true,
        "saveCellSecs": true,
        "saveDat": false,
        "saveDataInclude": [
            "simData",
            "simConfig",
            "netParams",
            "net"
        ],
        "saveDipoleCells": false,
        "saveDipolePops": false,
        "saveDpk": false,
        "saveFolder": "/pscratch/sd/a/adammwea/2DNetworkSimulations/NERSC/output/240528_Run1_this_does_work/gen_16",
        "saveHDF5": false,
        "saveJson": true,
        "saveLFPCells": false,
        "saveLFPPops": false,
        "saveMat": false,
        "savePickle": false,
        "saveTiming": false,
        "seeds": {
            "cell": 1,
            "conn": 1,
            "loc": 1,
            "stim": 1
        },
        "simLabel": "gen_16_cand_19",
        "tau1_exc": 0.851805948377502,
        "tau1_exc_std": 0.6950632695423831,
        "tau1_inh": 0.764261839631061,
        "tau1_inh_std": 1.0569731269202416,
        "tau2_exc": 21.58759599904011,
        "tau2_exc_std": 4.388434600851869,
        "tau2_inh": 0.1966035358524597,
        "tau2_inh_std": 4.767535199588003,
        "timestampFilename": false,
        "timing": true,
        "tstop": 1000.0,
        "use_fast_imem": false,
        "validateNetParams": false,
        "verbose": false,
        "weightEE": 1.1870741141837446,
        "weightEE_std": 0.12109444138770117,
        "weightEI": 1.9613523535062385,
        "weightEI_std": 0.006617409367763223,
        "weightIE": 0.718917878845771,
        "weightIE_std": 0.041001943415368336,
        "weightII": 0.05807868284038461,
        "weightII_std": 0.18975053846535986
    }
}