{
    "burstAmp_Fitness": 1000.0,
    "IBI_fitness": 2.7047305809293625,
    "baselineFitness": 2.6313114994629085,
    "slopeFitness": 1.0003983149541098,
    "baseline_diff_fitness": 1000,
    "burst_peak_frequency_fitness": 55.929747012888164,
    "rate_fitness": 1000.0,
    "maxFitness": 1000,
    "average_fitness": 437.4665982011764,
    "average_scaled_fitness": 436.90327718851955
}