{
    "simConfig": {
        "E_L_mean": 18.8,
        "E_L_stdev": 5.4743649182879865,
        "E_Ra_mean": 128.0,
        "E_Ra_stdev": 15.388795966199233,
        "E_diam_mean": 18.8,
        "E_diam_stdev": 5.5832348154167075,
        "I_L_mean": 9.0,
        "I_L_stdev": 0.12122145626253866,
        "I_Ra_mean": 110.0,
        "I_Ra_stdev": 7.004793087126037,
        "I_diam_mean": 10.0,
        "I_diam_stdev": 2.9652462124641343,
        "addSynMechs": true,
        "allowConnsWithWeight0": true,
        "allowSelfConns": false,
        "analysis": {},
        "backupCfgFile": [],
        "cache_efficient": true,
        "checkErrors": false,
        "compactConnFormat": false,
        "connRandomSecFromList": true,
        "coreneuron": false,
        "createNEURONObj": true,
        "createPyStruct": true,
        "cvode_active": false,
        "cvode_atol": 0.001,
        "distributeSynsUniformly": true,
        "dt": 0.025,
        "dump_coreneuron_model": false,
        "duration": 1000.0,
        "duration_seconds": 60.0,
        "filename": "model_output",
        "gatherOnlySimData": false,
        "gkbar_E": 0.12301554275494464,
        "gkbar_E_std": 0.017311183797142943,
        "gkbar_I": 6.575142475481895,
        "gkbar_I_std": 0.6192047021737619,
        "gnabar_E": 4.851880883713245,
        "gnabar_E_std": 0.05366922511015382,
        "gnabar_I": 0.025375449148967277,
        "gnabar_I_std": 0.0014598108561114254,
        "gpu": false,
        "hParams": {
            "celsius": 6.3,
            "clamp_resist": 0.001,
            "v_init": -65.0
        },
        "includeParamsLabel": true,
        "invertedYCoord": true,
        "networkType": "22May24",
        "oneSynPerNetcon": true,
        "printPopAvgRates": [
            100,
            1000.0
        ],
        "printRunTime": false,
        "printSynsAfterRule": false,
        "probEE": 0.020338034889878086,
        "probEE_std": 0.05435665684704039,
        "probEI": 0.9983252993925051,
        "probEI_std": 0.25062138071493856,
        "probIE": 0.42622418918382543,
        "probIE_std": 0.04505219792329806,
        "probII": 0.006256786971867124,
        "probII_std": 0.2914681176960041,
        "probLengthConst": 192.66200809115998,
        "propVelocity": 1.0,
        "pt3dRelativeToCellLocation": true,
        "rand123GlobalIndex": null,
        "random123": false,
        "recordCells": [
            [
                "E",
                [
                    16,
                    79
                ]
            ],
            [
                "I",
                [
                    28,
                    1
                ]
            ]
        ],
        "recordCellsSpikes": -1,
        "recordDipole": false,
        "recordDipolesHNN": false,
        "recordLFP": [],
        "recordStep": 0.1,
        "recordStim": false,
        "recordTime": true,
        "recordTraces": {
            "soma_voltage": {
                "loc": 0.5,
                "sec": "soma",
                "var": "v"
            }
        },
        "saveCSV": false,
        "saveCellConns": true,
        "saveCellSecs": true,
        "saveDat": false,
        "saveDataInclude": [
            "simData",
            "simConfig",
            "netParams",
            "net"
        ],
        "saveDipoleCells": false,
        "saveDipolePops": false,
        "saveDpk": false,
        "saveFolder": "/pscratch/sd/a/adammwea/2DNetworkSimulations/NERSC/output/240527_Run3_this_should_work/gen_8",
        "saveHDF5": false,
        "saveJson": true,
        "saveLFPCells": false,
        "saveLFPPops": false,
        "saveMat": false,
        "savePickle": false,
        "saveTiming": false,
        "seeds": {
            "cell": 1,
            "conn": 1,
            "loc": 1,
            "stim": 1
        },
        "simLabel": "gen_8_cand_14",
        "tau1_exc": 8.835410614571819,
        "tau1_exc_std": 2.0412210983806762,
        "tau1_inh": 0.31064533769838,
        "tau1_inh_std": 3.3043358175804554,
        "tau2_exc": 7.80429315865552,
        "tau2_exc_std": 0.10953063831063403,
        "tau2_inh": 5.043387902444101,
        "tau2_inh_std": 0.16267125505144264,
        "timestampFilename": false,
        "timing": true,
        "tstop": 1000.0,
        "use_fast_imem": false,
        "validateNetParams": false,
        "verbose": false,
        "weightEE": 0.08836271699051257,
        "weightEE_std": 0.16485247483420812,
        "weightEI": 0.28279944369401666,
        "weightEI_std": 0.02331202363464518,
        "weightIE": 0.39726911674646337,
        "weightIE_std": 0.11866278450458187,
        "weightII": 0.30995299132129767,
        "weightII_std": 0.15925862979995814
    }
}