{
    "rate_fitness": 1000.0,
    "BurstVal_fitness": 1.6925212051254215,
    "IBI_fitness": 3.0288025914355163,
    "baselineFitness": 1000,
    "slopeFitness": 1.0003952935243883,
    "baseline_diff_fitness": 1000,
    "burst_peak_frequency": 106.34267539816564,
    "fitness": 444.5806277840359,
    "average_scaled_fitness": 444.0244324429372,
    "maxFitness": 1000
}