{
    "rate_fitness": 1000.0,
    "BurstVal_fitness": 7.946931241020113,
    "IBI_fitness": 2.7918905331053536,
    "baselineFitness": 1000,
    "slopeFitness": 1.0001353698511444,
    "baseline_diff_fitness": 1000,
    "burst_peak_frequency": 47.39827608789049,
    "fitness": 437.0196047474096,
    "average_scaled_fitness": 436.45598444498506,
    "maxFitness": 1000
}