{
    "rate_fitness": 1000.0,
    "BurstVal_fitness": 3.610386380572507,
    "IBI_fitness": 3.278370225029192,
    "baselineFitness": 1000,
    "slopeFitness": 1.000150914028379,
    "baseline_diff_fitness": 1000,
    "burst_peak_frequency": 972.5478462013725,
    "fitness": 568.6338219601432,
    "average_scaled_fitness": 568.2019587545159,
    "maxFitness": 1000
}