{
    "rate_fitness": 1000.0,
    "BurstVal_fitness": 1000.0,
    "IBI_fitness": 3.578701410101579,
    "baselineFitness": 2.634105182497668,
    "slopeFitness": 1.000087336541949,
    "baseline_diff_fitness": 1000,
    "burst_peak_frequency": 1000,
    "fitness": 572.4589848470202,
    "average_scaled_fitness": 572.030978448134,
    "maxFitness": 1000
}