{
    "rate_fitness": 1000.0,
    "BurstVal_fitness": 1000.0,
    "IBI_fitness": 2.676039422761088,
    "baselineFitness": 2.6406084492351765,
    "slopeFitness": 1.0000106420497195,
    "baseline_diff_fitness": 1000,
    "burst_peak_frequency": 30.126506697214268,
    "fitness": 433.77759503018007,
    "average_scaled_fitness": 433.21079979817944,
    "maxFitness": 1000
}