{
    "simConfig": {
        "E_L_mean": 18.8,
        "E_L_stdev": 5.676463387945814,
        "E_Ra_mean": 128.0,
        "E_Ra_stdev": 7.658781971627995,
        "E_diam_mean": 18.8,
        "E_diam_stdev": 3.7550143279368244,
        "I_L_mean": 9.0,
        "I_L_stdev": 1.2351892572762626,
        "I_Ra_mean": 110.0,
        "I_Ra_stdev": 1.6340510161220045,
        "I_diam_mean": 10.0,
        "I_diam_stdev": 0.00924736908175039,
        "addSynMechs": true,
        "allowConnsWithWeight0": true,
        "allowSelfConns": false,
        "analysis": {},
        "backupCfgFile": [],
        "cache_efficient": true,
        "checkErrors": false,
        "compactConnFormat": false,
        "connRandomSecFromList": true,
        "coreneuron": false,
        "createNEURONObj": true,
        "createPyStruct": true,
        "cvode_active": false,
        "cvode_atol": 0.001,
        "distributeSynsUniformly": true,
        "dt": 0.025,
        "dump_coreneuron_model": false,
        "duration": 1000.0,
        "duration_seconds": 330.0,
        "filename": "model_output",
        "gatherOnlySimData": false,
        "gkbar_E": 0.9083541866399647,
        "gkbar_E_std": 0.0659493038945057,
        "gkbar_I": 9.785224281084307,
        "gkbar_I_std": 0.5428976142906861,
        "gnabar_E": 1.0139953712920617,
        "gnabar_E_std": 0.35423777772119514,
        "gnabar_I": 0.3408291522898961,
        "gnabar_I_std": 0.18903614839546412,
        "gpu": false,
        "hParams": {
            "celsius": 6.3,
            "clamp_resist": 0.001,
            "v_init": -65.0
        },
        "includeParamsLabel": true,
        "invertedYCoord": true,
        "networkType": "22May24",
        "oneSynPerNetcon": true,
        "printPopAvgRates": [
            100,
            1000.0
        ],
        "printRunTime": false,
        "printSynsAfterRule": false,
        "probEE": 0.681708155756928,
        "probEE_std": 0.48483591155079026,
        "probEI": 0.9036676861999651,
        "probEI_std": 0.05686063482529091,
        "probIE": 0.1736955636059877,
        "probIE_std": 0.30075838447636855,
        "probII": 0.3355661126459008,
        "probII_std": 0.04379584706428924,
        "probLengthConst": 405.14601680681335,
        "propVelocity": 1.0,
        "pt3dRelativeToCellLocation": true,
        "rand123GlobalIndex": null,
        "random123": false,
        "recordCells": [
            [
                "E",
                [
                    68,
                    13
                ]
            ],
            [
                "I",
                [
                    4,
                    5
                ]
            ]
        ],
        "recordCellsSpikes": -1,
        "recordDipole": false,
        "recordDipolesHNN": false,
        "recordLFP": [],
        "recordStep": 0.1,
        "recordStim": false,
        "recordTime": true,
        "recordTraces": {
            "soma_voltage": {
                "loc": 0.5,
                "sec": "soma",
                "var": "v"
            }
        },
        "saveCSV": false,
        "saveCellConns": true,
        "saveCellSecs": true,
        "saveDat": false,
        "saveDataInclude": [
            "simData",
            "simConfig",
            "netParams",
            "net"
        ],
        "saveDipoleCells": false,
        "saveDipolePops": false,
        "saveDpk": false,
        "saveFolder": "/pscratch/sd/a/adammwea/2DNetworkSimulations/NERSC/output/240604_Run1_24n24hr/gen_2",
        "saveHDF5": false,
        "saveJson": true,
        "saveLFPCells": false,
        "saveLFPPops": false,
        "saveMat": false,
        "savePickle": false,
        "saveTiming": false,
        "seeds": {
            "cell": 1,
            "conn": 1,
            "loc": 1,
            "stim": 1
        },
        "simLabel": "gen_2_cand_301",
        "tau1_exc": 7.212450344966091,
        "tau1_exc_std": 2.6308068806201796,
        "tau1_inh": 9.825096149245116,
        "tau1_inh_std": 2.769932266667161,
        "tau2_exc": 0.0009357600733658599,
        "tau2_exc_std": 0.14465069054335755,
        "tau2_inh": 15.889066842418378,
        "tau2_inh_std": 4.885008950712763,
        "timestampFilename": false,
        "timing": true,
        "tstop": 1000.0,
        "use_fast_imem": false,
        "validateNetParams": false,
        "verbose": false,
        "weightEE": 0.7104487605076507,
        "weightEE_std": 0.002382623737411352,
        "weightEI": 0.3871318523863694,
        "weightEI_std": 0.01176628061758158,
        "weightIE": 0.9454856714203982,
        "weightIE_std": 0.26293726750805835,
        "weightII": 0.025022089944423592,
        "weightII_std": 0.17277534665239996
    }
}