{
    "simConfig": {
        "E_L_mean": 18.8,
        "E_L_stdev": 3.4053534915294197,
        "E_Ra_mean": 128.0,
        "E_Ra_stdev": 6.11908261189499,
        "E_diam_mean": 18.8,
        "E_diam_stdev": 5.63238210697033,
        "I_L_mean": 9.0,
        "I_L_stdev": 0.9398369041604524,
        "I_Ra_mean": 110.0,
        "I_Ra_stdev": 49.4874434495144,
        "I_diam_mean": 10.0,
        "I_diam_stdev": 3.1625730001104926,
        "addSynMechs": true,
        "allowConnsWithWeight0": true,
        "allowSelfConns": false,
        "analysis": {},
        "backupCfgFile": [],
        "cache_efficient": true,
        "checkErrors": false,
        "compactConnFormat": false,
        "connRandomSecFromList": true,
        "coreneuron": false,
        "createNEURONObj": true,
        "createPyStruct": true,
        "cvode_active": false,
        "cvode_atol": 0.001,
        "distributeSynsUniformly": true,
        "dt": 0.025,
        "dump_coreneuron_model": false,
        "duration": 1000.0,
        "duration_seconds": 330.0,
        "filename": "model_output",
        "gatherOnlySimData": false,
        "gkbar_E": 0.9025714208055677,
        "gkbar_E_std": 0.14527569704116597,
        "gkbar_I": 5.548256574846761,
        "gkbar_I_std": 0.36102452508717175,
        "gnabar_E": 2.258554242756466,
        "gnabar_E_std": 1.5824605532569969,
        "gnabar_I": 4.944902787558039,
        "gnabar_I_std": 0.9229151467813056,
        "gpu": false,
        "hParams": {
            "celsius": 6.3,
            "clamp_resist": 0.001,
            "v_init": -65.0
        },
        "includeParamsLabel": true,
        "invertedYCoord": true,
        "networkType": "22May24",
        "oneSynPerNetcon": true,
        "printPopAvgRates": [
            100,
            1000.0
        ],
        "printRunTime": false,
        "printSynsAfterRule": false,
        "probEE": 0.5593433316053391,
        "probEE_std": 0.02557687973985398,
        "probEI": 0.7932147994348246,
        "probEI_std": 0.007458131821153957,
        "probIE": 0.6515891429708661,
        "probIE_std": 0.010851934668580254,
        "probII": 0.2076969676651653,
        "probII_std": 0.1278960482101732,
        "probLengthConst": 509.24767290618036,
        "propVelocity": 1.0,
        "pt3dRelativeToCellLocation": true,
        "rand123GlobalIndex": null,
        "random123": false,
        "recordCells": [
            [
                "E",
                [
                    68,
                    13
                ]
            ],
            [
                "I",
                [
                    4,
                    5
                ]
            ]
        ],
        "recordCellsSpikes": -1,
        "recordDipole": false,
        "recordDipolesHNN": false,
        "recordLFP": [],
        "recordStep": 0.1,
        "recordStim": false,
        "recordTime": true,
        "recordTraces": {
            "soma_voltage": {
                "loc": 0.5,
                "sec": "soma",
                "var": "v"
            }
        },
        "saveCSV": false,
        "saveCellConns": true,
        "saveCellSecs": true,
        "saveDat": false,
        "saveDataInclude": [
            "simData",
            "simConfig",
            "netParams",
            "net"
        ],
        "saveDipoleCells": false,
        "saveDipolePops": false,
        "saveDpk": false,
        "saveFolder": "/pscratch/sd/a/adammwea/2DNetworkSimulations/NERSC/output/240604_Run1_24n24hr/gen_2",
        "saveHDF5": false,
        "saveJson": true,
        "saveLFPCells": false,
        "saveLFPPops": false,
        "saveMat": false,
        "savePickle": false,
        "saveTiming": false,
        "seeds": {
            "cell": 1,
            "conn": 1,
            "loc": 1,
            "stim": 1
        },
        "simLabel": "gen_2_cand_462",
        "tau1_exc": 5.785720608399798,
        "tau1_exc_std": 2.6813266370423285,
        "tau1_inh": 9.108106765544743,
        "tau1_inh_std": 2.3459822415687044,
        "tau2_exc": 0.9464008788791292,
        "tau2_exc_std": 7.309905670934176,
        "tau2_inh": 10.329691511903077,
        "tau2_inh_std": 0.7418331827965119,
        "timestampFilename": false,
        "timing": true,
        "tstop": 1000.0,
        "use_fast_imem": false,
        "validateNetParams": false,
        "verbose": false,
        "weightEE": 0.0023753892336945033,
        "weightEE_std": 0.46556497426667326,
        "weightEI": 1.9167488154471464,
        "weightEI_std": 0.14512542814182802,
        "weightIE": 0.2133484017132503,
        "weightIE_std": 0.018429381841729958,
        "weightII": 1.8639199944823543,
        "weightII_std": 0.24281600332322373
    }
}