{
    "simConfig": {
        "E_L_mean": 18.8,
        "E_L_stdev": 6.032358981905609,
        "E_Ra_mean": 128.0,
        "E_Ra_stdev": 16.34644103256887,
        "E_diam_mean": 18.8,
        "E_diam_stdev": 1.0875736287372393,
        "I_L_mean": 9.0,
        "I_L_stdev": 0.12046600043108935,
        "I_Ra_mean": 110.0,
        "I_Ra_stdev": 51.64942583266964,
        "I_diam_mean": 10.0,
        "I_diam_stdev": 3.1269883716550453,
        "addSynMechs": true,
        "allowConnsWithWeight0": true,
        "allowSelfConns": false,
        "analysis": {},
        "backupCfgFile": [],
        "cache_efficient": true,
        "checkErrors": false,
        "compactConnFormat": false,
        "connRandomSecFromList": true,
        "coreneuron": false,
        "createNEURONObj": true,
        "createPyStruct": true,
        "cvode_active": false,
        "cvode_atol": 0.001,
        "distributeSynsUniformly": true,
        "dt": 0.025,
        "dump_coreneuron_model": false,
        "duration": 1000.0,
        "duration_seconds": 330.0,
        "filename": "model_output",
        "gatherOnlySimData": false,
        "gkbar_E": 0.004283954841333934,
        "gkbar_E_std": 0.06103270181556399,
        "gkbar_I": 5.731937537308542,
        "gkbar_I_std": 2.2559487265179636,
        "gnabar_E": 5.550874129057317,
        "gnabar_E_std": 0.4506504511066366,
        "gnabar_I": 0.03371292975512885,
        "gnabar_I_std": 0.3508829266358806,
        "gpu": false,
        "hParams": {
            "celsius": 6.3,
            "clamp_resist": 0.001,
            "v_init": -65.0
        },
        "includeParamsLabel": true,
        "invertedYCoord": true,
        "networkType": "22May24",
        "oneSynPerNetcon": true,
        "printPopAvgRates": [
            100,
            1000.0
        ],
        "printRunTime": false,
        "printSynsAfterRule": false,
        "probEE": 0.6150633778087093,
        "probEE_std": 0.03189168464199299,
        "probEI": 0.48044538298939155,
        "probEI_std": 0.08995398840604617,
        "probIE": 0.05985531359577293,
        "probIE_std": 0.0029764376623949915,
        "probII": 0.3306337191709553,
        "probII_std": 0.27054414595130344,
        "probLengthConst": 111.43924675185326,
        "propVelocity": 1.0,
        "pt3dRelativeToCellLocation": true,
        "rand123GlobalIndex": null,
        "random123": false,
        "recordCells": [
            [
                "E",
                [
                    68,
                    13
                ]
            ],
            [
                "I",
                [
                    4,
                    5
                ]
            ]
        ],
        "recordCellsSpikes": -1,
        "recordDipole": false,
        "recordDipolesHNN": false,
        "recordLFP": [],
        "recordStep": 0.1,
        "recordStim": false,
        "recordTime": true,
        "recordTraces": {
            "soma_voltage": {
                "loc": 0.5,
                "sec": "soma",
                "var": "v"
            }
        },
        "saveCSV": false,
        "saveCellConns": true,
        "saveCellSecs": true,
        "saveDat": false,
        "saveDataInclude": [
            "simData",
            "simConfig",
            "netParams",
            "net"
        ],
        "saveDipoleCells": false,
        "saveDipolePops": false,
        "saveDpk": false,
        "saveFolder": "/pscratch/sd/a/adammwea/2DNetworkSimulations/NERSC/output/240604_Run1_24n24hr/gen_2",
        "saveHDF5": false,
        "saveJson": true,
        "saveLFPCells": false,
        "saveLFPPops": false,
        "saveMat": false,
        "savePickle": false,
        "saveTiming": false,
        "seeds": {
            "cell": 1,
            "conn": 1,
            "loc": 1,
            "stim": 1
        },
        "simLabel": "gen_2_cand_432",
        "tau1_exc": 5.035592787093616,
        "tau1_exc_std": 2.7245561376832885,
        "tau1_inh": 6.272789451408718,
        "tau1_inh_std": 1.0502372956605819,
        "tau2_exc": 9.295503307537771,
        "tau2_exc_std": 0.04095009000948498,
        "tau2_inh": 9.728897833989498,
        "tau2_inh_std": 0.965018472483929,
        "timestampFilename": false,
        "timing": true,
        "tstop": 1000.0,
        "use_fast_imem": false,
        "validateNetParams": false,
        "verbose": false,
        "weightEE": 1.0991208888014743,
        "weightEE_std": 0.1554397726941708,
        "weightEI": 0.14588685001281404,
        "weightEI_std": 0.1764780057995498,
        "weightIE": 0.24383890051744372,
        "weightIE_std": 0.31903469554966535,
        "weightII": 0.07007654679253436,
        "weightII_std": 0.1844373598263616
    }
}