{
    "simConfig": {
        "E_L_mean": 18.8,
        "E_L_stdev": 8.268797330063444,
        "E_Ra_mean": 128.0,
        "E_Ra_stdev": 8.34329742500343,
        "E_diam_mean": 18.8,
        "E_diam_stdev": 3.5266805608293383,
        "I_L_mean": 9.0,
        "I_L_stdev": 1.7941233778464396,
        "I_Ra_mean": 110.0,
        "I_Ra_stdev": 50.187513090305494,
        "I_diam_mean": 10.0,
        "I_diam_stdev": 2.6838411386207426,
        "addSynMechs": true,
        "allowConnsWithWeight0": true,
        "allowSelfConns": false,
        "analysis": {},
        "backupCfgFile": [],
        "cache_efficient": true,
        "checkErrors": false,
        "compactConnFormat": false,
        "connRandomSecFromList": true,
        "coreneuron": false,
        "createNEURONObj": true,
        "createPyStruct": true,
        "cvode_active": false,
        "cvode_atol": 0.001,
        "distributeSynsUniformly": true,
        "dt": 0.025,
        "dump_coreneuron_model": false,
        "duration": 1000.0,
        "duration_seconds": 330.0,
        "filename": "model_output",
        "gatherOnlySimData": false,
        "gkbar_E": 0.4543110685545771,
        "gkbar_E_std": 0.009290549546050887,
        "gkbar_I": 5.996964541964637,
        "gkbar_I_std": 2.013874576141711,
        "gnabar_E": 5.841909323221946,
        "gnabar_E_std": 0.8026486459464581,
        "gnabar_I": 0.1860319411172226,
        "gnabar_I_std": 0.9119017108545096,
        "gpu": false,
        "hParams": {
            "celsius": 6.3,
            "clamp_resist": 0.001,
            "v_init": -65.0
        },
        "includeParamsLabel": true,
        "invertedYCoord": true,
        "networkType": "22May24",
        "oneSynPerNetcon": true,
        "printPopAvgRates": [
            100,
            1000.0
        ],
        "printRunTime": false,
        "printSynsAfterRule": false,
        "probEE": 0.3126688576928303,
        "probEE_std": 0.4660916605908319,
        "probEI": 0.31512843950094244,
        "probEI_std": 0.4934052736343925,
        "probIE": 0.05071790811578131,
        "probIE_std": 0.39509860954284726,
        "probII": 0.5115686436206167,
        "probII_std": 0.002424026347170396,
        "probLengthConst": 400.1634905749743,
        "propVelocity": 1.0,
        "pt3dRelativeToCellLocation": true,
        "rand123GlobalIndex": null,
        "random123": false,
        "recordCells": [
            [
                "E",
                [
                    68,
                    13
                ]
            ],
            [
                "I",
                [
                    4,
                    5
                ]
            ]
        ],
        "recordCellsSpikes": -1,
        "recordDipole": false,
        "recordDipolesHNN": false,
        "recordLFP": [],
        "recordStep": 0.1,
        "recordStim": false,
        "recordTime": true,
        "recordTraces": {
            "soma_voltage": {
                "loc": 0.5,
                "sec": "soma",
                "var": "v"
            }
        },
        "saveCSV": false,
        "saveCellConns": true,
        "saveCellSecs": true,
        "saveDat": false,
        "saveDataInclude": [
            "simData",
            "simConfig",
            "netParams",
            "net"
        ],
        "saveDipoleCells": false,
        "saveDipolePops": false,
        "saveDpk": false,
        "saveFolder": "/pscratch/sd/a/adammwea/2DNetworkSimulations/NERSC/output/240604_Run1_24n24hr/gen_2",
        "saveHDF5": false,
        "saveJson": true,
        "saveLFPCells": false,
        "saveLFPPops": false,
        "saveMat": false,
        "savePickle": false,
        "saveTiming": false,
        "seeds": {
            "cell": 1,
            "conn": 1,
            "loc": 1,
            "stim": 1
        },
        "simLabel": "gen_2_cand_387",
        "tau1_exc": 0.13460160408977948,
        "tau1_exc_std": 0.2554168564521645,
        "tau1_inh": 1.1640554383934552,
        "tau1_inh_std": 1.1636101313606049,
        "tau2_exc": 5.859821014527168,
        "tau2_exc_std": 1.7115432885801023,
        "tau2_inh": 8.280677180351956,
        "tau2_inh_std": 0.08397256972586242,
        "timestampFilename": false,
        "timing": true,
        "tstop": 1000.0,
        "use_fast_imem": false,
        "validateNetParams": false,
        "verbose": false,
        "weightEE": 0.8776278655918817,
        "weightEE_std": 0.4636912998469678,
        "weightEI": 1.1452794841793636,
        "weightEI_std": 0.2852789916926624,
        "weightIE": 0.9926354966625903,
        "weightIE_std": 0.32938467391025517,
        "weightII": 1.1362006534988334,
        "weightII_std": 0.24055594416169232
    }
}