{
    "simConfig": {
        "E_L_mean": 18.8,
        "E_L_stdev": 3.9207727467232107,
        "E_Ra_mean": 128.0,
        "E_Ra_stdev": 1.0710318889682924,
        "E_diam_mean": 18.8,
        "E_diam_stdev": 2.9268075452737388,
        "I_L_mean": 9.0,
        "I_L_stdev": 2.750270162010398,
        "I_Ra_mean": 110.0,
        "I_Ra_stdev": 38.86561375785807,
        "I_diam_mean": 10.0,
        "I_diam_stdev": 1.1523903756532305,
        "addSynMechs": true,
        "allowConnsWithWeight0": true,
        "allowSelfConns": false,
        "analysis": {},
        "backupCfgFile": [],
        "cache_efficient": true,
        "checkErrors": false,
        "compactConnFormat": false,
        "connRandomSecFromList": true,
        "coreneuron": false,
        "createNEURONObj": true,
        "createPyStruct": true,
        "cvode_active": false,
        "cvode_atol": 0.001,
        "distributeSynsUniformly": true,
        "dt": 0.025,
        "dump_coreneuron_model": false,
        "duration": 1000.0,
        "duration_seconds": 300.0,
        "filename": "model_output",
        "gatherOnlySimData": false,
        "gkbar_E": 0.2385591204360745,
        "gkbar_E_std": 0.4704184536286853,
        "gkbar_I": 9.794244215963715,
        "gkbar_I_std": 2.3458867033681745,
        "gnabar_E": 6.632946924422913,
        "gnabar_E_std": 0.7532349127972451,
        "gnabar_I": 4.998235525817562,
        "gnabar_I_std": 0.005284672518682185,
        "gpu": false,
        "hParams": {
            "celsius": 6.3,
            "clamp_resist": 0.001,
            "v_init": -65.0
        },
        "includeParamsLabel": true,
        "invertedYCoord": true,
        "networkType": "22May24",
        "oneSynPerNetcon": true,
        "printPopAvgRates": [
            100,
            1000.0
        ],
        "printRunTime": false,
        "printSynsAfterRule": false,
        "probEE": 0.36822854393033067,
        "probEE_std": 0.13527956864299662,
        "probEI": 0.4952300772328245,
        "probEI_std": 0.0477642733465962,
        "probIE": 0.05636621840706185,
        "probIE_std": 0.0015372849078437382,
        "probII": 0.5022841097889317,
        "probII_std": 0.36407073840576865,
        "probLengthConst": 1881.0792031247781,
        "propVelocity": 1.0,
        "pt3dRelativeToCellLocation": true,
        "rand123GlobalIndex": null,
        "random123": false,
        "recordCells": [
            [
                "E",
                [
                    65,
                    58
                ]
            ],
            [
                "I",
                [
                    22,
                    34
                ]
            ]
        ],
        "recordCellsSpikes": -1,
        "recordDipole": false,
        "recordDipolesHNN": false,
        "recordLFP": [],
        "recordStep": 0.1,
        "recordStim": false,
        "recordTime": true,
        "recordTraces": {
            "soma_voltage": {
                "loc": 0.5,
                "sec": "soma",
                "var": "v"
            }
        },
        "saveCSV": false,
        "saveCellConns": true,
        "saveCellSecs": true,
        "saveDat": false,
        "saveDataInclude": [
            "simData",
            "simConfig",
            "netParams",
            "net"
        ],
        "saveDipoleCells": false,
        "saveDipolePops": false,
        "saveDpk": false,
        "saveFolder": "/pscratch/sd/a/adammwea/2DNetworkSimulations/NERSC/output/240530_Run1_8nodes/gen_10",
        "saveHDF5": false,
        "saveJson": true,
        "saveLFPCells": false,
        "saveLFPPops": false,
        "saveMat": false,
        "savePickle": false,
        "saveTiming": false,
        "seeds": {
            "cell": 1,
            "conn": 1,
            "loc": 1,
            "stim": 1
        },
        "simLabel": "gen_10_cand_13",
        "tau1_exc": 3.1933765160374845,
        "tau1_exc_std": 3.1643594759787548,
        "tau1_inh": 0.3297476322185151,
        "tau1_inh_std": 1.2570281628166566,
        "tau2_exc": 1.7367040127558226,
        "tau2_exc_std": 5.887202501436445,
        "tau2_inh": 2.544278573377632,
        "tau2_inh_std": 7.058690415753623,
        "timestampFilename": false,
        "timing": true,
        "tstop": 1000.0,
        "use_fast_imem": false,
        "validateNetParams": false,
        "verbose": false,
        "weightEE": 1.3811955086413805,
        "weightEE_std": 0.3268295448505642,
        "weightEI": 0.01155320790746409,
        "weightEI_std": 0.0888071405303412,
        "weightIE": 0.4220841115123738,
        "weightIE_std": 0.04216075401451222,
        "weightII": 1.99918762467068,
        "weightII_std": 0.24037973778506233
    }
}