{
    "simConfig": {
        "E_L_mean": 18.8,
        "E_L_stdev": 0.13975830547169282,
        "E_Ra_mean": 128.0,
        "E_Ra_stdev": 0.05331778240079233,
        "E_diam_mean": 18.8,
        "E_diam_stdev": 6.22769802830209,
        "I_L_mean": 9.0,
        "I_L_stdev": 0.8599419919317707,
        "I_Ra_mean": 110.0,
        "I_Ra_stdev": 54.83213794751696,
        "I_diam_mean": 10.0,
        "I_diam_stdev": 0.3470195413009629,
        "addSynMechs": true,
        "allowConnsWithWeight0": true,
        "allowSelfConns": false,
        "analysis": {},
        "backupCfgFile": [],
        "cache_efficient": true,
        "checkErrors": false,
        "compactConnFormat": false,
        "connRandomSecFromList": true,
        "coreneuron": false,
        "createNEURONObj": true,
        "createPyStruct": true,
        "cvode_active": false,
        "cvode_atol": 0.001,
        "distributeSynsUniformly": true,
        "dt": 0.025,
        "dump_coreneuron_model": false,
        "duration": 1000.0,
        "duration_seconds": 90.0,
        "filename": "model_output",
        "gatherOnlySimData": false,
        "gkbar_E": 0.2587467525559924,
        "gkbar_E_std": 0.009762782859979058,
        "gkbar_I": 0.7473248840669413,
        "gkbar_I_std": 2.4355188195578763,
        "gnabar_E": 3.5681162838712943,
        "gnabar_E_std": 1.4102756667150975,
        "gnabar_I": 3.545949321921732,
        "gnabar_I_std": 0.6249743019310817,
        "gpu": false,
        "hParams": {
            "celsius": 6.3,
            "clamp_resist": 0.001,
            "v_init": -65.0
        },
        "includeParamsLabel": true,
        "invertedYCoord": true,
        "networkType": "22May24",
        "oneSynPerNetcon": true,
        "printPopAvgRates": [
            100,
            1000.0
        ],
        "printRunTime": false,
        "printSynsAfterRule": false,
        "probEE": 0.7031153058448518,
        "probEE_std": 0.40311615313424476,
        "probEI": 0.9745121094283151,
        "probEI_std": 0.007538848685546257,
        "probIE": 0.6682008814978799,
        "probIE_std": 0.06524072408632697,
        "probII": 0.2827167052102874,
        "probII_std": 0.4988287605543505,
        "probLengthConst": 739.9165327765293,
        "propVelocity": 1.0,
        "pt3dRelativeToCellLocation": true,
        "rand123GlobalIndex": null,
        "random123": false,
        "recordCells": [
            [
                "E",
                [
                    74,
                    47
                ]
            ],
            [
                "I",
                [
                    38,
                    3
                ]
            ]
        ],
        "recordCellsSpikes": -1,
        "recordDipole": false,
        "recordDipolesHNN": false,
        "recordLFP": [],
        "recordStep": 0.1,
        "recordStim": false,
        "recordTime": true,
        "recordTraces": {
            "soma_voltage": {
                "loc": 0.5,
                "sec": "soma",
                "var": "v"
            }
        },
        "saveCSV": false,
        "saveCellConns": true,
        "saveCellSecs": true,
        "saveDat": false,
        "saveDataInclude": [
            "simData",
            "simConfig",
            "netParams",
            "net"
        ],
        "saveDipoleCells": false,
        "saveDipolePops": false,
        "saveDpk": false,
        "saveFolder": "/pscratch/sd/a/adammwea/2DNetworkSimulations/NERSC/output/240528_Run1_this_does_work/gen_11",
        "saveHDF5": false,
        "saveJson": true,
        "saveLFPCells": false,
        "saveLFPPops": false,
        "saveMat": false,
        "savePickle": false,
        "saveTiming": false,
        "seeds": {
            "cell": 1,
            "conn": 1,
            "loc": 1,
            "stim": 1
        },
        "simLabel": "gen_11_cand_55",
        "tau1_exc": 5.693473961107677,
        "tau1_exc_std": 1.2351397428101318,
        "tau1_inh": 2.025698876995888,
        "tau1_inh_std": 3.3219936853411207,
        "tau2_exc": 27.567857590591284,
        "tau2_exc_std": 8.877569795032796,
        "tau2_inh": 11.926988059118512,
        "tau2_inh_std": 9.755915099282003,
        "timestampFilename": false,
        "timing": true,
        "tstop": 1000.0,
        "use_fast_imem": false,
        "validateNetParams": false,
        "verbose": false,
        "weightEE": 0.007236872010452089,
        "weightEE_std": 0.13072263138699716,
        "weightEI": 1.9297752788231075,
        "weightEI_std": 0.30699196423010955,
        "weightIE": 0.9045765317608674,
        "weightIE_std": 0.3144581674446971,
        "weightII": 1.537408376401471,
        "weightII_std": 0.06983816611804555
    }
}