{
    "simConfig": {
        "E_L_mean": 18.8,
        "E_L_stdev": 1.069058849620907,
        "E_Ra_mean": 128.0,
        "E_Ra_stdev": 40.554274477817636,
        "E_diam_mean": 18.8,
        "E_diam_stdev": 6.265321915619851,
        "I_L_mean": 9.0,
        "I_L_stdev": 0.7503155063487976,
        "I_Ra_mean": 110.0,
        "I_Ra_stdev": 0.1253519745756065,
        "I_diam_mean": 10.0,
        "I_diam_stdev": 2.9534139241303246,
        "addSynMechs": true,
        "allowConnsWithWeight0": true,
        "allowSelfConns": false,
        "analysis": {},
        "backupCfgFile": [],
        "cache_efficient": true,
        "checkErrors": false,
        "compactConnFormat": false,
        "connRandomSecFromList": true,
        "coreneuron": false,
        "createNEURONObj": true,
        "createPyStruct": true,
        "cvode_active": false,
        "cvode_atol": 0.001,
        "distributeSynsUniformly": true,
        "dt": 0.025,
        "dump_coreneuron_model": false,
        "duration": 1000.0,
        "duration_seconds": 90.0,
        "filename": "model_output",
        "gatherOnlySimData": false,
        "gkbar_E": 0.978607082435057,
        "gkbar_E_std": 0.20037556869813106,
        "gkbar_I": 4.430797468662788,
        "gkbar_I_std": 1.4108707390469954,
        "gnabar_E": 2.102016099195211,
        "gnabar_E_std": 0.34127938291111115,
        "gnabar_I": 3.6054430879472132,
        "gnabar_I_std": 0.9536453551661933,
        "gpu": false,
        "hParams": {
            "celsius": 6.3,
            "clamp_resist": 0.001,
            "v_init": -65.0
        },
        "includeParamsLabel": true,
        "invertedYCoord": true,
        "networkType": "22May24",
        "oneSynPerNetcon": true,
        "printPopAvgRates": [
            100,
            1000.0
        ],
        "printRunTime": false,
        "printSynsAfterRule": false,
        "probEE": 0.49066032055061826,
        "probEE_std": 0.06455676828537948,
        "probEI": 0.5493510207147697,
        "probEI_std": 0.18377666956846703,
        "probIE": 0.6624494708582865,
        "probIE_std": 0.027051408616644696,
        "probII": 0.7011010308866626,
        "probII_std": 0.0035426827927923735,
        "probLengthConst": 809.7955888702992,
        "propVelocity": 1.0,
        "pt3dRelativeToCellLocation": true,
        "rand123GlobalIndex": null,
        "random123": false,
        "recordCells": [
            [
                "E",
                [
                    74,
                    47
                ]
            ],
            [
                "I",
                [
                    38,
                    3
                ]
            ]
        ],
        "recordCellsSpikes": -1,
        "recordDipole": false,
        "recordDipolesHNN": false,
        "recordLFP": [],
        "recordStep": 0.1,
        "recordStim": false,
        "recordTime": true,
        "recordTraces": {
            "soma_voltage": {
                "loc": 0.5,
                "sec": "soma",
                "var": "v"
            }
        },
        "saveCSV": false,
        "saveCellConns": true,
        "saveCellSecs": true,
        "saveDat": false,
        "saveDataInclude": [
            "simData",
            "simConfig",
            "netParams",
            "net"
        ],
        "saveDipoleCells": false,
        "saveDipolePops": false,
        "saveDpk": false,
        "saveFolder": "/pscratch/sd/a/adammwea/2DNetworkSimulations/NERSC/output/240528_Run1_this_does_work/gen_11",
        "saveHDF5": false,
        "saveJson": true,
        "saveLFPCells": false,
        "saveLFPPops": false,
        "saveMat": false,
        "savePickle": false,
        "saveTiming": false,
        "seeds": {
            "cell": 1,
            "conn": 1,
            "loc": 1,
            "stim": 1
        },
        "simLabel": "gen_11_cand_28",
        "tau1_exc": 0.10287145516344864,
        "tau1_exc_std": 2.2909997878206783,
        "tau1_inh": 9.11526788375822,
        "tau1_inh_std": 3.0649572257401037,
        "tau2_exc": 12.252489737012155,
        "tau2_exc_std": 0.7694039475002288,
        "tau2_inh": 18.16243380056075,
        "tau2_inh_std": 9.985501205652712,
        "timestampFilename": false,
        "timing": true,
        "tstop": 1000.0,
        "use_fast_imem": false,
        "validateNetParams": false,
        "verbose": false,
        "weightEE": 1.8891379035155915,
        "weightEE_std": 0.04239090813853985,
        "weightEI": 0.6782178596159212,
        "weightEI_std": 0.2625366910126163,
        "weightIE": 0.5460322280560975,
        "weightIE_std": 0.11660729423935447,
        "weightII": 0.043477211430282464,
        "weightII_std": 0.23943519913028832
    }
}