{
    "simConfig": {
        "E_L_mean": 18.8,
        "E_L_stdev": 8.75368323803865,
        "E_Ra_mean": 128.0,
        "E_Ra_stdev": 26.954252939591758,
        "E_diam_mean": 18.8,
        "E_diam_stdev": 3.0595337747129605,
        "I_L_mean": 9.0,
        "I_L_stdev": 2.736345576933438,
        "I_Ra_mean": 110.0,
        "I_Ra_stdev": 26.10247118211758,
        "I_diam_mean": 10.0,
        "I_diam_stdev": 2.3714464327038596,
        "addSynMechs": true,
        "allowConnsWithWeight0": true,
        "allowSelfConns": false,
        "analysis": {},
        "backupCfgFile": [],
        "cache_efficient": true,
        "checkErrors": false,
        "compactConnFormat": false,
        "connRandomSecFromList": true,
        "coreneuron": false,
        "createNEURONObj": true,
        "createPyStruct": true,
        "cvode_active": false,
        "cvode_atol": 0.001,
        "distributeSynsUniformly": true,
        "dt": 0.025,
        "dump_coreneuron_model": false,
        "duration": 1000.0,
        "duration_seconds": 330.0,
        "filename": "model_output",
        "gatherOnlySimData": false,
        "gkbar_E": 0.08570261802097084,
        "gkbar_E_std": 0.008370169513822872,
        "gkbar_I": 7.989886287713546,
        "gkbar_I_std": 0.12325833145050201,
        "gnabar_E": 3.9805487582209746,
        "gnabar_E_std": 1.6635105907482453,
        "gnabar_I": 4.883123696692222,
        "gnabar_I_std": 0.9938501112050988,
        "gpu": false,
        "hParams": {
            "celsius": 6.3,
            "clamp_resist": 0.001,
            "v_init": -65.0
        },
        "includeParamsLabel": true,
        "invertedYCoord": true,
        "networkType": "22May24",
        "oneSynPerNetcon": true,
        "printPopAvgRates": [
            100,
            1000.0
        ],
        "printRunTime": false,
        "printSynsAfterRule": false,
        "probEE": 0.6330576334196083,
        "probEE_std": 0.14521125687228548,
        "probEI": 0.4261994042243493,
        "probEI_std": 0.3052275758406941,
        "probIE": 0.6118957239890144,
        "probIE_std": 0.36398563933209593,
        "probII": 0.5679527304603398,
        "probII_std": 0.34882825072858925,
        "probLengthConst": 412.02129109027135,
        "propVelocity": 1.0,
        "pt3dRelativeToCellLocation": true,
        "rand123GlobalIndex": null,
        "random123": false,
        "recordCells": [
            [
                "E",
                [
                    68,
                    13
                ]
            ],
            [
                "I",
                [
                    4,
                    5
                ]
            ]
        ],
        "recordCellsSpikes": -1,
        "recordDipole": false,
        "recordDipolesHNN": false,
        "recordLFP": [],
        "recordStep": 0.1,
        "recordStim": false,
        "recordTime": true,
        "recordTraces": {
            "soma_voltage": {
                "loc": 0.5,
                "sec": "soma",
                "var": "v"
            }
        },
        "saveCSV": false,
        "saveCellConns": true,
        "saveCellSecs": true,
        "saveDat": false,
        "saveDataInclude": [
            "simData",
            "simConfig",
            "netParams",
            "net"
        ],
        "saveDipoleCells": false,
        "saveDipolePops": false,
        "saveDpk": false,
        "saveFolder": "/pscratch/sd/a/adammwea/2DNetworkSimulations/NERSC/output/240604_Run1_24n24hr/gen_1",
        "saveHDF5": false,
        "saveJson": true,
        "saveLFPCells": false,
        "saveLFPPops": false,
        "saveMat": false,
        "savePickle": false,
        "saveTiming": false,
        "seeds": {
            "cell": 1,
            "conn": 1,
            "loc": 1,
            "stim": 1
        },
        "simLabel": "gen_1_cand_311",
        "tau1_exc": 6.888018585899955,
        "tau1_exc_std": 1.337218717302216,
        "tau1_inh": 9.03842885646312,
        "tau1_inh_std": 3.011704526853003,
        "tau2_exc": 5.729972264195075,
        "tau2_exc_std": 8.522354312767135,
        "tau2_inh": 9.142459687754478,
        "tau2_inh_std": 2.8012801839652646,
        "timestampFilename": false,
        "timing": true,
        "tstop": 1000.0,
        "use_fast_imem": false,
        "validateNetParams": false,
        "verbose": false,
        "weightEE": 0.1829174083814984,
        "weightEE_std": 0.4658275426855916,
        "weightEI": 1.2306581938773915,
        "weightEI_std": 0.2112203487255192,
        "weightIE": 0.9180430761390265,
        "weightIE_std": 0.17592165341180388,
        "weightII": 1.255916880495678,
        "weightII_std": 0.040872384259430274
    }
}