{
    "simConfig": {
        "E_L_mean": 18.8,
        "E_L_stdev": 7.979915371722404,
        "E_Ra_mean": 128.0,
        "E_Ra_stdev": 57.49787359089486,
        "E_diam_mean": 18.8,
        "E_diam_stdev": 0.8430242025310901,
        "I_L_mean": 9.0,
        "I_L_stdev": 1.4288712102669512,
        "I_Ra_mean": 110.0,
        "I_Ra_stdev": 24.634880820214992,
        "I_diam_mean": 10.0,
        "I_diam_stdev": 3.279884261856026,
        "addSynMechs": true,
        "allowConnsWithWeight0": true,
        "allowSelfConns": false,
        "analysis": {},
        "backupCfgFile": [],
        "cache_efficient": true,
        "checkErrors": false,
        "compactConnFormat": false,
        "connRandomSecFromList": true,
        "coreneuron": false,
        "createNEURONObj": true,
        "createPyStruct": true,
        "cvode_active": false,
        "cvode_atol": 0.001,
        "distributeSynsUniformly": true,
        "dt": 0.025,
        "dump_coreneuron_model": false,
        "duration": 1000.0,
        "duration_seconds": 330.0,
        "filename": "model_output",
        "gatherOnlySimData": false,
        "gkbar_E": 0.8837581371659132,
        "gkbar_E_std": 0.4649380137146035,
        "gkbar_I": 9.5965340750637,
        "gkbar_I_std": 0.24784869405469745,
        "gnabar_E": 2.3956986713630606,
        "gnabar_E_std": 0.00908273173342045,
        "gnabar_I": 1.63240247856253,
        "gnabar_I_std": 0.9718130323119317,
        "gpu": false,
        "hParams": {
            "celsius": 6.3,
            "clamp_resist": 0.001,
            "v_init": -65.0
        },
        "includeParamsLabel": true,
        "invertedYCoord": true,
        "networkType": "22May24",
        "oneSynPerNetcon": true,
        "printPopAvgRates": [
            100,
            1000.0
        ],
        "printRunTime": false,
        "printSynsAfterRule": false,
        "probEE": 0.7005535776204812,
        "probEE_std": 0.1317190524510551,
        "probEI": 0.8931709006756741,
        "probEI_std": 0.08636515673700787,
        "probIE": 0.6782249057534484,
        "probIE_std": 0.3781215847737276,
        "probII": 0.47687075676292284,
        "probII_std": 0.4362288124146594,
        "probLengthConst": 372.96018653881697,
        "propVelocity": 1.0,
        "pt3dRelativeToCellLocation": true,
        "rand123GlobalIndex": null,
        "random123": false,
        "recordCells": [
            [
                "E",
                [
                    68,
                    13
                ]
            ],
            [
                "I",
                [
                    4,
                    5
                ]
            ]
        ],
        "recordCellsSpikes": -1,
        "recordDipole": false,
        "recordDipolesHNN": false,
        "recordLFP": [],
        "recordStep": 0.1,
        "recordStim": false,
        "recordTime": true,
        "recordTraces": {
            "soma_voltage": {
                "loc": 0.5,
                "sec": "soma",
                "var": "v"
            }
        },
        "saveCSV": false,
        "saveCellConns": true,
        "saveCellSecs": true,
        "saveDat": false,
        "saveDataInclude": [
            "simData",
            "simConfig",
            "netParams",
            "net"
        ],
        "saveDipoleCells": false,
        "saveDipolePops": false,
        "saveDpk": false,
        "saveFolder": "/pscratch/sd/a/adammwea/2DNetworkSimulations/NERSC/output/240604_Run1_24n24hr/gen_1",
        "saveHDF5": false,
        "saveJson": true,
        "saveLFPCells": false,
        "saveLFPPops": false,
        "saveMat": false,
        "savePickle": false,
        "saveTiming": false,
        "seeds": {
            "cell": 1,
            "conn": 1,
            "loc": 1,
            "stim": 1
        },
        "simLabel": "gen_1_cand_304",
        "tau1_exc": 6.760023303939779,
        "tau1_exc_std": 3.2854930514340936,
        "tau1_inh": 8.0083095633655,
        "tau1_inh_std": 1.6548795063001003,
        "tau2_exc": 1.8168981326233133,
        "tau2_exc_std": 2.276215367264646,
        "tau2_inh": 12.895034874704939,
        "tau2_inh_std": 6.242306266931887,
        "timestampFilename": false,
        "timing": true,
        "tstop": 1000.0,
        "use_fast_imem": false,
        "validateNetParams": false,
        "verbose": false,
        "weightEE": 0.1905985142699419,
        "weightEE_std": 0.4548690890498686,
        "weightEI": 0.7867718317215286,
        "weightEI_std": 0.16606670168002774,
        "weightIE": 0.8510963206180553,
        "weightIE_std": 0.1691707943228242,
        "weightII": 0.74426092249303,
        "weightII_std": 0.03788715102607236
    }
}