{
    "simConfig": {
        "E_L_mean": 18.8,
        "E_L_stdev": 8.37647315501929,
        "E_Ra_mean": 128.0,
        "E_Ra_stdev": 46.87051123476522,
        "E_diam_mean": 18.8,
        "E_diam_stdev": 0.9137626656512875,
        "I_L_mean": 9.0,
        "I_L_stdev": 0.8670823944282636,
        "I_Ra_mean": 110.0,
        "I_Ra_stdev": 52.28834101918268,
        "I_diam_mean": 10.0,
        "I_diam_stdev": 0.6159875946045167,
        "addSynMechs": true,
        "allowConnsWithWeight0": true,
        "allowSelfConns": false,
        "analysis": {},
        "backupCfgFile": [],
        "cache_efficient": true,
        "checkErrors": false,
        "compactConnFormat": false,
        "connRandomSecFromList": true,
        "coreneuron": false,
        "createNEURONObj": true,
        "createPyStruct": true,
        "cvode_active": false,
        "cvode_atol": 0.001,
        "distributeSynsUniformly": true,
        "dt": 0.025,
        "dump_coreneuron_model": false,
        "duration": 1000.0,
        "duration_seconds": 330.0,
        "filename": "model_output",
        "gatherOnlySimData": false,
        "gkbar_E": 0.4309913322620124,
        "gkbar_E_std": 0.49761774320071944,
        "gkbar_I": 5.392681245303076,
        "gkbar_I_std": 2.3361881653927092,
        "gnabar_E": 5.410924761641837,
        "gnabar_E_std": 0.829453947506396,
        "gnabar_I": 3.0018439713724065,
        "gnabar_I_std": 0.7084938657381944,
        "gpu": false,
        "hParams": {
            "celsius": 6.3,
            "clamp_resist": 0.001,
            "v_init": -65.0
        },
        "includeParamsLabel": true,
        "invertedYCoord": true,
        "networkType": "22May24",
        "oneSynPerNetcon": true,
        "printPopAvgRates": [
            100,
            1000.0
        ],
        "printRunTime": false,
        "printSynsAfterRule": false,
        "probEE": 0.04079297305400503,
        "probEE_std": 0.3196468435909922,
        "probEI": 0.5176345199607862,
        "probEI_std": 0.4853245682825622,
        "probIE": 0.14583095973528037,
        "probIE_std": 0.026440722104803485,
        "probII": 0.449587643020656,
        "probII_std": 0.30553750884302666,
        "probLengthConst": 1462.1716902554745,
        "propVelocity": 1.0,
        "pt3dRelativeToCellLocation": true,
        "rand123GlobalIndex": null,
        "random123": false,
        "recordCells": [
            [
                "E",
                [
                    68,
                    13
                ]
            ],
            [
                "I",
                [
                    4,
                    5
                ]
            ]
        ],
        "recordCellsSpikes": -1,
        "recordDipole": false,
        "recordDipolesHNN": false,
        "recordLFP": [],
        "recordStep": 0.1,
        "recordStim": false,
        "recordTime": true,
        "recordTraces": {
            "soma_voltage": {
                "loc": 0.5,
                "sec": "soma",
                "var": "v"
            }
        },
        "saveCSV": false,
        "saveCellConns": true,
        "saveCellSecs": true,
        "saveDat": false,
        "saveDataInclude": [
            "simData",
            "simConfig",
            "netParams",
            "net"
        ],
        "saveDipoleCells": false,
        "saveDipolePops": false,
        "saveDpk": false,
        "saveFolder": "/pscratch/sd/a/adammwea/2DNetworkSimulations/NERSC/output/240604_Run1_24n24hr/gen_1",
        "saveHDF5": false,
        "saveJson": true,
        "saveLFPCells": false,
        "saveLFPPops": false,
        "saveMat": false,
        "savePickle": false,
        "saveTiming": false,
        "seeds": {
            "cell": 1,
            "conn": 1,
            "loc": 1,
            "stim": 1
        },
        "simLabel": "gen_1_cand_325",
        "tau1_exc": 6.0982030170974175,
        "tau1_exc_std": 0.16837525366523165,
        "tau1_inh": 1.4629360895263157,
        "tau1_inh_std": 2.677639711615685,
        "tau2_exc": 19.553725699874004,
        "tau2_exc_std": 6.774610694751917,
        "tau2_inh": 5.4530594261775445,
        "tau2_inh_std": 1.0081888334837064,
        "timestampFilename": false,
        "timing": true,
        "tstop": 1000.0,
        "use_fast_imem": false,
        "validateNetParams": false,
        "verbose": false,
        "weightEE": 1.2391309220523032,
        "weightEE_std": 0.4979506542329971,
        "weightEI": 1.8921093147004968,
        "weightEI_std": 0.014764342681520649,
        "weightIE": 0.013803846928405077,
        "weightIE_std": 0.025063080438400692,
        "weightII": 0.1479504634407752,
        "weightII_std": 0.22404609753309263
    }
}