{
    "simConfig": {
        "E_L_mean": 18.8,
        "E_L_stdev": 4.204992101270175,
        "E_Ra_mean": 128.0,
        "E_Ra_stdev": 13.702771034934393,
        "E_diam_mean": 18.8,
        "E_diam_stdev": 0.547458593439162,
        "I_L_mean": 9.0,
        "I_L_stdev": 2.985742716048559,
        "I_Ra_mean": 110.0,
        "I_Ra_stdev": 28.59350232652073,
        "I_diam_mean": 10.0,
        "I_diam_stdev": 2.7541966365972455,
        "addSynMechs": true,
        "allowConnsWithWeight0": true,
        "allowSelfConns": false,
        "analysis": {},
        "backupCfgFile": [],
        "cache_efficient": true,
        "checkErrors": false,
        "compactConnFormat": false,
        "connRandomSecFromList": true,
        "coreneuron": false,
        "createNEURONObj": true,
        "createPyStruct": true,
        "cvode_active": false,
        "cvode_atol": 0.001,
        "distributeSynsUniformly": true,
        "dt": 0.025,
        "dump_coreneuron_model": false,
        "duration": 1000.0,
        "duration_seconds": 330.0,
        "filename": "model_output",
        "gatherOnlySimData": false,
        "gkbar_E": 0.5872777906757731,
        "gkbar_E_std": 0.053517675403983,
        "gkbar_I": 7.648936075233171,
        "gkbar_I_std": 0.8768410206564218,
        "gnabar_E": 6.935485207708913,
        "gnabar_E_std": 0.19027040555376265,
        "gnabar_I": 4.192370783395515,
        "gnabar_I_std": 0.558177402079135,
        "gpu": false,
        "hParams": {
            "celsius": 6.3,
            "clamp_resist": 0.001,
            "v_init": -65.0
        },
        "includeParamsLabel": true,
        "invertedYCoord": true,
        "networkType": "22May24",
        "oneSynPerNetcon": true,
        "printPopAvgRates": [
            100,
            1000.0
        ],
        "printRunTime": false,
        "printSynsAfterRule": false,
        "probEE": 0.5899716798641066,
        "probEE_std": 0.26195948014102904,
        "probEI": 0.33778772494420695,
        "probEI_std": 0.08258402583513959,
        "probIE": 0.37457422195218515,
        "probIE_std": 0.08957464964502372,
        "probII": 0.5069338595729341,
        "probII_std": 0.2959383111080404,
        "probLengthConst": 369.61267623534246,
        "propVelocity": 1.0,
        "pt3dRelativeToCellLocation": true,
        "rand123GlobalIndex": null,
        "random123": false,
        "recordCells": [
            [
                "E",
                [
                    68,
                    13
                ]
            ],
            [
                "I",
                [
                    4,
                    5
                ]
            ]
        ],
        "recordCellsSpikes": -1,
        "recordDipole": false,
        "recordDipolesHNN": false,
        "recordLFP": [],
        "recordStep": 0.1,
        "recordStim": false,
        "recordTime": true,
        "recordTraces": {
            "soma_voltage": {
                "loc": 0.5,
                "sec": "soma",
                "var": "v"
            }
        },
        "saveCSV": false,
        "saveCellConns": true,
        "saveCellSecs": true,
        "saveDat": false,
        "saveDataInclude": [
            "simData",
            "simConfig",
            "netParams",
            "net"
        ],
        "saveDipoleCells": false,
        "saveDipolePops": false,
        "saveDpk": false,
        "saveFolder": "/pscratch/sd/a/adammwea/2DNetworkSimulations/NERSC/output/240604_Run1_24n24hr/gen_1",
        "saveHDF5": false,
        "saveJson": true,
        "saveLFPCells": false,
        "saveLFPPops": false,
        "saveMat": false,
        "savePickle": false,
        "saveTiming": false,
        "seeds": {
            "cell": 1,
            "conn": 1,
            "loc": 1,
            "stim": 1
        },
        "simLabel": "gen_1_cand_197",
        "tau1_exc": 2.868210921469071,
        "tau1_exc_std": 1.7130910848799492,
        "tau1_inh": 9.320570538870752,
        "tau1_inh_std": 0.27167767269843185,
        "tau2_exc": 1.832908781173714,
        "tau2_exc_std": 2.032759161149907,
        "tau2_inh": 12.218160588664002,
        "tau2_inh_std": 4.6053543672038515,
        "timestampFilename": false,
        "timing": true,
        "tstop": 1000.0,
        "use_fast_imem": false,
        "validateNetParams": false,
        "verbose": false,
        "weightEE": 1.63974658761182,
        "weightEE_std": 0.10578996564880547,
        "weightEI": 0.16340536368040953,
        "weightEI_std": 0.0017399890926296513,
        "weightIE": 0.1630383960919879,
        "weightIE_std": 0.01599179944606576,
        "weightII": 0.9079613691777634,
        "weightII_std": 0.24950605302594617
    }
}