{
    "simConfig": {
        "E_L_mean": 18.8,
        "E_L_stdev": 6.936545874981169,
        "E_Ra_mean": 128.0,
        "E_Ra_stdev": 7.508007955411642,
        "E_diam_mean": 18.8,
        "E_diam_stdev": 0.2250522381684501,
        "I_L_mean": 9.0,
        "I_L_stdev": 0.06905680763858774,
        "I_Ra_mean": 110.0,
        "I_Ra_stdev": 4.899907424794987,
        "I_diam_mean": 10.0,
        "I_diam_stdev": 3.1619333508227383,
        "addSynMechs": true,
        "allowConnsWithWeight0": true,
        "allowSelfConns": false,
        "analysis": {},
        "backupCfgFile": [],
        "cache_efficient": true,
        "checkErrors": false,
        "compactConnFormat": false,
        "connRandomSecFromList": true,
        "coreneuron": false,
        "createNEURONObj": true,
        "createPyStruct": true,
        "cvode_active": false,
        "cvode_atol": 0.001,
        "distributeSynsUniformly": true,
        "dt": 0.025,
        "dump_coreneuron_model": false,
        "duration": 1000.0,
        "duration_seconds": 330.0,
        "filename": "model_output",
        "gatherOnlySimData": false,
        "gkbar_E": 0.7183907646351224,
        "gkbar_E_std": 0.3249740636947449,
        "gkbar_I": 2.5693424055011578,
        "gkbar_I_std": 0.10965756404780935,
        "gnabar_E": 6.994601692606975,
        "gnabar_E_std": 1.6261012718733352,
        "gnabar_I": 1.1193879530595932,
        "gnabar_I_std": 0.3655218340320897,
        "gpu": false,
        "hParams": {
            "celsius": 6.3,
            "clamp_resist": 0.001,
            "v_init": -65.0
        },
        "includeParamsLabel": true,
        "invertedYCoord": true,
        "networkType": "22May24",
        "oneSynPerNetcon": true,
        "printPopAvgRates": [
            100,
            1000.0
        ],
        "printRunTime": false,
        "printSynsAfterRule": false,
        "probEE": 0.08279808732528615,
        "probEE_std": 0.4998430444261688,
        "probEI": 0.4807909381357653,
        "probEI_std": 0.49710365272870055,
        "probIE": 0.17193861722220277,
        "probIE_std": 0.02059354377903688,
        "probII": 0.3115755543671505,
        "probII_std": 0.4902343594553319,
        "probLengthConst": 2056.4820768188247,
        "propVelocity": 1.0,
        "pt3dRelativeToCellLocation": true,
        "rand123GlobalIndex": null,
        "random123": false,
        "recordCells": [
            [
                "E",
                [
                    68,
                    13
                ]
            ],
            [
                "I",
                [
                    4,
                    5
                ]
            ]
        ],
        "recordCellsSpikes": -1,
        "recordDipole": false,
        "recordDipolesHNN": false,
        "recordLFP": [],
        "recordStep": 0.1,
        "recordStim": false,
        "recordTime": true,
        "recordTraces": {
            "soma_voltage": {
                "loc": 0.5,
                "sec": "soma",
                "var": "v"
            }
        },
        "saveCSV": false,
        "saveCellConns": true,
        "saveCellSecs": true,
        "saveDat": false,
        "saveDataInclude": [
            "simData",
            "simConfig",
            "netParams",
            "net"
        ],
        "saveDipoleCells": false,
        "saveDipolePops": false,
        "saveDpk": false,
        "saveFolder": "/pscratch/sd/a/adammwea/2DNetworkSimulations/NERSC/output/240604_Run1_24n24hr/gen_1",
        "saveHDF5": false,
        "saveJson": true,
        "saveLFPCells": false,
        "saveLFPPops": false,
        "saveMat": false,
        "savePickle": false,
        "saveTiming": false,
        "seeds": {
            "cell": 1,
            "conn": 1,
            "loc": 1,
            "stim": 1
        },
        "simLabel": "gen_1_cand_123",
        "tau1_exc": 1.0698152994960721,
        "tau1_exc_std": 2.993369404792415,
        "tau1_inh": 9.148997540500385,
        "tau1_inh_std": 0.07911915155619643,
        "tau2_exc": 15.93662443635187,
        "tau2_exc_std": 4.815793569450624,
        "tau2_inh": 3.465876065415477,
        "tau2_inh_std": 3.7315368894485372,
        "timestampFilename": false,
        "timing": true,
        "tstop": 1000.0,
        "use_fast_imem": false,
        "validateNetParams": false,
        "verbose": false,
        "weightEE": 0.725979327333732,
        "weightEE_std": 0.21582608008857362,
        "weightEI": 1.881991508598164,
        "weightEI_std": 0.021643360614668473,
        "weightIE": 0.7863162313896829,
        "weightIE_std": 0.28525419152070425,
        "weightII": 1.7802470374759296,
        "weightII_std": 0.05443557793833946
    }
}