{
    "simConfig": {
        "E_L_mean": 18.8,
        "E_L_stdev": 0.884804206444683,
        "E_Ra_mean": 128.0,
        "E_Ra_stdev": 61.5602452101178,
        "E_diam_mean": 18.8,
        "E_diam_stdev": 2.009447833887442,
        "I_L_mean": 9.0,
        "I_L_stdev": 0.40116522277981403,
        "I_Ra_mean": 110.0,
        "I_Ra_stdev": 52.401928362535536,
        "I_diam_mean": 10.0,
        "I_diam_stdev": 0.9800177268674066,
        "addSynMechs": true,
        "allowConnsWithWeight0": true,
        "allowSelfConns": false,
        "analysis": {},
        "backupCfgFile": [],
        "cache_efficient": true,
        "checkErrors": false,
        "compactConnFormat": false,
        "connRandomSecFromList": true,
        "coreneuron": false,
        "createNEURONObj": true,
        "createPyStruct": true,
        "cvode_active": false,
        "cvode_atol": 0.001,
        "distributeSynsUniformly": true,
        "dt": 0.025,
        "dump_coreneuron_model": false,
        "duration": 1000.0,
        "duration_seconds": 330.0,
        "filename": "model_output",
        "gatherOnlySimData": false,
        "gkbar_E": 0.01780605263858126,
        "gkbar_E_std": 0.05726378821920815,
        "gkbar_I": 1.0478871647742478,
        "gkbar_I_std": 1.1878741125045735,
        "gnabar_E": 0.9839939439896352,
        "gnabar_E_std": 0.7767228609032099,
        "gnabar_I": 3.007212649617305,
        "gnabar_I_std": 0.34164878692200784,
        "gpu": false,
        "hParams": {
            "celsius": 6.3,
            "clamp_resist": 0.001,
            "v_init": -65.0
        },
        "includeParamsLabel": true,
        "invertedYCoord": true,
        "networkType": "22May24",
        "oneSynPerNetcon": true,
        "printPopAvgRates": [
            100,
            1000.0
        ],
        "printRunTime": false,
        "printSynsAfterRule": false,
        "probEE": 0.7174987138375082,
        "probEE_std": 0.4247355014064256,
        "probEI": 0.7655763259455715,
        "probEI_std": 0.13010968919398977,
        "probIE": 0.6261130075427247,
        "probIE_std": 0.1267255043423744,
        "probII": 0.28227026877250083,
        "probII_std": 0.1501996319265564,
        "probLengthConst": 2091.2881960105647,
        "propVelocity": 1.0,
        "pt3dRelativeToCellLocation": true,
        "rand123GlobalIndex": null,
        "random123": false,
        "recordCells": [
            [
                "E",
                [
                    68,
                    13
                ]
            ],
            [
                "I",
                [
                    4,
                    5
                ]
            ]
        ],
        "recordCellsSpikes": -1,
        "recordDipole": false,
        "recordDipolesHNN": false,
        "recordLFP": [],
        "recordStep": 0.1,
        "recordStim": false,
        "recordTime": true,
        "recordTraces": {
            "soma_voltage": {
                "loc": 0.5,
                "sec": "soma",
                "var": "v"
            }
        },
        "saveCSV": false,
        "saveCellConns": true,
        "saveCellSecs": true,
        "saveDat": false,
        "saveDataInclude": [
            "simData",
            "simConfig",
            "netParams",
            "net"
        ],
        "saveDipoleCells": false,
        "saveDipolePops": false,
        "saveDpk": false,
        "saveFolder": "/pscratch/sd/a/adammwea/2DNetworkSimulations/NERSC/output/240604_Run1_24n24hr/gen_1",
        "saveHDF5": false,
        "saveJson": true,
        "saveLFPCells": false,
        "saveLFPPops": false,
        "saveMat": false,
        "savePickle": false,
        "saveTiming": false,
        "seeds": {
            "cell": 1,
            "conn": 1,
            "loc": 1,
            "stim": 1
        },
        "simLabel": "gen_1_cand_112",
        "tau1_exc": 2.0894977115546673,
        "tau1_exc_std": 2.9324051471421932,
        "tau1_inh": 5.794675181243164,
        "tau1_inh_std": 2.8512980873818687,
        "tau2_exc": 10.357211920768648,
        "tau2_exc_std": 1.8441165839373637,
        "tau2_inh": 18.59114883054437,
        "tau2_inh_std": 6.157272583669957,
        "timestampFilename": false,
        "timing": true,
        "tstop": 1000.0,
        "use_fast_imem": false,
        "validateNetParams": false,
        "verbose": false,
        "weightEE": 0.12631209474919525,
        "weightEE_std": 0.028891503221255416,
        "weightEI": 1.6993207795117125,
        "weightEI_std": 0.006097462836341855,
        "weightIE": 0.03651862963590355,
        "weightIE_std": 0.17245286556230666,
        "weightII": 0.6620352987447793,
        "weightII_std": 0.007407601462062923
    }
}