{
    "simConfig": {
        "E_L_mean": 18.8,
        "E_L_stdev": 9.309971302798937,
        "E_Ra_mean": 128.0,
        "E_Ra_stdev": 59.961094020596114,
        "E_diam_mean": 18.8,
        "E_diam_stdev": 5.8397168929281795,
        "I_L_mean": 9.0,
        "I_L_stdev": 0.06435807464031784,
        "I_Ra_mean": 110.0,
        "I_Ra_stdev": 39.551341456367666,
        "I_diam_mean": 10.0,
        "I_diam_stdev": 0.6397346321472918,
        "addSynMechs": true,
        "allowConnsWithWeight0": true,
        "allowSelfConns": false,
        "analysis": {},
        "backupCfgFile": [],
        "cache_efficient": true,
        "checkErrors": false,
        "compactConnFormat": false,
        "connRandomSecFromList": true,
        "coreneuron": false,
        "createNEURONObj": true,
        "createPyStruct": true,
        "cvode_active": false,
        "cvode_atol": 0.001,
        "distributeSynsUniformly": true,
        "dt": 0.025,
        "dump_coreneuron_model": false,
        "duration": 1000.0,
        "duration_seconds": 330.0,
        "filename": "model_output",
        "gatherOnlySimData": false,
        "gkbar_E": 0.023229893048601763,
        "gkbar_E_std": 0.4999242168635563,
        "gkbar_I": 3.318058156506297,
        "gkbar_I_std": 2.0253621502893795,
        "gnabar_E": 5.857391739568376,
        "gnabar_E_std": 1.6586708127596774,
        "gnabar_I": 3.7687271801906164,
        "gnabar_I_std": 0.9381214202898249,
        "gpu": false,
        "hParams": {
            "celsius": 6.3,
            "clamp_resist": 0.001,
            "v_init": -65.0
        },
        "includeParamsLabel": true,
        "invertedYCoord": true,
        "networkType": "22May24",
        "oneSynPerNetcon": true,
        "printPopAvgRates": [
            100,
            1000.0
        ],
        "printRunTime": false,
        "printSynsAfterRule": false,
        "probEE": 0.4859082705823461,
        "probEE_std": 0.07270617752625924,
        "probEI": 0.3801733532368975,
        "probEI_std": 0.026006348880695668,
        "probIE": 0.7331016902091501,
        "probIE_std": 0.361393564314233,
        "probII": 0.00080945513630498,
        "probII_std": 0.0003808273826867714,
        "probLengthConst": 180.70004073304017,
        "propVelocity": 1.0,
        "pt3dRelativeToCellLocation": true,
        "rand123GlobalIndex": null,
        "random123": false,
        "recordCells": [
            [
                "E",
                [
                    68,
                    13
                ]
            ],
            [
                "I",
                [
                    4,
                    5
                ]
            ]
        ],
        "recordCellsSpikes": -1,
        "recordDipole": false,
        "recordDipolesHNN": false,
        "recordLFP": [],
        "recordStep": 0.1,
        "recordStim": false,
        "recordTime": true,
        "recordTraces": {
            "soma_voltage": {
                "loc": 0.5,
                "sec": "soma",
                "var": "v"
            }
        },
        "saveCSV": false,
        "saveCellConns": true,
        "saveCellSecs": true,
        "saveDat": false,
        "saveDataInclude": [
            "simData",
            "simConfig",
            "netParams",
            "net"
        ],
        "saveDipoleCells": false,
        "saveDipolePops": false,
        "saveDpk": false,
        "saveFolder": "/pscratch/sd/a/adammwea/2DNetworkSimulations/NERSC/output/240604_Run1_24n24hr/gen_1",
        "saveHDF5": false,
        "saveJson": true,
        "saveLFPCells": false,
        "saveLFPPops": false,
        "saveMat": false,
        "savePickle": false,
        "saveTiming": false,
        "seeds": {
            "cell": 1,
            "conn": 1,
            "loc": 1,
            "stim": 1
        },
        "simLabel": "gen_1_cand_101",
        "tau1_exc": 6.434682580082274,
        "tau1_exc_std": 2.9213504853191665,
        "tau1_inh": 7.639707633186533,
        "tau1_inh_std": 1.9884100129058473,
        "tau2_exc": 6.5965145372828005,
        "tau2_exc_std": 0.12908066046592026,
        "tau2_inh": 16.224033774778217,
        "tau2_inh_std": 9.830559280499486,
        "timestampFilename": false,
        "timing": true,
        "tstop": 1000.0,
        "use_fast_imem": false,
        "validateNetParams": false,
        "verbose": false,
        "weightEE": 0.20351460724515535,
        "weightEE_std": 0.3380964740285061,
        "weightEI": 1.0413695141405759,
        "weightEI_std": 0.26198467265882014,
        "weightIE": 0.7612856296084642,
        "weightIE_std": 0.2721631626799677,
        "weightII": 1.8895720297841172,
        "weightII_std": 0.09908882887015967
    }
}