{"rate_fitness": 1000.0, "BurstVal_fitness": 10.61764108416809, "IBI_fitness": 1000, "baselineFitness": 1000, "slopeFitness": 1.0944090246334155, "baseline_diff_fitness": 1000, "burst_peak_frequency": 1000, "fitness": 715.9588643012573, "average_scaled_fitness": 715.6476665413446, "maxFitness": 1000}