{
    "rate_fitness": 1000.0,
    "BurstVal_fitness": 3.5062663428309704,
    "IBI_fitness": 1000,
    "baselineFitness": 1.6717288893172189,
    "slopeFitness": 1.0135748474235402,
    "baseline_diff_fitness": 1000,
    "burst_peak_frequency": 106.34267539816564,
    "fitness": 444.64774935396247,
    "average_scaled_fitness": 444.0842871701507,
    "maxFitness": 1000
}