{
    "simConfig": {
        "E_L_mean": 18.8,
        "E_L_stdev": 1.2899278537402137,
        "E_Ra_mean": 128.0,
        "E_Ra_stdev": 26.609286327176598,
        "E_diam_mean": 18.8,
        "E_diam_stdev": 2.320264887119245,
        "I_L_mean": 9.0,
        "I_L_stdev": 0.9234240419073565,
        "I_Ra_mean": 110.0,
        "I_Ra_stdev": 33.8117941145482,
        "I_diam_mean": 10.0,
        "I_diam_stdev": 3.312596276677328,
        "addSynMechs": true,
        "allowConnsWithWeight0": true,
        "allowSelfConns": false,
        "analysis": {},
        "backupCfgFile": [],
        "cache_efficient": true,
        "checkErrors": false,
        "compactConnFormat": false,
        "connRandomSecFromList": true,
        "coreneuron": false,
        "createNEURONObj": true,
        "createPyStruct": true,
        "cvode_active": false,
        "cvode_atol": 0.001,
        "distributeSynsUniformly": true,
        "dt": 0.025,
        "dump_coreneuron_model": false,
        "duration": 1000.0,
        "duration_seconds": 90.0,
        "filename": "model_output",
        "gatherOnlySimData": false,
        "gkbar_E": 0.7036119815216646,
        "gkbar_E_std": 0.09501921553766784,
        "gkbar_I": 7.745619089483863,
        "gkbar_I_std": 1.2931583465859757,
        "gnabar_E": 1.464131515482121,
        "gnabar_E_std": 0.6611976398931495,
        "gnabar_I": 0.19871937977376358,
        "gnabar_I_std": 0.9687373927986902,
        "gpu": false,
        "hParams": {
            "celsius": 6.3,
            "clamp_resist": 0.001,
            "v_init": -65.0
        },
        "includeParamsLabel": true,
        "invertedYCoord": true,
        "networkType": "22May24",
        "oneSynPerNetcon": true,
        "printPopAvgRates": [
            100,
            1000.0
        ],
        "printRunTime": false,
        "printSynsAfterRule": false,
        "probEE": 0.2580373844598436,
        "probEE_std": 0.4977968835652354,
        "probEI": 0.9998176284196427,
        "probEI_std": 0.18245189659656014,
        "probIE": 0.6979793122352664,
        "probIE_std": 0.49215632513075264,
        "probII": 0.7253439086519432,
        "probII_std": 0.30901280473165066,
        "probLengthConst": 802.7818194512081,
        "propVelocity": 1.0,
        "pt3dRelativeToCellLocation": true,
        "rand123GlobalIndex": null,
        "random123": false,
        "recordCells": [
            [
                "E",
                [
                    74,
                    47
                ]
            ],
            [
                "I",
                [
                    38,
                    3
                ]
            ]
        ],
        "recordCellsSpikes": -1,
        "recordDipole": false,
        "recordDipolesHNN": false,
        "recordLFP": [],
        "recordStep": 0.1,
        "recordStim": false,
        "recordTime": true,
        "recordTraces": {
            "soma_voltage": {
                "loc": 0.5,
                "sec": "soma",
                "var": "v"
            }
        },
        "saveCSV": false,
        "saveCellConns": true,
        "saveCellSecs": true,
        "saveDat": false,
        "saveDataInclude": [
            "simData",
            "simConfig",
            "netParams",
            "net"
        ],
        "saveDipoleCells": false,
        "saveDipolePops": false,
        "saveDpk": false,
        "saveFolder": "/pscratch/sd/a/adammwea/2DNetworkSimulations/NERSC/output/240528_Run1_this_does_work/gen_12",
        "saveHDF5": false,
        "saveJson": true,
        "saveLFPCells": false,
        "saveLFPPops": false,
        "saveMat": false,
        "savePickle": false,
        "saveTiming": false,
        "seeds": {
            "cell": 1,
            "conn": 1,
            "loc": 1,
            "stim": 1
        },
        "simLabel": "gen_12_cand_34",
        "tau1_exc": 3.857226390977949,
        "tau1_exc_std": 3.144207768521103,
        "tau1_inh": 9.985660628762062,
        "tau1_inh_std": 0.9159992655436765,
        "tau2_exc": 0.9635257059488236,
        "tau2_exc_std": 1.1191015041994676,
        "tau2_inh": 17.522957956771297,
        "tau2_inh_std": 2.654435598295099,
        "timestampFilename": false,
        "timing": true,
        "tstop": 1000.0,
        "use_fast_imem": false,
        "validateNetParams": false,
        "verbose": false,
        "weightEE": 1.985873422534558,
        "weightEE_std": 0.1645515509986113,
        "weightEI": 1.6249310834677526,
        "weightEI_std": 0.06072196307694244,
        "weightIE": 0.6669285476817056,
        "weightIE_std": 0.33060846927009774,
        "weightII": 1.845259665962177,
        "weightII_std": 0.021687084947057053
    }
}