{
    "simConfig": {
        "E_L_mean": 18.8,
        "E_L_stdev": 7.232723191593452,
        "E_Ra_mean": 128.0,
        "E_Ra_stdev": 3.9433932955845736,
        "E_diam_mean": 18.8,
        "E_diam_stdev": 0.5273047596625462,
        "I_L_mean": 9.0,
        "I_L_stdev": 2.9666056319313574,
        "I_Ra_mean": 110.0,
        "I_Ra_stdev": 13.16015591093954,
        "I_diam_mean": 10.0,
        "I_diam_stdev": 0.48349525496216383,
        "addSynMechs": true,
        "allowConnsWithWeight0": true,
        "allowSelfConns": false,
        "analysis": {},
        "backupCfgFile": [],
        "cache_efficient": true,
        "checkErrors": false,
        "compactConnFormat": false,
        "connRandomSecFromList": true,
        "coreneuron": false,
        "createNEURONObj": true,
        "createPyStruct": true,
        "cvode_active": false,
        "cvode_atol": 0.001,
        "distributeSynsUniformly": true,
        "dt": 0.025,
        "dump_coreneuron_model": false,
        "duration": 1000.0,
        "duration_seconds": 90.0,
        "filename": "model_output",
        "gatherOnlySimData": false,
        "gkbar_E": 0.9777629220872184,
        "gkbar_E_std": 0.006217500721118915,
        "gkbar_I": 2.6156745519955265,
        "gkbar_I_std": 1.8569665895630043,
        "gnabar_E": 1.4139503444775205,
        "gnabar_E_std": 0.6102648591117307,
        "gnabar_I": 0.6762466072371183,
        "gnabar_I_std": 0.3264409687021995,
        "gpu": false,
        "hParams": {
            "celsius": 6.3,
            "clamp_resist": 0.001,
            "v_init": -65.0
        },
        "includeParamsLabel": true,
        "invertedYCoord": true,
        "networkType": "22May24",
        "oneSynPerNetcon": true,
        "printPopAvgRates": [
            100,
            1000.0
        ],
        "printRunTime": false,
        "printSynsAfterRule": false,
        "probEE": 0.30571042201954035,
        "probEE_std": 0.04867430742932222,
        "probEI": 0.6151986481532121,
        "probEI_std": 0.19939383902224073,
        "probIE": 0.11894321819563493,
        "probIE_std": 0.29044945462667154,
        "probII": 0.1469742234279892,
        "probII_std": 0.3549203852715045,
        "probLengthConst": 950.2563679265304,
        "propVelocity": 1.0,
        "pt3dRelativeToCellLocation": true,
        "rand123GlobalIndex": null,
        "random123": false,
        "recordCells": [
            [
                "E",
                [
                    74,
                    47
                ]
            ],
            [
                "I",
                [
                    38,
                    3
                ]
            ]
        ],
        "recordCellsSpikes": -1,
        "recordDipole": false,
        "recordDipolesHNN": false,
        "recordLFP": [],
        "recordStep": 0.1,
        "recordStim": false,
        "recordTime": true,
        "recordTraces": {
            "soma_voltage": {
                "loc": 0.5,
                "sec": "soma",
                "var": "v"
            }
        },
        "saveCSV": false,
        "saveCellConns": true,
        "saveCellSecs": true,
        "saveDat": false,
        "saveDataInclude": [
            "simData",
            "simConfig",
            "netParams",
            "net"
        ],
        "saveDipoleCells": false,
        "saveDipolePops": false,
        "saveDpk": false,
        "saveFolder": "/pscratch/sd/a/adammwea/2DNetworkSimulations/NERSC/output/240528_Run1_this_does_work/gen_12",
        "saveHDF5": false,
        "saveJson": true,
        "saveLFPCells": false,
        "saveLFPPops": false,
        "saveMat": false,
        "savePickle": false,
        "saveTiming": false,
        "seeds": {
            "cell": 1,
            "conn": 1,
            "loc": 1,
            "stim": 1
        },
        "simLabel": "gen_12_cand_9",
        "tau1_exc": 7.337517433565182,
        "tau1_exc_std": 0.9862371525197584,
        "tau1_inh": 0.6619710902676852,
        "tau1_inh_std": 0.0033341532929811717,
        "tau2_exc": 10.747158519217528,
        "tau2_exc_std": 6.071639011285219,
        "tau2_inh": 0.04567458175088025,
        "tau2_inh_std": 5.794969432410696,
        "timestampFilename": false,
        "timing": true,
        "tstop": 1000.0,
        "use_fast_imem": false,
        "validateNetParams": false,
        "verbose": false,
        "weightEE": 1.5593052066066848,
        "weightEE_std": 0.2755661803296142,
        "weightEI": 1.9999907512007349,
        "weightEI_std": 0.2866729363798037,
        "weightIE": 0.5046012661171668,
        "weightIE_std": 0.1925692809116248,
        "weightII": 0.8149863354929312,
        "weightII_std": 0.07541312104621761
    }
}