{
    "BigBurstVal_Fitness": {
        "Value": 5559.7310551238,
        "Fit": 1000.0
    },
    "numBig_Fitness": {
        "Value": 14,
        "Percent": 100.0,
        "Fit": 1000
    },
    "SmallBurstVal_Fitness": {
        "Value": null,
        "Fit": 1000
    },
    "numSmall_Fitness": {
        "Value": 0,
        "Percent": 0.0,
        "Fit": 1000
    },
    "burst_peak_frequency_fitness": {
        "Value": 1.0144927536231882,
        "Fit": 1000
    },
    "IBI_fitness": {
        "Value": 1.0230769230769232,
        "Fit": 1.0007018657569131
    },
    "baseline_fitness": {
        "Value": 5233.712379027868,
        "Fit": 1000
    },
    "slopeFitness": {
        "Value": -3.129583810260654,
        "Fit": 22.921637259818457
    },
    "thresh": {
        "Value": 5211.675806198835,
        "Fit": 1000
    },
    "sustain_oscillation_fitness": {
        "Value": 90.72847682119205,
        "Fit": 1.1907168269628419
    },
    "E_rate_fitness": {
        "Value": 22.075396825396826,
        "Fit": 1000
    },
    "I_rate_fitness": {
        "Value": 6.268518518518518,
        "Fit": 4.749566744577026
    },
    "maxFitness": 1000,
    "average_fitness": 669.155218558093,
    "average_scaled_fitness": 0.6688238099267925
}