{
    "burstAmp_Fitness": 2.2320306946252155,
    "IBI_fitness": 3.0376480731306583,
    "baselineFitness": 1000,
    "slopeFitness": 1.0003729760203033,
    "baseline_diff_fitness": 1000,
    "burst_peak_frequency_fitness": 159.2869146463806,
    "rate_fitness": 505.31610933783713,
    "maxFitness": 1000,
    "average_fitness": 381.5532965325705,
    "average_scaled_fitness": 380.9339996354329
}