{
    "simConfig": {
        "E_L_mean": 18.8,
        "E_L_stdev": 8.076760830714113,
        "E_Ra_mean": 128.0,
        "E_Ra_stdev": 32.28075357904862,
        "E_diam_mean": 18.8,
        "E_diam_stdev": 4.812242531886108,
        "I_L_mean": 9.0,
        "I_L_stdev": 2.9224138054372806,
        "I_Ra_mean": 110.0,
        "I_Ra_stdev": 54.04306306055382,
        "I_diam_mean": 10.0,
        "I_diam_stdev": 0.15419781636322472,
        "addSynMechs": true,
        "allowConnsWithWeight0": true,
        "allowSelfConns": false,
        "analysis": {},
        "backupCfgFile": [],
        "cache_efficient": true,
        "checkErrors": false,
        "compactConnFormat": false,
        "connRandomSecFromList": true,
        "coreneuron": false,
        "createNEURONObj": true,
        "createPyStruct": true,
        "cvode_active": false,
        "cvode_atol": 0.001,
        "distributeSynsUniformly": true,
        "dt": 0.025,
        "dump_coreneuron_model": false,
        "duration": 1000.0,
        "duration_seconds": 90.0,
        "filename": "model_output",
        "gatherOnlySimData": false,
        "gkbar_E": 0.15703926315828093,
        "gkbar_E_std": 0.36049878112439615,
        "gkbar_I": 7.009098225542749,
        "gkbar_I_std": 0.9898589555751867,
        "gnabar_E": 6.948545346279537,
        "gnabar_E_std": 1.6544854546842518,
        "gnabar_I": 3.361149995905611,
        "gnabar_I_std": 0.9109837031846231,
        "gpu": false,
        "hParams": {
            "celsius": 6.3,
            "clamp_resist": 0.001,
            "v_init": -65.0
        },
        "includeParamsLabel": true,
        "invertedYCoord": true,
        "networkType": "22May24",
        "oneSynPerNetcon": true,
        "printPopAvgRates": [
            100,
            1000.0
        ],
        "printRunTime": false,
        "printSynsAfterRule": false,
        "probEE": 0.09204423189246919,
        "probEE_std": 0.1958355712602099,
        "probEI": 0.44024995003796574,
        "probEI_std": 0.028019717924660736,
        "probIE": 0.7456418116623237,
        "probIE_std": 0.2779462743613641,
        "probII": 0.7387372251067789,
        "probII_std": 0.1356741031216061,
        "probLengthConst": 2543.092803791134,
        "propVelocity": 1.0,
        "pt3dRelativeToCellLocation": true,
        "rand123GlobalIndex": null,
        "random123": false,
        "recordCells": [
            [
                "E",
                [
                    74,
                    47
                ]
            ],
            [
                "I",
                [
                    38,
                    3
                ]
            ]
        ],
        "recordCellsSpikes": -1,
        "recordDipole": false,
        "recordDipolesHNN": false,
        "recordLFP": [],
        "recordStep": 0.1,
        "recordStim": false,
        "recordTime": true,
        "recordTraces": {
            "soma_voltage": {
                "loc": 0.5,
                "sec": "soma",
                "var": "v"
            }
        },
        "saveCSV": false,
        "saveCellConns": true,
        "saveCellSecs": true,
        "saveDat": false,
        "saveDataInclude": [
            "simData",
            "simConfig",
            "netParams",
            "net"
        ],
        "saveDipoleCells": false,
        "saveDipolePops": false,
        "saveDpk": false,
        "saveFolder": "/pscratch/sd/a/adammwea/2DNetworkSimulations/NERSC/output/240528_Run1_this_does_work/gen_17",
        "saveHDF5": false,
        "saveJson": true,
        "saveLFPCells": false,
        "saveLFPPops": false,
        "saveMat": false,
        "savePickle": false,
        "saveTiming": false,
        "seeds": {
            "cell": 1,
            "conn": 1,
            "loc": 1,
            "stim": 1
        },
        "simLabel": "gen_17_cand_34",
        "tau1_exc": 0.1554538124684326,
        "tau1_exc_std": 2.240788311538888,
        "tau1_inh": 1.0018356948232388,
        "tau1_inh_std": 3.0952207778726124,
        "tau2_exc": 28.349594050365816,
        "tau2_exc_std": 0.1449424509020858,
        "tau2_inh": 19.53481640351663,
        "tau2_inh_std": 3.419622937357251,
        "timestampFilename": false,
        "timing": true,
        "tstop": 1000.0,
        "use_fast_imem": false,
        "validateNetParams": false,
        "verbose": false,
        "weightEE": 1.0579705144813747,
        "weightEE_std": 0.4029513955282549,
        "weightEI": 1.8215999173017152,
        "weightEI_std": 0.17867222334987443,
        "weightIE": 0.9628294723138513,
        "weightIE_std": 0.2812692162494902,
        "weightII": 0.11451192379728714,
        "weightII_std": 0.23597785597926071
    }
}