{
    "simConfig": {
        "E_L_mean": 18.8,
        "E_L_stdev": 6.893010669539624,
        "E_Ra_mean": 128.0,
        "E_Ra_stdev": 44.346882063249666,
        "E_diam_mean": 18.8,
        "E_diam_stdev": 6.09867956750537,
        "I_L_mean": 9.0,
        "I_L_stdev": 2.106468523911516,
        "I_Ra_mean": 110.0,
        "I_Ra_stdev": 48.00292257985212,
        "I_diam_mean": 10.0,
        "I_diam_stdev": 3.087174008505168,
        "addSynMechs": true,
        "allowConnsWithWeight0": true,
        "allowSelfConns": false,
        "analysis": {},
        "backupCfgFile": [],
        "cache_efficient": true,
        "checkErrors": false,
        "compactConnFormat": false,
        "connRandomSecFromList": true,
        "coreneuron": false,
        "createNEURONObj": true,
        "createPyStruct": true,
        "cvode_active": false,
        "cvode_atol": 0.001,
        "distributeSynsUniformly": true,
        "dt": 0.025,
        "dump_coreneuron_model": false,
        "duration": 1000.0,
        "duration_seconds": 90.0,
        "filename": "model_output",
        "gatherOnlySimData": false,
        "gkbar_E": 0.949058772481446,
        "gkbar_E_std": 0.3622582100140396,
        "gkbar_I": 7.437590820276359,
        "gkbar_I_std": 1.2233738739658564,
        "gnabar_E": 0.8614123373783662,
        "gnabar_E_std": 1.261288230968775,
        "gnabar_I": 3.547480533550404,
        "gnabar_I_std": 0.24404294082020642,
        "gpu": false,
        "hParams": {
            "celsius": 6.3,
            "clamp_resist": 0.001,
            "v_init": -65.0
        },
        "includeParamsLabel": true,
        "invertedYCoord": true,
        "networkType": "22May24",
        "oneSynPerNetcon": true,
        "printPopAvgRates": [
            100,
            1000.0
        ],
        "printRunTime": false,
        "printSynsAfterRule": false,
        "probEE": 0.4586621022986309,
        "probEE_std": 0.08489904859839359,
        "probEI": 0.2578170551298732,
        "probEI_std": 0.47048860599845116,
        "probIE": 0.3584304355465714,
        "probIE_std": 0.26555098508056824,
        "probII": 0.5505280247250143,
        "probII_std": 0.435063628400179,
        "probLengthConst": 837.8828866364079,
        "propVelocity": 1.0,
        "pt3dRelativeToCellLocation": true,
        "rand123GlobalIndex": null,
        "random123": false,
        "recordCells": [
            [
                "E",
                [
                    74,
                    47
                ]
            ],
            [
                "I",
                [
                    38,
                    3
                ]
            ]
        ],
        "recordCellsSpikes": -1,
        "recordDipole": false,
        "recordDipolesHNN": false,
        "recordLFP": [],
        "recordStep": 0.1,
        "recordStim": false,
        "recordTime": true,
        "recordTraces": {
            "soma_voltage": {
                "loc": 0.5,
                "sec": "soma",
                "var": "v"
            }
        },
        "saveCSV": false,
        "saveCellConns": true,
        "saveCellSecs": true,
        "saveDat": false,
        "saveDataInclude": [
            "simData",
            "simConfig",
            "netParams",
            "net"
        ],
        "saveDipoleCells": false,
        "saveDipolePops": false,
        "saveDpk": false,
        "saveFolder": "/pscratch/sd/a/adammwea/2DNetworkSimulations/NERSC/output/240528_Run1_this_does_work/gen_17",
        "saveHDF5": false,
        "saveJson": true,
        "saveLFPCells": false,
        "saveLFPPops": false,
        "saveMat": false,
        "savePickle": false,
        "saveTiming": false,
        "seeds": {
            "cell": 1,
            "conn": 1,
            "loc": 1,
            "stim": 1
        },
        "simLabel": "gen_17_cand_58",
        "tau1_exc": 2.0669166743338296,
        "tau1_exc_std": 0.04400583124927833,
        "tau1_inh": 6.399988732375545,
        "tau1_inh_std": 0.8597726274922288,
        "tau2_exc": 29.76087405584047,
        "tau2_exc_std": 1.451119872394612,
        "tau2_inh": 17.826893347469426,
        "tau2_inh_std": 0.22713978955889758,
        "timestampFilename": false,
        "timing": true,
        "tstop": 1000.0,
        "use_fast_imem": false,
        "validateNetParams": false,
        "verbose": false,
        "weightEE": 1.8510582703663014,
        "weightEE_std": 0.1433164217519307,
        "weightEI": 0.5903956909963355,
        "weightEI_std": 6.667606337402879e-05,
        "weightIE": 0.3609814205454287,
        "weightIE_std": 0.2122522264619069,
        "weightII": 1.4525279569495355,
        "weightII_std": 0.002497910114830422
    }
}