{
    "simConfig": {
        "E_L_mean": 18.8,
        "E_L_stdev": 4.378315829600327,
        "E_Ra_mean": 128.0,
        "E_Ra_stdev": 11.753840835273348,
        "E_diam_mean": 18.8,
        "E_diam_stdev": 2.1561538077306017,
        "I_L_mean": 9.0,
        "I_L_stdev": 1.7313462137657267,
        "I_Ra_mean": 110.0,
        "I_Ra_stdev": 50.410885494093485,
        "I_diam_mean": 10.0,
        "I_diam_stdev": 0.9215391798110679,
        "addSynMechs": true,
        "allowConnsWithWeight0": true,
        "allowSelfConns": false,
        "analysis": {},
        "backupCfgFile": [],
        "cache_efficient": true,
        "checkErrors": false,
        "compactConnFormat": false,
        "connRandomSecFromList": true,
        "coreneuron": false,
        "createNEURONObj": true,
        "createPyStruct": true,
        "cvode_active": false,
        "cvode_atol": 0.001,
        "distributeSynsUniformly": true,
        "dt": 0.025,
        "dump_coreneuron_model": false,
        "duration": 1000.0,
        "duration_seconds": 90.0,
        "filename": "model_output",
        "gatherOnlySimData": false,
        "gkbar_E": 0.014018526879210597,
        "gkbar_E_std": 0.0026735231698730667,
        "gkbar_I": 8.10585554205398,
        "gkbar_I_std": 0.45410918603525585,
        "gnabar_E": 6.737337754267025,
        "gnabar_E_std": 1.5017815804353032,
        "gnabar_I": 2.063256237036636,
        "gnabar_I_std": 0.00769961296273561,
        "gpu": false,
        "hParams": {
            "celsius": 6.3,
            "clamp_resist": 0.001,
            "v_init": -65.0
        },
        "includeParamsLabel": true,
        "invertedYCoord": true,
        "networkType": "22May24",
        "oneSynPerNetcon": true,
        "printPopAvgRates": [
            100,
            1000.0
        ],
        "printRunTime": false,
        "printSynsAfterRule": false,
        "probEE": 0.1395244291281768,
        "probEE_std": 0.047627099585293625,
        "probEI": 0.9579073257222153,
        "probEI_std": 0.06390889535470479,
        "probIE": 0.4412803951744385,
        "probIE_std": 0.008260947171399517,
        "probII": 0.5835760016271186,
        "probII_std": 0.16266183582430976,
        "probLengthConst": 1530.7231963583313,
        "propVelocity": 1.0,
        "pt3dRelativeToCellLocation": true,
        "rand123GlobalIndex": null,
        "random123": false,
        "recordCells": [
            [
                "E",
                [
                    74,
                    47
                ]
            ],
            [
                "I",
                [
                    38,
                    3
                ]
            ]
        ],
        "recordCellsSpikes": -1,
        "recordDipole": false,
        "recordDipolesHNN": false,
        "recordLFP": [],
        "recordStep": 0.1,
        "recordStim": false,
        "recordTime": true,
        "recordTraces": {
            "soma_voltage": {
                "loc": 0.5,
                "sec": "soma",
                "var": "v"
            }
        },
        "saveCSV": false,
        "saveCellConns": true,
        "saveCellSecs": true,
        "saveDat": false,
        "saveDataInclude": [
            "simData",
            "simConfig",
            "netParams",
            "net"
        ],
        "saveDipoleCells": false,
        "saveDipolePops": false,
        "saveDpk": false,
        "saveFolder": "/pscratch/sd/a/adammwea/2DNetworkSimulations/NERSC/output/240528_Run1_this_does_work/gen_17",
        "saveHDF5": false,
        "saveJson": true,
        "saveLFPCells": false,
        "saveLFPPops": false,
        "saveMat": false,
        "savePickle": false,
        "saveTiming": false,
        "seeds": {
            "cell": 1,
            "conn": 1,
            "loc": 1,
            "stim": 1
        },
        "simLabel": "gen_17_cand_31",
        "tau1_exc": 6.301187989508653,
        "tau1_exc_std": 3.149510888339669,
        "tau1_inh": 9.983937036381107,
        "tau1_inh_std": 0.7019860728505973,
        "tau2_exc": 24.192398545168537,
        "tau2_exc_std": 9.684906892706353,
        "tau2_inh": 6.80082683910833,
        "tau2_inh_std": 6.926582905593197,
        "timestampFilename": false,
        "timing": true,
        "tstop": 1000.0,
        "use_fast_imem": false,
        "validateNetParams": false,
        "verbose": false,
        "weightEE": 1.6595166830982062,
        "weightEE_std": 0.2406915375465778,
        "weightEI": 1.558127435901777,
        "weightEI_std": 0.02433892786745053,
        "weightIE": 0.023420611375861055,
        "weightIE_std": 0.020031053656096125,
        "weightII": 0.05611358273397746,
        "weightII_std": 0.024740987512633456
    }
}