{
    "simConfig": {
        "E_L_mean": 18.8,
        "E_L_stdev": 5.000746102180826,
        "E_Ra_mean": 128.0,
        "E_Ra_stdev": 32.653972020692336,
        "E_diam_mean": 18.8,
        "E_diam_stdev": 0.4393046015295028,
        "I_L_mean": 9.0,
        "I_L_stdev": 0.5267952640514066,
        "I_Ra_mean": 110.0,
        "I_Ra_stdev": 27.679046782710664,
        "I_diam_mean": 10.0,
        "I_diam_stdev": 0.10202561588527331,
        "addSynMechs": true,
        "allowConnsWithWeight0": true,
        "allowSelfConns": false,
        "analysis": {},
        "backupCfgFile": [],
        "cache_efficient": true,
        "checkErrors": false,
        "compactConnFormat": false,
        "connRandomSecFromList": true,
        "coreneuron": false,
        "createNEURONObj": true,
        "createPyStruct": true,
        "cvode_active": false,
        "cvode_atol": 0.001,
        "distributeSynsUniformly": true,
        "dt": 0.025,
        "dump_coreneuron_model": false,
        "duration": 1000.0,
        "duration_seconds": 330.0,
        "filename": "model_output",
        "gatherOnlySimData": false,
        "gkbar_E": 0.3333988226933409,
        "gkbar_E_std": 0.010786809417233215,
        "gkbar_I": 2.338987152047639,
        "gkbar_I_std": 1.8067923010668265,
        "gnabar_E": 5.538278687790985,
        "gnabar_E_std": 0.7263745484565052,
        "gnabar_I": 0.2100106452679628,
        "gnabar_I_std": 0.00873282790547833,
        "gpu": false,
        "hParams": {
            "celsius": 6.3,
            "clamp_resist": 0.001,
            "v_init": -65.0
        },
        "includeParamsLabel": true,
        "invertedYCoord": true,
        "networkType": "22May24",
        "oneSynPerNetcon": true,
        "printPopAvgRates": [
            100,
            1000.0
        ],
        "printRunTime": false,
        "printSynsAfterRule": false,
        "probEE": 0.46627365228742024,
        "probEE_std": 0.43659696174741663,
        "probEI": 0.7925443493212376,
        "probEI_std": 0.48456343052264705,
        "probIE": 0.3076873084301061,
        "probIE_std": 0.005450426315182749,
        "probII": 0.5233735787118199,
        "probII_std": 0.016465879932352524,
        "probLengthConst": 2754.110121933936,
        "propVelocity": 1.0,
        "pt3dRelativeToCellLocation": true,
        "rand123GlobalIndex": null,
        "random123": false,
        "recordCells": [
            [
                "E",
                [
                    68,
                    13
                ]
            ],
            [
                "I",
                [
                    4,
                    5
                ]
            ]
        ],
        "recordCellsSpikes": -1,
        "recordDipole": false,
        "recordDipolesHNN": false,
        "recordLFP": [],
        "recordStep": 0.1,
        "recordStim": false,
        "recordTime": true,
        "recordTraces": {
            "soma_voltage": {
                "loc": 0.5,
                "sec": "soma",
                "var": "v"
            }
        },
        "saveCSV": false,
        "saveCellConns": true,
        "saveCellSecs": true,
        "saveDat": false,
        "saveDataInclude": [
            "simData",
            "simConfig",
            "netParams",
            "net"
        ],
        "saveDipoleCells": false,
        "saveDipolePops": false,
        "saveDpk": false,
        "saveFolder": "/pscratch/sd/a/adammwea/2DNetworkSimulations/NERSC/output/240604_Run1_24n24hr/gen_1",
        "saveHDF5": false,
        "saveJson": true,
        "saveLFPCells": false,
        "saveLFPPops": false,
        "saveMat": false,
        "savePickle": false,
        "saveTiming": false,
        "seeds": {
            "cell": 1,
            "conn": 1,
            "loc": 1,
            "stim": 1
        },
        "simLabel": "gen_1_cand_328",
        "tau1_exc": 5.835649928963242,
        "tau1_exc_std": 0.26771752929904535,
        "tau1_inh": 8.000358220838407,
        "tau1_inh_std": 0.8700994125404374,
        "tau2_exc": 25.495865686757828,
        "tau2_exc_std": 0.0009824715525396412,
        "tau2_inh": 19.612501707038945,
        "tau2_inh_std": 4.625403607548537,
        "timestampFilename": false,
        "timing": true,
        "tstop": 1000.0,
        "use_fast_imem": false,
        "validateNetParams": false,
        "verbose": false,
        "weightEE": 0.3896709032202813,
        "weightEE_std": 0.14185325455920283,
        "weightEI": 1.3726426169202524,
        "weightEI_std": 0.1277423558728873,
        "weightIE": 0.34349285893004944,
        "weightIE_std": 0.10548574395544819,
        "weightII": 0.2853995052979651,
        "weightII_std": 0.198212723449911
    }
}