{
    "simConfig": {
        "E_L_mean": 18.8,
        "E_L_stdev": 0.22073264219153588,
        "E_Ra_mean": 128.0,
        "E_Ra_stdev": 63.035424430983454,
        "E_diam_mean": 18.8,
        "E_diam_stdev": 0.4685584362084736,
        "I_L_mean": 9.0,
        "I_L_stdev": 2.443957275387563,
        "I_Ra_mean": 110.0,
        "I_Ra_stdev": 23.669799778452223,
        "I_diam_mean": 10.0,
        "I_diam_stdev": 1.209019728972776,
        "addSynMechs": true,
        "allowConnsWithWeight0": true,
        "allowSelfConns": false,
        "analysis": {},
        "backupCfgFile": [],
        "cache_efficient": true,
        "checkErrors": false,
        "compactConnFormat": false,
        "connRandomSecFromList": true,
        "coreneuron": false,
        "createNEURONObj": true,
        "createPyStruct": true,
        "cvode_active": false,
        "cvode_atol": 0.001,
        "distributeSynsUniformly": true,
        "dt": 0.025,
        "dump_coreneuron_model": false,
        "duration": 1000.0,
        "duration_seconds": 330.0,
        "filename": "model_output",
        "gatherOnlySimData": false,
        "gkbar_E": 0.060531439217194394,
        "gkbar_E_std": 0.44374941533735157,
        "gkbar_I": 9.812525628281065,
        "gkbar_I_std": 2.309228192667188,
        "gnabar_E": 0.9025887116517248,
        "gnabar_E_std": 0.23547898432208747,
        "gnabar_I": 3.25327518341297,
        "gnabar_I_std": 0.5106412008682295,
        "gpu": false,
        "hParams": {
            "celsius": 6.3,
            "clamp_resist": 0.001,
            "v_init": -65.0
        },
        "includeParamsLabel": true,
        "invertedYCoord": true,
        "networkType": "22May24",
        "oneSynPerNetcon": true,
        "printPopAvgRates": [
            100,
            1000.0
        ],
        "printRunTime": false,
        "printSynsAfterRule": false,
        "probEE": 0.7329679721262381,
        "probEE_std": 0.47627911174004384,
        "probEI": 0.2517865207900089,
        "probEI_std": 0.07377412507531295,
        "probIE": 0.06475083144576774,
        "probIE_std": 0.4885825270815823,
        "probII": 0.5766323003985615,
        "probII_std": 0.16663274138335468,
        "probLengthConst": 1022.9504100898434,
        "propVelocity": 1.0,
        "pt3dRelativeToCellLocation": true,
        "rand123GlobalIndex": null,
        "random123": false,
        "recordCells": [
            [
                "E",
                [
                    68,
                    13
                ]
            ],
            [
                "I",
                [
                    4,
                    5
                ]
            ]
        ],
        "recordCellsSpikes": -1,
        "recordDipole": false,
        "recordDipolesHNN": false,
        "recordLFP": [],
        "recordStep": 0.1,
        "recordStim": false,
        "recordTime": true,
        "recordTraces": {
            "soma_voltage": {
                "loc": 0.5,
                "sec": "soma",
                "var": "v"
            }
        },
        "saveCSV": false,
        "saveCellConns": true,
        "saveCellSecs": true,
        "saveDat": false,
        "saveDataInclude": [
            "simData",
            "simConfig",
            "netParams",
            "net"
        ],
        "saveDipoleCells": false,
        "saveDipolePops": false,
        "saveDpk": false,
        "saveFolder": "/pscratch/sd/a/adammwea/2DNetworkSimulations/NERSC/output/240604_Run1_24n24hr/gen_1",
        "saveHDF5": false,
        "saveJson": true,
        "saveLFPCells": false,
        "saveLFPPops": false,
        "saveMat": false,
        "savePickle": false,
        "saveTiming": false,
        "seeds": {
            "cell": 1,
            "conn": 1,
            "loc": 1,
            "stim": 1
        },
        "simLabel": "gen_1_cand_493",
        "tau1_exc": 0.1572692330883732,
        "tau1_exc_std": 3.218717673452168,
        "tau1_inh": 0.26027781696522556,
        "tau1_inh_std": 1.8484315050299285,
        "tau2_exc": 12.143705124766626,
        "tau2_exc_std": 3.6129721698854973,
        "tau2_inh": 9.558086512066772,
        "tau2_inh_std": 3.1768488697271247,
        "timestampFilename": false,
        "timing": true,
        "tstop": 1000.0,
        "use_fast_imem": false,
        "validateNetParams": false,
        "verbose": false,
        "weightEE": 1.7666377966862057,
        "weightEE_std": 0.01436517841176432,
        "weightEI": 0.603464541912996,
        "weightEI_std": 0.005007825021504625,
        "weightIE": 0.6969149515801629,
        "weightIE_std": 0.05795962507035089,
        "weightII": 0.10337426077446263,
        "weightII_std": 0.0037962864685946816
    }
}