{
    "simConfig": {
        "E_L_mean": 18.8,
        "E_L_stdev": 8.053025630859253,
        "E_Ra_mean": 128.0,
        "E_Ra_stdev": 4.146630759043894,
        "E_diam_mean": 18.8,
        "E_diam_stdev": 1.7545780957555834,
        "I_L_mean": 9.0,
        "I_L_stdev": 2.398064010991267,
        "I_Ra_mean": 110.0,
        "I_Ra_stdev": 15.015480436172854,
        "I_diam_mean": 10.0,
        "I_diam_stdev": 2.3144906342379907,
        "addSynMechs": true,
        "allowConnsWithWeight0": true,
        "allowSelfConns": false,
        "analysis": {},
        "backupCfgFile": [],
        "cache_efficient": true,
        "checkErrors": false,
        "compactConnFormat": false,
        "connRandomSecFromList": true,
        "coreneuron": false,
        "createNEURONObj": true,
        "createPyStruct": true,
        "cvode_active": false,
        "cvode_atol": 0.001,
        "distributeSynsUniformly": true,
        "dt": 0.025,
        "dump_coreneuron_model": false,
        "duration": 1000.0,
        "duration_seconds": 330.0,
        "filename": "model_output",
        "gatherOnlySimData": false,
        "gkbar_E": 0.6798419014812973,
        "gkbar_E_std": 0.23132137116766113,
        "gkbar_I": 2.6358280547368036,
        "gkbar_I_std": 2.368103251377122,
        "gnabar_E": 1.1726161083572442,
        "gnabar_E_std": 1.666585797888915,
        "gnabar_I": 0.7367429556012481,
        "gnabar_I_std": 0.3681852375733994,
        "gpu": false,
        "hParams": {
            "celsius": 6.3,
            "clamp_resist": 0.001,
            "v_init": -65.0
        },
        "includeParamsLabel": true,
        "invertedYCoord": true,
        "networkType": "22May24",
        "oneSynPerNetcon": true,
        "printPopAvgRates": [
            100,
            1000.0
        ],
        "printRunTime": false,
        "printSynsAfterRule": false,
        "probEE": 0.6671340044171964,
        "probEE_std": 0.2715772221029773,
        "probEI": 0.2904809434031408,
        "probEI_std": 0.3684249046552943,
        "probIE": 0.624618067488222,
        "probIE_std": 0.03547114819631185,
        "probII": 0.25584342595727916,
        "probII_std": 0.0036815447824361767,
        "probLengthConst": 2932.706024461925,
        "propVelocity": 1.0,
        "pt3dRelativeToCellLocation": true,
        "rand123GlobalIndex": null,
        "random123": false,
        "recordCells": [
            [
                "E",
                [
                    68,
                    13
                ]
            ],
            [
                "I",
                [
                    4,
                    5
                ]
            ]
        ],
        "recordCellsSpikes": -1,
        "recordDipole": false,
        "recordDipolesHNN": false,
        "recordLFP": [],
        "recordStep": 0.1,
        "recordStim": false,
        "recordTime": true,
        "recordTraces": {
            "soma_voltage": {
                "loc": 0.5,
                "sec": "soma",
                "var": "v"
            }
        },
        "saveCSV": false,
        "saveCellConns": true,
        "saveCellSecs": true,
        "saveDat": false,
        "saveDataInclude": [
            "simData",
            "simConfig",
            "netParams",
            "net"
        ],
        "saveDipoleCells": false,
        "saveDipolePops": false,
        "saveDpk": false,
        "saveFolder": "/pscratch/sd/a/adammwea/2DNetworkSimulations/NERSC/output/240604_Run1_24n24hr/gen_1",
        "saveHDF5": false,
        "saveJson": true,
        "saveLFPCells": false,
        "saveLFPPops": false,
        "saveMat": false,
        "savePickle": false,
        "saveTiming": false,
        "seeds": {
            "cell": 1,
            "conn": 1,
            "loc": 1,
            "stim": 1
        },
        "simLabel": "gen_1_cand_498",
        "tau1_exc": 7.159217173665978,
        "tau1_exc_std": 0.44999843206879714,
        "tau1_inh": 7.095495322994272,
        "tau1_inh_std": 0.9726278694677378,
        "tau2_exc": 29.768659545296423,
        "tau2_exc_std": 4.89510779565742,
        "tau2_inh": 6.982237266838686,
        "tau2_inh_std": 7.3218917015426355,
        "timestampFilename": false,
        "timing": true,
        "tstop": 1000.0,
        "use_fast_imem": false,
        "validateNetParams": false,
        "verbose": false,
        "weightEE": 0.4899284696354282,
        "weightEE_std": 0.2742785277658457,
        "weightEI": 1.2283540507013968,
        "weightEI_std": 0.031212078889548855,
        "weightIE": 0.755105944699545,
        "weightIE_std": 0.07599510631781384,
        "weightII": 1.9456641175398053,
        "weightII_std": 0.14415608753542078
    }
}