{
    "rate_fitness": 1000.0,
    "BurstVal_fitness": 1000.0,
    "IBI_fitness": 1.529628723396202,
    "baselineFitness": 2.6283496499829146,
    "slopeFitness": 1.0000169895746707,
    "baseline_diff_fitness": 1000,
    "burst_peak_frequency": 1.8268672279773492,
    "fitness": 429.56926608441876,
    "average_scaled_fitness": 428.99825463798,
    "maxFitness": 1000
}