{
    "burstAmp_Fitness": 1.3098862767840538,
    "IBI_fitness": 3.036266888456229,
    "baselineFitness": 1000,
    "slopeFitness": 1.0002749723017552,
    "baseline_diff_fitness": 1000,
    "burst_peak_frequency_fitness": 129.25094208489725,
    "rate_fitness": 69.69350924411502,
    "maxFitness": 1000,
    "average_fitness": 314.8986970666506,
    "average_scaled_fitness": 314.21272121535947
}