{
    "rate_fitness": 1000.0,
    "BurstVal_fitness": 1000.0,
    "IBI_fitness": 3.166348076990687,
    "baselineFitness": 1.772804273355078,
    "slopeFitness": 1.0004116671147103,
    "baseline_diff_fitness": 1000,
    "burst_peak_frequency": 56.26939343088149,
    "fitness": 437.4584224926203,
    "average_scaled_fitness": 436.89508576661154,
    "maxFitness": 1000
}