{
    "rate_fitness": 9.214153637608613,
    "BurstVal_fitness": 2.1600189992463874,
    "IBI_fitness": 3.1922097576390636,
    "baselineFitness": 1000,
    "slopeFitness": 1.000222923624182,
    "baseline_diff_fitness": 1000,
    "burst_peak_frequency": 233.2626696362631,
    "fitness": 321.261324993483,
    "average_scaled_fitness": 320.581755290396,
    "maxFitness": 1000
}