{
    "simConfig": {
        "E_L_mean": 18.8,
        "E_L_stdev": 1.887892307227852,
        "E_Ra_mean": 128.0,
        "E_Ra_stdev": 19.502194289121995,
        "E_diam_mean": 18.8,
        "E_diam_stdev": 5.505776328602057,
        "I_L_mean": 9.0,
        "I_L_stdev": 2.6929421623064855,
        "I_Ra_mean": 110.0,
        "I_Ra_stdev": 53.852899906876786,
        "I_diam_mean": 10.0,
        "I_diam_stdev": 0.8286187012523447,
        "addSynMechs": true,
        "allowConnsWithWeight0": true,
        "allowSelfConns": false,
        "analysis": {},
        "backupCfgFile": [],
        "cache_efficient": true,
        "checkErrors": false,
        "compactConnFormat": false,
        "connRandomSecFromList": true,
        "coreneuron": false,
        "createNEURONObj": true,
        "createPyStruct": true,
        "cvode_active": false,
        "cvode_atol": 0.001,
        "distributeSynsUniformly": true,
        "dt": 0.025,
        "dump_coreneuron_model": false,
        "duration": 1000.0,
        "duration_seconds": 330.0,
        "filename": "model_output",
        "gatherOnlySimData": false,
        "gkbar_E": 0.5932917992754615,
        "gkbar_E_std": 0.4928883150104488,
        "gkbar_I": 9.984585000681234,
        "gkbar_I_std": 1.0449737855760945,
        "gnabar_E": 6.994337067098169,
        "gnabar_E_std": 1.5303900907650267,
        "gnabar_I": 0.27452935754327307,
        "gnabar_I_std": 0.6200813224407187,
        "gpu": false,
        "hParams": {
            "celsius": 6.3,
            "clamp_resist": 0.001,
            "v_init": -65.0
        },
        "includeParamsLabel": true,
        "invertedYCoord": true,
        "networkType": "22May24",
        "oneSynPerNetcon": true,
        "printPopAvgRates": [
            100,
            1000.0
        ],
        "printRunTime": false,
        "printSynsAfterRule": false,
        "probEE": 0.6985129296825139,
        "probEE_std": 0.028750701436163054,
        "probEI": 0.2976021467462642,
        "probEI_std": 0.21911110461596,
        "probIE": 0.11289460972399656,
        "probIE_std": 0.1689848824934181,
        "probII": 0.2829667933628919,
        "probII_std": 0.09555993468220143,
        "probLengthConst": 2696.3508900437946,
        "propVelocity": 1.0,
        "pt3dRelativeToCellLocation": true,
        "rand123GlobalIndex": null,
        "random123": false,
        "recordCells": [
            [
                "E",
                [
                    68,
                    13
                ]
            ],
            [
                "I",
                [
                    4,
                    5
                ]
            ]
        ],
        "recordCellsSpikes": -1,
        "recordDipole": false,
        "recordDipolesHNN": false,
        "recordLFP": [],
        "recordStep": 0.1,
        "recordStim": false,
        "recordTime": true,
        "recordTraces": {
            "soma_voltage": {
                "loc": 0.5,
                "sec": "soma",
                "var": "v"
            }
        },
        "saveCSV": false,
        "saveCellConns": true,
        "saveCellSecs": true,
        "saveDat": false,
        "saveDataInclude": [
            "simData",
            "simConfig",
            "netParams",
            "net"
        ],
        "saveDipoleCells": false,
        "saveDipolePops": false,
        "saveDpk": false,
        "saveFolder": "/pscratch/sd/a/adammwea/2DNetworkSimulations/NERSC/output/240604_Run1_24n24hr/gen_1",
        "saveHDF5": false,
        "saveJson": true,
        "saveLFPCells": false,
        "saveLFPPops": false,
        "saveMat": false,
        "savePickle": false,
        "saveTiming": false,
        "seeds": {
            "cell": 1,
            "conn": 1,
            "loc": 1,
            "stim": 1
        },
        "simLabel": "gen_1_cand_181",
        "tau1_exc": 0.5325940471790753,
        "tau1_exc_std": 0.19625348998605396,
        "tau1_inh": 6.27003184156788,
        "tau1_inh_std": 3.220231658737645,
        "tau2_exc": 25.6487968920563,
        "tau2_exc_std": 3.3776004190685374,
        "tau2_inh": 2.3801893259299636,
        "tau2_inh_std": 4.801004258578368,
        "timestampFilename": false,
        "timing": true,
        "tstop": 1000.0,
        "use_fast_imem": false,
        "validateNetParams": false,
        "verbose": false,
        "weightEE": 0.8605620453608274,
        "weightEE_std": 0.12119679963562491,
        "weightEI": 1.4553031988657175,
        "weightEI_std": 0.21548686995771202,
        "weightIE": 0.9680732948991583,
        "weightIE_std": 0.2045479236341462,
        "weightII": 0.9278843071455258,
        "weightII_std": 0.12904500537277597
    }
}