{
    "simConfig": {
        "E_L_mean": 18.8,
        "E_L_stdev": 4.342074996207151,
        "E_Ra_mean": 128.0,
        "E_Ra_stdev": 12.050033723371543,
        "E_diam_mean": 18.8,
        "E_diam_stdev": 3.3668242207040686,
        "I_L_mean": 9.0,
        "I_L_stdev": 2.242255010329452,
        "I_Ra_mean": 110.0,
        "I_Ra_stdev": 43.483329885956145,
        "I_diam_mean": 10.0,
        "I_diam_stdev": 1.2217819090067212,
        "addSynMechs": true,
        "allowConnsWithWeight0": true,
        "allowSelfConns": false,
        "analysis": {},
        "backupCfgFile": [],
        "cache_efficient": true,
        "checkErrors": false,
        "compactConnFormat": false,
        "connRandomSecFromList": true,
        "coreneuron": false,
        "createNEURONObj": true,
        "createPyStruct": true,
        "cvode_active": false,
        "cvode_atol": 0.001,
        "distributeSynsUniformly": true,
        "dt": 0.025,
        "dump_coreneuron_model": false,
        "duration": 1000.0,
        "duration_seconds": 330.0,
        "filename": "model_output",
        "gatherOnlySimData": false,
        "gkbar_E": 0.11198444117249734,
        "gkbar_E_std": 0.28044014229835845,
        "gkbar_I": 0.03671204135936801,
        "gkbar_I_std": 1.8961263677020606,
        "gnabar_E": 2.2443527297005876,
        "gnabar_E_std": 0.8639724770027579,
        "gnabar_I": 0.15394872399199422,
        "gnabar_I_std": 0.8854034837853711,
        "gpu": false,
        "hParams": {
            "celsius": 6.3,
            "clamp_resist": 0.001,
            "v_init": -65.0
        },
        "includeParamsLabel": true,
        "invertedYCoord": true,
        "networkType": "22May24",
        "oneSynPerNetcon": true,
        "printPopAvgRates": [
            100,
            1000.0
        ],
        "printRunTime": false,
        "printSynsAfterRule": false,
        "probEE": 0.05944618708364824,
        "probEE_std": 0.4598780058075926,
        "probEI": 0.7647407602706259,
        "probEI_std": 0.09114216592644063,
        "probIE": 0.633238455803407,
        "probIE_std": 0.3172113445916803,
        "probII": 0.029207410695178293,
        "probII_std": 0.1599388623621375,
        "probLengthConst": 2599.396624445149,
        "propVelocity": 1.0,
        "pt3dRelativeToCellLocation": true,
        "rand123GlobalIndex": null,
        "random123": false,
        "recordCells": [
            [
                "E",
                [
                    68,
                    13
                ]
            ],
            [
                "I",
                [
                    4,
                    5
                ]
            ]
        ],
        "recordCellsSpikes": -1,
        "recordDipole": false,
        "recordDipolesHNN": false,
        "recordLFP": [],
        "recordStep": 0.1,
        "recordStim": false,
        "recordTime": true,
        "recordTraces": {
            "soma_voltage": {
                "loc": 0.5,
                "sec": "soma",
                "var": "v"
            }
        },
        "saveCSV": false,
        "saveCellConns": true,
        "saveCellSecs": true,
        "saveDat": false,
        "saveDataInclude": [
            "simData",
            "simConfig",
            "netParams",
            "net"
        ],
        "saveDipoleCells": false,
        "saveDipolePops": false,
        "saveDpk": false,
        "saveFolder": "/pscratch/sd/a/adammwea/2DNetworkSimulations/NERSC/output/240604_Run1_24n24hr/gen_1",
        "saveHDF5": false,
        "saveJson": true,
        "saveLFPCells": false,
        "saveLFPPops": false,
        "saveMat": false,
        "savePickle": false,
        "saveTiming": false,
        "seeds": {
            "cell": 1,
            "conn": 1,
            "loc": 1,
            "stim": 1
        },
        "simLabel": "gen_1_cand_210",
        "tau1_exc": 0.15264596282408247,
        "tau1_exc_std": 0.017022210567241625,
        "tau1_inh": 6.348532085016506,
        "tau1_inh_std": 1.254497819295305,
        "tau2_exc": 17.652893503626537,
        "tau2_exc_std": 3.4312294530916803,
        "tau2_inh": 19.6943051228808,
        "tau2_inh_std": 0.5674085795238963,
        "timestampFilename": false,
        "timing": true,
        "tstop": 1000.0,
        "use_fast_imem": false,
        "validateNetParams": false,
        "verbose": false,
        "weightEE": 1.5086002743312898,
        "weightEE_std": 0.22656215038713,
        "weightEI": 0.022767763823428277,
        "weightEI_std": 0.1948214360717891,
        "weightIE": 0.0322992720489933,
        "weightIE_std": 0.24852548408998415,
        "weightII": 1.271995044826164,
        "weightII_std": 0.24616020970797844
    }
}