{
    "simConfig": {
        "E_L_mean": 18.8,
        "E_L_stdev": 8.142374112050684,
        "E_Ra_mean": 128.0,
        "E_Ra_stdev": 8.34783885770269,
        "E_diam_mean": 18.8,
        "E_diam_stdev": 0.7108687498320863,
        "I_L_mean": 9.0,
        "I_L_stdev": 1.8862805478750133,
        "I_Ra_mean": 110.0,
        "I_Ra_stdev": 15.080528169984817,
        "I_diam_mean": 10.0,
        "I_diam_stdev": 2.924490925315281,
        "addSynMechs": true,
        "allowConnsWithWeight0": true,
        "allowSelfConns": false,
        "analysis": {},
        "backupCfgFile": [],
        "cache_efficient": true,
        "checkErrors": false,
        "compactConnFormat": false,
        "connRandomSecFromList": true,
        "coreneuron": false,
        "createNEURONObj": true,
        "createPyStruct": true,
        "cvode_active": false,
        "cvode_atol": 0.001,
        "distributeSynsUniformly": true,
        "dt": 0.025,
        "dump_coreneuron_model": false,
        "duration": 1000.0,
        "duration_seconds": 330.0,
        "filename": "model_output",
        "gatherOnlySimData": false,
        "gkbar_E": 0.9661688198471008,
        "gkbar_E_std": 0.49782653676673244,
        "gkbar_I": 2.468317075748601,
        "gkbar_I_std": 1.4252419917989496,
        "gnabar_E": 5.79823317232213,
        "gnabar_E_std": 0.002632857159751034,
        "gnabar_I": 2.7174890922486417,
        "gnabar_I_std": 0.9479342704830072,
        "gpu": false,
        "hParams": {
            "celsius": 6.3,
            "clamp_resist": 0.001,
            "v_init": -65.0
        },
        "includeParamsLabel": true,
        "invertedYCoord": true,
        "networkType": "22May24",
        "oneSynPerNetcon": true,
        "printPopAvgRates": [
            100,
            1000.0
        ],
        "printRunTime": false,
        "printSynsAfterRule": false,
        "probEE": 0.09581166132373876,
        "probEE_std": 0.3075335909498429,
        "probEI": 0.5053004716608052,
        "probEI_std": 0.33479126848038154,
        "probIE": 0.6600890350387373,
        "probIE_std": 0.38387118091947664,
        "probII": 0.3653334292523139,
        "probII_std": 0.11777823802947052,
        "probLengthConst": 1145.4203939198715,
        "propVelocity": 1.0,
        "pt3dRelativeToCellLocation": true,
        "rand123GlobalIndex": null,
        "random123": false,
        "recordCells": [
            [
                "E",
                [
                    68,
                    13
                ]
            ],
            [
                "I",
                [
                    4,
                    5
                ]
            ]
        ],
        "recordCellsSpikes": -1,
        "recordDipole": false,
        "recordDipolesHNN": false,
        "recordLFP": [],
        "recordStep": 0.1,
        "recordStim": false,
        "recordTime": true,
        "recordTraces": {
            "soma_voltage": {
                "loc": 0.5,
                "sec": "soma",
                "var": "v"
            }
        },
        "saveCSV": false,
        "saveCellConns": true,
        "saveCellSecs": true,
        "saveDat": false,
        "saveDataInclude": [
            "simData",
            "simConfig",
            "netParams",
            "net"
        ],
        "saveDipoleCells": false,
        "saveDipolePops": false,
        "saveDpk": false,
        "saveFolder": "/pscratch/sd/a/adammwea/2DNetworkSimulations/NERSC/output/240604_Run1_24n24hr/gen_1",
        "saveHDF5": false,
        "saveJson": true,
        "saveLFPCells": false,
        "saveLFPPops": false,
        "saveMat": false,
        "savePickle": false,
        "saveTiming": false,
        "seeds": {
            "cell": 1,
            "conn": 1,
            "loc": 1,
            "stim": 1
        },
        "simLabel": "gen_1_cand_1",
        "tau1_exc": 0.09693412935655346,
        "tau1_exc_std": 2.664937152011513,
        "tau1_inh": 9.125354871787563,
        "tau1_inh_std": 2.9476241935214804,
        "tau2_exc": 21.227117412883445,
        "tau2_exc_std": 0.9135946070605756,
        "tau2_inh": 12.979788975903826,
        "tau2_inh_std": 0.019670965675054206,
        "timestampFilename": false,
        "timing": true,
        "tstop": 1000.0,
        "use_fast_imem": false,
        "validateNetParams": false,
        "verbose": false,
        "weightEE": 1.9818237429116534,
        "weightEE_std": 0.3001891274372315,
        "weightEI": 1.1361745174519764,
        "weightEI_std": 0.15611275690878215,
        "weightIE": 0.8475719348501821,
        "weightIE_std": 0.25210586417959013,
        "weightII": 0.024692751889694442,
        "weightII_std": 0.09506987889981267
    }
}