{
    "simConfig": {
        "E_L_mean": 18.8,
        "E_L_stdev": 7.290065673282161,
        "E_Ra_mean": 128.0,
        "E_Ra_stdev": 24.495742916789833,
        "E_diam_mean": 18.8,
        "E_diam_stdev": 3.2180133179464803,
        "I_L_mean": 9.0,
        "I_L_stdev": 1.1662769837397302,
        "I_Ra_mean": 110.0,
        "I_Ra_stdev": 49.49821511230867,
        "I_diam_mean": 10.0,
        "I_diam_stdev": 1.069666362982547,
        "addSynMechs": true,
        "allowConnsWithWeight0": true,
        "allowSelfConns": false,
        "analysis": {},
        "backupCfgFile": [],
        "cache_efficient": true,
        "checkErrors": false,
        "compactConnFormat": false,
        "connRandomSecFromList": true,
        "coreneuron": false,
        "createNEURONObj": true,
        "createPyStruct": true,
        "cvode_active": false,
        "cvode_atol": 0.001,
        "distributeSynsUniformly": true,
        "dt": 0.025,
        "dump_coreneuron_model": false,
        "duration": 1000.0,
        "duration_seconds": 330.0,
        "filename": "model_output",
        "gatherOnlySimData": false,
        "gkbar_E": 0.14752513499143205,
        "gkbar_E_std": 0.00978212379905434,
        "gkbar_I": 9.820002492966712,
        "gkbar_I_std": 2.4128023917339716,
        "gnabar_E": 6.878716848752838,
        "gnabar_E_std": 1.36907753686695,
        "gnabar_I": 0.2809281226203357,
        "gnabar_I_std": 0.6221250786090203,
        "gpu": false,
        "hParams": {
            "celsius": 6.3,
            "clamp_resist": 0.001,
            "v_init": -65.0
        },
        "includeParamsLabel": true,
        "invertedYCoord": true,
        "networkType": "22May24",
        "oneSynPerNetcon": true,
        "printPopAvgRates": [
            100,
            1000.0
        ],
        "printRunTime": false,
        "printSynsAfterRule": false,
        "probEE": 0.08621593791266428,
        "probEE_std": 0.024830197552849938,
        "probEI": 0.9732294111983647,
        "probEI_std": 0.35700432756226586,
        "probIE": 0.2044938661432688,
        "probIE_std": 0.42938114011858386,
        "probII": 0.0008419247579071477,
        "probII_std": 0.37367875302114467,
        "probLengthConst": 2641.6577008650115,
        "propVelocity": 1.0,
        "pt3dRelativeToCellLocation": true,
        "rand123GlobalIndex": null,
        "random123": false,
        "recordCells": [
            [
                "E",
                [
                    68,
                    13
                ]
            ],
            [
                "I",
                [
                    4,
                    5
                ]
            ]
        ],
        "recordCellsSpikes": -1,
        "recordDipole": false,
        "recordDipolesHNN": false,
        "recordLFP": [],
        "recordStep": 0.1,
        "recordStim": false,
        "recordTime": true,
        "recordTraces": {
            "soma_voltage": {
                "loc": 0.5,
                "sec": "soma",
                "var": "v"
            }
        },
        "saveCSV": false,
        "saveCellConns": true,
        "saveCellSecs": true,
        "saveDat": false,
        "saveDataInclude": [
            "simData",
            "simConfig",
            "netParams",
            "net"
        ],
        "saveDipoleCells": false,
        "saveDipolePops": false,
        "saveDpk": false,
        "saveFolder": "/pscratch/sd/a/adammwea/2DNetworkSimulations/NERSC/output/240604_Run1_24n24hr/gen_1",
        "saveHDF5": false,
        "saveJson": true,
        "saveLFPCells": false,
        "saveLFPPops": false,
        "saveMat": false,
        "savePickle": false,
        "saveTiming": false,
        "seeds": {
            "cell": 1,
            "conn": 1,
            "loc": 1,
            "stim": 1
        },
        "simLabel": "gen_1_cand_350",
        "tau1_exc": 4.744013283327702,
        "tau1_exc_std": 3.3246606937153538,
        "tau1_inh": 8.347579602568203,
        "tau1_inh_std": 2.0874499675592406,
        "tau2_exc": 26.520585935635552,
        "tau2_exc_std": 3.6884329421418256,
        "tau2_inh": 9.437172540271835,
        "tau2_inh_std": 2.6234172948666883,
        "timestampFilename": false,
        "timing": true,
        "tstop": 1000.0,
        "use_fast_imem": false,
        "validateNetParams": false,
        "verbose": false,
        "weightEE": 0.03300732113139414,
        "weightEE_std": 0.047992211727763065,
        "weightEI": 0.11067438309482222,
        "weightEI_std": 0.0550896496062509,
        "weightIE": 0.0924944686346868,
        "weightIE_std": 0.0806159747794459,
        "weightII": 0.6502612646386408,
        "weightII_std": 0.1553560156694087
    }
}