{
    "simConfig": {
        "E_L_mean": 18.8,
        "E_L_stdev": 0.04232676905886201,
        "E_Ra_mean": 128.0,
        "E_Ra_stdev": 53.594553823259766,
        "E_diam_mean": 18.8,
        "E_diam_stdev": 3.989584272960288,
        "I_L_mean": 9.0,
        "I_L_stdev": 0.8714935411659214,
        "I_Ra_mean": 110.0,
        "I_Ra_stdev": 0.08198668763641881,
        "I_diam_mean": 10.0,
        "I_diam_stdev": 3.2090103086935633,
        "addSynMechs": true,
        "allowConnsWithWeight0": true,
        "allowSelfConns": false,
        "analysis": {},
        "backupCfgFile": [],
        "cache_efficient": true,
        "checkErrors": false,
        "compactConnFormat": false,
        "connRandomSecFromList": true,
        "coreneuron": false,
        "createNEURONObj": true,
        "createPyStruct": true,
        "cvode_active": false,
        "cvode_atol": 0.001,
        "distributeSynsUniformly": true,
        "dt": 0.025,
        "dump_coreneuron_model": false,
        "duration": 1000.0,
        "duration_seconds": 330.0,
        "filename": "model_output",
        "gatherOnlySimData": false,
        "gkbar_E": 0.5288792625366928,
        "gkbar_E_std": 0.49099931157199816,
        "gkbar_I": 0.32676509530930714,
        "gkbar_I_std": 1.8259757685897764,
        "gnabar_E": 5.629305550485043,
        "gnabar_E_std": 1.5345182755104707,
        "gnabar_I": 4.671367198738292,
        "gnabar_I_std": 0.35720935460741227,
        "gpu": false,
        "hParams": {
            "celsius": 6.3,
            "clamp_resist": 0.001,
            "v_init": -65.0
        },
        "includeParamsLabel": true,
        "invertedYCoord": true,
        "networkType": "22May24",
        "oneSynPerNetcon": true,
        "printPopAvgRates": [
            100,
            1000.0
        ],
        "printRunTime": false,
        "printSynsAfterRule": false,
        "probEE": 0.0694218632281243,
        "probEE_std": 0.49464324526473524,
        "probEI": 0.4753056963326936,
        "probEI_std": 0.21152440833437125,
        "probIE": 0.738894879183229,
        "probIE_std": 0.010257916832152662,
        "probII": 0.08471241805949564,
        "probII_std": 0.4988473616517945,
        "probLengthConst": 60.901280392291255,
        "propVelocity": 1.0,
        "pt3dRelativeToCellLocation": true,
        "rand123GlobalIndex": null,
        "random123": false,
        "recordCells": [
            [
                "E",
                [
                    68,
                    13
                ]
            ],
            [
                "I",
                [
                    4,
                    5
                ]
            ]
        ],
        "recordCellsSpikes": -1,
        "recordDipole": false,
        "recordDipolesHNN": false,
        "recordLFP": [],
        "recordStep": 0.1,
        "recordStim": false,
        "recordTime": true,
        "recordTraces": {
            "soma_voltage": {
                "loc": 0.5,
                "sec": "soma",
                "var": "v"
            }
        },
        "saveCSV": false,
        "saveCellConns": true,
        "saveCellSecs": true,
        "saveDat": false,
        "saveDataInclude": [
            "simData",
            "simConfig",
            "netParams",
            "net"
        ],
        "saveDipoleCells": false,
        "saveDipolePops": false,
        "saveDpk": false,
        "saveFolder": "/pscratch/sd/a/adammwea/2DNetworkSimulations/NERSC/output/240604_Run1_24n24hr/gen_1",
        "saveHDF5": false,
        "saveJson": true,
        "saveLFPCells": false,
        "saveLFPPops": false,
        "saveMat": false,
        "savePickle": false,
        "saveTiming": false,
        "seeds": {
            "cell": 1,
            "conn": 1,
            "loc": 1,
            "stim": 1
        },
        "simLabel": "gen_1_cand_308",
        "tau1_exc": 0.3707405326938922,
        "tau1_exc_std": 3.244339064243332,
        "tau1_inh": 0.9398704128030144,
        "tau1_inh_std": 3.3204908832144513,
        "tau2_exc": 1.204500368320069,
        "tau2_exc_std": 8.221589018152184,
        "tau2_inh": 4.319074776988726,
        "tau2_inh_std": 9.736782083609146,
        "timestampFilename": false,
        "timing": true,
        "tstop": 1000.0,
        "use_fast_imem": false,
        "validateNetParams": false,
        "verbose": false,
        "weightEE": 1.667836138916671,
        "weightEE_std": 0.15354476385512839,
        "weightEI": 0.5962307972195913,
        "weightEI_std": 0.29132233528849694,
        "weightIE": 0.4143176360657256,
        "weightIE_std": 0.00986643907015941,
        "weightII": 0.3717528018951639,
        "weightII_std": 0.24101348283419377
    }
}