{
    "simConfig": {
        "E_L_mean": 18.8,
        "E_L_stdev": 1.6027519143733064,
        "E_Ra_mean": 128.0,
        "E_Ra_stdev": 53.74756763390803,
        "E_diam_mean": 18.8,
        "E_diam_stdev": 2.2202115510127958,
        "I_L_mean": 9.0,
        "I_L_stdev": 1.1287606686506346,
        "I_Ra_mean": 110.0,
        "I_Ra_stdev": 29.602837921651762,
        "I_diam_mean": 10.0,
        "I_diam_stdev": 2.262452089497362,
        "addSynMechs": true,
        "allowConnsWithWeight0": true,
        "allowSelfConns": false,
        "analysis": {},
        "backupCfgFile": [],
        "cache_efficient": true,
        "checkErrors": false,
        "compactConnFormat": false,
        "connRandomSecFromList": true,
        "coreneuron": false,
        "createNEURONObj": true,
        "createPyStruct": true,
        "cvode_active": false,
        "cvode_atol": 0.001,
        "distributeSynsUniformly": true,
        "dt": 0.025,
        "dump_coreneuron_model": false,
        "duration": 1000.0,
        "duration_seconds": 1.0,
        "filename": "model_output",
        "gatherOnlySimData": false,
        "gkbar_E": 0.2899000791116835,
        "gkbar_E_std": 0.2569281549110658,
        "gkbar_I": 0.005238883904762348,
        "gkbar_I_std": 1.0892181650324162,
        "gnabar_E": 1.406427763951221,
        "gnabar_E_std": 0.10914984429954774,
        "gnabar_I": 4.282372169140914,
        "gnabar_I_std": 0.9680854730162162,
        "gpu": false,
        "hParams": {
            "celsius": 6.3,
            "clamp_resist": 0.001,
            "v_init": -65.0
        },
        "includeParamsLabel": true,
        "invertedYCoord": true,
        "networkType": "07Oct24",
        "oneSynPerNetcon": true,
        "printPopAvgRates": [
            100,
            1000.0
        ],
        "printRunTime": false,
        "printSynsAfterRule": false,
        "probEE": 0.20296372376077942,
        "probEE_std": 0.07126135806915146,
        "probEI": 0.9831473269312861,
        "probEI_std": 0.36714901121888593,
        "probIE": 0.5580390671404382,
        "probIE_std": 0.18678460638510969,
        "probII": 0.5026380203382392,
        "probII_std": 0.3704137123795858,
        "probLengthConst": 1429.2798896510772,
        "progressBar": 2,
        "propVelocity": 1.0,
        "pt3dRelativeToCellLocation": true,
        "rand123GlobalIndex": null,
        "random123": false,
        "recordCells": [
            [
                "E",
                [
                    85,
                    77
                ]
            ],
            [
                "I",
                [
                    8,
                    16
                ]
            ]
        ],
        "recordCellsSpikes": -1,
        "recordDipole": false,
        "recordDipolesHNN": false,
        "recordLFP": [],
        "recordStep": 0.1,
        "recordStim": false,
        "recordTime": true,
        "recordTraces": {
            "soma_voltage": {
                "loc": 0.5,
                "sec": "soma",
                "var": "v"
            }
        },
        "saveCSV": false,
        "saveCellConns": true,
        "saveCellSecs": true,
        "saveDat": false,
        "saveDataInclude": [
            "simData",
            "simConfig",
            "netParams",
            "net"
        ],
        "saveDipoleCells": false,
        "saveDipolePops": false,
        "saveDpk": false,
        "saveFolder": "/app/simulation_output/241007_Run6_vscode/gen_0",
        "saveHDF5": false,
        "saveJson": true,
        "saveLFPCells": false,
        "saveLFPPops": false,
        "saveMat": false,
        "savePickle": false,
        "saveTiming": false,
        "seeds": {
            "cell": 1,
            "conn": 1,
            "loc": 1,
            "stim": 1
        },
        "simLabel": "gen_0_cand_8",
        "tau1_exc": 5.594189680968138,
        "tau1_exc_std": 1.1333832868183336,
        "tau1_inh": 4.008233813698018,
        "tau1_inh_std": 0.8053968141381981,
        "tau2_exc": 19.35400671925785,
        "tau2_exc_std": 4.79915743556849,
        "tau2_inh": 12.103092640397293,
        "tau2_inh_std": 2.754789516685446,
        "timestampFilename": false,
        "timing": true,
        "tstop": 1000.0,
        "use_fast_imem": false,
        "validateNetParams": false,
        "verbose": false,
        "weightEE": 1.470575563272836,
        "weightEE_std": 0.48654964195480216,
        "weightEI": 0.06239263906038617,
        "weightEI_std": 0.26753705894850427,
        "weightIE": 0.03155880598905403,
        "weightIE_std": 0.2211253309659978,
        "weightII": 0.9956870540599501,
        "weightII_std": 0.2168696528224162
    }
}