{
    "simConfig": {
        "E_L_mean": 18.8,
        "E_L_stdev": 1.4703940261075858,
        "E_Ra_mean": 128.0,
        "E_Ra_stdev": 42.58755645080342,
        "E_diam_mean": 18.8,
        "E_diam_stdev": 4.7815262156527005,
        "I_L_mean": 9.0,
        "I_L_stdev": 2.8024653035160787,
        "I_Ra_mean": 110.0,
        "I_Ra_stdev": 37.89863355226545,
        "I_diam_mean": 10.0,
        "I_diam_stdev": 0.6392673543202984,
        "addSynMechs": true,
        "allowConnsWithWeight0": true,
        "allowSelfConns": false,
        "analysis": {},
        "backupCfgFile": [],
        "cache_efficient": true,
        "checkErrors": false,
        "compactConnFormat": false,
        "connRandomSecFromList": true,
        "coreneuron": false,
        "createNEURONObj": true,
        "createPyStruct": true,
        "cvode_active": false,
        "cvode_atol": 0.001,
        "distributeSynsUniformly": true,
        "dt": 0.025,
        "dump_coreneuron_model": false,
        "duration": 1000.0,
        "duration_seconds": 1.0,
        "filename": "model_output",
        "gatherOnlySimData": false,
        "gkbar_E": 0.793163882486552,
        "gkbar_E_std": 0.07660332908324818,
        "gkbar_I": 0.11904703938258487,
        "gkbar_I_std": 1.8454588575440685,
        "gnabar_E": 0.652333725372878,
        "gnabar_E_std": 1.5394706009558385,
        "gnabar_I": 1.7654394528542616,
        "gnabar_I_std": 0.8210271811641348,
        "gpu": false,
        "hParams": {
            "celsius": 6.3,
            "clamp_resist": 0.001,
            "v_init": -65.0
        },
        "includeParamsLabel": true,
        "invertedYCoord": true,
        "networkType": "07Oct24",
        "oneSynPerNetcon": true,
        "printPopAvgRates": [
            100,
            1000.0
        ],
        "printRunTime": false,
        "printSynsAfterRule": false,
        "probEE": 0.7450409411856019,
        "probEE_std": 0.2967697388733404,
        "probEI": 0.4532692130937578,
        "probEI_std": 0.12988328063720617,
        "probIE": 0.014549817770948215,
        "probIE_std": 0.4708049455897824,
        "probII": 0.2695502109930037,
        "probII_std": 0.44124500138851463,
        "probLengthConst": 507.5085063585787,
        "progressBar": 2,
        "propVelocity": 1.0,
        "pt3dRelativeToCellLocation": true,
        "rand123GlobalIndex": null,
        "random123": false,
        "recordCells": [
            [
                "E",
                [
                    85,
                    77
                ]
            ],
            [
                "I",
                [
                    8,
                    16
                ]
            ]
        ],
        "recordCellsSpikes": -1,
        "recordDipole": false,
        "recordDipolesHNN": false,
        "recordLFP": [],
        "recordStep": 0.1,
        "recordStim": false,
        "recordTime": true,
        "recordTraces": {
            "soma_voltage": {
                "loc": 0.5,
                "sec": "soma",
                "var": "v"
            }
        },
        "saveCSV": false,
        "saveCellConns": true,
        "saveCellSecs": true,
        "saveDat": false,
        "saveDataInclude": [
            "simData",
            "simConfig",
            "netParams",
            "net"
        ],
        "saveDipoleCells": false,
        "saveDipolePops": false,
        "saveDpk": false,
        "saveFolder": "/app/simulation_output/241007_Run6_vscode/gen_0",
        "saveHDF5": false,
        "saveJson": true,
        "saveLFPCells": false,
        "saveLFPPops": false,
        "saveMat": false,
        "savePickle": false,
        "saveTiming": false,
        "seeds": {
            "cell": 1,
            "conn": 1,
            "loc": 1,
            "stim": 1
        },
        "simLabel": "gen_0_cand_0",
        "tau1_exc": 1.649363845654571,
        "tau1_exc_std": 0.3279916999802509,
        "tau1_inh": 1.8660212212079819,
        "tau1_inh_std": 2.207164664709284,
        "tau2_exc": 27.14907596065347,
        "tau2_exc_std": 3.6118938991427574,
        "tau2_inh": 0.37949760283272793,
        "tau2_inh_std": 6.893392374153727,
        "timestampFilename": false,
        "timing": true,
        "tstop": 1000.0,
        "use_fast_imem": false,
        "validateNetParams": false,
        "verbose": false,
        "weightEE": 0.5094849110546988,
        "weightEE_std": 0.008785389604707927,
        "weightEI": 0.6667357466938726,
        "weightEI_std": 0.07624923282241021,
        "weightIE": 0.36173584596977326,
        "weightIE_std": 0.23412998246604833,
        "weightII": 0.2677909082785408,
        "weightII_std": 0.2194093684174633
    }
}