{
    "burstAmp_Fitness": 1000.0,
    "IBI_fitness": 2.9692982892302084,
    "baselineFitness": 2.641841610292554,
    "slopeFitness": 1.0000112857186196,
    "baseline_diff_fitness": 1000,
    "burst_peak_frequency_fitness": 149.4567430786237,
    "rate_fitness": 1000.0,
    "maxFitness": 1000,
    "average_fitness": 450.866842037695,
    "average_scaled_fitness": 450.3171529871162
}