{
    "burstAmp_Fitness": 4.395421500683776,
    "burst_peak_frequency_fitness": 1000,
    "IBI_fitness": 1000,
    "baselineFitness": 1000,
    "slopeFitness": 1.0066838927423072,
    "baseline_diff_fitness": 1000,
    "rate_fitness": 506.28772205176335,
    "maxFitness": 1000,
    "average_fitness": 644.5271182064556,
    "average_scaled_fitness": 644.1689087783859
}