{
    "burstAmp_Fitness": 32.05532068391953,
    "burst_peak_frequency_fitness": 1000,
    "IBI_fitness": 1000,
    "baselineFitness": 1000,
    "slopeFitness": 1.0027498012592375,
    "baseline_diff_fitness": 1000,
    "rate_fitness": 500.9280880566729,
    "maxFitness": 1000,
    "average_fitness": 647.7123083631216,
    "average_scaled_fitness": 647.3586973669907
}