{
    "burstAmp_Fitness": 11.205144905997882,
    "burst_peak_frequency_fitness": 1000,
    "IBI_fitness": 1000,
    "baselineFitness": 2.0039078292385617,
    "slopeFitness": 1.0144291634484879,
    "baseline_diff_fitness": 1000,
    "rate_fitness": 504.8774892875717,
    "maxFitness": 1000,
    "average_fitness": 502.7287101694652,
    "average_scaled_fitness": 502.2237514260399
}