{
    "burstAmp_Fitness": 2.3304869008133062,
    "burst_peak_frequency_fitness": 1000,
    "IBI_fitness": 1000,
    "baselineFitness": 1000,
    "slopeFitness": 1.0000610224110238,
    "baseline_diff_fitness": 1000,
    "rate_fitness": 505.1992765250337,
    "maxFitness": 1000,
    "average_fitness": 644.075689206894,
    "average_scaled_fitness": 643.7193868526447
}