{
    "burstAmp_Fitness": {
        "Value": 0.31731468329700085,
        "Fit": 1000.0
    },
    "burst_peak_frequency_fitness": {
        "Value": 0.21097046413502107,
        "Fit": 1000
    },
    "IBI_fitness": {
        "Value": null,
        "Fit": 1000
    },
    "baseline_fitness": {
        "Value": 14.001090727324117,
        "Fit": 1000
    },
    "slopeFitness": {
        "Value": 0.0005551706371763963,
        "Fit": 1.0011109579314377
    },
    "thresh": {
        "Value": 13.738478085276492,
        "Fit": 1000
    },
    "sustain_oscillation_fitness": {
        "Value": 89.28571428571429,
        "Fit": 8.523756461042588
    },
    "rate_fitness": {
        "Value": 25.027777777777775,
        "Fit": 1000.0
    },
    "maxFitness": 1000,
    "average_fitness": 751.1906084273718,
    "average_scaled_fitness": 750.9412730066102
}