{
    "rate_fitness": 1000.0,
    "BurstVal_fitness": 3.8382802459966845,
    "IBI_fitness": 3.0429749470749927,
    "baselineFitness": 1.0112205618018666,
    "slopeFitness": 1.0000158071980088,
    "baseline_diff_fitness": 1000,
    "burst_peak_frequency": 182.58342780192734,
    "fitness": 313.0679884805713,
    "average_scaled_fitness": 312.38035796920065,
    "maxFitness": 1000
}