{
    "rate_fitness": 1000.0,
    "BurstVal_fitness": 3.416894436336567,
    "IBI_fitness": 3.1559460508517874,
    "baselineFitness": 1000,
    "slopeFitness": 1.0001252815096044,
    "baseline_diff_fitness": 1000,
    "burst_peak_frequency": 292.0040513819289,
    "fitness": 471.3681453072324,
    "average_scaled_fitness": 470.8389179310643,
    "maxFitness": 1000
}