{
    "rate_fitness": 20.781726648745426,
    "BurstVal_fitness": 2.915137064535836,
    "IBI_fitness": 2.667045579635449,
    "baselineFitness": 5.5580817585460105,
    "slopeFitness": 1.0003617640868678,
    "baseline_diff_fitness": 1000,
    "burst_peak_frequency": 20.911987949741487,
    "fitness": 150.54776296647015,
    "average_scaled_fitness": 149.6971525099469,
    "maxFitness": 1000
}