{
    "burstAmp_Fitness": {
        "Value": 2.1776243026639133,
        "Fit": 1000.0
    },
    "burst_peak_frequency_fitness": {
        "Value": 0.1336675020885547,
        "Fit": 1000
    },
    "IBI_fitness": {
        "Value": 5572.5,
        "Fit": 1000.0
    },
    "baseline_fitness": {
        "Value": 25.194206385556967,
        "Fit": 1000
    },
    "slopeFitness": {
        "Value": 0.0011695410441623436,
        "Fit": 1.0023418198750524
    },
    "thresh": {
        "Value": 22.0214213325843,
        "Fit": 1000
    },
    "sustain_oscillation_fitness": {
        "Value": 69.6151924037981,
        "Fit": 1000
    },
    "E_rate_fitness": {
        "Value": 16.869047619047617,
        "Fit": 42.419961757645325
    },
    "I_rate_fitness": {
        "Value": 5.222222222222222,
        "Fit": 11.914757737473511
    },
    "maxFitness": 1000,
    "average_fitness": 672.8152290349993,
    "average_scaled_fitness": 672.4869490074346
}