{
    "burstAmp_Fitness": 2.159965313970766,
    "burst_peak_frequency_fitness": 2.0192026438169104,
    "IBI_fitness": 2.900838984059634,
    "baselineFitness": 1000,
    "slopeFitness": 1.029005817703659,
    "baseline_diff_fitness": 1000,
    "rate_fitness": 503.7082368576967,
    "maxFitness": 1000,
    "average_fitness": 358.8310356596068,
    "average_scaled_fitness": 358.1705894621901
}