{
    "burstAmp_Fitness": 1.645024820938818,
    "burst_peak_frequency_fitness": 78.99833304848863,
    "IBI_fitness": 2.9010700486814676,
    "baselineFitness": 1000,
    "slopeFitness": 1.068588299893318,
    "baseline_diff_fitness": 1000,
    "rate_fitness": 504.27260277110855,
    "maxFitness": 1000,
    "average_fitness": 369.8408027127301,
    "average_scaled_fitness": 369.1667016309098
}