{
    "burstAmp_Fitness": 1.1007294352261086,
    "burst_peak_frequency_fitness": 41.02926999382557,
    "IBI_fitness": 1000,
    "baselineFitness": 1000,
    "slopeFitness": 1.14625281566846,
    "baseline_diff_fitness": 1000,
    "rate_fitness": 504.93198581078883,
    "maxFitness": 1000,
    "average_fitness": 506.886891150787,
    "average_scaled_fitness": 506.343508920165
}