{
    "burstAmp_Fitness": 3.047652444085277,
    "burst_peak_frequency_fitness": 1000,
    "IBI_fitness": 1000,
    "baselineFitness": 3.9251332457820727,
    "slopeFitness": 1.0121874368421053,
    "baseline_diff_fitness": 1000,
    "rate_fitness": 503.8126874232485,
    "maxFitness": 1000,
    "average_fitness": 501.6853800785654,
    "average_scaled_fitness": 501.18048122841316
}