{
    "BigBurstVal_Fitness": {
        "Value": 13019.47998244287,
        "Fit": 1000.0
    },
    "numBig_Fitness": {
        "Value": 66,
        "Percent": 100.0,
        "Fit": 1000
    },
    "SmallBurstVal_Fitness": {
        "Value": null,
        "Fit": 1000
    },
    "numSmall_Fitness": {
        "Value": 0,
        "Percent": 0.0,
        "Fit": 1000
    },
    "burst_peak_frequency_fitness": {
        "Value": 0.5518394648829431,
        "Fit": 1.5456983713634973
    },
    "IBI_fitness": {
        "Value": 1.8307692307692307,
        "Fit": 1.0006288578320557
    },
    "baseline_fitness": {
        "Value": 12486.98945566189,
        "Fit": 1000
    },
    "slopeFitness": {
        "Value": -0.44638950940084404,
        "Fit": 1.566567659692375
    },
    "thresh": {
        "Value": 12541.62959490947,
        "Fit": 1000
    },
    "sustain_oscillation_fitness": {
        "Value": 99.58368026644463,
        "Fit": 0.00016984098451162976
    },
    "E_rate_fitness": {
        "Value": 81.55555555555556,
        "Fit": 1000
    },
    "I_rate_fitness": {
        "Value": 35.81481481481482,
        "Fit": 1000
    },
    "maxFitness": 1000,
    "average_fitness": 667.0094220608227,
    "average_scaled_fitness": 0.6670093655053654
}