{
    "burstAmp_Fitness": {
        "Value": 1.393917143971066,
        "Fit": 1000.0
    },
    "burst_peak_frequency_fitness": {
        "Value": 0.4187341666143249,
        "Fit": 1.6693010396516217
    },
    "IBI_fitness": {
        "Value": 2410.8673469387754,
        "Fit": 1.52392779830759
    },
    "baseline_fitness": {
        "Value": 4.8028612477446275,
        "Fit": 1000
    },
    "slopeFitness": {
        "Value": 2.2411581430136514e-07,
        "Fit": 1.000000448231729
    },
    "thresh": {
        "Value": 4.936257815439203,
        "Fit": 1.0658175791093847
    },
    "sustain_oscillation_fitness": {
        "Value": 99.40628710705582,
        "Fit": 1.1260800038711851
    },
    "E_rate_fitness": {
        "Value": 0.5793650793650794,
        "Fit": 1000
    },
    "I_rate_fitness": {
        "Value": 47.78703703703704,
        "Fit": 5.9221745477442305
    },
    "maxFitness": 1000,
    "average_fitness": 334.7008112685462,
    "average_scaled_fitness": 334.0348458158553
}