{
    "simConfig": {
        "E_L_mean": 18.8,
        "E_L_stdev": 0.4064686743532719,
        "E_Ra_mean": 128.0,
        "E_Ra_stdev": 12.321031439355476,
        "E_diam_mean": 18.8,
        "E_diam_stdev": 5.335622551204012,
        "I_L_mean": 9.0,
        "I_L_stdev": 0.750422037781362,
        "I_Ra_mean": 110.0,
        "I_Ra_stdev": 9.045126552658878,
        "I_diam_mean": 10.0,
        "I_diam_stdev": 3.0249729551281517,
        "addSynMechs": true,
        "allowConnsWithWeight0": true,
        "allowSelfConns": false,
        "analysis": {},
        "backupCfgFile": [],
        "cache_efficient": true,
        "checkErrors": false,
        "compactConnFormat": false,
        "connRandomSecFromList": true,
        "coreneuron": false,
        "createNEURONObj": true,
        "createPyStruct": true,
        "cvode_active": false,
        "cvode_atol": 0.001,
        "distributeSynsUniformly": true,
        "dt": 0.025,
        "dump_coreneuron_model": false,
        "duration": 1000.0,
        "duration_seconds": 300.0,
        "filename": "model_output",
        "gatherOnlySimData": false,
        "gkbar_E": 0.31672224870342,
        "gkbar_E_std": 0.4753098226357566,
        "gkbar_I": 0.9211722124834427,
        "gkbar_I_std": 1.131455550436244,
        "gnabar_E": 3.383588219073293,
        "gnabar_E_std": 1.3170489476434388,
        "gnabar_I": 0.4336699019256908,
        "gnabar_I_std": 0.03521950332837305,
        "gpu": false,
        "hParams": {
            "celsius": 6.3,
            "clamp_resist": 0.001,
            "v_init": -65.0
        },
        "includeParamsLabel": true,
        "invertedYCoord": true,
        "networkType": "22May24",
        "oneSynPerNetcon": true,
        "printPopAvgRates": [
            100,
            1000.0
        ],
        "printRunTime": false,
        "printSynsAfterRule": false,
        "probEE": 0.6736936610417199,
        "probEE_std": 0.2509028146877077,
        "probEI": 0.9220005595473327,
        "probEI_std": 0.49802065344488433,
        "probIE": 0.0837392516070527,
        "probIE_std": 0.41238830686396255,
        "probII": 0.620591989263699,
        "probII_std": 0.04308602707344654,
        "probLengthConst": 162.16283715915756,
        "propVelocity": 1.0,
        "pt3dRelativeToCellLocation": true,
        "rand123GlobalIndex": null,
        "random123": false,
        "recordCells": [
            [
                "E",
                [
                    24,
                    73
                ]
            ],
            [
                "I",
                [
                    41,
                    25
                ]
            ]
        ],
        "recordCellsSpikes": -1,
        "recordDipole": false,
        "recordDipolesHNN": false,
        "recordLFP": [],
        "recordStep": 0.1,
        "recordStim": false,
        "recordTime": true,
        "recordTraces": {
            "soma_voltage": {
                "loc": 0.5,
                "sec": "soma",
                "var": "v"
            }
        },
        "saveCSV": false,
        "saveCellConns": true,
        "saveCellSecs": true,
        "saveDat": false,
        "saveDataInclude": [
            "simData",
            "simConfig",
            "netParams",
            "net"
        ],
        "saveDipoleCells": false,
        "saveDipolePops": false,
        "saveDpk": false,
        "saveFolder": "/pscratch/sd/a/adammwea/2DNetworkSimulations/NERSC/output/240529_Run1_8nodes/gen_3",
        "saveHDF5": false,
        "saveJson": true,
        "saveLFPCells": false,
        "saveLFPPops": false,
        "saveMat": false,
        "savePickle": false,
        "saveTiming": false,
        "seeds": {
            "cell": 1,
            "conn": 1,
            "loc": 1,
            "stim": 1
        },
        "simLabel": "gen_3_cand_61",
        "tau1_exc": 5.023859590853803,
        "tau1_exc_std": 3.3329379314984657,
        "tau1_inh": 9.815160829292823,
        "tau1_inh_std": 3.2476499882063252,
        "tau2_exc": 29.834934601386998,
        "tau2_exc_std": 6.8440511461474145,
        "tau2_inh": 19.729812168717086,
        "tau2_inh_std": 4.293432600367603,
        "timestampFilename": false,
        "timing": true,
        "tstop": 1000.0,
        "use_fast_imem": false,
        "validateNetParams": false,
        "verbose": false,
        "weightEE": 0.05428614005752197,
        "weightEE_std": 0.13231389588586642,
        "weightEI": 0.4082173594431404,
        "weightEI_std": 0.05127175259898595,
        "weightIE": 0.5072653484353662,
        "weightIE_std": 0.290183210310822,
        "weightII": 1.3637359926843673,
        "weightII_std": 0.24079623695387245
    }
}