{
    "simConfig": {
        "E_L_mean": 18.8,
        "E_L_stdev": 1.9713297022607077,
        "E_Ra_mean": 128.0,
        "E_Ra_stdev": 31.575774953621895,
        "E_diam_mean": 18.8,
        "E_diam_stdev": 1.1966933680695555,
        "I_L_mean": 9.0,
        "I_L_stdev": 2.687364983018614,
        "I_Ra_mean": 110.0,
        "I_Ra_stdev": 52.43878078144338,
        "I_diam_mean": 10.0,
        "I_diam_stdev": 1.0312225492809675,
        "addSynMechs": true,
        "allowConnsWithWeight0": true,
        "allowSelfConns": false,
        "analysis": {},
        "backupCfgFile": [],
        "cache_efficient": true,
        "checkErrors": false,
        "compactConnFormat": false,
        "connRandomSecFromList": true,
        "coreneuron": false,
        "createNEURONObj": true,
        "createPyStruct": true,
        "cvode_active": false,
        "cvode_atol": 0.001,
        "distributeSynsUniformly": true,
        "dt": 0.025,
        "dump_coreneuron_model": false,
        "duration": 1000.0,
        "duration_seconds": 300.0,
        "filename": "model_output",
        "gatherOnlySimData": false,
        "gkbar_E": 0.21789734611194733,
        "gkbar_E_std": 0.001641310299904275,
        "gkbar_I": 0.12511007570525678,
        "gkbar_I_std": 0.030734919113204653,
        "gnabar_E": 1.9102554205906703,
        "gnabar_E_std": 0.6844556733217431,
        "gnabar_I": 4.915610931618671,
        "gnabar_I_std": 0.01835018013387825,
        "gpu": false,
        "hParams": {
            "celsius": 6.3,
            "clamp_resist": 0.001,
            "v_init": -65.0
        },
        "includeParamsLabel": true,
        "invertedYCoord": true,
        "networkType": "22May24",
        "oneSynPerNetcon": true,
        "printPopAvgRates": [
            100,
            1000.0
        ],
        "printRunTime": false,
        "printSynsAfterRule": false,
        "probEE": 0.6707355659778038,
        "probEE_std": 0.07118166676984533,
        "probEI": 0.9513587123462613,
        "probEI_std": 0.16472579446364768,
        "probIE": 0.6973763893001862,
        "probIE_std": 0.04351846349501615,
        "probII": 0.3794820744764605,
        "probII_std": 0.46723596989763505,
        "probLengthConst": 1316.7568838602906,
        "propVelocity": 1.0,
        "pt3dRelativeToCellLocation": true,
        "rand123GlobalIndex": null,
        "random123": false,
        "recordCells": [
            [
                "E",
                [
                    24,
                    73
                ]
            ],
            [
                "I",
                [
                    41,
                    25
                ]
            ]
        ],
        "recordCellsSpikes": -1,
        "recordDipole": false,
        "recordDipolesHNN": false,
        "recordLFP": [],
        "recordStep": 0.1,
        "recordStim": false,
        "recordTime": true,
        "recordTraces": {
            "soma_voltage": {
                "loc": 0.5,
                "sec": "soma",
                "var": "v"
            }
        },
        "saveCSV": false,
        "saveCellConns": true,
        "saveCellSecs": true,
        "saveDat": false,
        "saveDataInclude": [
            "simData",
            "simConfig",
            "netParams",
            "net"
        ],
        "saveDipoleCells": false,
        "saveDipolePops": false,
        "saveDpk": false,
        "saveFolder": "/pscratch/sd/a/adammwea/2DNetworkSimulations/NERSC/output/240529_Run1_8nodes/gen_3",
        "saveHDF5": false,
        "saveJson": true,
        "saveLFPCells": false,
        "saveLFPPops": false,
        "saveMat": false,
        "savePickle": false,
        "saveTiming": false,
        "seeds": {
            "cell": 1,
            "conn": 1,
            "loc": 1,
            "stim": 1
        },
        "simLabel": "gen_3_cand_49",
        "tau1_exc": 6.852550146604914,
        "tau1_exc_std": 3.2914637692095585,
        "tau1_inh": 8.41771890449399,
        "tau1_inh_std": 2.694570593341037,
        "tau2_exc": 24.527026702366193,
        "tau2_exc_std": 5.028459284795294,
        "tau2_inh": 16.783247016325745,
        "tau2_inh_std": 1.3070985849415058,
        "timestampFilename": false,
        "timing": true,
        "tstop": 1000.0,
        "use_fast_imem": false,
        "validateNetParams": false,
        "verbose": false,
        "weightEE": 1.2477226041252354,
        "weightEE_std": 0.07719293900000583,
        "weightEI": 1.931572510620706,
        "weightEI_std": 0.025682226787969782,
        "weightIE": 0.9989144228162914,
        "weightIE_std": 0.08007131875488673,
        "weightII": 1.5965384665157525,
        "weightII_std": 0.2430465237538119
    }
}