{
    "BigBurstVal_Fitness": {
        "Value": 5641.690917446634,
        "Fit": 1000.0
    },
    "numBig_Fitness": {
        "Value": 14,
        "Percent": 100.0,
        "Fit": 1000
    },
    "SmallBurstVal_Fitness": {
        "Value": null,
        "Fit": 1000
    },
    "numSmall_Fitness": {
        "Value": 0,
        "Percent": 0.0,
        "Fit": 1000
    },
    "burst_peak_frequency_fitness": {
        "Value": 0.47138047138047134,
        "Fit": 1.4262046642589084
    },
    "IBI_fitness": {
        "Value": 2.030769230769231,
        "Fit": 1.000610787801373
    },
    "baseline_fitness": {
        "Value": 5487.311715588609,
        "Fit": 1000
    },
    "slopeFitness": {
        "Value": -0.12139346656905745,
        "Fit": 1.1318924645388055
    },
    "thresh": {
        "Value": 5385.126193728854,
        "Fit": 1000
    },
    "sustain_oscillation_fitness": {
        "Value": 92.69102990033223,
        "Fit": 5.977471053564435
    },
    "E_rate_fitness": {
        "Value": 23.41111111111111,
        "Fit": 1000
    },
    "I_rate_fitness": {
        "Value": 2.9974160206718343,
        "Fit": 5.5458455373692
    },
    "maxFitness": 1000,
    "average_fitness": 584.590168708961,
    "average_scaled_fitness": 0.5841740888163834
}