{
    "simConfig": {
        "E_L_mean": 18.8,
        "E_L_stdev": 8.998278684139532,
        "E_Ra_mean": 128.0,
        "E_Ra_stdev": 27.525444972079924,
        "E_diam_mean": 18.8,
        "E_diam_stdev": 4.270630628411023,
        "I_L_mean": 9.0,
        "I_L_stdev": 2.7670685810488416,
        "I_Ra_mean": 110.0,
        "I_Ra_stdev": 3.94371418462726,
        "I_diam_mean": 10.0,
        "I_diam_stdev": 0.7526907090576862,
        "addSynMechs": true,
        "allowConnsWithWeight0": true,
        "allowSelfConns": false,
        "analysis": {},
        "backupCfgFile": [],
        "cache_efficient": true,
        "checkErrors": false,
        "compactConnFormat": false,
        "connRandomSecFromList": true,
        "coreneuron": false,
        "createNEURONObj": true,
        "createPyStruct": true,
        "cvode_active": false,
        "cvode_atol": 0.001,
        "distributeSynsUniformly": true,
        "dt": 0.025,
        "dump_coreneuron_model": false,
        "duration": 1000.0,
        "duration_seconds": 330.0,
        "filename": "model_output",
        "gatherOnlySimData": false,
        "gkbar_E": 0.28560674340906,
        "gkbar_E_std": 0.33532020427368775,
        "gkbar_I": 9.94065825164653,
        "gkbar_I_std": 0.014571271244744652,
        "gnabar_E": 5.104434906190056,
        "gnabar_E_std": 0.018367472579316126,
        "gnabar_I": 4.880499207749432,
        "gnabar_I_std": 0.9761198711673506,
        "gpu": false,
        "hParams": {
            "celsius": 6.3,
            "clamp_resist": 0.001,
            "v_init": -65.0
        },
        "includeParamsLabel": true,
        "invertedYCoord": true,
        "networkType": "22May24",
        "oneSynPerNetcon": true,
        "printPopAvgRates": [
            100,
            1000.0
        ],
        "printRunTime": false,
        "printSynsAfterRule": false,
        "probEE": 0.0005961445825471753,
        "probEE_std": 0.19841027621136653,
        "probEI": 0.2693477886735494,
        "probEI_std": 0.49382440555322915,
        "probIE": 0.11883786826687076,
        "probIE_std": 0.18408942468418926,
        "probII": 0.168866982530287,
        "probII_std": 0.2321290145020318,
        "probLengthConst": 1679.2719437702913,
        "propVelocity": 1.0,
        "pt3dRelativeToCellLocation": true,
        "rand123GlobalIndex": null,
        "random123": false,
        "recordCells": [
            [
                "E",
                [
                    68,
                    13
                ]
            ],
            [
                "I",
                [
                    4,
                    5
                ]
            ]
        ],
        "recordCellsSpikes": -1,
        "recordDipole": false,
        "recordDipolesHNN": false,
        "recordLFP": [],
        "recordStep": 0.1,
        "recordStim": false,
        "recordTime": true,
        "recordTraces": {
            "soma_voltage": {
                "loc": 0.5,
                "sec": "soma",
                "var": "v"
            }
        },
        "saveCSV": false,
        "saveCellConns": true,
        "saveCellSecs": true,
        "saveDat": false,
        "saveDataInclude": [
            "simData",
            "simConfig",
            "netParams",
            "net"
        ],
        "saveDipoleCells": false,
        "saveDipolePops": false,
        "saveDpk": false,
        "saveFolder": "/pscratch/sd/a/adammwea/2DNetworkSimulations/NERSC/output/240604_Run1_24n24hr/gen_4",
        "saveHDF5": false,
        "saveJson": true,
        "saveLFPCells": false,
        "saveLFPPops": false,
        "saveMat": false,
        "savePickle": false,
        "saveTiming": false,
        "seeds": {
            "cell": 1,
            "conn": 1,
            "loc": 1,
            "stim": 1
        },
        "simLabel": "gen_4_cand_496",
        "tau1_exc": 0.8669316161780269,
        "tau1_exc_std": 1.1839179744120754,
        "tau1_inh": 5.629140923285885,
        "tau1_inh_std": 1.649524982742702,
        "tau2_exc": 7.992093605753243,
        "tau2_exc_std": 6.71679955717457,
        "tau2_inh": 9.411216755917266,
        "tau2_inh_std": 4.605977391243356,
        "timestampFilename": false,
        "timing": true,
        "tstop": 1000.0,
        "use_fast_imem": false,
        "validateNetParams": false,
        "verbose": false,
        "weightEE": 1.3869664859135469,
        "weightEE_std": 0.24399790044506015,
        "weightEI": 0.036735412648176285,
        "weightEI_std": 0.2227379729717175,
        "weightIE": 0.005433064339963989,
        "weightIE_std": 0.02835697819412577,
        "weightII": 1.2988720593573846,
        "weightII_std": 0.21296002103928863
    }
}