{
    "simConfig": {
        "E_L_mean": 18.8,
        "E_L_stdev": 2.5894079597502415,
        "E_Ra_mean": 128.0,
        "E_Ra_stdev": 0.9415742047132412,
        "E_diam_mean": 18.8,
        "E_diam_stdev": 3.36964321591193,
        "I_L_mean": 9.0,
        "I_L_stdev": 2.508349576823629,
        "I_Ra_mean": 110.0,
        "I_Ra_stdev": 24.974658087097794,
        "I_diam_mean": 10.0,
        "I_diam_stdev": 0.7468484799172036,
        "addSynMechs": true,
        "allowConnsWithWeight0": true,
        "allowSelfConns": false,
        "analysis": {},
        "backupCfgFile": [],
        "cache_efficient": true,
        "checkErrors": false,
        "compactConnFormat": false,
        "connRandomSecFromList": true,
        "coreneuron": false,
        "createNEURONObj": true,
        "createPyStruct": true,
        "cvode_active": false,
        "cvode_atol": 0.001,
        "distributeSynsUniformly": true,
        "dt": 0.025,
        "dump_coreneuron_model": false,
        "duration": 1000.0,
        "duration_seconds": 330.0,
        "filename": "model_output",
        "gatherOnlySimData": false,
        "gkbar_E": 0.738869222618292,
        "gkbar_E_std": 0.04793285928707315,
        "gkbar_I": 7.4137218867467425,
        "gkbar_I_std": 0.2880642243837403,
        "gnabar_E": 3.9557139377399215,
        "gnabar_E_std": 1.3822341643661635,
        "gnabar_I": 1.6025856199279827,
        "gnabar_I_std": 7.836709370991676e-05,
        "gpu": false,
        "hParams": {
            "celsius": 6.3,
            "clamp_resist": 0.001,
            "v_init": -65.0
        },
        "includeParamsLabel": true,
        "invertedYCoord": true,
        "networkType": "22May24",
        "oneSynPerNetcon": true,
        "printPopAvgRates": [
            100,
            1000.0
        ],
        "printRunTime": false,
        "printSynsAfterRule": false,
        "probEE": 0.31039383791721975,
        "probEE_std": 0.20138461915106376,
        "probEI": 0.7201539900902945,
        "probEI_std": 0.06177899294249342,
        "probIE": 0.3539588121766208,
        "probIE_std": 0.48897292998415587,
        "probII": 0.006914511857216038,
        "probII_std": 0.24475880839363753,
        "probLengthConst": 1407.4252901111206,
        "propVelocity": 1.0,
        "pt3dRelativeToCellLocation": true,
        "rand123GlobalIndex": null,
        "random123": false,
        "recordCells": [
            [
                "E",
                [
                    68,
                    13
                ]
            ],
            [
                "I",
                [
                    4,
                    5
                ]
            ]
        ],
        "recordCellsSpikes": -1,
        "recordDipole": false,
        "recordDipolesHNN": false,
        "recordLFP": [],
        "recordStep": 0.1,
        "recordStim": false,
        "recordTime": true,
        "recordTraces": {
            "soma_voltage": {
                "loc": 0.5,
                "sec": "soma",
                "var": "v"
            }
        },
        "saveCSV": false,
        "saveCellConns": true,
        "saveCellSecs": true,
        "saveDat": false,
        "saveDataInclude": [
            "simData",
            "simConfig",
            "netParams",
            "net"
        ],
        "saveDipoleCells": false,
        "saveDipolePops": false,
        "saveDpk": false,
        "saveFolder": "/pscratch/sd/a/adammwea/2DNetworkSimulations/NERSC/output/240604_Run1_24n24hr/gen_4",
        "saveHDF5": false,
        "saveJson": true,
        "saveLFPCells": false,
        "saveLFPPops": false,
        "saveMat": false,
        "savePickle": false,
        "saveTiming": false,
        "seeds": {
            "cell": 1,
            "conn": 1,
            "loc": 1,
            "stim": 1
        },
        "simLabel": "gen_4_cand_233",
        "tau1_exc": 1.3657176873660486,
        "tau1_exc_std": 0.8313850933245697,
        "tau1_inh": 7.184187012737917,
        "tau1_inh_std": 0.7390458054436677,
        "tau2_exc": 3.909062906740793,
        "tau2_exc_std": 6.125250664126447,
        "tau2_inh": 19.54268465883598,
        "tau2_inh_std": 7.490652497230107,
        "timestampFilename": false,
        "timing": true,
        "tstop": 1000.0,
        "use_fast_imem": false,
        "validateNetParams": false,
        "verbose": false,
        "weightEE": 0.7269801343652924,
        "weightEE_std": 0.2690437898798742,
        "weightEI": 0.4754621359106019,
        "weightEI_std": 0.22230199719317079,
        "weightIE": 0.9394996528204532,
        "weightIE_std": 0.30868512261723935,
        "weightII": 1.985503054296585,
        "weightII_std": 0.004542397694607764
    }
}