{
    "simConfig": {
        "E_L_mean": 18.8,
        "E_L_stdev": 6.359849041939271,
        "E_Ra_mean": 128.0,
        "E_Ra_stdev": 6.188255636002028,
        "E_diam_mean": 18.8,
        "E_diam_stdev": 2.418248945595625,
        "I_L_mean": 9.0,
        "I_L_stdev": 0.4400292884689381,
        "I_Ra_mean": 110.0,
        "I_Ra_stdev": 50.491753479636564,
        "I_diam_mean": 10.0,
        "I_diam_stdev": 0.6998119759164776,
        "addSynMechs": true,
        "allowConnsWithWeight0": true,
        "allowSelfConns": false,
        "analysis": {},
        "backupCfgFile": [],
        "cache_efficient": true,
        "checkErrors": false,
        "compactConnFormat": false,
        "connRandomSecFromList": true,
        "coreneuron": false,
        "createNEURONObj": true,
        "createPyStruct": true,
        "cvode_active": false,
        "cvode_atol": 0.001,
        "distributeSynsUniformly": true,
        "dt": 0.025,
        "dump_coreneuron_model": false,
        "duration": 1000.0,
        "duration_seconds": 330.0,
        "filename": "model_output",
        "gatherOnlySimData": false,
        "gkbar_E": 0.28735684164109887,
        "gkbar_E_std": 0.21990571030165385,
        "gkbar_I": 5.009999842187324,
        "gkbar_I_std": 1.3167218411623187,
        "gnabar_E": 4.279505661800382,
        "gnabar_E_std": 1.6646978127914231,
        "gnabar_I": 4.431292728085468,
        "gnabar_I_std": 0.13651704144332924,
        "gpu": false,
        "hParams": {
            "celsius": 6.3,
            "clamp_resist": 0.001,
            "v_init": -65.0
        },
        "includeParamsLabel": true,
        "invertedYCoord": true,
        "networkType": "22May24",
        "oneSynPerNetcon": true,
        "printPopAvgRates": [
            100,
            1000.0
        ],
        "printRunTime": false,
        "printSynsAfterRule": false,
        "probEE": 0.1244403159825253,
        "probEE_std": 0.4907545549396009,
        "probEI": 0.5743556180901718,
        "probEI_std": 0.49348581372162986,
        "probIE": 0.05398700071146055,
        "probIE_std": 0.2939047185762392,
        "probII": 0.6414167263567014,
        "probII_std": 0.32457540421198244,
        "probLengthConst": 1201.0262322722888,
        "propVelocity": 1.0,
        "pt3dRelativeToCellLocation": true,
        "rand123GlobalIndex": null,
        "random123": false,
        "recordCells": [
            [
                "E",
                [
                    68,
                    13
                ]
            ],
            [
                "I",
                [
                    4,
                    5
                ]
            ]
        ],
        "recordCellsSpikes": -1,
        "recordDipole": false,
        "recordDipolesHNN": false,
        "recordLFP": [],
        "recordStep": 0.1,
        "recordStim": false,
        "recordTime": true,
        "recordTraces": {
            "soma_voltage": {
                "loc": 0.5,
                "sec": "soma",
                "var": "v"
            }
        },
        "saveCSV": false,
        "saveCellConns": true,
        "saveCellSecs": true,
        "saveDat": false,
        "saveDataInclude": [
            "simData",
            "simConfig",
            "netParams",
            "net"
        ],
        "saveDipoleCells": false,
        "saveDipolePops": false,
        "saveDpk": false,
        "saveFolder": "/pscratch/sd/a/adammwea/2DNetworkSimulations/NERSC/output/240604_Run1_24n24hr/gen_4",
        "saveHDF5": false,
        "saveJson": true,
        "saveLFPCells": false,
        "saveLFPPops": false,
        "saveMat": false,
        "savePickle": false,
        "saveTiming": false,
        "seeds": {
            "cell": 1,
            "conn": 1,
            "loc": 1,
            "stim": 1
        },
        "simLabel": "gen_4_cand_502",
        "tau1_exc": 1.910805647874394,
        "tau1_exc_std": 1.4026214012499258,
        "tau1_inh": 9.993942351391063,
        "tau1_inh_std": 0.30422739550635614,
        "tau2_exc": 23.166487523438995,
        "tau2_exc_std": 8.518474192114134,
        "tau2_inh": 15.333365519740983,
        "tau2_inh_std": 4.706811003710879,
        "timestampFilename": false,
        "timing": true,
        "tstop": 1000.0,
        "use_fast_imem": false,
        "validateNetParams": false,
        "verbose": false,
        "weightEE": 0.00857199268164216,
        "weightEE_std": 0.20115830033980747,
        "weightEI": 1.2920438005165842,
        "weightEI_std": 0.23811883309784643,
        "weightIE": 0.6085439279207944,
        "weightIE_std": 0.22815280954537104,
        "weightII": 0.005551010526593868,
        "weightII_std": 0.01765578806998666
    }
}