{
    "burstAmp_Fitness": {
        "Value": 1.6488083612581832,
        "Fit": 1000.0
    },
    "burst_peak_frequency_fitness": {
        "Value": 0.21097046413502107,
        "Fit": 1000
    },
    "IBI_fitness": {
        "Value": null,
        "Fit": 1000
    },
    "baseline_fitness": {
        "Value": 33.92130138655939,
        "Fit": 1000
    },
    "slopeFitness": {
        "Value": 0.0012821554920632414,
        "Fit": 1.0025676016416933
    },
    "thresh": {
        "Value": 32.65357977191913,
        "Fit": 1000
    },
    "sustain_oscillation_fitness": {
        "Value": 83.92857142857143,
        "Fit": 24.88551019688277
    },
    "rate_fitness": {
        "Value": 58.90277777777777,
        "Fit": 502.1080043796904
    },
    "maxFitness": 1000,
    "average_fitness": 690.9995102722768,
    "average_scaled_fitness": 690.689405491378
}