{
    "burstAmp_Fitness": {
        "Value": 0.6285678360905689,
        "Fit": 1000.0
    },
    "burst_peak_frequency_fitness": {
        "Value": 4.065040650406504,
        "Fit": 1000
    },
    "IBI_fitness": {
        "Value": 256.57894736842104,
        "Fit": 3.94220122574828
    },
    "baseline_fitness": {
        "Value": 9.772331467259368,
        "Fit": 1000
    },
    "slopeFitness": {
        "Value": -5.348404268963068e-05,
        "Fit": 1.0001069738066688
    },
    "thresh": {
        "Value": 9.73696181949864,
        "Fit": 1000
    },
    "sustain_oscillation_fitness": {
        "Value": 98.04804804804806,
        "Fit": 1.4775575055553853
    },
    "E_rate_fitness": {
        "Value": 33.59920634920635,
        "Fit": 1000
    },
    "I_rate_fitness": {
        "Value": 3.7222222222222223,
        "Fit": 13.842973533208488
    },
    "maxFitness": 1000,
    "average_fitness": 557.806982137591,
    "average_scaled_fitness": 557.3642990862513
}