{
    "simConfig": {
        "E_L_mean": 18.8,
        "E_L_stdev": 7.744467685229181,
        "E_Ra_mean": 128.0,
        "E_Ra_stdev": 13.941347309685945,
        "E_diam_mean": 18.8,
        "E_diam_stdev": 5.643733063512272,
        "I_L_mean": 9.0,
        "I_L_stdev": 1.417339753395745,
        "I_Ra_mean": 110.0,
        "I_Ra_stdev": 5.554851390981808,
        "I_diam_mean": 10.0,
        "I_diam_stdev": 2.1407180586718084,
        "addSynMechs": true,
        "allowConnsWithWeight0": true,
        "allowSelfConns": false,
        "analysis": {},
        "backupCfgFile": [],
        "cache_efficient": true,
        "checkErrors": false,
        "compactConnFormat": false,
        "connRandomSecFromList": true,
        "coreneuron": false,
        "createNEURONObj": true,
        "createPyStruct": true,
        "cvode_active": false,
        "cvode_atol": 0.001,
        "distributeSynsUniformly": true,
        "dt": 0.025,
        "dump_coreneuron_model": false,
        "duration": 1000.0,
        "duration_seconds": 300.0,
        "filename": "model_output",
        "gatherOnlySimData": false,
        "gkbar_E": 0.3067180873471096,
        "gkbar_E_std": 0.053378370906535494,
        "gkbar_I": 3.434988935211738,
        "gkbar_I_std": 1.1992466886423867,
        "gnabar_E": 6.747535664219332,
        "gnabar_E_std": 0.41489848437139354,
        "gnabar_I": 0.012749058692196114,
        "gnabar_I_std": 0.9953113398278426,
        "gpu": false,
        "hParams": {
            "celsius": 6.3,
            "clamp_resist": 0.001,
            "v_init": -65.0
        },
        "includeParamsLabel": true,
        "invertedYCoord": true,
        "networkType": "22May24",
        "oneSynPerNetcon": true,
        "printPopAvgRates": [
            100,
            1000.0
        ],
        "printRunTime": false,
        "printSynsAfterRule": false,
        "probEE": 0.6321115478991086,
        "probEE_std": 0.0958981630326667,
        "probEI": 0.3903629194995327,
        "probEI_std": 0.44747460023007546,
        "probIE": 0.3095727042172872,
        "probIE_std": 0.4851144998218998,
        "probII": 0.61637391767946,
        "probII_std": 0.499649817736991,
        "probLengthConst": 70.66855086490665,
        "propVelocity": 1.0,
        "pt3dRelativeToCellLocation": true,
        "rand123GlobalIndex": null,
        "random123": false,
        "recordCells": [
            [
                "E",
                [
                    24,
                    73
                ]
            ],
            [
                "I",
                [
                    41,
                    25
                ]
            ]
        ],
        "recordCellsSpikes": -1,
        "recordDipole": false,
        "recordDipolesHNN": false,
        "recordLFP": [],
        "recordStep": 0.1,
        "recordStim": false,
        "recordTime": true,
        "recordTraces": {
            "soma_voltage": {
                "loc": 0.5,
                "sec": "soma",
                "var": "v"
            }
        },
        "saveCSV": false,
        "saveCellConns": true,
        "saveCellSecs": true,
        "saveDat": false,
        "saveDataInclude": [
            "simData",
            "simConfig",
            "netParams",
            "net"
        ],
        "saveDipoleCells": false,
        "saveDipolePops": false,
        "saveDpk": false,
        "saveFolder": "/pscratch/sd/a/adammwea/2DNetworkSimulations/NERSC/output/240529_Run1_8nodes/gen_1",
        "saveHDF5": false,
        "saveJson": true,
        "saveLFPCells": false,
        "saveLFPPops": false,
        "saveMat": false,
        "savePickle": false,
        "saveTiming": false,
        "seeds": {
            "cell": 1,
            "conn": 1,
            "loc": 1,
            "stim": 1
        },
        "simLabel": "gen_1_cand_11",
        "tau1_exc": 4.863650838287485,
        "tau1_exc_std": 0.05872106449753689,
        "tau1_inh": 7.434236621769103,
        "tau1_inh_std": 1.2732536705213202,
        "tau2_exc": 21.108596655070055,
        "tau2_exc_std": 0.4593815095565436,
        "tau2_inh": 0.20840176775331187,
        "tau2_inh_std": 3.511269253694588,
        "timestampFilename": false,
        "timing": true,
        "tstop": 1000.0,
        "use_fast_imem": false,
        "validateNetParams": false,
        "verbose": false,
        "weightEE": 0.5738162058282916,
        "weightEE_std": 0.3731187529155845,
        "weightEI": 1.3007692496389232,
        "weightEI_std": 0.003388593131644055,
        "weightIE": 0.4626844672209803,
        "weightIE_std": 0.1632206487051052,
        "weightII": 0.21712949590354724,
        "weightII_std": 0.058545518639836716
    }
}