{
    "simConfig": {
        "E_L_mean": 18.8,
        "E_L_stdev": 1.1497654547391032,
        "E_Ra_mean": 128.0,
        "E_Ra_stdev": 60.26079821236591,
        "E_diam_mean": 18.8,
        "E_diam_stdev": 5.407426374062382,
        "I_L_mean": 9.0,
        "I_L_stdev": 2.6958286096975854,
        "I_Ra_mean": 110.0,
        "I_Ra_stdev": 15.136697558632898,
        "I_diam_mean": 10.0,
        "I_diam_stdev": 0.15075450240858257,
        "addSynMechs": true,
        "allowConnsWithWeight0": true,
        "allowSelfConns": false,
        "analysis": {},
        "backupCfgFile": [],
        "cache_efficient": true,
        "checkErrors": false,
        "compactConnFormat": false,
        "connRandomSecFromList": true,
        "coreneuron": false,
        "createNEURONObj": true,
        "createPyStruct": true,
        "cvode_active": false,
        "cvode_atol": 0.001,
        "distributeSynsUniformly": true,
        "dt": 0.025,
        "dump_coreneuron_model": false,
        "duration": 1000.0,
        "duration_seconds": 300.0,
        "filename": "model_output",
        "gatherOnlySimData": false,
        "gkbar_E": 0.06145343755520388,
        "gkbar_E_std": 0.3806437631030309,
        "gkbar_I": 5.726990901945553,
        "gkbar_I_std": 1.6590022222360528,
        "gnabar_E": 3.73789847871857,
        "gnabar_E_std": 1.6178632130931567,
        "gnabar_I": 2.3964062384023976,
        "gnabar_I_std": 0.7233607163423266,
        "gpu": false,
        "hParams": {
            "celsius": 6.3,
            "clamp_resist": 0.001,
            "v_init": -65.0
        },
        "includeParamsLabel": true,
        "invertedYCoord": true,
        "networkType": "22May24",
        "oneSynPerNetcon": true,
        "printPopAvgRates": [
            100,
            1000.0
        ],
        "printRunTime": false,
        "printSynsAfterRule": false,
        "probEE": 0.03598708678582102,
        "probEE_std": 0.4079750517582352,
        "probEI": 0.32374915043004315,
        "probEI_std": 0.4878391041542912,
        "probIE": 0.02904926914220112,
        "probIE_std": 0.4868736517919926,
        "probII": 0.24148217658268323,
        "probII_std": 0.3180338995460096,
        "probLengthConst": 183.36704290550506,
        "propVelocity": 1.0,
        "pt3dRelativeToCellLocation": true,
        "rand123GlobalIndex": null,
        "random123": false,
        "recordCells": [
            [
                "E",
                [
                    24,
                    73
                ]
            ],
            [
                "I",
                [
                    41,
                    25
                ]
            ]
        ],
        "recordCellsSpikes": -1,
        "recordDipole": false,
        "recordDipolesHNN": false,
        "recordLFP": [],
        "recordStep": 0.1,
        "recordStim": false,
        "recordTime": true,
        "recordTraces": {
            "soma_voltage": {
                "loc": 0.5,
                "sec": "soma",
                "var": "v"
            }
        },
        "saveCSV": false,
        "saveCellConns": true,
        "saveCellSecs": true,
        "saveDat": false,
        "saveDataInclude": [
            "simData",
            "simConfig",
            "netParams",
            "net"
        ],
        "saveDipoleCells": false,
        "saveDipolePops": false,
        "saveDpk": false,
        "saveFolder": "/pscratch/sd/a/adammwea/2DNetworkSimulations/NERSC/output/240529_Run1_8nodes/gen_1",
        "saveHDF5": false,
        "saveJson": true,
        "saveLFPCells": false,
        "saveLFPPops": false,
        "saveMat": false,
        "savePickle": false,
        "saveTiming": false,
        "seeds": {
            "cell": 1,
            "conn": 1,
            "loc": 1,
            "stim": 1
        },
        "simLabel": "gen_1_cand_28",
        "tau1_exc": 6.825907963177372,
        "tau1_exc_std": 1.4244362429424566,
        "tau1_inh": 1.0232899401840267,
        "tau1_inh_std": 0.5477145152998961,
        "tau2_exc": 0.5441328558492264,
        "tau2_exc_std": 6.596484792569493,
        "tau2_inh": 12.780941437666009,
        "tau2_inh_std": 4.144785881970877,
        "timestampFilename": false,
        "timing": true,
        "tstop": 1000.0,
        "use_fast_imem": false,
        "validateNetParams": false,
        "verbose": false,
        "weightEE": 1.501131973599616,
        "weightEE_std": 0.10460740318734119,
        "weightEI": 1.894910765987373,
        "weightEI_std": 0.05349969336693424,
        "weightIE": 0.910112325021508,
        "weightIE_std": 0.3259869138655592,
        "weightII": 0.5814845812756159,
        "weightII_std": 0.022098741559899035
    }
}