{
    "burstAmp_Fitness": 1.4060378967868328,
    "IBI_fitness": 169.2369043595948,
    "baselineFitness": 1000,
    "slopeFitness": 1.000601549717323,
    "baseline_diff_fitness": 1000,
    "burst_peak_frequency_fitness": 6.2620687098839705,
    "rate_fitness": 501.30729998557456,
    "maxFitness": 1000,
    "average_fitness": 382.74470178593674,
    "average_scaled_fitness": 382.1264565608422
}