{
    "simConfig": {
        "E_L_mean": 18.8,
        "E_L_stdev": 9.37656721006608,
        "E_Ra_mean": 128.0,
        "E_Ra_stdev": 38.20206839119635,
        "E_diam_mean": 18.8,
        "E_diam_stdev": 5.277786450275292,
        "I_L_mean": 9.0,
        "I_L_stdev": 0.5735248167768172,
        "I_Ra_mean": 110.0,
        "I_Ra_stdev": 37.27165394381363,
        "I_diam_mean": 10.0,
        "I_diam_stdev": 0.3612921136795537,
        "addSynMechs": true,
        "allowConnsWithWeight0": true,
        "allowSelfConns": false,
        "analysis": {},
        "backupCfgFile": [],
        "cache_efficient": true,
        "checkErrors": false,
        "compactConnFormat": false,
        "connRandomSecFromList": true,
        "coreneuron": false,
        "createNEURONObj": true,
        "createPyStruct": true,
        "cvode_active": false,
        "cvode_atol": 0.001,
        "distributeSynsUniformly": true,
        "dt": 0.025,
        "dump_coreneuron_model": false,
        "duration": 1000.0,
        "duration_seconds": 300.0,
        "filename": "model_output",
        "gatherOnlySimData": false,
        "gkbar_E": 0.34790679015399917,
        "gkbar_E_std": 0.32270107014668215,
        "gkbar_I": 6.617758338479979,
        "gkbar_I_std": 0.8034682292796325,
        "gnabar_E": 6.991837952851866,
        "gnabar_E_std": 0.0001389905543229324,
        "gnabar_I": 4.983764542744259,
        "gnabar_I_std": 0.6634850295045196,
        "gpu": false,
        "hParams": {
            "celsius": 6.3,
            "clamp_resist": 0.001,
            "v_init": -65.0
        },
        "includeParamsLabel": true,
        "invertedYCoord": true,
        "networkType": "22May24",
        "oneSynPerNetcon": true,
        "printPopAvgRates": [
            100,
            1000.0
        ],
        "printRunTime": false,
        "printSynsAfterRule": false,
        "probEE": 0.731887667240834,
        "probEE_std": 0.00699057480685325,
        "probEI": 0.9807899972375393,
        "probEI_std": 0.48927909161243727,
        "probIE": 0.6823288982888303,
        "probIE_std": 0.008541386197177592,
        "probII": 0.000748539491498168,
        "probII_std": 0.46916470887278533,
        "probLengthConst": 2992.145959997318,
        "propVelocity": 1.0,
        "pt3dRelativeToCellLocation": true,
        "rand123GlobalIndex": null,
        "random123": false,
        "recordCells": [
            [
                "E",
                [
                    65,
                    58
                ]
            ],
            [
                "I",
                [
                    22,
                    34
                ]
            ]
        ],
        "recordCellsSpikes": -1,
        "recordDipole": false,
        "recordDipolesHNN": false,
        "recordLFP": [],
        "recordStep": 0.1,
        "recordStim": false,
        "recordTime": true,
        "recordTraces": {
            "soma_voltage": {
                "loc": 0.5,
                "sec": "soma",
                "var": "v"
            }
        },
        "saveCSV": false,
        "saveCellConns": true,
        "saveCellSecs": true,
        "saveDat": false,
        "saveDataInclude": [
            "simData",
            "simConfig",
            "netParams",
            "net"
        ],
        "saveDipoleCells": false,
        "saveDipolePops": false,
        "saveDpk": false,
        "saveFolder": "/pscratch/sd/a/adammwea/2DNetworkSimulations/NERSC/output/240530_Run1_8nodes/gen_6",
        "saveHDF5": false,
        "saveJson": true,
        "saveLFPCells": false,
        "saveLFPPops": false,
        "saveMat": false,
        "savePickle": false,
        "saveTiming": false,
        "seeds": {
            "cell": 1,
            "conn": 1,
            "loc": 1,
            "stim": 1
        },
        "simLabel": "gen_6_cand_63",
        "tau1_exc": 0.4624432934558607,
        "tau1_exc_std": 2.784858998135122,
        "tau1_inh": 4.111405813508569,
        "tau1_inh_std": 0.06863417244587011,
        "tau2_exc": 0.5401260383355475,
        "tau2_exc_std": 3.4518376929730996,
        "tau2_inh": 19.82782672610712,
        "tau2_inh_std": 4.7473256159534705,
        "timestampFilename": false,
        "timing": true,
        "tstop": 1000.0,
        "use_fast_imem": false,
        "validateNetParams": false,
        "verbose": false,
        "weightEE": 1.9949099859347434,
        "weightEE_std": 0.022176443466205287,
        "weightEI": 0.201374434759912,
        "weightEI_std": 0.3099777939540262,
        "weightIE": 0.18864588340938454,
        "weightIE_std": 0.29414786470528836,
        "weightII": 1.8973497254585339,
        "weightII_std": 0.17007218775072536
    }
}