{
    "simConfig": {
        "E_L_mean": 18.8,
        "E_L_stdev": 5.801053215400455,
        "E_Ra_mean": 128.0,
        "E_Ra_stdev": 0.08483389538271036,
        "E_diam_mean": 18.8,
        "E_diam_stdev": 3.5325656787649824,
        "I_L_mean": 9.0,
        "I_L_stdev": 0.7458661450963695,
        "I_Ra_mean": 110.0,
        "I_Ra_stdev": 34.98088093812268,
        "I_diam_mean": 10.0,
        "I_diam_stdev": 2.8540114543453075,
        "addSynMechs": true,
        "allowConnsWithWeight0": true,
        "allowSelfConns": false,
        "analysis": {},
        "backupCfgFile": [],
        "cache_efficient": true,
        "checkErrors": false,
        "compactConnFormat": false,
        "connRandomSecFromList": true,
        "coreneuron": false,
        "createNEURONObj": true,
        "createPyStruct": true,
        "cvode_active": false,
        "cvode_atol": 0.001,
        "distributeSynsUniformly": true,
        "dt": 0.025,
        "dump_coreneuron_model": false,
        "duration": 1000.0,
        "duration_seconds": 60.0,
        "filename": "model_output",
        "gatherOnlySimData": false,
        "gkbar_E": 0.9413099323116281,
        "gkbar_E_std": 0.20154497445978806,
        "gkbar_I": 0.10123563038979468,
        "gkbar_I_std": 0.05292712319662907,
        "gnabar_E": 4.356681988880685,
        "gnabar_E_std": 1.656963764057808,
        "gnabar_I": 2.990240522671833,
        "gnabar_I_std": 0.24421821466815571,
        "gpu": false,
        "hParams": {
            "celsius": 6.3,
            "clamp_resist": 0.001,
            "v_init": -65.0
        },
        "includeParamsLabel": true,
        "invertedYCoord": true,
        "networkType": "22May24",
        "oneSynPerNetcon": true,
        "printPopAvgRates": [
            100,
            1000.0
        ],
        "printRunTime": false,
        "printSynsAfterRule": false,
        "probEE": 0.37711145377578353,
        "probEE_std": 0.16384881706203092,
        "probEI": 0.06509389980550633,
        "probEI_std": 0.18001819721914658,
        "probIE": 0.0020858309525747967,
        "probIE_std": 0.0506683636420424,
        "probII": 0.7411205777691761,
        "probII_std": 0.023900391079659775,
        "probLengthConst": 2436.278144633233,
        "propVelocity": 1.0,
        "pt3dRelativeToCellLocation": true,
        "rand123GlobalIndex": null,
        "random123": false,
        "recordCells": [
            [
                "E",
                [
                    16,
                    79
                ]
            ],
            [
                "I",
                [
                    28,
                    1
                ]
            ]
        ],
        "recordCellsSpikes": -1,
        "recordDipole": false,
        "recordDipolesHNN": false,
        "recordLFP": [],
        "recordStep": 0.1,
        "recordStim": false,
        "recordTime": true,
        "recordTraces": {
            "soma_voltage": {
                "loc": 0.5,
                "sec": "soma",
                "var": "v"
            }
        },
        "saveCSV": false,
        "saveCellConns": true,
        "saveCellSecs": true,
        "saveDat": false,
        "saveDataInclude": [
            "simData",
            "simConfig",
            "netParams",
            "net"
        ],
        "saveDipoleCells": false,
        "saveDipolePops": false,
        "saveDpk": false,
        "saveFolder": "/pscratch/sd/a/adammwea/2DNetworkSimulations/NERSC/output/240527_Run3_this_should_work/gen_2",
        "saveHDF5": false,
        "saveJson": true,
        "saveLFPCells": false,
        "saveLFPPops": false,
        "saveMat": false,
        "savePickle": false,
        "saveTiming": false,
        "seeds": {
            "cell": 1,
            "conn": 1,
            "loc": 1,
            "stim": 1
        },
        "simLabel": "gen_2_cand_31",
        "tau1_exc": 0.2729828626188505,
        "tau1_exc_std": 0.013393424297502676,
        "tau1_inh": 8.588347582165445,
        "tau1_inh_std": 0.10485272837889212,
        "tau2_exc": 12.003888382853365,
        "tau2_exc_std": 3.2656060453776385,
        "tau2_inh": 15.935965265379453,
        "tau2_inh_std": 1.0695249690476614,
        "timestampFilename": false,
        "timing": true,
        "tstop": 1000.0,
        "use_fast_imem": false,
        "validateNetParams": false,
        "verbose": false,
        "weightEE": 0.3669395737543877,
        "weightEE_std": 0.3121603499958634,
        "weightEI": 0.01854919475961407,
        "weightEI_std": 0.02348925830945009,
        "weightIE": 0.5674030083882492,
        "weightIE_std": 0.12213396700462632,
        "weightII": 0.04018333534284277,
        "weightII_std": 0.16641817011663848
    }
}