{
    "simConfig": {
        "E_L_mean": 18.8,
        "E_L_stdev": 6.398188568278309,
        "E_Ra_mean": 128.0,
        "E_Ra_stdev": 61.070774736991886,
        "E_diam_mean": 18.8,
        "E_diam_stdev": 6.045284421973248,
        "I_L_mean": 9.0,
        "I_L_stdev": 1.5028010725266925,
        "I_Ra_mean": 110.0,
        "I_Ra_stdev": 2.2614230710925365,
        "I_diam_mean": 10.0,
        "I_diam_stdev": 2.740445195992121,
        "addSynMechs": true,
        "allowConnsWithWeight0": true,
        "allowSelfConns": false,
        "analysis": {},
        "backupCfgFile": [],
        "cache_efficient": true,
        "checkErrors": false,
        "compactConnFormat": false,
        "connRandomSecFromList": true,
        "coreneuron": false,
        "createNEURONObj": true,
        "createPyStruct": true,
        "cvode_active": false,
        "cvode_atol": 0.001,
        "distributeSynsUniformly": true,
        "dt": 0.025,
        "dump_coreneuron_model": false,
        "duration": 1000.0,
        "duration_seconds": 300.0,
        "filename": "model_output",
        "gatherOnlySimData": false,
        "gkbar_E": 0.8926804143434801,
        "gkbar_E_std": 0.21502440922640176,
        "gkbar_I": 9.506639660937513,
        "gkbar_I_std": 0.49149469533830786,
        "gnabar_E": 0.7394159280090413,
        "gnabar_E_std": 0.6344661026624899,
        "gnabar_I": 3.522532667881389,
        "gnabar_I_std": 0.1832513975681593,
        "gpu": false,
        "hParams": {
            "celsius": 6.3,
            "clamp_resist": 0.001,
            "v_init": -65.0
        },
        "includeParamsLabel": true,
        "invertedYCoord": true,
        "networkType": "22May24",
        "oneSynPerNetcon": true,
        "printPopAvgRates": [
            100,
            1000.0
        ],
        "printRunTime": false,
        "printSynsAfterRule": false,
        "probEE": 0.713280088832082,
        "probEE_std": 0.013196136402072511,
        "probEI": 0.6349381478464389,
        "probEI_std": 0.04373297177071381,
        "probIE": 0.5998017239015913,
        "probIE_std": 0.24953661065965954,
        "probII": 0.050292537805989745,
        "probII_std": 0.3154792677377539,
        "probLengthConst": 2433.7159717729223,
        "propVelocity": 1.0,
        "pt3dRelativeToCellLocation": true,
        "rand123GlobalIndex": null,
        "random123": false,
        "recordCells": [
            [
                "E",
                [
                    65,
                    58
                ]
            ],
            [
                "I",
                [
                    22,
                    34
                ]
            ]
        ],
        "recordCellsSpikes": -1,
        "recordDipole": false,
        "recordDipolesHNN": false,
        "recordLFP": [],
        "recordStep": 0.1,
        "recordStim": false,
        "recordTime": true,
        "recordTraces": {
            "soma_voltage": {
                "loc": 0.5,
                "sec": "soma",
                "var": "v"
            }
        },
        "saveCSV": false,
        "saveCellConns": true,
        "saveCellSecs": true,
        "saveDat": false,
        "saveDataInclude": [
            "simData",
            "simConfig",
            "netParams",
            "net"
        ],
        "saveDipoleCells": false,
        "saveDipolePops": false,
        "saveDpk": false,
        "saveFolder": "/pscratch/sd/a/adammwea/2DNetworkSimulations/NERSC/output/240530_Run1_8nodes/gen_14",
        "saveHDF5": false,
        "saveJson": true,
        "saveLFPCells": false,
        "saveLFPPops": false,
        "saveMat": false,
        "savePickle": false,
        "saveTiming": false,
        "seeds": {
            "cell": 1,
            "conn": 1,
            "loc": 1,
            "stim": 1
        },
        "simLabel": "gen_14_cand_9",
        "tau1_exc": 1.136890753253581,
        "tau1_exc_std": 2.4493767791782908,
        "tau1_inh": 6.637076411671005,
        "tau1_inh_std": 2.9474337817326863,
        "tau2_exc": 27.912883374809102,
        "tau2_exc_std": 9.901279946305076,
        "tau2_inh": 14.11738227513949,
        "tau2_inh_std": 0.4147674694796559,
        "timestampFilename": false,
        "timing": true,
        "tstop": 1000.0,
        "use_fast_imem": false,
        "validateNetParams": false,
        "verbose": false,
        "weightEE": 0.07943719806496813,
        "weightEE_std": 0.46334697741784986,
        "weightEI": 0.1370830520548536,
        "weightEI_std": 0.3310888125121509,
        "weightIE": 0.8973378424085374,
        "weightIE_std": 0.23580726450438502,
        "weightII": 0.8199633152015583,
        "weightII_std": 0.2208967228506761
    }
}