{
    "simConfig": {
        "E_L_mean": 18.8,
        "E_L_stdev": 9.281188227918605,
        "E_Ra_mean": 128.0,
        "E_Ra_stdev": 39.94750034052144,
        "E_diam_mean": 18.8,
        "E_diam_stdev": 6.081952543905187,
        "I_L_mean": 9.0,
        "I_L_stdev": 1.5234926109798854,
        "I_Ra_mean": 110.0,
        "I_Ra_stdev": 40.204948818566294,
        "I_diam_mean": 10.0,
        "I_diam_stdev": 2.2954235741710494,
        "addSynMechs": true,
        "allowConnsWithWeight0": true,
        "allowSelfConns": false,
        "analysis": {},
        "backupCfgFile": [],
        "cache_efficient": true,
        "checkErrors": false,
        "compactConnFormat": false,
        "connRandomSecFromList": true,
        "coreneuron": false,
        "createNEURONObj": true,
        "createPyStruct": true,
        "cvode_active": false,
        "cvode_atol": 0.001,
        "distributeSynsUniformly": true,
        "dt": 0.025,
        "dump_coreneuron_model": false,
        "duration": 1000.0,
        "duration_seconds": 300.0,
        "filename": "model_output",
        "gatherOnlySimData": false,
        "gkbar_E": 0.8852274705089453,
        "gkbar_E_std": 0.10922733711441823,
        "gkbar_I": 1.7094485711437717,
        "gkbar_I_std": 1.6449605147824646,
        "gnabar_E": 4.34356737409219,
        "gnabar_E_std": 1.0958400703583941,
        "gnabar_I": 1.499817681273954,
        "gnabar_I_std": 0.4922860212545062,
        "gpu": false,
        "hParams": {
            "celsius": 6.3,
            "clamp_resist": 0.001,
            "v_init": -65.0
        },
        "includeParamsLabel": true,
        "invertedYCoord": true,
        "networkType": "22May24",
        "oneSynPerNetcon": true,
        "printPopAvgRates": [
            100,
            1000.0
        ],
        "printRunTime": false,
        "printSynsAfterRule": false,
        "probEE": 0.030490611358212266,
        "probEE_std": 0.03947374962035491,
        "probEI": 0.251571028371571,
        "probEI_std": 0.4453483018231658,
        "probIE": 0.7032613517925113,
        "probIE_std": 0.1155634858203971,
        "probII": 0.08917469565934924,
        "probII_std": 0.47093205217296713,
        "probLengthConst": 2995.978858155403,
        "propVelocity": 1.0,
        "pt3dRelativeToCellLocation": true,
        "rand123GlobalIndex": null,
        "random123": false,
        "recordCells": [
            [
                "E",
                [
                    65,
                    58
                ]
            ],
            [
                "I",
                [
                    22,
                    34
                ]
            ]
        ],
        "recordCellsSpikes": -1,
        "recordDipole": false,
        "recordDipolesHNN": false,
        "recordLFP": [],
        "recordStep": 0.1,
        "recordStim": false,
        "recordTime": true,
        "recordTraces": {
            "soma_voltage": {
                "loc": 0.5,
                "sec": "soma",
                "var": "v"
            }
        },
        "saveCSV": false,
        "saveCellConns": true,
        "saveCellSecs": true,
        "saveDat": false,
        "saveDataInclude": [
            "simData",
            "simConfig",
            "netParams",
            "net"
        ],
        "saveDipoleCells": false,
        "saveDipolePops": false,
        "saveDpk": false,
        "saveFolder": "/pscratch/sd/a/adammwea/2DNetworkSimulations/NERSC/output/240530_Run1_8nodes/gen_14",
        "saveHDF5": false,
        "saveJson": true,
        "saveLFPCells": false,
        "saveLFPPops": false,
        "saveMat": false,
        "savePickle": false,
        "saveTiming": false,
        "seeds": {
            "cell": 1,
            "conn": 1,
            "loc": 1,
            "stim": 1
        },
        "simLabel": "gen_14_cand_27",
        "tau1_exc": 7.481340937537985,
        "tau1_exc_std": 3.3204277763171604,
        "tau1_inh": 2.0684307492974776,
        "tau1_inh_std": 0.9154944554412876,
        "tau2_exc": 4.043109677366578,
        "tau2_exc_std": 8.972760571991971,
        "tau2_inh": 8.988893899843056,
        "tau2_inh_std": 0.012726393689062641,
        "timestampFilename": false,
        "timing": true,
        "tstop": 1000.0,
        "use_fast_imem": false,
        "validateNetParams": false,
        "verbose": false,
        "weightEE": 0.8361822173378968,
        "weightEE_std": 0.17302875689284697,
        "weightEI": 0.10799940680913689,
        "weightEI_std": 0.33201000927764857,
        "weightIE": 0.7030548206768671,
        "weightIE_std": 0.25979046420284524,
        "weightII": 1.379023540640231,
        "weightII_std": 0.031800493425145224
    }
}