{
    "simConfig": {
        "E_L_mean": 18.8,
        "E_L_stdev": 2.037466497607699,
        "E_Ra_mean": 128.0,
        "E_Ra_stdev": 2.1155713387603314,
        "E_diam_mean": 18.8,
        "E_diam_stdev": 3.87962319938684,
        "I_L_mean": 9.0,
        "I_L_stdev": 2.98618159082783,
        "I_Ra_mean": 110.0,
        "I_Ra_stdev": 1.8925781418120415,
        "I_diam_mean": 10.0,
        "I_diam_stdev": 3.248994347765768,
        "addSynMechs": true,
        "allowConnsWithWeight0": true,
        "allowSelfConns": false,
        "analysis": {},
        "backupCfgFile": [],
        "cache_efficient": true,
        "checkErrors": false,
        "compactConnFormat": false,
        "connRandomSecFromList": true,
        "coreneuron": false,
        "createNEURONObj": true,
        "createPyStruct": true,
        "cvode_active": false,
        "cvode_atol": 0.001,
        "distributeSynsUniformly": true,
        "dt": 0.025,
        "dump_coreneuron_model": false,
        "duration": 1000.0,
        "duration_seconds": 60.0,
        "filename": "model_output",
        "gatherOnlySimData": false,
        "gkbar_E": 0.9341475547110702,
        "gkbar_E_std": 0.2593115704342554,
        "gkbar_I": 5.29573395300041,
        "gkbar_I_std": 2.4997087281810697,
        "gnabar_E": 2.5276852896811017,
        "gnabar_E_std": 1.515603158757741,
        "gnabar_I": 2.2536169329130358,
        "gnabar_I_std": 0.8794271554498196,
        "gpu": false,
        "hParams": {
            "celsius": 6.3,
            "clamp_resist": 0.001,
            "v_init": -65.0
        },
        "includeParamsLabel": true,
        "invertedYCoord": true,
        "networkType": "22May24",
        "oneSynPerNetcon": true,
        "printPopAvgRates": [
            100,
            1000.0
        ],
        "printRunTime": false,
        "printSynsAfterRule": false,
        "probEE": 0.30433231389874665,
        "probEE_std": 0.3051093566922202,
        "probEI": 0.8678942710783538,
        "probEI_std": 0.003377522261450751,
        "probIE": 0.40056530803182067,
        "probIE_std": 0.26417186367527595,
        "probII": 0.9087841736099709,
        "probII_std": 0.022015883767315267,
        "probLengthConst": 670.5096435627788,
        "propVelocity": 1.0,
        "pt3dRelativeToCellLocation": true,
        "rand123GlobalIndex": null,
        "random123": false,
        "recordCells": [
            [
                "E",
                [
                    16,
                    79
                ]
            ],
            [
                "I",
                [
                    28,
                    1
                ]
            ]
        ],
        "recordCellsSpikes": -1,
        "recordDipole": false,
        "recordDipolesHNN": false,
        "recordLFP": [],
        "recordStep": 0.1,
        "recordStim": false,
        "recordTime": true,
        "recordTraces": {
            "soma_voltage": {
                "loc": 0.5,
                "sec": "soma",
                "var": "v"
            }
        },
        "saveCSV": false,
        "saveCellConns": true,
        "saveCellSecs": true,
        "saveDat": false,
        "saveDataInclude": [
            "simData",
            "simConfig",
            "netParams",
            "net"
        ],
        "saveDipoleCells": false,
        "saveDipolePops": false,
        "saveDpk": false,
        "saveFolder": "/pscratch/sd/a/adammwea/2DNetworkSimulations/NERSC/output/240527_Run3_this_should_work/gen_6",
        "saveHDF5": false,
        "saveJson": true,
        "saveLFPCells": false,
        "saveLFPPops": false,
        "saveMat": false,
        "savePickle": false,
        "saveTiming": false,
        "seeds": {
            "cell": 1,
            "conn": 1,
            "loc": 1,
            "stim": 1
        },
        "simLabel": "gen_6_cand_58",
        "tau1_exc": 2.0877095486114916,
        "tau1_exc_std": 3.216116745788513,
        "tau1_inh": 0.2857104345582612,
        "tau1_inh_std": 0.022832394940183756,
        "tau2_exc": 2.8514059111610135,
        "tau2_exc_std": 4.033170137079105,
        "tau2_inh": 9.526824594689955,
        "tau2_inh_std": 6.319563201552595,
        "timestampFilename": false,
        "timing": true,
        "tstop": 1000.0,
        "use_fast_imem": false,
        "validateNetParams": false,
        "verbose": false,
        "weightEE": 0.7850213417193964,
        "weightEE_std": 0.3233566664724874,
        "weightEI": 0.06334140803058008,
        "weightEI_std": 0.08341266513245178,
        "weightIE": 0.9998363652507116,
        "weightIE_std": 0.2242535300340807,
        "weightII": 0.4680293677010771,
        "weightII_std": 0.0035142506826035397
    }
}