{
    "simConfig": {
        "E_L_mean": 18.8,
        "E_L_stdev": 0.02646985928439216,
        "E_Ra_mean": 128.0,
        "E_Ra_stdev": 41.78262173589537,
        "E_diam_mean": 18.8,
        "E_diam_stdev": 4.386670597189847,
        "I_L_mean": 9.0,
        "I_L_stdev": 2.3836614666604565,
        "I_Ra_mean": 110.0,
        "I_Ra_stdev": 11.316260847947595,
        "I_diam_mean": 10.0,
        "I_diam_stdev": 3.2531899576286087,
        "addSynMechs": true,
        "allowConnsWithWeight0": true,
        "allowSelfConns": false,
        "analysis": {},
        "backupCfgFile": [],
        "cache_efficient": true,
        "checkErrors": false,
        "compactConnFormat": false,
        "connRandomSecFromList": true,
        "coreneuron": false,
        "createNEURONObj": true,
        "createPyStruct": true,
        "cvode_active": false,
        "cvode_atol": 0.001,
        "distributeSynsUniformly": true,
        "dt": 0.025,
        "dump_coreneuron_model": false,
        "duration": 1000.0,
        "duration_seconds": 60.0,
        "filename": "model_output",
        "gatherOnlySimData": false,
        "gkbar_E": 0.5112627893426818,
        "gkbar_E_std": 0.1842499591003511,
        "gkbar_I": 1.7846878317144461,
        "gkbar_I_std": 0.3337412610265407,
        "gnabar_E": 0.03002132302218645,
        "gnabar_E_std": 0.02041900780650663,
        "gnabar_I": 1.5489360570322228,
        "gnabar_I_std": 0.9592177963135462,
        "gpu": false,
        "hParams": {
            "celsius": 6.3,
            "clamp_resist": 0.001,
            "v_init": -65.0
        },
        "includeParamsLabel": true,
        "invertedYCoord": true,
        "networkType": "22May24",
        "oneSynPerNetcon": true,
        "printPopAvgRates": [
            100,
            1000.0
        ],
        "printRunTime": false,
        "printSynsAfterRule": false,
        "probEE": 0.6723693189686546,
        "probEE_std": 0.3235464785192137,
        "probEI": 0.994350898825297,
        "probEI_std": 0.07217626428901285,
        "probIE": 0.9729891513657069,
        "probIE_std": 0.2633190326302691,
        "probII": 0.4817425577850184,
        "probII_std": 0.19456951196280578,
        "probLengthConst": 2566.8450863803973,
        "propVelocity": 1.0,
        "pt3dRelativeToCellLocation": true,
        "rand123GlobalIndex": null,
        "random123": false,
        "recordCells": [
            [
                "E",
                [
                    16,
                    79
                ]
            ],
            [
                "I",
                [
                    28,
                    1
                ]
            ]
        ],
        "recordCellsSpikes": -1,
        "recordDipole": false,
        "recordDipolesHNN": false,
        "recordLFP": [],
        "recordStep": 0.1,
        "recordStim": false,
        "recordTime": true,
        "recordTraces": {
            "soma_voltage": {
                "loc": 0.5,
                "sec": "soma",
                "var": "v"
            }
        },
        "saveCSV": false,
        "saveCellConns": true,
        "saveCellSecs": true,
        "saveDat": false,
        "saveDataInclude": [
            "simData",
            "simConfig",
            "netParams",
            "net"
        ],
        "saveDipoleCells": false,
        "saveDipolePops": false,
        "saveDpk": false,
        "saveFolder": "/pscratch/sd/a/adammwea/2DNetworkSimulations/NERSC/output/240527_Run3_this_should_work/gen_6",
        "saveHDF5": false,
        "saveJson": true,
        "saveLFPCells": false,
        "saveLFPPops": false,
        "saveMat": false,
        "savePickle": false,
        "saveTiming": false,
        "seeds": {
            "cell": 1,
            "conn": 1,
            "loc": 1,
            "stim": 1
        },
        "simLabel": "gen_6_cand_42",
        "tau1_exc": 0.3378352320618211,
        "tau1_exc_std": 2.166334751654424,
        "tau1_inh": 8.897125215657027,
        "tau1_inh_std": 0.08908602804483673,
        "tau2_exc": 12.043704563051701,
        "tau2_exc_std": 3.443705801723432,
        "tau2_inh": 18.009874696554405,
        "tau2_inh_std": 0.004315680499871875,
        "timestampFilename": false,
        "timing": true,
        "tstop": 1000.0,
        "use_fast_imem": false,
        "validateNetParams": false,
        "verbose": false,
        "weightEE": 0.402262045422089,
        "weightEE_std": 0.059707780384475724,
        "weightEI": 0.85415948069845,
        "weightEI_std": 0.32544228368054934,
        "weightIE": 0.6357470936815145,
        "weightIE_std": 0.055483720883890884,
        "weightII": 0.19970051011040021,
        "weightII_std": 0.14641197949335644
    }
}