{
    "burstAmp_Fitness": 4.79686320719803,
    "burst_peak_frequency_fitness": 48.53828855239109,
    "IBI_fitness": 1000,
    "baselineFitness": 1000,
    "slopeFitness": 1.3599355752937257,
    "thresh": 1000,
    "sustain_fit": 1000,
    "rate_fitness": 504.9548720148781,
    "maxFitness": 1000,
    "average_fitness": 569.9562449187201,
    "average_scaled_fitness": 569.3706167006045
}