{
    "BigBurstVal_Fitness": {
        "Value": 6493.071909214211,
        "Fit": 1000.0
    },
    "numBig_Fitness": {
        "Value": 1,
        "Percent": 100.0,
        "Fit": 1000
    },
    "SmallBurstVal_Fitness": {
        "Value": null,
        "Fit": 1000
    },
    "numSmall_Fitness": {
        "Value": 0,
        "Percent": 0.0,
        "Fit": 1000
    },
    "burst_peak_frequency_fitness": {
        "Value": 1.4285714285714284,
        "Fit": 1000
    },
    "IBI_fitness": {
        "Value": null,
        "Fit": 1000
    },
    "baseline_fitness": {
        "Value": 4772.014484591485,
        "Fit": 1000
    },
    "slopeFitness": {
        "Value": -236.6657540622047,
        "Fit": 1000
    },
    "thresh": {
        "Value": 1839.176565979302,
        "Fit": 1000
    },
    "sustain_oscillation_fitness": {
        "Value": 4.635761589403973,
        "Fit": 1000
    },
    "E_rate_fitness": {
        "Value": 14.21031746031746,
        "Fit": 1000
    },
    "I_rate_fitness": {
        "Value": 2.305555555555556,
        "Fit": 1000
    },
    "maxFitness": 1000,
    "average_fitness": 1000.0,
    "average_scaled_fitness": 1.0
}