{
    "BigBurstVal_Fitness": {
        "Value": 2522.820039001537,
        "Fit": 667.0002582974256
    },
    "numBig_Fitness": {
        "Value": 3,
        "Percent": 100.0,
        "Fit": 1000
    },
    "SmallBurstVal_Fitness": {
        "Value": null,
        "Fit": 1000
    },
    "numSmall_Fitness": {
        "Value": 0,
        "Percent": 0.0,
        "Fit": 1000
    },
    "burst_peak_frequency_fitness": {
        "Value": 0.25210084033613445,
        "Fit": 1.1453808525023783
    },
    "IBI_fitness": {
        "Value": 5.15,
        "Fit": 1.0003288706978144
    },
    "baseline_fitness": {
        "Value": 1213.7832555485322,
        "Fit": 1000
    },
    "slopeFitness": {
        "Value": -6.739605850527347,
        "Fit": 847.3411289673089
    },
    "thresh": {
        "Value": 1328.7408104018677,
        "Fit": 1000
    },
    "sustain_oscillation_fitness": {
        "Value": 78.80794701986756,
        "Fit": 1000
    },
    "E_rate_fitness": {
        "Value": 8.472222222222221,
        "Fit": 1000
    },
    "I_rate_fitness": {
        "Value": 2.7962962962962963,
        "Fit": 6.781299972998652
    },
    "maxFitness": 1000,
    "average_fitness": 710.2723664134111,
    "average_scaled_fitness": 0.7099822532883607
}