{
    "simConfig": {
        "E_L_mean": 18.8,
        "E_L_stdev": 6.412317927039223,
        "E_Ra_mean": 128.0,
        "E_Ra_stdev": 0.7802548262903848,
        "E_diam_mean": 18.8,
        "E_diam_stdev": 4.787351613339272,
        "I_L_mean": 9.0,
        "I_L_stdev": 0.05607298779681061,
        "I_Ra_mean": 110.0,
        "I_Ra_stdev": 27.75946047877025,
        "I_diam_mean": 10.0,
        "I_diam_stdev": 2.581979466974577,
        "addSynMechs": true,
        "allowConnsWithWeight0": true,
        "allowSelfConns": false,
        "analysis": {},
        "backupCfgFile": [],
        "cache_efficient": true,
        "checkErrors": false,
        "compactConnFormat": false,
        "connRandomSecFromList": true,
        "coreneuron": false,
        "createNEURONObj": true,
        "createPyStruct": true,
        "cvode_active": false,
        "cvode_atol": 0.001,
        "distributeSynsUniformly": true,
        "dt": 0.025,
        "dump_coreneuron_model": false,
        "duration": 1000.0,
        "duration_seconds": 300.0,
        "filename": "model_output",
        "gatherOnlySimData": false,
        "gkbar_E": 0.7299467489591572,
        "gkbar_E_std": 0.053784350068561464,
        "gkbar_I": 0.1812957142497651,
        "gkbar_I_std": 0.1731418711326591,
        "gnabar_E": 5.9197196668293826,
        "gnabar_E_std": 1.179596311439678,
        "gnabar_I": 4.905345170297497,
        "gnabar_I_std": 0.5822731568745946,
        "gpu": false,
        "hParams": {
            "celsius": 6.3,
            "clamp_resist": 0.001,
            "v_init": -65.0
        },
        "includeParamsLabel": true,
        "invertedYCoord": true,
        "networkType": "22May24",
        "oneSynPerNetcon": true,
        "printPopAvgRates": [
            100,
            1000.0
        ],
        "printRunTime": false,
        "printSynsAfterRule": false,
        "probEE": 0.6548077034063602,
        "probEE_std": 0.49036830381741925,
        "probEI": 0.3808682522779323,
        "probEI_std": 0.17511976652857586,
        "probIE": 0.49545102072283376,
        "probIE_std": 0.4954272501152184,
        "probII": 0.1888051525378448,
        "probII_std": 0.137725480425397,
        "probLengthConst": 2976.2491772466656,
        "propVelocity": 1.0,
        "pt3dRelativeToCellLocation": true,
        "rand123GlobalIndex": null,
        "random123": false,
        "recordCells": [
            [
                "E",
                [
                    65,
                    58
                ]
            ],
            [
                "I",
                [
                    22,
                    34
                ]
            ]
        ],
        "recordCellsSpikes": -1,
        "recordDipole": false,
        "recordDipolesHNN": false,
        "recordLFP": [],
        "recordStep": 0.1,
        "recordStim": false,
        "recordTime": true,
        "recordTraces": {
            "soma_voltage": {
                "loc": 0.5,
                "sec": "soma",
                "var": "v"
            }
        },
        "saveCSV": false,
        "saveCellConns": true,
        "saveCellSecs": true,
        "saveDat": false,
        "saveDataInclude": [
            "simData",
            "simConfig",
            "netParams",
            "net"
        ],
        "saveDipoleCells": false,
        "saveDipolePops": false,
        "saveDpk": false,
        "saveFolder": "/pscratch/sd/a/adammwea/2DNetworkSimulations/NERSC/output/240530_Run1_8nodes/gen_3",
        "saveHDF5": false,
        "saveJson": true,
        "saveLFPCells": false,
        "saveLFPPops": false,
        "saveMat": false,
        "savePickle": false,
        "saveTiming": false,
        "seeds": {
            "cell": 1,
            "conn": 1,
            "loc": 1,
            "stim": 1
        },
        "simLabel": "gen_3_cand_27",
        "tau1_exc": 7.144402798714764,
        "tau1_exc_std": 0.5907288625622096,
        "tau1_inh": 9.366217654337097,
        "tau1_inh_std": 2.8362242044199917,
        "tau2_exc": 25.451708297271082,
        "tau2_exc_std": 9.68184679226355,
        "tau2_inh": 9.448067116107055,
        "tau2_inh_std": 9.915421575250829,
        "timestampFilename": false,
        "timing": true,
        "tstop": 1000.0,
        "use_fast_imem": false,
        "validateNetParams": false,
        "verbose": false,
        "weightEE": 1.5962246519602157,
        "weightEE_std": 0.4994233854686629,
        "weightEI": 1.2210602374018182,
        "weightEI_std": 0.32013515405165294,
        "weightIE": 0.5351834249698117,
        "weightIE_std": 0.10766391659226049,
        "weightII": 1.9787326467340032,
        "weightII_std": 0.24279527011361796
    }
}