{
    "simConfig": {
        "E_L_mean": 18.8,
        "E_L_stdev": 6.454001254199117,
        "E_Ra_mean": 128.0,
        "E_Ra_stdev": 63.47927390262502,
        "E_diam_mean": 18.8,
        "E_diam_stdev": 3.2177704120093606,
        "I_L_mean": 9.0,
        "I_L_stdev": 0.13923311723513698,
        "I_Ra_mean": 110.0,
        "I_Ra_stdev": 12.416830615168685,
        "I_diam_mean": 10.0,
        "I_diam_stdev": 2.5978142891604423,
        "addSynMechs": true,
        "allowConnsWithWeight0": true,
        "allowSelfConns": false,
        "analysis": {},
        "backupCfgFile": [],
        "cache_efficient": true,
        "checkErrors": false,
        "compactConnFormat": false,
        "connRandomSecFromList": true,
        "coreneuron": false,
        "createNEURONObj": true,
        "createPyStruct": true,
        "cvode_active": false,
        "cvode_atol": 0.001,
        "distributeSynsUniformly": true,
        "dt": 0.025,
        "dump_coreneuron_model": false,
        "duration": 1000.0,
        "duration_seconds": 300.0,
        "filename": "model_output",
        "gatherOnlySimData": false,
        "gkbar_E": 0.7318542212069437,
        "gkbar_E_std": 0.49982579054907694,
        "gkbar_I": 7.104417386836445,
        "gkbar_I_std": 1.4658380928332724,
        "gnabar_E": 2.939272278151227,
        "gnabar_E_std": 1.6394485344007357,
        "gnabar_I": 4.731754017213964,
        "gnabar_I_std": 0.6810725210330754,
        "gpu": false,
        "hParams": {
            "celsius": 6.3,
            "clamp_resist": 0.001,
            "v_init": -65.0
        },
        "includeParamsLabel": true,
        "invertedYCoord": true,
        "networkType": "22May24",
        "oneSynPerNetcon": true,
        "printPopAvgRates": [
            100,
            1000.0
        ],
        "printRunTime": false,
        "printSynsAfterRule": false,
        "probEE": 0.3373184181755307,
        "probEE_std": 0.14070896663520577,
        "probEI": 0.31797432711038975,
        "probEI_std": 0.30502582667127753,
        "probIE": 0.636082284858833,
        "probIE_std": 0.36271683702592694,
        "probII": 0.6612785593616505,
        "probII_std": 0.4256467419915089,
        "probLengthConst": 2663.1894317581227,
        "propVelocity": 1.0,
        "pt3dRelativeToCellLocation": true,
        "rand123GlobalIndex": null,
        "random123": false,
        "recordCells": [
            [
                "E",
                [
                    65,
                    58
                ]
            ],
            [
                "I",
                [
                    22,
                    34
                ]
            ]
        ],
        "recordCellsSpikes": -1,
        "recordDipole": false,
        "recordDipolesHNN": false,
        "recordLFP": [],
        "recordStep": 0.1,
        "recordStim": false,
        "recordTime": true,
        "recordTraces": {
            "soma_voltage": {
                "loc": 0.5,
                "sec": "soma",
                "var": "v"
            }
        },
        "saveCSV": false,
        "saveCellConns": true,
        "saveCellSecs": true,
        "saveDat": false,
        "saveDataInclude": [
            "simData",
            "simConfig",
            "netParams",
            "net"
        ],
        "saveDipoleCells": false,
        "saveDipolePops": false,
        "saveDpk": false,
        "saveFolder": "/pscratch/sd/a/adammwea/2DNetworkSimulations/NERSC/output/240530_Run1_8nodes/gen_3",
        "saveHDF5": false,
        "saveJson": true,
        "saveLFPCells": false,
        "saveLFPPops": false,
        "saveMat": false,
        "savePickle": false,
        "saveTiming": false,
        "seeds": {
            "cell": 1,
            "conn": 1,
            "loc": 1,
            "stim": 1
        },
        "simLabel": "gen_3_cand_22",
        "tau1_exc": 0.5080666843880621,
        "tau1_exc_std": 3.2614184567872924,
        "tau1_inh": 1.1438645499301165,
        "tau1_inh_std": 1.4495893591170281,
        "tau2_exc": 29.366311357607664,
        "tau2_exc_std": 3.5470513891654387,
        "tau2_inh": 1.9741404334745736,
        "tau2_inh_std": 0.49100768146480045,
        "timestampFilename": false,
        "timing": true,
        "tstop": 1000.0,
        "use_fast_imem": false,
        "validateNetParams": false,
        "verbose": false,
        "weightEE": 1.357143585097774,
        "weightEE_std": 0.09250864768342379,
        "weightEI": 0.041132696335277275,
        "weightEI_std": 0.09498434473836864,
        "weightIE": 0.8466570190009148,
        "weightIE_std": 0.058791152769227306,
        "weightII": 1.4212921675154426,
        "weightII_std": 0.24910914444327018
    }
}