{
    "simConfig": {
        "E_L_mean": 18.8,
        "E_L_stdev": 4.759496343227012,
        "E_Ra_mean": 128.0,
        "E_Ra_stdev": 45.63525135598305,
        "E_diam_mean": 18.8,
        "E_diam_stdev": 0.19889535748872744,
        "I_L_mean": 9.0,
        "I_L_stdev": 0.024596359693811055,
        "I_Ra_mean": 110.0,
        "I_Ra_stdev": 53.504089593489496,
        "I_diam_mean": 10.0,
        "I_diam_stdev": 2.380758842481861,
        "addSynMechs": true,
        "allowConnsWithWeight0": true,
        "allowSelfConns": false,
        "analysis": {},
        "backupCfgFile": [],
        "cache_efficient": true,
        "checkErrors": false,
        "compactConnFormat": false,
        "connRandomSecFromList": true,
        "coreneuron": false,
        "createNEURONObj": true,
        "createPyStruct": true,
        "cvode_active": false,
        "cvode_atol": 0.001,
        "distributeSynsUniformly": true,
        "dt": 0.025,
        "dump_coreneuron_model": false,
        "duration": 1000.0,
        "duration_seconds": 300.0,
        "filename": "model_output",
        "gatherOnlySimData": false,
        "gkbar_E": 0.9617898039867511,
        "gkbar_E_std": 0.011289427311025974,
        "gkbar_I": 0.9183949794404729,
        "gkbar_I_std": 0.10451725289999891,
        "gnabar_E": 3.761747978933558,
        "gnabar_E_std": 0.027225855062577672,
        "gnabar_I": 1.08834451259863,
        "gnabar_I_std": 0.4161154569713128,
        "gpu": false,
        "hParams": {
            "celsius": 6.3,
            "clamp_resist": 0.001,
            "v_init": -65.0
        },
        "includeParamsLabel": true,
        "invertedYCoord": true,
        "networkType": "22May24",
        "oneSynPerNetcon": true,
        "printPopAvgRates": [
            100,
            1000.0
        ],
        "printRunTime": false,
        "printSynsAfterRule": false,
        "probEE": 0.7330076962006085,
        "probEE_std": 0.0206157941459955,
        "probEI": 0.32311149481319573,
        "probEI_std": 0.38296202151745706,
        "probIE": 0.0006967989786016131,
        "probIE_std": 0.0012953281205029402,
        "probII": 0.21608938611232698,
        "probII_std": 0.3283911615007107,
        "probLengthConst": 2293.6671566733194,
        "propVelocity": 1.0,
        "pt3dRelativeToCellLocation": true,
        "rand123GlobalIndex": null,
        "random123": false,
        "recordCells": [
            [
                "E",
                [
                    65,
                    58
                ]
            ],
            [
                "I",
                [
                    22,
                    34
                ]
            ]
        ],
        "recordCellsSpikes": -1,
        "recordDipole": false,
        "recordDipolesHNN": false,
        "recordLFP": [],
        "recordStep": 0.1,
        "recordStim": false,
        "recordTime": true,
        "recordTraces": {
            "soma_voltage": {
                "loc": 0.5,
                "sec": "soma",
                "var": "v"
            }
        },
        "saveCSV": false,
        "saveCellConns": true,
        "saveCellSecs": true,
        "saveDat": false,
        "saveDataInclude": [
            "simData",
            "simConfig",
            "netParams",
            "net"
        ],
        "saveDipoleCells": false,
        "saveDipolePops": false,
        "saveDpk": false,
        "saveFolder": "/pscratch/sd/a/adammwea/2DNetworkSimulations/NERSC/output/240530_Run1_8nodes/gen_3",
        "saveHDF5": false,
        "saveJson": true,
        "saveLFPCells": false,
        "saveLFPPops": false,
        "saveMat": false,
        "savePickle": false,
        "saveTiming": false,
        "seeds": {
            "cell": 1,
            "conn": 1,
            "loc": 1,
            "stim": 1
        },
        "simLabel": "gen_3_cand_43",
        "tau1_exc": 0.22651674909187058,
        "tau1_exc_std": 0.20320553726839685,
        "tau1_inh": 1.8175444366220948,
        "tau1_inh_std": 3.325151278503526,
        "tau2_exc": 24.776809769359332,
        "tau2_exc_std": 1.7224736595247232,
        "tau2_inh": 4.886152561964785,
        "tau2_inh_std": 1.2705265545296127,
        "timestampFilename": false,
        "timing": true,
        "tstop": 1000.0,
        "use_fast_imem": false,
        "validateNetParams": false,
        "verbose": false,
        "weightEE": 0.1448603127577487,
        "weightEE_std": 0.0014049082396900125,
        "weightEI": 1.0619261040085957,
        "weightEI_std": 0.26212586350858286,
        "weightIE": 0.7891982907923114,
        "weightIE_std": 0.3060376622670955,
        "weightII": 1.893811650471987,
        "weightII_std": 0.016887914231058735
    }
}