{
    "simConfig": {
        "E_L_mean": 18.8,
        "E_L_stdev": 3.1342720979810403,
        "E_Ra_mean": 128.0,
        "E_Ra_stdev": 54.26495186970595,
        "E_diam_mean": 18.8,
        "E_diam_stdev": 1.153592203542118,
        "I_L_mean": 9.0,
        "I_L_stdev": 0.5538183518696943,
        "I_Ra_mean": 110.0,
        "I_Ra_stdev": 0.03022801820978005,
        "I_diam_mean": 10.0,
        "I_diam_stdev": 1.6550901105149278,
        "addSynMechs": true,
        "allowConnsWithWeight0": true,
        "allowSelfConns": false,
        "analysis": {},
        "backupCfgFile": [],
        "cache_efficient": true,
        "checkErrors": false,
        "compactConnFormat": false,
        "connRandomSecFromList": true,
        "coreneuron": false,
        "createNEURONObj": true,
        "createPyStruct": true,
        "cvode_active": false,
        "cvode_atol": 0.001,
        "distributeSynsUniformly": true,
        "dt": 0.025,
        "dump_coreneuron_model": false,
        "duration": 1000.0,
        "duration_seconds": 300.0,
        "filename": "model_output",
        "gatherOnlySimData": false,
        "gkbar_E": 0.960259706872381,
        "gkbar_E_std": 0.33336499511159523,
        "gkbar_I": 0.9558830554095895,
        "gkbar_I_std": 0.08088260496775773,
        "gnabar_E": 0.6118844792857923,
        "gnabar_E_std": 0.7950483737280253,
        "gnabar_I": 4.138044936402647,
        "gnabar_I_std": 0.9226251213567983,
        "gpu": false,
        "hParams": {
            "celsius": 6.3,
            "clamp_resist": 0.001,
            "v_init": -65.0
        },
        "includeParamsLabel": true,
        "invertedYCoord": true,
        "networkType": "22May24",
        "oneSynPerNetcon": true,
        "printPopAvgRates": [
            100,
            1000.0
        ],
        "printRunTime": false,
        "printSynsAfterRule": false,
        "probEE": 0.12132169974438678,
        "probEE_std": 0.31710858553967797,
        "probEI": 0.9157879627812835,
        "probEI_std": 0.00861844858214017,
        "probIE": 0.00032154452340723823,
        "probIE_std": 0.4991522243649059,
        "probII": 0.07383749566058237,
        "probII_std": 0.45785598464378824,
        "probLengthConst": 738.5315821288768,
        "propVelocity": 1.0,
        "pt3dRelativeToCellLocation": true,
        "rand123GlobalIndex": null,
        "random123": false,
        "recordCells": [
            [
                "E",
                [
                    24,
                    73
                ]
            ],
            [
                "I",
                [
                    41,
                    25
                ]
            ]
        ],
        "recordCellsSpikes": -1,
        "recordDipole": false,
        "recordDipolesHNN": false,
        "recordLFP": [],
        "recordStep": 0.1,
        "recordStim": false,
        "recordTime": true,
        "recordTraces": {
            "soma_voltage": {
                "loc": 0.5,
                "sec": "soma",
                "var": "v"
            }
        },
        "saveCSV": false,
        "saveCellConns": true,
        "saveCellSecs": true,
        "saveDat": false,
        "saveDataInclude": [
            "simData",
            "simConfig",
            "netParams",
            "net"
        ],
        "saveDipoleCells": false,
        "saveDipolePops": false,
        "saveDpk": false,
        "saveFolder": "/pscratch/sd/a/adammwea/2DNetworkSimulations/NERSC/output/240529_Run1_8nodes/gen_8",
        "saveHDF5": false,
        "saveJson": true,
        "saveLFPCells": false,
        "saveLFPPops": false,
        "saveMat": false,
        "savePickle": false,
        "saveTiming": false,
        "seeds": {
            "cell": 1,
            "conn": 1,
            "loc": 1,
            "stim": 1
        },
        "simLabel": "gen_8_cand_52",
        "tau1_exc": 2.16080415303964,
        "tau1_exc_std": 0.09145808520494314,
        "tau1_inh": 3.8063513505052287,
        "tau1_inh_std": 2.638156114608556,
        "tau2_exc": 0.0005847024213653743,
        "tau2_exc_std": 0.022023856969927702,
        "tau2_inh": 16.975058824263172,
        "tau2_inh_std": 9.968596141830185,
        "timestampFilename": false,
        "timing": true,
        "tstop": 1000.0,
        "use_fast_imem": false,
        "validateNetParams": false,
        "verbose": false,
        "weightEE": 1.172633521096849,
        "weightEE_std": 0.47494701049162535,
        "weightEI": 0.7991076085654909,
        "weightEI_std": 0.3332661457545267,
        "weightIE": 0.13981005979359168,
        "weightIE_std": 0.10024388885185159,
        "weightII": 0.13260291556333326,
        "weightII_std": 0.023288369894205976
    }
}