{
    "burstAmp_Fitness": {
        "Value": 11.209002360931716,
        "Fit": 6.655867653513192
    },
    "burst_peak_frequency_fitness": {
        "Value": 1.1111111111111112,
        "Fit": 106.34267539816564
    },
    "IBI_fitness": {
        "Value": null,
        "Fit": 1000
    },
    "baseline_fitness": {
        "Value": 25.613381685065132,
        "Fit": 1000
    },
    "slopeFitness": {
        "Value": -0.13526977133644166,
        "Fit": 1.3106714231581236
    },
    "thresh": {
        "Value": 19.086241529860143,
        "Fit": 1000
    },
    "sustain_oscillation_fitness": {
        "Value": 14.880952380952381,
        "Fit": 1000
    },
    "rate_fitness": {
        "Value": 44.84391534391535,
        "Fit": 1000.0
    },
    "maxFitness": 1000,
    "average_fitness": 639.2886518093546,
    "average_scaled_fitness": 638.8152572886021
}