{
    "rate_fitness": 1000.0,
    "BurstVal_fitness": 1.5749387986489174,
    "IBI_fitness": 251.8636565882204,
    "baselineFitness": 1000,
    "slopeFitness": 1.0023801075986112,
    "baseline_diff_fitness": 1000,
    "burst_peak_frequency": 1.2038007834768827,
    "fitness": 465.09211089684925,
    "average_scaled_fitness": 464.5553918729417,
    "maxFitness": 1000
}