{
    "rate_fitness": 1000.0,
    "BurstVal_fitness": 3.0518772301690356,
    "IBI_fitness": 3.3232202591063293,
    "baselineFitness": 1000,
    "slopeFitness": 1.0001437530974326,
    "baseline_diff_fitness": 1000,
    "burst_peak_frequency": 535.3005060883547,
    "fitness": 506.0965353329611,
    "average_scaled_fitness": 505.60206632805483,
    "maxFitness": 1000
}