{
    "rate_fitness": 12.897545694638453,
    "BurstVal_fitness": 3.0286747139648957,
    "IBI_fitness": 3.2949013872795523,
    "baselineFitness": 4.761782644780434,
    "slopeFitness": 1.0002943932705666,
    "baseline_diff_fitness": 1000,
    "burst_peak_frequency": 155.92036839670033,
    "fitness": 168.7005096043763,
    "average_scaled_fitness": 167.8681327631175,
    "maxFitness": 1000
}