{
    "burstAmp_Fitness": {
        "Value": 10.856118779000493,
        "Fit": 7.940217044777703
    },
    "burst_peak_frequency_fitness": {
        "Value": 2.2222222222222223,
        "Fit": 1000
    },
    "IBI_fitness": {
        "Value": null,
        "Fit": 1000
    },
    "baseline_fitness": {
        "Value": 25.599036476684784,
        "Fit": 1000
    },
    "slopeFitness": {
        "Value": -0.03542902342216981,
        "Fit": 1.0734288384416815
    },
    "thresh": {
        "Value": 18.603266889376865,
        "Fit": 1000
    },
    "sustain_oscillation_fitness": {
        "Value": 37.03703703703704,
        "Fit": 1000
    },
    "E_rate_fitness": {
        "Value": 62.595238095238095,
        "Fit": 1000
    },
    "I_rate_fitness": {
        "Value": 2.2870370370370368,
        "Fit": 15.979334542067797
    },
    "maxFitness": 1000,
    "average_fitness": 669.4436644916984,
    "average_scaled_fitness": 669.0884544957811
}