{
    "simConfig": {
        "E_L_mean": 18.8,
        "E_L_stdev": 5.425453585142716,
        "E_Ra_mean": 128.0,
        "E_Ra_stdev": 25.786141788954513,
        "E_diam_mean": 18.8,
        "E_diam_stdev": 0.5130346193612119,
        "I_L_mean": 9.0,
        "I_L_stdev": 2.4130307726709064,
        "I_Ra_mean": 110.0,
        "I_Ra_stdev": 5.737201336828831,
        "I_diam_mean": 10.0,
        "I_diam_stdev": 1.956637225306363,
        "addSynMechs": true,
        "allowConnsWithWeight0": true,
        "allowSelfConns": false,
        "analysis": {},
        "backupCfgFile": [],
        "cache_efficient": true,
        "checkErrors": false,
        "compactConnFormat": false,
        "connRandomSecFromList": true,
        "coreneuron": false,
        "createNEURONObj": true,
        "createPyStruct": true,
        "cvode_active": false,
        "cvode_atol": 0.001,
        "distributeSynsUniformly": true,
        "dt": 0.025,
        "dump_coreneuron_model": false,
        "duration": 1000.0,
        "duration_seconds": 330.0,
        "filename": "model_output",
        "gatherOnlySimData": false,
        "gkbar_E": 0.14922588743125942,
        "gkbar_E_std": 0.000593136794212773,
        "gkbar_I": 8.252274195223272,
        "gkbar_I_std": 0.24043957899929624,
        "gnabar_E": 1.0374724494385579,
        "gnabar_E_std": 1.6598525261038364,
        "gnabar_I": 3.4667646135048606,
        "gnabar_I_std": 0.41541758492980113,
        "gpu": false,
        "hParams": {
            "celsius": 6.3,
            "clamp_resist": 0.001,
            "v_init": -65.0
        },
        "includeParamsLabel": true,
        "invertedYCoord": true,
        "networkType": "22May24",
        "oneSynPerNetcon": true,
        "printPopAvgRates": [
            100,
            1000.0
        ],
        "printRunTime": false,
        "printSynsAfterRule": false,
        "probEE": 0.0011611180443534819,
        "probEE_std": 0.3093764912354895,
        "probEI": 0.5640236741446754,
        "probEI_std": 0.3720132162879638,
        "probIE": 0.7137166328241581,
        "probIE_std": 0.3332974804770257,
        "probII": 0.4181416186272976,
        "probII_std": 0.1517834774066441,
        "probLengthConst": 1522.217644674625,
        "propVelocity": 1.0,
        "pt3dRelativeToCellLocation": true,
        "rand123GlobalIndex": null,
        "random123": false,
        "recordCells": [
            [
                "E",
                [
                    68,
                    13
                ]
            ],
            [
                "I",
                [
                    4,
                    5
                ]
            ]
        ],
        "recordCellsSpikes": -1,
        "recordDipole": false,
        "recordDipolesHNN": false,
        "recordLFP": [],
        "recordStep": 0.1,
        "recordStim": false,
        "recordTime": true,
        "recordTraces": {
            "soma_voltage": {
                "loc": 0.5,
                "sec": "soma",
                "var": "v"
            }
        },
        "saveCSV": false,
        "saveCellConns": true,
        "saveCellSecs": true,
        "saveDat": false,
        "saveDataInclude": [
            "simData",
            "simConfig",
            "netParams",
            "net"
        ],
        "saveDipoleCells": false,
        "saveDipolePops": false,
        "saveDpk": false,
        "saveFolder": "/pscratch/sd/a/adammwea/2DNetworkSimulations/NERSC/output/240604_Run1_24n24hr/gen_1",
        "saveHDF5": false,
        "saveJson": true,
        "saveLFPCells": false,
        "saveLFPPops": false,
        "saveMat": false,
        "savePickle": false,
        "saveTiming": false,
        "seeds": {
            "cell": 1,
            "conn": 1,
            "loc": 1,
            "stim": 1
        },
        "simLabel": "gen_1_cand_443",
        "tau1_exc": 6.335514886734174,
        "tau1_exc_std": 2.060477569458547,
        "tau1_inh": 4.191275384611163,
        "tau1_inh_std": 1.6378285226089109,
        "tau2_exc": 3.8617529011148526,
        "tau2_exc_std": 5.853337281586962,
        "tau2_inh": 16.15311614629261,
        "tau2_inh_std": 0.1482989095548204,
        "timestampFilename": false,
        "timing": true,
        "tstop": 1000.0,
        "use_fast_imem": false,
        "validateNetParams": false,
        "verbose": false,
        "weightEE": 0.6482008350917762,
        "weightEE_std": 0.0038924643224417764,
        "weightEI": 1.6693922112408006,
        "weightEI_std": 0.10010611285398022,
        "weightIE": 0.48303722241744984,
        "weightIE_std": 0.22783909626836032,
        "weightII": 1.7965147147263032,
        "weightII_std": 0.04795231202651225
    }
}