{
    "simConfig": {
        "E_L_mean": 18.8,
        "E_L_stdev": 0.9589670065017,
        "E_Ra_mean": 128.0,
        "E_Ra_stdev": 63.93411546469548,
        "E_diam_mean": 18.8,
        "E_diam_stdev": 0.13230568542044474,
        "I_L_mean": 9.0,
        "I_L_stdev": 1.9799885130931782,
        "I_Ra_mean": 110.0,
        "I_Ra_stdev": 54.05234018786953,
        "I_diam_mean": 10.0,
        "I_diam_stdev": 1.298779863801987,
        "addSynMechs": true,
        "allowConnsWithWeight0": true,
        "allowSelfConns": false,
        "analysis": {},
        "backupCfgFile": [],
        "cache_efficient": true,
        "checkErrors": false,
        "compactConnFormat": false,
        "connRandomSecFromList": true,
        "coreneuron": false,
        "createNEURONObj": true,
        "createPyStruct": true,
        "cvode_active": false,
        "cvode_atol": 0.001,
        "distributeSynsUniformly": true,
        "dt": 0.025,
        "dump_coreneuron_model": false,
        "duration": 1000.0,
        "duration_seconds": 330.0,
        "filename": "model_output",
        "gatherOnlySimData": false,
        "gkbar_E": 0.06018979532699975,
        "gkbar_E_std": 0.4428603981961704,
        "gkbar_I": 9.780604249430382,
        "gkbar_I_std": 1.3357610509282967,
        "gnabar_E": 6.4387155128776365,
        "gnabar_E_std": 0.8372220389988584,
        "gnabar_I": 0.5905031058601371,
        "gnabar_I_std": 0.881408063964768,
        "gpu": false,
        "hParams": {
            "celsius": 6.3,
            "clamp_resist": 0.001,
            "v_init": -65.0
        },
        "includeParamsLabel": true,
        "invertedYCoord": true,
        "networkType": "22May24",
        "oneSynPerNetcon": true,
        "printPopAvgRates": [
            100,
            1000.0
        ],
        "printRunTime": false,
        "printSynsAfterRule": false,
        "probEE": 0.39773991131077563,
        "probEE_std": 0.430578991812986,
        "probEI": 0.4168919317889981,
        "probEI_std": 0.3624882566396187,
        "probIE": 0.05290257241310116,
        "probIE_std": 0.16642831962585977,
        "probII": 0.10566664735895692,
        "probII_std": 0.3280991545524724,
        "probLengthConst": 1918.0837347603524,
        "propVelocity": 1.0,
        "pt3dRelativeToCellLocation": true,
        "rand123GlobalIndex": null,
        "random123": false,
        "recordCells": [
            [
                "E",
                [
                    68,
                    13
                ]
            ],
            [
                "I",
                [
                    4,
                    5
                ]
            ]
        ],
        "recordCellsSpikes": -1,
        "recordDipole": false,
        "recordDipolesHNN": false,
        "recordLFP": [],
        "recordStep": 0.1,
        "recordStim": false,
        "recordTime": true,
        "recordTraces": {
            "soma_voltage": {
                "loc": 0.5,
                "sec": "soma",
                "var": "v"
            }
        },
        "saveCSV": false,
        "saveCellConns": true,
        "saveCellSecs": true,
        "saveDat": false,
        "saveDataInclude": [
            "simData",
            "simConfig",
            "netParams",
            "net"
        ],
        "saveDipoleCells": false,
        "saveDipolePops": false,
        "saveDpk": false,
        "saveFolder": "/pscratch/sd/a/adammwea/2DNetworkSimulations/NERSC/output/240604_Run1_24n24hr/gen_1",
        "saveHDF5": false,
        "saveJson": true,
        "saveLFPCells": false,
        "saveLFPPops": false,
        "saveMat": false,
        "savePickle": false,
        "saveTiming": false,
        "seeds": {
            "cell": 1,
            "conn": 1,
            "loc": 1,
            "stim": 1
        },
        "simLabel": "gen_1_cand_76",
        "tau1_exc": 6.642869522113978,
        "tau1_exc_std": 0.10282054362289261,
        "tau1_inh": 6.1145403868692725,
        "tau1_inh_std": 2.5836019045261907,
        "tau2_exc": 15.864940631623941,
        "tau2_exc_std": 6.601826571243363,
        "tau2_inh": 16.010715950061687,
        "tau2_inh_std": 1.9789654188623818,
        "timestampFilename": false,
        "timing": true,
        "tstop": 1000.0,
        "use_fast_imem": false,
        "validateNetParams": false,
        "verbose": false,
        "weightEE": 0.026558497619382452,
        "weightEE_std": 0.44065628928386186,
        "weightEI": 0.10509366411289989,
        "weightEI_std": 0.06467762173386948,
        "weightIE": 0.7027877355513289,
        "weightIE_std": 0.04170938722858107,
        "weightII": 0.031233637531800973,
        "weightII_std": 0.24651588522620552
    }
}