{
    "BigBurstVal_Fitness": {
        "Value": 4540.058943867032,
        "Fit": 1000.0
    },
    "numBig_Fitness": {
        "Value": 2,
        "Percent": 100.0,
        "Fit": 1000
    },
    "SmallBurstVal_Fitness": {
        "Value": null,
        "Fit": 1000
    },
    "numSmall_Fitness": {
        "Value": 0,
        "Percent": 0.0,
        "Fit": 1000
    },
    "burst_peak_frequency_fitness": {
        "Value": 0.3448275862068965,
        "Fit": 1.2566682212289508
    },
    "IBI_fitness": {
        "Value": 4.800000000000001,
        "Fit": 1.0003604985683325
    },
    "baseline_fitness": {
        "Value": 2562.4811330456805,
        "Fit": 1000
    },
    "slopeFitness": {
        "Value": -68.06027070061864,
        "Fit": 1000
    },
    "thresh": {
        "Value": 2240.5274608275195,
        "Fit": 1000
    },
    "sustain_oscillation_fitness": {
        "Value": 37.086092715231786,
        "Fit": 1000
    },
    "E_rate_fitness": {
        "Value": 8.5515873015873,
        "Fit": 1000
    },
    "I_rate_fitness": {
        "Value": 20.925925925925924,
        "Fit": 1000
    },
    "maxFitness": 1000,
    "average_fitness": 833.5214190599831,
    "average_scaled_fitness": 0.8333547136982942
}