{
    "BigBurstVal_Fitness": {
        "Value": 4014.5809455913713,
        "Fit": 1000.0
    },
    "numBig_Fitness": {
        "Value": 11,
        "Percent": 100.0,
        "Fit": 1000
    },
    "SmallBurstVal_Fitness": {
        "Value": null,
        "Fit": 1000
    },
    "numSmall_Fitness": {
        "Value": 0,
        "Percent": 0.0,
        "Fit": 1000
    },
    "burst_peak_frequency_fitness": {
        "Value": 0.7482993197278911,
        "Fit": 1.8812485586793708
    },
    "IBI_fitness": {
        "Value": 1.3,
        "Fit": 1.0006768339074148
    },
    "baseline_fitness": {
        "Value": 3884.692985284538,
        "Fit": 1000
    },
    "slopeFitness": {
        "Value": 0.14190131094230776,
        "Fit": 1.149588207981637
    },
    "thresh": {
        "Value": 3815.0186064916566,
        "Fit": 1000
    },
    "sustain_oscillation_fitness": {
        "Value": 92.71523178807946,
        "Fit": 6.12390194161218
    },
    "E_rate_fitness": {
        "Value": 11.353174603174603,
        "Fit": 1000
    },
    "I_rate_fitness": {
        "Value": 0.25925925925925924,
        "Fit": 1000
    },
    "maxFitness": 1000,
    "average_fitness": 667.5129512951818,
    "average_scaled_fitness": 0.6671799059371942
}