{
    "BigBurstVal_Fitness": {
        "Value": 8334.340586273682,
        "Fit": 1000.0
    },
    "numBig_Fitness": {
        "Value": 4,
        "Percent": 100.0,
        "Fit": 1000
    },
    "SmallBurstVal_Fitness": {
        "Value": null,
        "Fit": 1000
    },
    "numSmall_Fitness": {
        "Value": 0,
        "Percent": 0.0,
        "Fit": 1000
    },
    "burst_peak_frequency_fitness": {
        "Value": 0.27210884353741494,
        "Fit": 1.168528432494739
    },
    "IBI_fitness": {
        "Value": 3.5,
        "Fit": 1.0004780120251227
    },
    "baseline_fitness": {
        "Value": 8232.670992823943,
        "Fit": 1000
    },
    "slopeFitness": {
        "Value": 1.230618784087663,
        "Fit": 3.4148080084822676
    },
    "thresh": {
        "Value": 8047.652756283085,
        "Fit": 1000
    },
    "sustain_oscillation_fitness": {
        "Value": 88.74172185430463,
        "Fit": 8.682508357938584
    },
    "E_rate_fitness": {
        "Value": 21.761904761904763,
        "Fit": 1000
    },
    "I_rate_fitness": {
        "Value": 1.074074074074074,
        "Fit": 1000
    },
    "maxFitness": 1000,
    "average_fitness": 667.8555269009117,
    "average_scaled_fitness": 0.6675228908637193
}