{
    "BigBurstVal_Fitness": {
        "Value": 7476.615477211651,
        "Fit": 1000.0
    },
    "numBig_Fitness": {
        "Value": 1,
        "Percent": 100.0,
        "Fit": 1000
    },
    "SmallBurstVal_Fitness": {
        "Value": null,
        "Fit": 1000
    },
    "numSmall_Fitness": {
        "Value": 0,
        "Percent": 0.0,
        "Fit": 1000
    },
    "burst_peak_frequency_fitness": {
        "Value": 0.16393442622950818,
        "Fit": 1.048720437272762
    },
    "IBI_fitness": {
        "Value": null,
        "Fit": 1000
    },
    "baseline_fitness": {
        "Value": 5989.707628059925,
        "Fit": 1000
    },
    "slopeFitness": {
        "Value": -57.7780859602074,
        "Fit": 1000
    },
    "thresh": {
        "Value": 4466.499661337509,
        "Fit": 1000
    },
    "sustain_oscillation_fitness": {
        "Value": 33.11258278145696,
        "Fit": 1000
    },
    "E_rate_fitness": {
        "Value": 1.9682539682539681,
        "Fit": 2.9769143217449554
    },
    "I_rate_fitness": {
        "Value": 0.5555555555555556,
        "Fit": 1000
    },
    "maxFitness": 1000,
    "average_fitness": 833.6688028965849,
    "average_scaled_fitness": 0.8334941848453074
}