{
    "simConfig": {
        "E_L_mean": 18.8,
        "E_L_stdev": 8.99017079385308,
        "E_Ra_mean": 128.0,
        "E_Ra_stdev": 25.89383039750105,
        "E_diam_mean": 18.8,
        "E_diam_stdev": 5.769507520589903,
        "I_L_mean": 9.0,
        "I_L_stdev": 1.4750570968425272,
        "I_Ra_mean": 110.0,
        "I_Ra_stdev": 6.331179473094554,
        "I_diam_mean": 10.0,
        "I_diam_stdev": 0.5593982370399413,
        "addSynMechs": true,
        "allowConnsWithWeight0": true,
        "allowSelfConns": false,
        "analysis": {},
        "backupCfgFile": [],
        "cache_efficient": true,
        "checkErrors": false,
        "compactConnFormat": false,
        "connRandomSecFromList": true,
        "coreneuron": false,
        "createNEURONObj": true,
        "createPyStruct": true,
        "cvode_active": false,
        "cvode_atol": 0.001,
        "distributeSynsUniformly": true,
        "dt": 0.025,
        "dump_coreneuron_model": false,
        "duration": 1000.0,
        "duration_seconds": 300.0,
        "filename": "model_output",
        "gatherOnlySimData": false,
        "gkbar_E": 0.14419023731370667,
        "gkbar_E_std": 0.4359054480367867,
        "gkbar_I": 9.792217221352075,
        "gkbar_I_std": 0.03646087188764588,
        "gnabar_E": 6.9492544218935866,
        "gnabar_E_std": 0.35757206818077636,
        "gnabar_I": 1.3108970203483867,
        "gnabar_I_std": 0.7677040784904338,
        "gpu": false,
        "hParams": {
            "celsius": 6.3,
            "clamp_resist": 0.001,
            "v_init": -65.0
        },
        "includeParamsLabel": true,
        "invertedYCoord": true,
        "networkType": "22May24",
        "oneSynPerNetcon": true,
        "printPopAvgRates": [
            100,
            1000.0
        ],
        "printRunTime": false,
        "printSynsAfterRule": false,
        "probEE": 0.160412944961225,
        "probEE_std": 0.2921891398925086,
        "probEI": 0.2817797584191804,
        "probEI_std": 0.2797872753564635,
        "probIE": 0.5783707816425616,
        "probIE_std": 0.05323345959768846,
        "probII": 0.7399121055965808,
        "probII_std": 0.00990274801940691,
        "probLengthConst": 2834.4346102221257,
        "propVelocity": 1.0,
        "pt3dRelativeToCellLocation": true,
        "rand123GlobalIndex": null,
        "random123": false,
        "recordCells": [
            [
                "E",
                [
                    65,
                    58
                ]
            ],
            [
                "I",
                [
                    22,
                    34
                ]
            ]
        ],
        "recordCellsSpikes": -1,
        "recordDipole": false,
        "recordDipolesHNN": false,
        "recordLFP": [],
        "recordStep": 0.1,
        "recordStim": false,
        "recordTime": true,
        "recordTraces": {
            "soma_voltage": {
                "loc": 0.5,
                "sec": "soma",
                "var": "v"
            }
        },
        "saveCSV": false,
        "saveCellConns": true,
        "saveCellSecs": true,
        "saveDat": false,
        "saveDataInclude": [
            "simData",
            "simConfig",
            "netParams",
            "net"
        ],
        "saveDipoleCells": false,
        "saveDipolePops": false,
        "saveDpk": false,
        "saveFolder": "/pscratch/sd/a/adammwea/2DNetworkSimulations/NERSC/output/240530_Run1_8nodes/gen_2",
        "saveHDF5": false,
        "saveJson": true,
        "saveLFPCells": false,
        "saveLFPPops": false,
        "saveMat": false,
        "savePickle": false,
        "saveTiming": false,
        "seeds": {
            "cell": 1,
            "conn": 1,
            "loc": 1,
            "stim": 1
        },
        "simLabel": "gen_2_cand_5",
        "tau1_exc": 4.286023580903447,
        "tau1_exc_std": 2.292095315033757,
        "tau1_inh": 3.7873924365718197,
        "tau1_inh_std": 0.4391691451746292,
        "tau2_exc": 24.17647861713526,
        "tau2_exc_std": 7.5072509040916025,
        "tau2_inh": 19.124313510758647,
        "tau2_inh_std": 1.035000215743219,
        "timestampFilename": false,
        "timing": true,
        "tstop": 1000.0,
        "use_fast_imem": false,
        "validateNetParams": false,
        "verbose": false,
        "weightEE": 0.6414929974820678,
        "weightEE_std": 0.08974864273668892,
        "weightEI": 0.3040928711376182,
        "weightEI_std": 0.21429222209711682,
        "weightIE": 0.26546931159050613,
        "weightIE_std": 0.3316949202330409,
        "weightII": 1.742599503508997,
        "weightII_std": 0.2021425849570538
    }
}