{
    "burstAmp_Fitness": 1000.0,
    "burst_peak_frequency_fitness": 1000,
    "IBI_fitness": 1000,
    "baselineFitness": 1000,
    "slopeFitness": 1.005430764366054,
    "thresh": 1000,
    "sustain_fit": 131.75608613826648,
    "rate_fitness": 500.92637096547645,
    "maxFitness": 1000,
    "average_fitness": 704.2109859835135,
    "average_scaled_fitness": 703.9132912976644
}