{
    "simConfig": {
        "E_L_mean": 18.8,
        "E_L_stdev": 3.8581595013537013,
        "E_Ra_mean": 128.0,
        "E_Ra_stdev": 0.07355758353794561,
        "E_diam_mean": 18.8,
        "E_diam_stdev": 2.7451537350387936,
        "I_L_mean": 9.0,
        "I_L_stdev": 0.12168120700529717,
        "I_Ra_mean": 110.0,
        "I_Ra_stdev": 16.22435071022927,
        "I_diam_mean": 10.0,
        "I_diam_stdev": 1.3513674612512512,
        "addSynMechs": true,
        "allowConnsWithWeight0": true,
        "allowSelfConns": false,
        "analysis": {},
        "backupCfgFile": [],
        "cache_efficient": true,
        "checkErrors": false,
        "compactConnFormat": false,
        "connRandomSecFromList": true,
        "coreneuron": false,
        "createNEURONObj": true,
        "createPyStruct": true,
        "cvode_active": false,
        "cvode_atol": 0.001,
        "distributeSynsUniformly": true,
        "dt": 0.025,
        "dump_coreneuron_model": false,
        "duration": 1000.0,
        "duration_seconds": 60.0,
        "filename": "model_output",
        "gatherOnlySimData": false,
        "gkbar_E": 0.4607895880697668,
        "gkbar_E_std": 0.0956426438228129,
        "gkbar_I": 7.350128987224284,
        "gkbar_I_std": 1.8172927344718706,
        "gnabar_E": 4.992055471103862,
        "gnabar_E_std": 0.5027569423363296,
        "gnabar_I": 2.299514138088981,
        "gnabar_I_std": 0.26834829745118804,
        "gpu": false,
        "hParams": {
            "celsius": 6.3,
            "clamp_resist": 0.001,
            "v_init": -65.0
        },
        "includeParamsLabel": true,
        "invertedYCoord": true,
        "networkType": "22May24",
        "oneSynPerNetcon": true,
        "printPopAvgRates": [
            100,
            1000.0
        ],
        "printRunTime": false,
        "printSynsAfterRule": false,
        "probEE": 0.0759219701897304,
        "probEE_std": 0.014197525172034807,
        "probEI": 0.9067243813918678,
        "probEI_std": 0.1879946982732634,
        "probIE": 0.22217849469003392,
        "probIE_std": 0.01794442627588316,
        "probII": 0.0017782135433514745,
        "probII_std": 0.3333047853421481,
        "probLengthConst": 2923.2347972072503,
        "propVelocity": 1.0,
        "pt3dRelativeToCellLocation": true,
        "rand123GlobalIndex": null,
        "random123": false,
        "recordCells": [
            [
                "E",
                [
                    16,
                    79
                ]
            ],
            [
                "I",
                [
                    28,
                    1
                ]
            ]
        ],
        "recordCellsSpikes": -1,
        "recordDipole": false,
        "recordDipolesHNN": false,
        "recordLFP": [],
        "recordStep": 0.1,
        "recordStim": false,
        "recordTime": true,
        "recordTraces": {
            "soma_voltage": {
                "loc": 0.5,
                "sec": "soma",
                "var": "v"
            }
        },
        "saveCSV": false,
        "saveCellConns": true,
        "saveCellSecs": true,
        "saveDat": false,
        "saveDataInclude": [
            "simData",
            "simConfig",
            "netParams",
            "net"
        ],
        "saveDipoleCells": false,
        "saveDipolePops": false,
        "saveDpk": false,
        "saveFolder": "/pscratch/sd/a/adammwea/2DNetworkSimulations/NERSC/output/240527_Run3_this_should_work/gen_12",
        "saveHDF5": false,
        "saveJson": true,
        "saveLFPCells": false,
        "saveLFPPops": false,
        "saveMat": false,
        "savePickle": false,
        "saveTiming": false,
        "seeds": {
            "cell": 1,
            "conn": 1,
            "loc": 1,
            "stim": 1
        },
        "simLabel": "gen_12_cand_33",
        "tau1_exc": 7.59739110282773,
        "tau1_exc_std": 0.10416138644560968,
        "tau1_inh": 7.4407527299615275,
        "tau1_inh_std": 3.159993045929272,
        "tau2_exc": 15.175525463855108,
        "tau2_exc_std": 5.946109418474294,
        "tau2_inh": 0.3053995046261333,
        "tau2_inh_std": 6.400227791258626,
        "timestampFilename": false,
        "timing": true,
        "tstop": 1000.0,
        "use_fast_imem": false,
        "validateNetParams": false,
        "verbose": false,
        "weightEE": 0.18847738868605524,
        "weightEE_std": 0.29843644527462543,
        "weightEI": 0.9162376207883531,
        "weightEI_std": 0.29975846738122186,
        "weightIE": 0.02110474786393729,
        "weightIE_std": 0.13364945515474025,
        "weightII": 0.44597778640223124,
        "weightII_std": 0.10839475478952772
    }
}