{
    "simConfig": {
        "E_L_mean": 18.8,
        "E_L_stdev": 5.77038192918673,
        "E_Ra_mean": 128.0,
        "E_Ra_stdev": 0.026516803457429693,
        "E_diam_mean": 18.8,
        "E_diam_stdev": 2.1163264306853113,
        "I_L_mean": 9.0,
        "I_L_stdev": 2.4079428549630117,
        "I_Ra_mean": 110.0,
        "I_Ra_stdev": 35.14321247162492,
        "I_diam_mean": 10.0,
        "I_diam_stdev": 2.6350495347714986,
        "addSynMechs": true,
        "allowConnsWithWeight0": true,
        "allowSelfConns": false,
        "analysis": {},
        "backupCfgFile": [],
        "cache_efficient": true,
        "checkErrors": false,
        "compactConnFormat": false,
        "connRandomSecFromList": true,
        "coreneuron": false,
        "createNEURONObj": true,
        "createPyStruct": true,
        "cvode_active": false,
        "cvode_atol": 0.001,
        "distributeSynsUniformly": true,
        "dt": 0.025,
        "dump_coreneuron_model": false,
        "duration": 1000.0,
        "duration_seconds": 60.0,
        "filename": "model_output",
        "gatherOnlySimData": false,
        "gkbar_E": 0.012487247662702289,
        "gkbar_E_std": 0.3174614359931897,
        "gkbar_I": 1.354599144821965,
        "gkbar_I_std": 0.00045411967976925283,
        "gnabar_E": 0.2718945063143403,
        "gnabar_E_std": 0.2802855100533106,
        "gnabar_I": 1.7251420820303562,
        "gnabar_I_std": 0.46140539967008737,
        "gpu": false,
        "hParams": {
            "celsius": 6.3,
            "clamp_resist": 0.001,
            "v_init": -65.0
        },
        "includeParamsLabel": true,
        "invertedYCoord": true,
        "networkType": "22May24",
        "oneSynPerNetcon": true,
        "printPopAvgRates": [
            100,
            1000.0
        ],
        "printRunTime": false,
        "printSynsAfterRule": false,
        "probEE": 0.5708836040838297,
        "probEE_std": 0.01044685730942195,
        "probEI": 0.9987690946371995,
        "probEI_std": 0.13534683525121835,
        "probIE": 0.7238525251581109,
        "probIE_std": 0.33299683400702856,
        "probII": 0.07739026976153723,
        "probII_std": 0.1647665639167271,
        "probLengthConst": 2946.984780763159,
        "propVelocity": 1.0,
        "pt3dRelativeToCellLocation": true,
        "rand123GlobalIndex": null,
        "random123": false,
        "recordCells": [
            [
                "E",
                [
                    16,
                    79
                ]
            ],
            [
                "I",
                [
                    28,
                    1
                ]
            ]
        ],
        "recordCellsSpikes": -1,
        "recordDipole": false,
        "recordDipolesHNN": false,
        "recordLFP": [],
        "recordStep": 0.1,
        "recordStim": false,
        "recordTime": true,
        "recordTraces": {
            "soma_voltage": {
                "loc": 0.5,
                "sec": "soma",
                "var": "v"
            }
        },
        "saveCSV": false,
        "saveCellConns": true,
        "saveCellSecs": true,
        "saveDat": false,
        "saveDataInclude": [
            "simData",
            "simConfig",
            "netParams",
            "net"
        ],
        "saveDipoleCells": false,
        "saveDipolePops": false,
        "saveDpk": false,
        "saveFolder": "/pscratch/sd/a/adammwea/2DNetworkSimulations/NERSC/output/240527_Run3_this_should_work/gen_12",
        "saveHDF5": false,
        "saveJson": true,
        "saveLFPCells": false,
        "saveLFPPops": false,
        "saveMat": false,
        "savePickle": false,
        "saveTiming": false,
        "seeds": {
            "cell": 1,
            "conn": 1,
            "loc": 1,
            "stim": 1
        },
        "simLabel": "gen_12_cand_32",
        "tau1_exc": 0.5350481441448083,
        "tau1_exc_std": 0.8265489517334551,
        "tau1_inh": 0.03961495164728283,
        "tau1_inh_std": 0.852573843953488,
        "tau2_exc": 2.0442994434699457,
        "tau2_exc_std": 6.6659531633553515,
        "tau2_inh": 18.849350121570787,
        "tau2_inh_std": 1.43482937666289,
        "timestampFilename": false,
        "timing": true,
        "tstop": 1000.0,
        "use_fast_imem": false,
        "validateNetParams": false,
        "verbose": false,
        "weightEE": 0.8473932357482999,
        "weightEE_std": 0.32484631700956745,
        "weightEI": 0.05690203849136016,
        "weightEI_std": 0.05688354489456565,
        "weightIE": 0.2081387944257166,
        "weightIE_std": 0.018182872877031055,
        "weightII": 0.15567894134840365,
        "weightII_std": 0.06608576009780458
    }
}