{
    "burstAmp_Fitness": 1000.0,
    "burst_peak_frequency_fitness": 200.19063208272075,
    "IBI_fitness": 2.7809859296803463,
    "baselineFitness": 4.200618643028364,
    "slopeFitness": 1.000105380028601,
    "thresh": 1000,
    "rate_fitness": 1000.0,
    "maxFitness": 1000,
    "average_fitness": 458.310334576494,
    "average_scaled_fitness": 457.7680454815567
}