{
    "rate_fitness": 1000.0,
    "BurstVal_fitness": 1000.0,
    "IBI_fitness": 3.2306220994135284,
    "baselineFitness": 2.220112992686728,
    "slopeFitness": 1.0000459976306697,
    "baseline_diff_fitness": 1000,
    "burst_peak_frequency": 272.4915508609142,
    "fitness": 468.4203331358065,
    "average_scaled_fitness": 467.888196856781,
    "maxFitness": 1000
}