{
    "rate_fitness": 1.0300729547932959,
    "BurstVal_fitness": 5.292711014544549,
    "IBI_fitness": 3.507544296734192,
    "baselineFitness": 1000,
    "slopeFitness": 1.000578919100015,
    "baseline_diff_fitness": 1000,
    "burst_peak_frequency": 1000,
    "fitness": 430.1187010264531,
    "average_scaled_fitness": 429.54791869954715,
    "maxFitness": 1000
}