{
    "rate_fitness": 2.109955097944817,
    "BurstVal_fitness": 1.2515913011095334,
    "IBI_fitness": 3.2200938255414386,
    "baselineFitness": 1000,
    "slopeFitness": 1.0012463970520296,
    "baseline_diff_fitness": 1000,
    "burst_peak_frequency": 85.20974546403855,
    "fitness": 298.97037601224093,
    "average_scaled_fitness": 298.2677691444014,
    "maxFitness": 1000
}