{
    "rate_fitness": 1000.0,
    "BurstVal_fitness": 1.5762564594439508,
    "IBI_fitness": 2.702482072088885,
    "baselineFitness": 1000,
    "slopeFitness": 1.001031192680963,
    "baseline_diff_fitness": 1000,
    "burst_peak_frequency": 31.643901821044516,
    "fitness": 433.8462387921798,
    "average_scaled_fitness": 433.2789333268905,
    "maxFitness": 1000
}