{
    "rate_fitness": 1000.0,
    "BurstVal_fitness": 2.0769908156249572,
    "IBI_fitness": 750.5790917441952,
    "baselineFitness": 1000,
    "slopeFitness": 1.002773126752993,
    "baseline_diff_fitness": 1000,
    "burst_peak_frequency": 1000,
    "fitness": 679.0941222409391,
    "average_scaled_fitness": 678.7720034384264,
    "maxFitness": 1000
}