{
    "simConfig": {
        "E_L_mean": 18.8,
        "E_L_stdev": 3.6655907676243267,
        "E_Ra_mean": 128.0,
        "E_Ra_stdev": 7.754829890935618,
        "E_diam_mean": 18.8,
        "E_diam_stdev": 0.021455779130843122,
        "I_L_mean": 9.0,
        "I_L_stdev": 0.04386093266677032,
        "I_Ra_mean": 110.0,
        "I_Ra_stdev": 31.167784530315277,
        "I_diam_mean": 10.0,
        "I_diam_stdev": 2.7143737568395543,
        "addSynMechs": true,
        "allowConnsWithWeight0": true,
        "allowSelfConns": false,
        "analysis": {},
        "backupCfgFile": [],
        "cache_efficient": true,
        "checkErrors": false,
        "compactConnFormat": false,
        "connRandomSecFromList": true,
        "coreneuron": false,
        "createNEURONObj": true,
        "createPyStruct": true,
        "cvode_active": false,
        "cvode_atol": 0.001,
        "distributeSynsUniformly": true,
        "dt": 0.025,
        "dump_coreneuron_model": false,
        "duration": 1000.0,
        "duration_seconds": 60.0,
        "filename": "model_output",
        "gatherOnlySimData": false,
        "gkbar_E": 0.5878222954616554,
        "gkbar_E_std": 0.10890718888083768,
        "gkbar_I": 0.1881144044652077,
        "gkbar_I_std": 1.6388632865022958,
        "gnabar_E": 1.567949171226462,
        "gnabar_E_std": 0.004463279614294605,
        "gnabar_I": 1.2871311160128216,
        "gnabar_I_std": 0.0062486437720580545,
        "gpu": false,
        "hParams": {
            "celsius": 6.3,
            "clamp_resist": 0.001,
            "v_init": -65.0
        },
        "includeParamsLabel": true,
        "invertedYCoord": true,
        "networkType": "22May24",
        "oneSynPerNetcon": true,
        "printPopAvgRates": [
            100,
            1000.0
        ],
        "printRunTime": false,
        "printSynsAfterRule": false,
        "probEE": 0.0035576830688600165,
        "probEE_std": 0.1299222540507443,
        "probEI": 0.09624130891973137,
        "probEI_std": 0.04776036945519398,
        "probIE": 0.42696105308117926,
        "probIE_std": 0.1473218824015755,
        "probII": 0.14037425126446834,
        "probII_std": 0.049697068351671925,
        "probLengthConst": 2039.743363674503,
        "propVelocity": 1.0,
        "pt3dRelativeToCellLocation": true,
        "rand123GlobalIndex": null,
        "random123": false,
        "recordCells": [
            [
                "E",
                [
                    16,
                    79
                ]
            ],
            [
                "I",
                [
                    28,
                    1
                ]
            ]
        ],
        "recordCellsSpikes": -1,
        "recordDipole": false,
        "recordDipolesHNN": false,
        "recordLFP": [],
        "recordStep": 0.1,
        "recordStim": false,
        "recordTime": true,
        "recordTraces": {
            "soma_voltage": {
                "loc": 0.5,
                "sec": "soma",
                "var": "v"
            }
        },
        "saveCSV": false,
        "saveCellConns": true,
        "saveCellSecs": true,
        "saveDat": false,
        "saveDataInclude": [
            "simData",
            "simConfig",
            "netParams",
            "net"
        ],
        "saveDipoleCells": false,
        "saveDipolePops": false,
        "saveDpk": false,
        "saveFolder": "/pscratch/sd/a/adammwea/2DNetworkSimulations/NERSC/output/240527_Run3_this_should_work/gen_7",
        "saveHDF5": false,
        "saveJson": true,
        "saveLFPCells": false,
        "saveLFPPops": false,
        "saveMat": false,
        "savePickle": false,
        "saveTiming": false,
        "seeds": {
            "cell": 1,
            "conn": 1,
            "loc": 1,
            "stim": 1
        },
        "simLabel": "gen_7_cand_43",
        "tau1_exc": 0.3233253481377414,
        "tau1_exc_std": 2.9985875697400663,
        "tau1_inh": 8.495017461328212,
        "tau1_inh_std": 2.9340168289406368,
        "tau2_exc": 19.67751435963644,
        "tau2_exc_std": 1.993712651046256,
        "tau2_inh": 19.697147793060594,
        "tau2_inh_std": 1.19296901676221,
        "timestampFilename": false,
        "timing": true,
        "tstop": 1000.0,
        "use_fast_imem": false,
        "validateNetParams": false,
        "verbose": false,
        "weightEE": 0.9296636024957623,
        "weightEE_std": 0.33272113002236725,
        "weightEI": 0.5742197337386542,
        "weightEI_std": 0.3110345737721244,
        "weightIE": 0.8575025128189098,
        "weightIE_std": 0.31536488290748177,
        "weightII": 0.02541616064505932,
        "weightII_std": 0.16418907486885354
    }
}