{
    "simConfig": {
        "E_L_mean": 18.8,
        "E_L_stdev": 5.553143735356938,
        "E_Ra_mean": 128.0,
        "E_Ra_stdev": 19.1826404041594,
        "E_diam_mean": 18.8,
        "E_diam_stdev": 2.1302474518631387,
        "I_L_mean": 9.0,
        "I_L_stdev": 0.20151762101114212,
        "I_Ra_mean": 110.0,
        "I_Ra_stdev": 2.8302896501767307,
        "I_diam_mean": 10.0,
        "I_diam_stdev": 1.9751464093071593,
        "addSynMechs": true,
        "allowConnsWithWeight0": true,
        "allowSelfConns": false,
        "analysis": {},
        "backupCfgFile": [],
        "cache_efficient": true,
        "checkErrors": false,
        "compactConnFormat": false,
        "connRandomSecFromList": true,
        "coreneuron": false,
        "createNEURONObj": true,
        "createPyStruct": true,
        "cvode_active": false,
        "cvode_atol": 0.001,
        "distributeSynsUniformly": true,
        "dt": 0.025,
        "dump_coreneuron_model": false,
        "duration": 1000.0,
        "duration_seconds": 60.0,
        "filename": "model_output",
        "gatherOnlySimData": false,
        "gkbar_E": 0.9214355928466453,
        "gkbar_E_std": 0.26534138457942746,
        "gkbar_I": 5.862682439467517,
        "gkbar_I_std": 2.335026024085852,
        "gnabar_E": 2.761846283492744,
        "gnabar_E_std": 0.8917266915369428,
        "gnabar_I": 0.7750674950227305,
        "gnabar_I_std": 0.9879935289069866,
        "gpu": false,
        "hParams": {
            "celsius": 6.3,
            "clamp_resist": 0.001,
            "v_init": -65.0
        },
        "includeParamsLabel": true,
        "invertedYCoord": true,
        "networkType": "22May24",
        "oneSynPerNetcon": true,
        "printPopAvgRates": [
            100,
            1000.0
        ],
        "printRunTime": false,
        "printSynsAfterRule": false,
        "probEE": 0.9999359132961921,
        "probEE_std": 6.524057716757702e-05,
        "probEI": 0.016319446086653602,
        "probEI_std": 0.3227504593373248,
        "probIE": 0.070990160164322,
        "probIE_std": 0.29171839526154436,
        "probII": 0.9356247115314199,
        "probII_std": 0.3066077041184708,
        "probLengthConst": 351.5925226936306,
        "propVelocity": 1.0,
        "pt3dRelativeToCellLocation": true,
        "rand123GlobalIndex": null,
        "random123": false,
        "recordCells": [
            [
                "E",
                [
                    16,
                    79
                ]
            ],
            [
                "I",
                [
                    28,
                    1
                ]
            ]
        ],
        "recordCellsSpikes": -1,
        "recordDipole": false,
        "recordDipolesHNN": false,
        "recordLFP": [],
        "recordStep": 0.1,
        "recordStim": false,
        "recordTime": true,
        "recordTraces": {
            "soma_voltage": {
                "loc": 0.5,
                "sec": "soma",
                "var": "v"
            }
        },
        "saveCSV": false,
        "saveCellConns": true,
        "saveCellSecs": true,
        "saveDat": false,
        "saveDataInclude": [
            "simData",
            "simConfig",
            "netParams",
            "net"
        ],
        "saveDipoleCells": false,
        "saveDipolePops": false,
        "saveDpk": false,
        "saveFolder": "/pscratch/sd/a/adammwea/2DNetworkSimulations/NERSC/output/240527_Run3_this_should_work/gen_4",
        "saveHDF5": false,
        "saveJson": true,
        "saveLFPCells": false,
        "saveLFPPops": false,
        "saveMat": false,
        "savePickle": false,
        "saveTiming": false,
        "seeds": {
            "cell": 1,
            "conn": 1,
            "loc": 1,
            "stim": 1
        },
        "simLabel": "gen_4_cand_45",
        "tau1_exc": 0.23119135006118546,
        "tau1_exc_std": 0.0474404624201934,
        "tau1_inh": 0.12934182347384027,
        "tau1_inh_std": 2.8878626968162786,
        "tau2_exc": 4.0108396734846625,
        "tau2_exc_std": 6.305609677346382,
        "tau2_inh": 9.257232514000915,
        "tau2_inh_std": 4.3079211236782715,
        "timestampFilename": false,
        "timing": true,
        "tstop": 1000.0,
        "use_fast_imem": false,
        "validateNetParams": false,
        "verbose": false,
        "weightEE": 0.9716902540335745,
        "weightEE_std": 0.3330571920042235,
        "weightEI": 0.7215339548010401,
        "weightEI_std": 0.3066065262308237,
        "weightIE": 0.3544895278642449,
        "weightIE_std": 0.04673518198380534,
        "weightII": 0.3219637230910835,
        "weightII_std": 0.05356687293177876
    }
}