{
    "simConfig": {
        "E_L_mean": 18.8,
        "E_L_stdev": 9.388988212868423,
        "E_Ra_mean": 128.0,
        "E_Ra_stdev": 0.33117359504050015,
        "E_diam_mean": 18.8,
        "E_diam_stdev": 2.091438123599704,
        "I_L_mean": 9.0,
        "I_L_stdev": 1.3505530920685678,
        "I_Ra_mean": 110.0,
        "I_Ra_stdev": 21.52579544258252,
        "I_diam_mean": 10.0,
        "I_diam_stdev": 3.3163299900262753,
        "addSynMechs": true,
        "allowConnsWithWeight0": true,
        "allowSelfConns": false,
        "analysis": {},
        "backupCfgFile": [],
        "cache_efficient": true,
        "checkErrors": false,
        "compactConnFormat": false,
        "connRandomSecFromList": true,
        "coreneuron": false,
        "createNEURONObj": true,
        "createPyStruct": true,
        "cvode_active": false,
        "cvode_atol": 0.001,
        "distributeSynsUniformly": true,
        "dt": 0.025,
        "dump_coreneuron_model": false,
        "duration": 1000.0,
        "duration_seconds": 300.0,
        "filename": "model_output",
        "gatherOnlySimData": false,
        "gkbar_E": 0.28055694977670487,
        "gkbar_E_std": 0.04995201949021029,
        "gkbar_I": 1.2870556053379874,
        "gkbar_I_std": 2.0970907873736477,
        "gnabar_E": 1.891119206301208,
        "gnabar_E_std": 0.04972077971752083,
        "gnabar_I": 2.112576555264425,
        "gnabar_I_std": 0.9177561604228749,
        "gpu": false,
        "hParams": {
            "celsius": 6.3,
            "clamp_resist": 0.001,
            "v_init": -65.0
        },
        "includeParamsLabel": true,
        "invertedYCoord": true,
        "networkType": "22May24",
        "oneSynPerNetcon": true,
        "printPopAvgRates": [
            100,
            1000.0
        ],
        "printRunTime": false,
        "printSynsAfterRule": false,
        "probEE": 0.6345425386193851,
        "probEE_std": 0.043987622613293836,
        "probEI": 0.50058130795906,
        "probEI_std": 0.36448249951932815,
        "probIE": 0.5468160462988192,
        "probIE_std": 0.17520524087361627,
        "probII": 0.06774213859082312,
        "probII_std": 0.3747811713707941,
        "probLengthConst": 2616.918906904092,
        "propVelocity": 1.0,
        "pt3dRelativeToCellLocation": true,
        "rand123GlobalIndex": null,
        "random123": false,
        "recordCells": [
            [
                "E",
                [
                    24,
                    73
                ]
            ],
            [
                "I",
                [
                    41,
                    25
                ]
            ]
        ],
        "recordCellsSpikes": -1,
        "recordDipole": false,
        "recordDipolesHNN": false,
        "recordLFP": [],
        "recordStep": 0.1,
        "recordStim": false,
        "recordTime": true,
        "recordTraces": {
            "soma_voltage": {
                "loc": 0.5,
                "sec": "soma",
                "var": "v"
            }
        },
        "saveCSV": false,
        "saveCellConns": true,
        "saveCellSecs": true,
        "saveDat": false,
        "saveDataInclude": [
            "simData",
            "simConfig",
            "netParams",
            "net"
        ],
        "saveDipoleCells": false,
        "saveDipolePops": false,
        "saveDpk": false,
        "saveFolder": "/pscratch/sd/a/adammwea/2DNetworkSimulations/NERSC/output/240529_Run1_8nodes/gen_10",
        "saveHDF5": false,
        "saveJson": true,
        "saveLFPCells": false,
        "saveLFPPops": false,
        "saveMat": false,
        "savePickle": false,
        "saveTiming": false,
        "seeds": {
            "cell": 1,
            "conn": 1,
            "loc": 1,
            "stim": 1
        },
        "simLabel": "gen_10_cand_57",
        "tau1_exc": 5.675830305017627,
        "tau1_exc_std": 1.8734550442771654,
        "tau1_inh": 0.2619387284836465,
        "tau1_inh_std": 3.274909801906987,
        "tau2_exc": 18.68242232401313,
        "tau2_exc_std": 9.448924835640687,
        "tau2_inh": 5.348028871043602,
        "tau2_inh_std": 3.4112070008646977,
        "timestampFilename": false,
        "timing": true,
        "tstop": 1000.0,
        "use_fast_imem": false,
        "validateNetParams": false,
        "verbose": false,
        "weightEE": 0.9722532229977822,
        "weightEE_std": 0.02092485873091652,
        "weightEI": 0.05188551379133892,
        "weightEI_std": 0.13457075924233713,
        "weightIE": 0.9603588955411395,
        "weightIE_std": 0.171673141776002,
        "weightII": 1.699755030040964,
        "weightII_std": 0.0020993315053073835
    }
}