{
    "simConfig": {
        "E_L_mean": 18.8,
        "E_L_stdev": 7.967594993293567,
        "E_Ra_mean": 128.0,
        "E_Ra_stdev": 0.08333656924702915,
        "E_diam_mean": 18.8,
        "E_diam_stdev": 3.298451388494406,
        "I_L_mean": 9.0,
        "I_L_stdev": 1.9946227905171448,
        "I_Ra_mean": 110.0,
        "I_Ra_stdev": 11.043449903420301,
        "I_diam_mean": 10.0,
        "I_diam_stdev": 0.8692413305374316,
        "addSynMechs": true,
        "allowConnsWithWeight0": true,
        "allowSelfConns": false,
        "analysis": {},
        "backupCfgFile": [],
        "cache_efficient": true,
        "checkErrors": false,
        "compactConnFormat": false,
        "connRandomSecFromList": true,
        "coreneuron": false,
        "createNEURONObj": true,
        "createPyStruct": true,
        "cvode_active": false,
        "cvode_atol": 0.001,
        "distributeSynsUniformly": true,
        "dt": 0.025,
        "dump_coreneuron_model": false,
        "duration": 1000.0,
        "duration_seconds": 330.0,
        "filename": "model_output",
        "gatherOnlySimData": false,
        "gkbar_E": 0.7231174088408687,
        "gkbar_E_std": 0.4723769906671188,
        "gkbar_I": 2.449680073210439,
        "gkbar_I_std": 0.1895517718550659,
        "gnabar_E": 1.6641781590512057,
        "gnabar_E_std": 1.299683102496623,
        "gnabar_I": 4.812088040517939,
        "gnabar_I_std": 0.014506154320674898,
        "gpu": false,
        "hParams": {
            "celsius": 6.3,
            "clamp_resist": 0.001,
            "v_init": -65.0
        },
        "includeParamsLabel": true,
        "invertedYCoord": true,
        "networkType": "22May24",
        "oneSynPerNetcon": true,
        "printPopAvgRates": [
            100,
            1000.0
        ],
        "printRunTime": false,
        "printSynsAfterRule": false,
        "probEE": 0.029631520507766518,
        "probEE_std": 0.26823485737476693,
        "probEI": 0.33108068640157884,
        "probEI_std": 0.4942965334082058,
        "probIE": 0.49873054872633404,
        "probIE_std": 0.34407260948394275,
        "probII": 0.66301963040611,
        "probII_std": 0.32795583516247273,
        "probLengthConst": 2674.7065617009102,
        "propVelocity": 1.0,
        "pt3dRelativeToCellLocation": true,
        "rand123GlobalIndex": null,
        "random123": false,
        "recordCells": [
            [
                "E",
                [
                    68,
                    13
                ]
            ],
            [
                "I",
                [
                    4,
                    5
                ]
            ]
        ],
        "recordCellsSpikes": -1,
        "recordDipole": false,
        "recordDipolesHNN": false,
        "recordLFP": [],
        "recordStep": 0.1,
        "recordStim": false,
        "recordTime": true,
        "recordTraces": {
            "soma_voltage": {
                "loc": 0.5,
                "sec": "soma",
                "var": "v"
            }
        },
        "saveCSV": false,
        "saveCellConns": true,
        "saveCellSecs": true,
        "saveDat": false,
        "saveDataInclude": [
            "simData",
            "simConfig",
            "netParams",
            "net"
        ],
        "saveDipoleCells": false,
        "saveDipolePops": false,
        "saveDpk": false,
        "saveFolder": "/pscratch/sd/a/adammwea/2DNetworkSimulations/NERSC/output/240604_Run1_24n24hr/gen_4",
        "saveHDF5": false,
        "saveJson": true,
        "saveLFPCells": false,
        "saveLFPPops": false,
        "saveMat": false,
        "savePickle": false,
        "saveTiming": false,
        "seeds": {
            "cell": 1,
            "conn": 1,
            "loc": 1,
            "stim": 1
        },
        "simLabel": "gen_4_cand_410",
        "tau1_exc": 6.648271085074618,
        "tau1_exc_std": 0.014076783694800761,
        "tau1_inh": 2.5515080068864915,
        "tau1_inh_std": 1.529187574221874,
        "tau2_exc": 29.542261275088325,
        "tau2_exc_std": 1.8529827390316473,
        "tau2_inh": 0.19038484270825184,
        "tau2_inh_std": 9.839491742409779,
        "timestampFilename": false,
        "timing": true,
        "tstop": 1000.0,
        "use_fast_imem": false,
        "validateNetParams": false,
        "verbose": false,
        "weightEE": 0.38508193551511427,
        "weightEE_std": 0.1944090715317474,
        "weightEI": 1.9224624338689755,
        "weightEI_std": 0.005735267344124134,
        "weightIE": 0.3254595037087977,
        "weightIE_std": 0.3282033917140014,
        "weightII": 1.1208003093138785,
        "weightII_std": 0.012675396298362916
    }
}