{
    "simConfig": {
        "E_L_mean": 18.8,
        "E_L_stdev": 1.9233152373262223,
        "E_Ra_mean": 128.0,
        "E_Ra_stdev": 0.4319666337345045,
        "E_diam_mean": 18.8,
        "E_diam_stdev": 6.249124111648752,
        "I_L_mean": 9.0,
        "I_L_stdev": 0.6496220941659183,
        "I_Ra_mean": 110.0,
        "I_Ra_stdev": 11.415501516781283,
        "I_diam_mean": 10.0,
        "I_diam_stdev": 1.3145168812206391,
        "addSynMechs": true,
        "allowConnsWithWeight0": true,
        "allowSelfConns": false,
        "analysis": {},
        "backupCfgFile": [],
        "cache_efficient": true,
        "checkErrors": false,
        "compactConnFormat": false,
        "connRandomSecFromList": true,
        "coreneuron": false,
        "createNEURONObj": true,
        "createPyStruct": true,
        "cvode_active": false,
        "cvode_atol": 0.001,
        "distributeSynsUniformly": true,
        "dt": 0.025,
        "dump_coreneuron_model": false,
        "duration": 1000.0,
        "duration_seconds": 330.0,
        "filename": "model_output",
        "gatherOnlySimData": false,
        "gkbar_E": 0.2553581723743014,
        "gkbar_E_std": 0.0026253174267659805,
        "gkbar_I": 7.109337091998999,
        "gkbar_I_std": 1.9587847291858438,
        "gnabar_E": 5.3198079466303785,
        "gnabar_E_std": 0.40523456391116686,
        "gnabar_I": 3.6461972685205803,
        "gnabar_I_std": 0.018491611254215362,
        "gpu": false,
        "hParams": {
            "celsius": 6.3,
            "clamp_resist": 0.001,
            "v_init": -65.0
        },
        "includeParamsLabel": true,
        "invertedYCoord": true,
        "networkType": "22May24",
        "oneSynPerNetcon": true,
        "printPopAvgRates": [
            100,
            1000.0
        ],
        "printRunTime": false,
        "printSynsAfterRule": false,
        "probEE": 0.7022988869962747,
        "probEE_std": 0.4987918904087365,
        "probEI": 0.4632168235782485,
        "probEI_std": 0.48519339536665573,
        "probIE": 0.05508137360118953,
        "probIE_std": 0.4897788666896743,
        "probII": 0.6586822656197421,
        "probII_std": 0.26670023697340195,
        "probLengthConst": 1720.1005221333307,
        "propVelocity": 1.0,
        "pt3dRelativeToCellLocation": true,
        "rand123GlobalIndex": null,
        "random123": false,
        "recordCells": [
            [
                "E",
                [
                    68,
                    13
                ]
            ],
            [
                "I",
                [
                    4,
                    5
                ]
            ]
        ],
        "recordCellsSpikes": -1,
        "recordDipole": false,
        "recordDipolesHNN": false,
        "recordLFP": [],
        "recordStep": 0.1,
        "recordStim": false,
        "recordTime": true,
        "recordTraces": {
            "soma_voltage": {
                "loc": 0.5,
                "sec": "soma",
                "var": "v"
            }
        },
        "saveCSV": false,
        "saveCellConns": true,
        "saveCellSecs": true,
        "saveDat": false,
        "saveDataInclude": [
            "simData",
            "simConfig",
            "netParams",
            "net"
        ],
        "saveDipoleCells": false,
        "saveDipolePops": false,
        "saveDpk": false,
        "saveFolder": "/pscratch/sd/a/adammwea/2DNetworkSimulations/NERSC/output/240604_Run1_24n24hr/gen_4",
        "saveHDF5": false,
        "saveJson": true,
        "saveLFPCells": false,
        "saveLFPPops": false,
        "saveMat": false,
        "savePickle": false,
        "saveTiming": false,
        "seeds": {
            "cell": 1,
            "conn": 1,
            "loc": 1,
            "stim": 1
        },
        "simLabel": "gen_4_cand_50",
        "tau1_exc": 1.5129977195295155,
        "tau1_exc_std": 0.18790119387177517,
        "tau1_inh": 6.374412121481387,
        "tau1_inh_std": 0.5035440108171106,
        "tau2_exc": 25.259537176572824,
        "tau2_exc_std": 9.711785384609662,
        "tau2_inh": 13.106039461794445,
        "tau2_inh_std": 0.26111288081615136,
        "timestampFilename": false,
        "timing": true,
        "tstop": 1000.0,
        "use_fast_imem": false,
        "validateNetParams": false,
        "verbose": false,
        "weightEE": 1.724882963562311,
        "weightEE_std": 0.4547051414401183,
        "weightEI": 1.081643841951883,
        "weightEI_std": 0.08043304758011477,
        "weightIE": 0.7206518787029509,
        "weightIE_std": 0.0008026405759271205,
        "weightII": 1.8736633517954129,
        "weightII_std": 0.03576555937347825
    }
}