{
    "simConfig": {
        "E_L_mean": 18.8,
        "E_L_stdev": 1.012207524839872,
        "E_Ra_mean": 128.0,
        "E_Ra_stdev": 55.02602599426315,
        "E_diam_mean": 18.8,
        "E_diam_stdev": 6.221190096096301,
        "I_L_mean": 9.0,
        "I_L_stdev": 0.6793636913014478,
        "I_Ra_mean": 110.0,
        "I_Ra_stdev": 17.157988393009685,
        "I_diam_mean": 10.0,
        "I_diam_stdev": 1.154150334908284,
        "addSynMechs": true,
        "allowConnsWithWeight0": true,
        "allowSelfConns": false,
        "analysis": {},
        "backupCfgFile": [],
        "cache_efficient": true,
        "checkErrors": false,
        "compactConnFormat": false,
        "connRandomSecFromList": true,
        "coreneuron": false,
        "createNEURONObj": true,
        "createPyStruct": true,
        "cvode_active": false,
        "cvode_atol": 0.001,
        "distributeSynsUniformly": true,
        "dt": 0.025,
        "dump_coreneuron_model": false,
        "duration": 1000.0,
        "duration_seconds": 330.0,
        "filename": "model_output",
        "gatherOnlySimData": false,
        "gkbar_E": 0.015513391393972764,
        "gkbar_E_std": 0.05534916429580622,
        "gkbar_I": 0.012602874020125714,
        "gkbar_I_std": 1.1159307972578478,
        "gnabar_E": 5.983775444454605,
        "gnabar_E_std": 0.42209145983027585,
        "gnabar_I": 0.6060340446898934,
        "gnabar_I_std": 0.7190087967317699,
        "gpu": false,
        "hParams": {
            "celsius": 6.3,
            "clamp_resist": 0.001,
            "v_init": -65.0
        },
        "includeParamsLabel": true,
        "invertedYCoord": true,
        "networkType": "22May24",
        "oneSynPerNetcon": true,
        "printPopAvgRates": [
            100,
            1000.0
        ],
        "printRunTime": false,
        "printSynsAfterRule": false,
        "probEE": 0.6332295390082002,
        "probEE_std": 0.005586625117668286,
        "probEI": 0.7932579072406576,
        "probEI_std": 0.16571102398486676,
        "probIE": 0.16333970707394327,
        "probIE_std": 0.254059316409785,
        "probII": 0.5358625148488924,
        "probII_std": 0.49921156337320705,
        "probLengthConst": 2996.765579449622,
        "propVelocity": 1.0,
        "pt3dRelativeToCellLocation": true,
        "rand123GlobalIndex": null,
        "random123": false,
        "recordCells": [
            [
                "E",
                [
                    68,
                    13
                ]
            ],
            [
                "I",
                [
                    4,
                    5
                ]
            ]
        ],
        "recordCellsSpikes": -1,
        "recordDipole": false,
        "recordDipolesHNN": false,
        "recordLFP": [],
        "recordStep": 0.1,
        "recordStim": false,
        "recordTime": true,
        "recordTraces": {
            "soma_voltage": {
                "loc": 0.5,
                "sec": "soma",
                "var": "v"
            }
        },
        "saveCSV": false,
        "saveCellConns": true,
        "saveCellSecs": true,
        "saveDat": false,
        "saveDataInclude": [
            "simData",
            "simConfig",
            "netParams",
            "net"
        ],
        "saveDipoleCells": false,
        "saveDipolePops": false,
        "saveDpk": false,
        "saveFolder": "/pscratch/sd/a/adammwea/2DNetworkSimulations/NERSC/output/240604_Run1_24n24hr/gen_4",
        "saveHDF5": false,
        "saveJson": true,
        "saveLFPCells": false,
        "saveLFPPops": false,
        "saveMat": false,
        "savePickle": false,
        "saveTiming": false,
        "seeds": {
            "cell": 1,
            "conn": 1,
            "loc": 1,
            "stim": 1
        },
        "simLabel": "gen_4_cand_363",
        "tau1_exc": 7.4663144657210445,
        "tau1_exc_std": 1.3566562551263157,
        "tau1_inh": 9.364451854050039,
        "tau1_inh_std": 2.9550139985059074,
        "tau2_exc": 7.958258963589794,
        "tau2_exc_std": 9.736627120057586,
        "tau2_inh": 19.630387283900998,
        "tau2_inh_std": 7.571662879876127,
        "timestampFilename": false,
        "timing": true,
        "tstop": 1000.0,
        "use_fast_imem": false,
        "validateNetParams": false,
        "verbose": false,
        "weightEE": 1.9544325511125353,
        "weightEE_std": 0.4783474186903689,
        "weightEI": 0.7182868428670771,
        "weightEI_std": 0.3175388907470834,
        "weightIE": 0.9975605500628165,
        "weightIE_std": 0.08322232023171758,
        "weightII": 1.8301610155853436,
        "weightII_std": 0.007474046670143897
    }
}