{
    "simConfig": {
        "E_L_mean": 18.8,
        "E_L_stdev": 0.28391096365104396,
        "E_Ra_mean": 128.0,
        "E_Ra_stdev": 16.397753529842205,
        "E_diam_mean": 18.8,
        "E_diam_stdev": 4.554162425587441,
        "I_L_mean": 9.0,
        "I_L_stdev": 0.5333551139368577,
        "I_Ra_mean": 110.0,
        "I_Ra_stdev": 30.483370706304136,
        "I_diam_mean": 10.0,
        "I_diam_stdev": 0.33355251343721903,
        "addSynMechs": true,
        "allowConnsWithWeight0": true,
        "allowSelfConns": false,
        "analysis": {},
        "backupCfgFile": [],
        "cache_efficient": true,
        "checkErrors": false,
        "compactConnFormat": false,
        "connRandomSecFromList": true,
        "coreneuron": false,
        "createNEURONObj": true,
        "createPyStruct": true,
        "cvode_active": false,
        "cvode_atol": 0.001,
        "distributeSynsUniformly": true,
        "dt": 0.025,
        "dump_coreneuron_model": false,
        "duration": 1000.0,
        "duration_seconds": 330.0,
        "filename": "model_output",
        "gatherOnlySimData": false,
        "gkbar_E": 0.501861804321947,
        "gkbar_E_std": 0.043182952579814776,
        "gkbar_I": 4.901242139800833,
        "gkbar_I_std": 1.5982020534912251,
        "gnabar_E": 5.742328804806106,
        "gnabar_E_std": 1.1128015224645709,
        "gnabar_I": 4.376654105885571,
        "gnabar_I_std": 0.5475577957565653,
        "gpu": false,
        "hParams": {
            "celsius": 6.3,
            "clamp_resist": 0.001,
            "v_init": -65.0
        },
        "includeParamsLabel": true,
        "invertedYCoord": true,
        "networkType": "22May24",
        "oneSynPerNetcon": true,
        "printPopAvgRates": [
            100,
            1000.0
        ],
        "printRunTime": false,
        "printSynsAfterRule": false,
        "probEE": 0.5822205093991871,
        "probEE_std": 0.25109529833461686,
        "probEI": 0.70077713434393,
        "probEI_std": 0.06469369683979126,
        "probIE": 0.32557414979924343,
        "probIE_std": 0.10760282233303461,
        "probII": 0.13507755072374616,
        "probII_std": 0.08350483763726269,
        "probLengthConst": 802.7989545605261,
        "propVelocity": 1.0,
        "pt3dRelativeToCellLocation": true,
        "rand123GlobalIndex": null,
        "random123": false,
        "recordCells": [
            [
                "E",
                [
                    68,
                    13
                ]
            ],
            [
                "I",
                [
                    4,
                    5
                ]
            ]
        ],
        "recordCellsSpikes": -1,
        "recordDipole": false,
        "recordDipolesHNN": false,
        "recordLFP": [],
        "recordStep": 0.1,
        "recordStim": false,
        "recordTime": true,
        "recordTraces": {
            "soma_voltage": {
                "loc": 0.5,
                "sec": "soma",
                "var": "v"
            }
        },
        "saveCSV": false,
        "saveCellConns": true,
        "saveCellSecs": true,
        "saveDat": false,
        "saveDataInclude": [
            "simData",
            "simConfig",
            "netParams",
            "net"
        ],
        "saveDipoleCells": false,
        "saveDipolePops": false,
        "saveDpk": false,
        "saveFolder": "/pscratch/sd/a/adammwea/2DNetworkSimulations/NERSC/output/240604_Run1_24n24hr/gen_1",
        "saveHDF5": false,
        "saveJson": true,
        "saveLFPCells": false,
        "saveLFPPops": false,
        "saveMat": false,
        "savePickle": false,
        "saveTiming": false,
        "seeds": {
            "cell": 1,
            "conn": 1,
            "loc": 1,
            "stim": 1
        },
        "simLabel": "gen_1_cand_191",
        "tau1_exc": 5.958602751851585,
        "tau1_exc_std": 0.3222232180358775,
        "tau1_inh": 4.729924000186605,
        "tau1_inh_std": 1.5624538394382426,
        "tau2_exc": 16.119861416857493,
        "tau2_exc_std": 1.4826509145061795,
        "tau2_inh": 0.7853919789408188,
        "tau2_inh_std": 2.699330172193406,
        "timestampFilename": false,
        "timing": true,
        "tstop": 1000.0,
        "use_fast_imem": false,
        "validateNetParams": false,
        "verbose": false,
        "weightEE": 1.0347220489195548,
        "weightEE_std": 0.1464903804998067,
        "weightEI": 1.1038848188302646,
        "weightEI_std": 0.32052238661695714,
        "weightIE": 0.10585917176454263,
        "weightIE_std": 0.26723402686764536,
        "weightII": 1.140100646469426,
        "weightII_std": 0.12842317721714044
    }
}