{
    "simConfig": {
        "E_L_mean": 18.8,
        "E_L_stdev": 0.247862048385025,
        "E_Ra_mean": 128.0,
        "E_Ra_stdev": 48.112564468416664,
        "E_diam_mean": 18.8,
        "E_diam_stdev": 2.57515549833012,
        "I_L_mean": 9.0,
        "I_L_stdev": 2.9068483203786117,
        "I_Ra_mean": 110.0,
        "I_Ra_stdev": 51.773334053623,
        "I_diam_mean": 10.0,
        "I_diam_stdev": 0.339085616829048,
        "addSynMechs": true,
        "allowConnsWithWeight0": true,
        "allowSelfConns": false,
        "analysis": {},
        "backupCfgFile": [],
        "cache_efficient": true,
        "checkErrors": false,
        "compactConnFormat": false,
        "connRandomSecFromList": true,
        "coreneuron": false,
        "createNEURONObj": true,
        "createPyStruct": true,
        "cvode_active": false,
        "cvode_atol": 0.001,
        "distributeSynsUniformly": true,
        "dt": 0.025,
        "dump_coreneuron_model": false,
        "duration": 1000.0,
        "duration_seconds": 330.0,
        "filename": "model_output",
        "gatherOnlySimData": false,
        "gkbar_E": 0.5568895681493493,
        "gkbar_E_std": 0.050407016623833595,
        "gkbar_I": 8.928319294648071,
        "gkbar_I_std": 0.3651206872442069,
        "gnabar_E": 0.993665910773361,
        "gnabar_E_std": 1.4577203825709977,
        "gnabar_I": 3.8793970746085904,
        "gnabar_I_std": 0.38008181220132253,
        "gpu": false,
        "hParams": {
            "celsius": 6.3,
            "clamp_resist": 0.001,
            "v_init": -65.0
        },
        "includeParamsLabel": true,
        "invertedYCoord": true,
        "networkType": "22May24",
        "oneSynPerNetcon": true,
        "printPopAvgRates": [
            100,
            1000.0
        ],
        "printRunTime": false,
        "printSynsAfterRule": false,
        "probEE": 0.04565662889138289,
        "probEE_std": 0.47916550516559014,
        "probEI": 0.27857578809125916,
        "probEI_std": 0.3977417194322161,
        "probIE": 0.02261687953748441,
        "probIE_std": 0.40591852709959575,
        "probII": 0.08385250426095112,
        "probII_std": 0.20520081385061342,
        "probLengthConst": 2962.4613458442363,
        "propVelocity": 1.0,
        "pt3dRelativeToCellLocation": true,
        "rand123GlobalIndex": null,
        "random123": false,
        "recordCells": [
            [
                "E",
                [
                    68,
                    13
                ]
            ],
            [
                "I",
                [
                    4,
                    5
                ]
            ]
        ],
        "recordCellsSpikes": -1,
        "recordDipole": false,
        "recordDipolesHNN": false,
        "recordLFP": [],
        "recordStep": 0.1,
        "recordStim": false,
        "recordTime": true,
        "recordTraces": {
            "soma_voltage": {
                "loc": 0.5,
                "sec": "soma",
                "var": "v"
            }
        },
        "saveCSV": false,
        "saveCellConns": true,
        "saveCellSecs": true,
        "saveDat": false,
        "saveDataInclude": [
            "simData",
            "simConfig",
            "netParams",
            "net"
        ],
        "saveDipoleCells": false,
        "saveDipolePops": false,
        "saveDpk": false,
        "saveFolder": "/pscratch/sd/a/adammwea/2DNetworkSimulations/NERSC/output/240604_Run1_24n24hr/gen_1",
        "saveHDF5": false,
        "saveJson": true,
        "saveLFPCells": false,
        "saveLFPPops": false,
        "saveMat": false,
        "savePickle": false,
        "saveTiming": false,
        "seeds": {
            "cell": 1,
            "conn": 1,
            "loc": 1,
            "stim": 1
        },
        "simLabel": "gen_1_cand_486",
        "tau1_exc": 3.9091387313552475,
        "tau1_exc_std": 2.6764004619970034,
        "tau1_inh": 5.657233834706052,
        "tau1_inh_std": 1.2534751556770334,
        "tau2_exc": 17.297383139623637,
        "tau2_exc_std": 2.8428298946030903,
        "tau2_inh": 3.1982404958691983,
        "tau2_inh_std": 0.00744258271706319,
        "timestampFilename": false,
        "timing": true,
        "tstop": 1000.0,
        "use_fast_imem": false,
        "validateNetParams": false,
        "verbose": false,
        "weightEE": 1.4696632572981292,
        "weightEE_std": 0.4601121843451976,
        "weightEI": 1.334208216607363,
        "weightEI_std": 0.3281108782927273,
        "weightIE": 0.9658658050281596,
        "weightIE_std": 0.19853060145849227,
        "weightII": 1.7115650725729123,
        "weightII_std": 0.07218597259674765
    }
}