{
    "simConfig": {
        "E_L_mean": 18.8,
        "E_L_stdev": 8.220784964718126,
        "E_Ra_mean": 128.0,
        "E_Ra_stdev": 11.840928326217256,
        "E_diam_mean": 18.8,
        "E_diam_stdev": 5.3552844220892775,
        "I_L_mean": 9.0,
        "I_L_stdev": 2.188685062152305,
        "I_Ra_mean": 110.0,
        "I_Ra_stdev": 2.1530975940194717,
        "I_diam_mean": 10.0,
        "I_diam_stdev": 0.9856604661333455,
        "addSynMechs": true,
        "allowConnsWithWeight0": true,
        "allowSelfConns": false,
        "analysis": {},
        "backupCfgFile": [],
        "cache_efficient": true,
        "checkErrors": false,
        "compactConnFormat": false,
        "connRandomSecFromList": true,
        "coreneuron": false,
        "createNEURONObj": true,
        "createPyStruct": true,
        "cvode_active": false,
        "cvode_atol": 0.001,
        "distributeSynsUniformly": true,
        "dt": 0.025,
        "dump_coreneuron_model": false,
        "duration": 1000.0,
        "duration_seconds": 330.0,
        "filename": "model_output",
        "gatherOnlySimData": false,
        "gkbar_E": 0.2740096752698841,
        "gkbar_E_std": 0.19953989000910805,
        "gkbar_I": 9.102075074888155,
        "gkbar_I_std": 2.274234022289467,
        "gnabar_E": 6.550683735788618,
        "gnabar_E_std": 0.9519722274749187,
        "gnabar_I": 1.319258755319308,
        "gnabar_I_std": 0.04893742545580754,
        "gpu": false,
        "hParams": {
            "celsius": 6.3,
            "clamp_resist": 0.001,
            "v_init": -65.0
        },
        "includeParamsLabel": true,
        "invertedYCoord": true,
        "networkType": "22May24",
        "oneSynPerNetcon": true,
        "printPopAvgRates": [
            100,
            1000.0
        ],
        "printRunTime": false,
        "printSynsAfterRule": false,
        "probEE": 0.5774031513621933,
        "probEE_std": 0.009695853902615592,
        "probEI": 0.6618662427764014,
        "probEI_std": 0.19228500820829697,
        "probIE": 0.5857634118630256,
        "probIE_std": 0.29959038896142176,
        "probII": 0.6753203612806369,
        "probII_std": 0.16833019880507616,
        "probLengthConst": 283.8914485051084,
        "propVelocity": 1.0,
        "pt3dRelativeToCellLocation": true,
        "rand123GlobalIndex": null,
        "random123": false,
        "recordCells": [
            [
                "E",
                [
                    68,
                    13
                ]
            ],
            [
                "I",
                [
                    4,
                    5
                ]
            ]
        ],
        "recordCellsSpikes": -1,
        "recordDipole": false,
        "recordDipolesHNN": false,
        "recordLFP": [],
        "recordStep": 0.1,
        "recordStim": false,
        "recordTime": true,
        "recordTraces": {
            "soma_voltage": {
                "loc": 0.5,
                "sec": "soma",
                "var": "v"
            }
        },
        "saveCSV": false,
        "saveCellConns": true,
        "saveCellSecs": true,
        "saveDat": false,
        "saveDataInclude": [
            "simData",
            "simConfig",
            "netParams",
            "net"
        ],
        "saveDipoleCells": false,
        "saveDipolePops": false,
        "saveDpk": false,
        "saveFolder": "/pscratch/sd/a/adammwea/2DNetworkSimulations/NERSC/output/240604_Run1_24n24hr/gen_3",
        "saveHDF5": false,
        "saveJson": true,
        "saveLFPCells": false,
        "saveLFPPops": false,
        "saveMat": false,
        "savePickle": false,
        "saveTiming": false,
        "seeds": {
            "cell": 1,
            "conn": 1,
            "loc": 1,
            "stim": 1
        },
        "simLabel": "gen_3_cand_414",
        "tau1_exc": 6.404742777947963,
        "tau1_exc_std": 3.0591393908387188,
        "tau1_inh": 6.567001186741714,
        "tau1_inh_std": 2.273990433403842,
        "tau2_exc": 11.052648423159315,
        "tau2_exc_std": 8.290808285327511,
        "tau2_inh": 19.323686006786726,
        "tau2_inh_std": 4.282585521773353,
        "timestampFilename": false,
        "timing": true,
        "tstop": 1000.0,
        "use_fast_imem": false,
        "validateNetParams": false,
        "verbose": false,
        "weightEE": 1.3333416423879922,
        "weightEE_std": 0.3628761242271592,
        "weightEI": 0.7880653757332712,
        "weightEI_std": 0.2477778378897525,
        "weightIE": 0.37038665830196227,
        "weightIE_std": 0.009157111956108521,
        "weightII": 1.9695048371421233,
        "weightII_std": 0.20840693226477597
    }
}