{
    "simConfig": {
        "E_L_mean": 18.8,
        "E_L_stdev": 1.9810005827602342,
        "E_Ra_mean": 128.0,
        "E_Ra_stdev": 4.29401043312787,
        "E_diam_mean": 18.8,
        "E_diam_stdev": 1.3144998901216915,
        "I_L_mean": 9.0,
        "I_L_stdev": 1.8085179699918248,
        "I_Ra_mean": 110.0,
        "I_Ra_stdev": 6.651969934960276,
        "I_diam_mean": 10.0,
        "I_diam_stdev": 3.3332177848824927,
        "addSynMechs": true,
        "allowConnsWithWeight0": true,
        "allowSelfConns": false,
        "analysis": {},
        "backupCfgFile": [],
        "cache_efficient": true,
        "checkErrors": false,
        "compactConnFormat": false,
        "connRandomSecFromList": true,
        "coreneuron": false,
        "createNEURONObj": true,
        "createPyStruct": true,
        "cvode_active": false,
        "cvode_atol": 0.001,
        "distributeSynsUniformly": true,
        "dt": 0.025,
        "dump_coreneuron_model": false,
        "duration": 1000.0,
        "duration_seconds": 330.0,
        "filename": "model_output",
        "gatherOnlySimData": false,
        "gkbar_E": 0.5294839197755434,
        "gkbar_E_std": 0.049923958955553516,
        "gkbar_I": 3.524345104512108,
        "gkbar_I_std": 1.6497337167526904,
        "gnabar_E": 4.682757952424218,
        "gnabar_E_std": 0.6044654896762569,
        "gnabar_I": 2.788338247754673,
        "gnabar_I_std": 0.1821110457851456,
        "gpu": false,
        "hParams": {
            "celsius": 6.3,
            "clamp_resist": 0.001,
            "v_init": -65.0
        },
        "includeParamsLabel": true,
        "invertedYCoord": true,
        "networkType": "22May24",
        "oneSynPerNetcon": true,
        "printPopAvgRates": [
            100,
            1000.0
        ],
        "printRunTime": false,
        "printSynsAfterRule": false,
        "probEE": 0.32535357804949516,
        "probEE_std": 0.031764984693784803,
        "probEI": 0.6641232074820977,
        "probEI_std": 0.21738190973611599,
        "probIE": 0.07085060305531923,
        "probIE_std": 0.37093623646922086,
        "probII": 0.07645692925741104,
        "probII_std": 0.4076253239781722,
        "probLengthConst": 786.2779339754363,
        "propVelocity": 1.0,
        "pt3dRelativeToCellLocation": true,
        "rand123GlobalIndex": null,
        "random123": false,
        "recordCells": [
            [
                "E",
                [
                    68,
                    13
                ]
            ],
            [
                "I",
                [
                    4,
                    5
                ]
            ]
        ],
        "recordCellsSpikes": -1,
        "recordDipole": false,
        "recordDipolesHNN": false,
        "recordLFP": [],
        "recordStep": 0.1,
        "recordStim": false,
        "recordTime": true,
        "recordTraces": {
            "soma_voltage": {
                "loc": 0.5,
                "sec": "soma",
                "var": "v"
            }
        },
        "saveCSV": false,
        "saveCellConns": true,
        "saveCellSecs": true,
        "saveDat": false,
        "saveDataInclude": [
            "simData",
            "simConfig",
            "netParams",
            "net"
        ],
        "saveDipoleCells": false,
        "saveDipolePops": false,
        "saveDpk": false,
        "saveFolder": "/pscratch/sd/a/adammwea/2DNetworkSimulations/NERSC/output/240604_Run1_24n24hr/gen_3",
        "saveHDF5": false,
        "saveJson": true,
        "saveLFPCells": false,
        "saveLFPPops": false,
        "saveMat": false,
        "savePickle": false,
        "saveTiming": false,
        "seeds": {
            "cell": 1,
            "conn": 1,
            "loc": 1,
            "stim": 1
        },
        "simLabel": "gen_3_cand_58",
        "tau1_exc": 7.497414536488112,
        "tau1_exc_std": 2.310572314058419,
        "tau1_inh": 9.15490132699602,
        "tau1_inh_std": 2.4247388258148006,
        "tau2_exc": 21.7400034038573,
        "tau2_exc_std": 5.766714746748518,
        "tau2_inh": 7.472877269289198,
        "tau2_inh_std": 2.845915191115189,
        "timestampFilename": false,
        "timing": true,
        "tstop": 1000.0,
        "use_fast_imem": false,
        "validateNetParams": false,
        "verbose": false,
        "weightEE": 1.2303874642882575,
        "weightEE_std": 0.28694935714157593,
        "weightEI": 1.7748120972383379,
        "weightEI_std": 0.02541251538179093,
        "weightIE": 0.9577613462869993,
        "weightIE_std": 0.0837973720575276,
        "weightII": 1.2937967912681323,
        "weightII_std": 0.07838138582922849
    }
}