{
    "simConfig": {
        "E_L_mean": 18.8,
        "E_L_stdev": 2.925125431829372,
        "E_Ra_mean": 128.0,
        "E_Ra_stdev": 45.33835465220388,
        "E_diam_mean": 18.8,
        "E_diam_stdev": 1.7289794400200964,
        "I_L_mean": 9.0,
        "I_L_stdev": 0.29431083591274987,
        "I_Ra_mean": 110.0,
        "I_Ra_stdev": 52.81989667599837,
        "I_diam_mean": 10.0,
        "I_diam_stdev": 2.405760598868339,
        "addSynMechs": true,
        "allowConnsWithWeight0": true,
        "allowSelfConns": false,
        "analysis": {},
        "backupCfgFile": [],
        "cache_efficient": true,
        "checkErrors": false,
        "compactConnFormat": false,
        "connRandomSecFromList": true,
        "coreneuron": false,
        "createNEURONObj": true,
        "createPyStruct": true,
        "cvode_active": false,
        "cvode_atol": 0.001,
        "distributeSynsUniformly": true,
        "dt": 0.025,
        "dump_coreneuron_model": false,
        "duration": 1000.0,
        "duration_seconds": 330.0,
        "filename": "model_output",
        "gatherOnlySimData": false,
        "gkbar_E": 0.00706424215914658,
        "gkbar_E_std": 0.10869309572892066,
        "gkbar_I": 9.628457167571398,
        "gkbar_I_std": 2.117237566458799,
        "gnabar_E": 4.022416093781189,
        "gnabar_E_std": 0.42424161343105604,
        "gnabar_I": 0.6830798259995408,
        "gnabar_I_std": 0.062429706295862586,
        "gpu": false,
        "hParams": {
            "celsius": 6.3,
            "clamp_resist": 0.001,
            "v_init": -65.0
        },
        "includeParamsLabel": true,
        "invertedYCoord": true,
        "networkType": "22May24",
        "oneSynPerNetcon": true,
        "printPopAvgRates": [
            100,
            1000.0
        ],
        "printRunTime": false,
        "printSynsAfterRule": false,
        "probEE": 0.7127714114530848,
        "probEE_std": 0.22725581507246767,
        "probEI": 0.9822973588141304,
        "probEI_std": 0.3525492887206308,
        "probIE": 0.6781820393755542,
        "probIE_std": 0.19890903027704027,
        "probII": 0.4405492994510225,
        "probII_std": 0.4275045089336394,
        "probLengthConst": 2797.2251598079183,
        "propVelocity": 1.0,
        "pt3dRelativeToCellLocation": true,
        "rand123GlobalIndex": null,
        "random123": false,
        "recordCells": [
            [
                "E",
                [
                    68,
                    13
                ]
            ],
            [
                "I",
                [
                    4,
                    5
                ]
            ]
        ],
        "recordCellsSpikes": -1,
        "recordDipole": false,
        "recordDipolesHNN": false,
        "recordLFP": [],
        "recordStep": 0.1,
        "recordStim": false,
        "recordTime": true,
        "recordTraces": {
            "soma_voltage": {
                "loc": 0.5,
                "sec": "soma",
                "var": "v"
            }
        },
        "saveCSV": false,
        "saveCellConns": true,
        "saveCellSecs": true,
        "saveDat": false,
        "saveDataInclude": [
            "simData",
            "simConfig",
            "netParams",
            "net"
        ],
        "saveDipoleCells": false,
        "saveDipolePops": false,
        "saveDpk": false,
        "saveFolder": "/pscratch/sd/a/adammwea/2DNetworkSimulations/NERSC/output/240604_Run1_24n24hr/gen_3",
        "saveHDF5": false,
        "saveJson": true,
        "saveLFPCells": false,
        "saveLFPPops": false,
        "saveMat": false,
        "savePickle": false,
        "saveTiming": false,
        "seeds": {
            "cell": 1,
            "conn": 1,
            "loc": 1,
            "stim": 1
        },
        "simLabel": "gen_3_cand_282",
        "tau1_exc": 2.581302633038893,
        "tau1_exc_std": 1.180859602305387,
        "tau1_inh": 1.2497167582357593,
        "tau1_inh_std": 2.6941951394298056,
        "tau2_exc": 13.365126733150042,
        "tau2_exc_std": 3.586121434523715,
        "tau2_inh": 0.5734473884796252,
        "tau2_inh_std": 2.693439601081287,
        "timestampFilename": false,
        "timing": true,
        "tstop": 1000.0,
        "use_fast_imem": false,
        "validateNetParams": false,
        "verbose": false,
        "weightEE": 1.5974464418750993,
        "weightEE_std": 0.10772017589864033,
        "weightEI": 0.9104714613326268,
        "weightEI_std": 0.019155498280199516,
        "weightIE": 0.9817208050479989,
        "weightIE_std": 0.32444084718432903,
        "weightII": 0.12216761560496708,
        "weightII_std": 0.2410855040537547
    }
}