{
    "simConfig": {
        "E_L_mean": 18.8,
        "E_L_stdev": 0.011018600704900905,
        "E_Ra_mean": 128.0,
        "E_Ra_stdev": 62.25550986913811,
        "E_diam_mean": 18.8,
        "E_diam_stdev": 3.2781543634984533,
        "I_L_mean": 9.0,
        "I_L_stdev": 0.72126429152682,
        "I_Ra_mean": 110.0,
        "I_Ra_stdev": 53.53120730598779,
        "I_diam_mean": 10.0,
        "I_diam_stdev": 2.511913791073428,
        "addSynMechs": true,
        "allowConnsWithWeight0": true,
        "allowSelfConns": false,
        "analysis": {},
        "backupCfgFile": [],
        "cache_efficient": true,
        "checkErrors": false,
        "compactConnFormat": false,
        "connRandomSecFromList": true,
        "coreneuron": false,
        "createNEURONObj": true,
        "createPyStruct": true,
        "cvode_active": false,
        "cvode_atol": 0.001,
        "distributeSynsUniformly": true,
        "dt": 0.025,
        "dump_coreneuron_model": false,
        "duration": 1000.0,
        "duration_seconds": 330.0,
        "filename": "model_output",
        "gatherOnlySimData": false,
        "gkbar_E": 0.3003666895967876,
        "gkbar_E_std": 0.084194628171295,
        "gkbar_I": 9.275992193982223,
        "gkbar_I_std": 0.058854853140907486,
        "gnabar_E": 6.785606015639602,
        "gnabar_E_std": 1.3483721306048178,
        "gnabar_I": 1.43237632235773,
        "gnabar_I_std": 0.28926738215911113,
        "gpu": false,
        "hParams": {
            "celsius": 6.3,
            "clamp_resist": 0.001,
            "v_init": -65.0
        },
        "includeParamsLabel": true,
        "invertedYCoord": true,
        "networkType": "22May24",
        "oneSynPerNetcon": true,
        "printPopAvgRates": [
            100,
            1000.0
        ],
        "printRunTime": false,
        "printSynsAfterRule": false,
        "probEE": 0.0327229506720529,
        "probEE_std": 0.3073782576856944,
        "probEI": 0.9524358983784256,
        "probEI_std": 0.4912423264899952,
        "probIE": 0.15942955458059802,
        "probIE_std": 0.16558898839324365,
        "probII": 0.2883201560882547,
        "probII_std": 0.011074707733021244,
        "probLengthConst": 2990.220920130222,
        "propVelocity": 1.0,
        "pt3dRelativeToCellLocation": true,
        "rand123GlobalIndex": null,
        "random123": false,
        "recordCells": [
            [
                "E",
                [
                    68,
                    13
                ]
            ],
            [
                "I",
                [
                    4,
                    5
                ]
            ]
        ],
        "recordCellsSpikes": -1,
        "recordDipole": false,
        "recordDipolesHNN": false,
        "recordLFP": [],
        "recordStep": 0.1,
        "recordStim": false,
        "recordTime": true,
        "recordTraces": {
            "soma_voltage": {
                "loc": 0.5,
                "sec": "soma",
                "var": "v"
            }
        },
        "saveCSV": false,
        "saveCellConns": true,
        "saveCellSecs": true,
        "saveDat": false,
        "saveDataInclude": [
            "simData",
            "simConfig",
            "netParams",
            "net"
        ],
        "saveDipoleCells": false,
        "saveDipolePops": false,
        "saveDpk": false,
        "saveFolder": "/pscratch/sd/a/adammwea/2DNetworkSimulations/NERSC/output/240604_Run1_24n24hr/gen_3",
        "saveHDF5": false,
        "saveJson": true,
        "saveLFPCells": false,
        "saveLFPPops": false,
        "saveMat": false,
        "savePickle": false,
        "saveTiming": false,
        "seeds": {
            "cell": 1,
            "conn": 1,
            "loc": 1,
            "stim": 1
        },
        "simLabel": "gen_3_cand_23",
        "tau1_exc": 5.277631489175555,
        "tau1_exc_std": 2.483263567019484,
        "tau1_inh": 6.79480280356209,
        "tau1_inh_std": 0.08727706641105301,
        "tau2_exc": 11.531270223866592,
        "tau2_exc_std": 0.03196564457613153,
        "tau2_inh": 1.5928938457045985,
        "tau2_inh_std": 8.48032431740913,
        "timestampFilename": false,
        "timing": true,
        "tstop": 1000.0,
        "use_fast_imem": false,
        "validateNetParams": false,
        "verbose": false,
        "weightEE": 0.07413875723140706,
        "weightEE_std": 0.04220684717393124,
        "weightEI": 0.8258920210343327,
        "weightEI_std": 0.33135206000664,
        "weightIE": 0.6218415262923502,
        "weightIE_std": 0.01130359321188381,
        "weightII": 1.1718822331901213,
        "weightII_std": 0.24552974452247706
    }
}