{
    "simConfig": {
        "E_L_mean": 18.8,
        "E_L_stdev": 1.865216792346782,
        "E_Ra_mean": 128.0,
        "E_Ra_stdev": 37.37758348434616,
        "E_diam_mean": 18.8,
        "E_diam_stdev": 0.4600587585995732,
        "I_L_mean": 9.0,
        "I_L_stdev": 0.9446766557269634,
        "I_Ra_mean": 110.0,
        "I_Ra_stdev": 27.62628888654035,
        "I_diam_mean": 10.0,
        "I_diam_stdev": 2.644728144631534,
        "addSynMechs": true,
        "allowConnsWithWeight0": true,
        "allowSelfConns": false,
        "analysis": {},
        "backupCfgFile": [],
        "cache_efficient": true,
        "checkErrors": false,
        "compactConnFormat": false,
        "connRandomSecFromList": true,
        "coreneuron": false,
        "createNEURONObj": true,
        "createPyStruct": true,
        "cvode_active": false,
        "cvode_atol": 0.001,
        "distributeSynsUniformly": true,
        "dt": 0.025,
        "dump_coreneuron_model": false,
        "duration": 1000.0,
        "duration_seconds": 330.0,
        "filename": "model_output",
        "gatherOnlySimData": false,
        "gkbar_E": 0.0008329115782645218,
        "gkbar_E_std": 0.055690083308715804,
        "gkbar_I": 0.053118670483155286,
        "gkbar_I_std": 0.33480800917362924,
        "gnabar_E": 1.1052717355285542,
        "gnabar_E_std": 0.005573275021777674,
        "gnabar_I": 4.645568342159258,
        "gnabar_I_std": 0.5905883760558668,
        "gpu": false,
        "hParams": {
            "celsius": 6.3,
            "clamp_resist": 0.001,
            "v_init": -65.0
        },
        "includeParamsLabel": true,
        "invertedYCoord": true,
        "networkType": "22May24",
        "oneSynPerNetcon": true,
        "printPopAvgRates": [
            100,
            1000.0
        ],
        "printRunTime": false,
        "printSynsAfterRule": false,
        "probEE": 0.3807716996961771,
        "probEE_std": 0.06927042880439475,
        "probEI": 0.4445575841627054,
        "probEI_std": 0.49510020303777175,
        "probIE": 0.07520424414277566,
        "probIE_std": 0.49391468209357653,
        "probII": 0.004433684549368003,
        "probII_std": 0.07889123926244535,
        "probLengthConst": 2026.7916975400854,
        "propVelocity": 1.0,
        "pt3dRelativeToCellLocation": true,
        "rand123GlobalIndex": null,
        "random123": false,
        "recordCells": [
            [
                "E",
                [
                    68,
                    13
                ]
            ],
            [
                "I",
                [
                    4,
                    5
                ]
            ]
        ],
        "recordCellsSpikes": -1,
        "recordDipole": false,
        "recordDipolesHNN": false,
        "recordLFP": [],
        "recordStep": 0.1,
        "recordStim": false,
        "recordTime": true,
        "recordTraces": {
            "soma_voltage": {
                "loc": 0.5,
                "sec": "soma",
                "var": "v"
            }
        },
        "saveCSV": false,
        "saveCellConns": true,
        "saveCellSecs": true,
        "saveDat": false,
        "saveDataInclude": [
            "simData",
            "simConfig",
            "netParams",
            "net"
        ],
        "saveDipoleCells": false,
        "saveDipolePops": false,
        "saveDpk": false,
        "saveFolder": "/pscratch/sd/a/adammwea/2DNetworkSimulations/NERSC/output/240604_Run1_24n24hr/gen_3",
        "saveHDF5": false,
        "saveJson": true,
        "saveLFPCells": false,
        "saveLFPPops": false,
        "saveMat": false,
        "savePickle": false,
        "saveTiming": false,
        "seeds": {
            "cell": 1,
            "conn": 1,
            "loc": 1,
            "stim": 1
        },
        "simLabel": "gen_3_cand_404",
        "tau1_exc": 6.141914289725355,
        "tau1_exc_std": 0.1853283749222383,
        "tau1_inh": 8.413843775640908,
        "tau1_inh_std": 3.0601377127720193,
        "tau2_exc": 5.320433736404912,
        "tau2_exc_std": 1.7702871218448784,
        "tau2_inh": 16.145889945534012,
        "tau2_inh_std": 4.780000178868898,
        "timestampFilename": false,
        "timing": true,
        "tstop": 1000.0,
        "use_fast_imem": false,
        "validateNetParams": false,
        "verbose": false,
        "weightEE": 1.671222719264041,
        "weightEE_std": 0.009845812177073698,
        "weightEI": 0.07292547766094337,
        "weightEI_std": 0.2986779048277316,
        "weightIE": 0.027836191811000142,
        "weightIE_std": 0.12008712717957379,
        "weightII": 0.025322402010086176,
        "weightII_std": 0.16357001266246948
    }
}