{
    "simConfig": {
        "E_L_mean": 18.8,
        "E_L_stdev": 9.370334416904367,
        "E_Ra_mean": 128.0,
        "E_Ra_stdev": 1.6840425901610612,
        "E_diam_mean": 18.8,
        "E_diam_stdev": 0.11954200002627058,
        "I_L_mean": 9.0,
        "I_L_stdev": 2.984054515628908,
        "I_Ra_mean": 110.0,
        "I_Ra_stdev": 54.28464056735022,
        "I_diam_mean": 10.0,
        "I_diam_stdev": 2.9272807578343105,
        "addSynMechs": true,
        "allowConnsWithWeight0": true,
        "allowSelfConns": false,
        "analysis": {},
        "backupCfgFile": [],
        "cache_efficient": true,
        "checkErrors": false,
        "compactConnFormat": false,
        "connRandomSecFromList": true,
        "coreneuron": false,
        "createNEURONObj": true,
        "createPyStruct": true,
        "cvode_active": false,
        "cvode_atol": 0.001,
        "distributeSynsUniformly": true,
        "dt": 0.025,
        "dump_coreneuron_model": false,
        "duration": 1000.0,
        "duration_seconds": 330.0,
        "filename": "model_output",
        "gatherOnlySimData": false,
        "gkbar_E": 0.9656536477592853,
        "gkbar_E_std": 0.10455771205244999,
        "gkbar_I": 9.95765218269041,
        "gkbar_I_std": 0.1183426339881849,
        "gnabar_E": 0.6349467330041385,
        "gnabar_E_std": 0.9953188468257883,
        "gnabar_I": 4.133594096329187,
        "gnabar_I_std": 0.946764357511829,
        "gpu": false,
        "hParams": {
            "celsius": 6.3,
            "clamp_resist": 0.001,
            "v_init": -65.0
        },
        "includeParamsLabel": true,
        "invertedYCoord": true,
        "networkType": "22May24",
        "oneSynPerNetcon": true,
        "printPopAvgRates": [
            100,
            1000.0
        ],
        "printRunTime": false,
        "printSynsAfterRule": false,
        "probEE": 0.5849970295087815,
        "probEE_std": 0.33553522510990075,
        "probEI": 0.3138999153904192,
        "probEI_std": 0.05547894639068583,
        "probIE": 0.09804885411301487,
        "probIE_std": 0.017995403141754938,
        "probII": 0.08602217088043074,
        "probII_std": 0.46372446370802695,
        "probLengthConst": 1273.6657518304864,
        "propVelocity": 1.0,
        "pt3dRelativeToCellLocation": true,
        "rand123GlobalIndex": null,
        "random123": false,
        "recordCells": [
            [
                "E",
                [
                    68,
                    13
                ]
            ],
            [
                "I",
                [
                    4,
                    5
                ]
            ]
        ],
        "recordCellsSpikes": -1,
        "recordDipole": false,
        "recordDipolesHNN": false,
        "recordLFP": [],
        "recordStep": 0.1,
        "recordStim": false,
        "recordTime": true,
        "recordTraces": {
            "soma_voltage": {
                "loc": 0.5,
                "sec": "soma",
                "var": "v"
            }
        },
        "saveCSV": false,
        "saveCellConns": true,
        "saveCellSecs": true,
        "saveDat": false,
        "saveDataInclude": [
            "simData",
            "simConfig",
            "netParams",
            "net"
        ],
        "saveDipoleCells": false,
        "saveDipolePops": false,
        "saveDpk": false,
        "saveFolder": "/pscratch/sd/a/adammwea/2DNetworkSimulations/NERSC/output/240604_Run1_24n24hr/gen_6",
        "saveHDF5": false,
        "saveJson": true,
        "saveLFPCells": false,
        "saveLFPPops": false,
        "saveMat": false,
        "savePickle": false,
        "saveTiming": false,
        "seeds": {
            "cell": 1,
            "conn": 1,
            "loc": 1,
            "stim": 1
        },
        "simLabel": "gen_6_cand_294",
        "tau1_exc": 0.44635822548690424,
        "tau1_exc_std": 1.5412416681106174,
        "tau1_inh": 0.8559227938756298,
        "tau1_inh_std": 0.9139019955943595,
        "tau2_exc": 26.81725738231446,
        "tau2_exc_std": 2.9368629920469664,
        "tau2_inh": 0.7224109865791973,
        "tau2_inh_std": 2.405768847139385,
        "timestampFilename": false,
        "timing": true,
        "tstop": 1000.0,
        "use_fast_imem": false,
        "validateNetParams": false,
        "verbose": false,
        "weightEE": 1.4282715206935397,
        "weightEE_std": 0.43594362347786436,
        "weightEI": 0.29588067012654484,
        "weightEI_std": 0.003975213162407936,
        "weightIE": 0.8620521819079201,
        "weightIE_std": 0.15917115167623055,
        "weightII": 1.8738106908397263,
        "weightII_std": 0.18989988320390883
    }
}