{
    "simConfig": {
        "E_L_mean": 18.8,
        "E_L_stdev": 6.338525443760313,
        "E_Ra_mean": 128.0,
        "E_Ra_stdev": 17.659788652370196,
        "E_diam_mean": 18.8,
        "E_diam_stdev": 5.5036404464536055,
        "I_L_mean": 9.0,
        "I_L_stdev": 1.8320816526676458,
        "I_Ra_mean": 110.0,
        "I_Ra_stdev": 0.0706709184136694,
        "I_diam_mean": 10.0,
        "I_diam_stdev": 0.07819750083350535,
        "addSynMechs": true,
        "allowConnsWithWeight0": true,
        "allowSelfConns": false,
        "analysis": {},
        "backupCfgFile": [],
        "cache_efficient": true,
        "checkErrors": false,
        "compactConnFormat": false,
        "connRandomSecFromList": true,
        "coreneuron": false,
        "createNEURONObj": true,
        "createPyStruct": true,
        "cvode_active": false,
        "cvode_atol": 0.001,
        "distributeSynsUniformly": true,
        "dt": 0.025,
        "dump_coreneuron_model": false,
        "duration": 1000.0,
        "duration_seconds": 330.0,
        "filename": "model_output",
        "gatherOnlySimData": false,
        "gkbar_E": 0.7642737127155147,
        "gkbar_E_std": 0.3260205140731985,
        "gkbar_I": 3.7609821109078467,
        "gkbar_I_std": 1.2240380232918404,
        "gnabar_E": 2.8717250538730372,
        "gnabar_E_std": 0.6804926268822525,
        "gnabar_I": 3.1204073788558087,
        "gnabar_I_std": 0.2847094661140775,
        "gpu": false,
        "hParams": {
            "celsius": 6.3,
            "clamp_resist": 0.001,
            "v_init": -65.0
        },
        "includeParamsLabel": true,
        "invertedYCoord": true,
        "networkType": "22May24",
        "oneSynPerNetcon": true,
        "printPopAvgRates": [
            100,
            1000.0
        ],
        "printRunTime": false,
        "printSynsAfterRule": false,
        "probEE": 0.03452101280436304,
        "probEE_std": 0.0015031652578549348,
        "probEI": 0.8123736127912808,
        "probEI_std": 0.24207045031913904,
        "probIE": 0.32092673819198336,
        "probIE_std": 0.02721860463215621,
        "probII": 0.7372632853271475,
        "probII_std": 0.49993808437731874,
        "probLengthConst": 2340.804775053971,
        "propVelocity": 1.0,
        "pt3dRelativeToCellLocation": true,
        "rand123GlobalIndex": null,
        "random123": false,
        "recordCells": [
            [
                "E",
                [
                    68,
                    13
                ]
            ],
            [
                "I",
                [
                    4,
                    5
                ]
            ]
        ],
        "recordCellsSpikes": -1,
        "recordDipole": false,
        "recordDipolesHNN": false,
        "recordLFP": [],
        "recordStep": 0.1,
        "recordStim": false,
        "recordTime": true,
        "recordTraces": {
            "soma_voltage": {
                "loc": 0.5,
                "sec": "soma",
                "var": "v"
            }
        },
        "saveCSV": false,
        "saveCellConns": true,
        "saveCellSecs": true,
        "saveDat": false,
        "saveDataInclude": [
            "simData",
            "simConfig",
            "netParams",
            "net"
        ],
        "saveDipoleCells": false,
        "saveDipolePops": false,
        "saveDpk": false,
        "saveFolder": "/pscratch/sd/a/adammwea/2DNetworkSimulations/NERSC/output/240604_Run1_24n24hr/gen_6",
        "saveHDF5": false,
        "saveJson": true,
        "saveLFPCells": false,
        "saveLFPPops": false,
        "saveMat": false,
        "savePickle": false,
        "saveTiming": false,
        "seeds": {
            "cell": 1,
            "conn": 1,
            "loc": 1,
            "stim": 1
        },
        "simLabel": "gen_6_cand_162",
        "tau1_exc": 0.31045887377014325,
        "tau1_exc_std": 0.2862194948157222,
        "tau1_inh": 0.15675381750769107,
        "tau1_inh_std": 1.4136123046082862,
        "tau2_exc": 9.937788705163298,
        "tau2_exc_std": 2.405113517413982,
        "tau2_inh": 19.808439882563533,
        "tau2_inh_std": 7.773400028997593,
        "timestampFilename": false,
        "timing": true,
        "tstop": 1000.0,
        "use_fast_imem": false,
        "validateNetParams": false,
        "verbose": false,
        "weightEE": 0.14860921536288116,
        "weightEE_std": 0.016348777308710677,
        "weightEI": 0.42607889935524035,
        "weightEI_std": 2.1792037394567122e-05,
        "weightIE": 0.9895866997695723,
        "weightIE_std": 0.33099939925253874,
        "weightII": 0.8905582982357685,
        "weightII_std": 0.24034112474292305
    }
}