{
    "simConfig": {
        "E_L_mean": 18.8,
        "E_L_stdev": 2.6375140035211233,
        "E_Ra_mean": 128.0,
        "E_Ra_stdev": 35.637542557666336,
        "E_diam_mean": 18.8,
        "E_diam_stdev": 4.449084483210967,
        "I_L_mean": 9.0,
        "I_L_stdev": 2.99559059883035,
        "I_Ra_mean": 110.0,
        "I_Ra_stdev": 27.509836968971676,
        "I_diam_mean": 10.0,
        "I_diam_stdev": 0.01842111577983785,
        "addSynMechs": true,
        "allowConnsWithWeight0": true,
        "allowSelfConns": false,
        "analysis": {},
        "backupCfgFile": [],
        "cache_efficient": true,
        "checkErrors": false,
        "compactConnFormat": false,
        "connRandomSecFromList": true,
        "coreneuron": false,
        "createNEURONObj": true,
        "createPyStruct": true,
        "cvode_active": false,
        "cvode_atol": 0.001,
        "distributeSynsUniformly": true,
        "dt": 0.025,
        "dump_coreneuron_model": false,
        "duration": 1000.0,
        "duration_seconds": 330.0,
        "filename": "model_output",
        "gatherOnlySimData": false,
        "gkbar_E": 0.4385883092206834,
        "gkbar_E_std": 0.0011344283979526086,
        "gkbar_I": 8.440917976546727,
        "gkbar_I_std": 1.789894635020321,
        "gnabar_E": 5.4853138074975885,
        "gnabar_E_std": 0.17325530763255198,
        "gnabar_I": 2.7421603382464306,
        "gnabar_I_std": 0.5311362606286225,
        "gpu": false,
        "hParams": {
            "celsius": 6.3,
            "clamp_resist": 0.001,
            "v_init": -65.0
        },
        "includeParamsLabel": true,
        "invertedYCoord": true,
        "networkType": "22May24",
        "oneSynPerNetcon": true,
        "printPopAvgRates": [
            100,
            1000.0
        ],
        "printRunTime": false,
        "printSynsAfterRule": false,
        "probEE": 0.5053792077790054,
        "probEE_std": 0.05464342795446339,
        "probEI": 0.8985089913308892,
        "probEI_std": 0.05275759368350258,
        "probIE": 0.04827719216319732,
        "probIE_std": 0.4795527531633007,
        "probII": 0.5801053083039055,
        "probII_std": 0.49788390513862957,
        "probLengthConst": 2942.1032316859128,
        "propVelocity": 1.0,
        "pt3dRelativeToCellLocation": true,
        "rand123GlobalIndex": null,
        "random123": false,
        "recordCells": [
            [
                "E",
                [
                    68,
                    13
                ]
            ],
            [
                "I",
                [
                    4,
                    5
                ]
            ]
        ],
        "recordCellsSpikes": -1,
        "recordDipole": false,
        "recordDipolesHNN": false,
        "recordLFP": [],
        "recordStep": 0.1,
        "recordStim": false,
        "recordTime": true,
        "recordTraces": {
            "soma_voltage": {
                "loc": 0.5,
                "sec": "soma",
                "var": "v"
            }
        },
        "saveCSV": false,
        "saveCellConns": true,
        "saveCellSecs": true,
        "saveDat": false,
        "saveDataInclude": [
            "simData",
            "simConfig",
            "netParams",
            "net"
        ],
        "saveDipoleCells": false,
        "saveDipolePops": false,
        "saveDpk": false,
        "saveFolder": "/pscratch/sd/a/adammwea/2DNetworkSimulations/NERSC/output/240604_Run1_24n24hr/gen_6",
        "saveHDF5": false,
        "saveJson": true,
        "saveLFPCells": false,
        "saveLFPPops": false,
        "saveMat": false,
        "savePickle": false,
        "saveTiming": false,
        "seeds": {
            "cell": 1,
            "conn": 1,
            "loc": 1,
            "stim": 1
        },
        "simLabel": "gen_6_cand_359",
        "tau1_exc": 0.7337096246611754,
        "tau1_exc_std": 0.6150093070453815,
        "tau1_inh": 3.06952853848286,
        "tau1_inh_std": 1.826809437692181,
        "tau2_exc": 16.298336417691253,
        "tau2_exc_std": 9.360773744135354,
        "tau2_inh": 5.694159847784373,
        "tau2_inh_std": 9.891171132159625,
        "timestampFilename": false,
        "timing": true,
        "tstop": 1000.0,
        "use_fast_imem": false,
        "validateNetParams": false,
        "verbose": false,
        "weightEE": 0.02707996861019651,
        "weightEE_std": 0.02586169013415742,
        "weightEI": 1.928197748325198,
        "weightEI_std": 0.0021659267215266287,
        "weightIE": 0.9627076118689515,
        "weightIE_std": 0.323035747187459,
        "weightII": 0.3321301647685704,
        "weightII_std": 0.025091585267682175
    }
}