{
    "simConfig": {
        "E_L_mean": 18.8,
        "E_L_stdev": 0.7255587660230987,
        "E_Ra_mean": 128.0,
        "E_Ra_stdev": 51.68955936029486,
        "E_diam_mean": 18.8,
        "E_diam_stdev": 0.6174919324279315,
        "I_L_mean": 9.0,
        "I_L_stdev": 2.414431155309025,
        "I_Ra_mean": 110.0,
        "I_Ra_stdev": 41.329889464396956,
        "I_diam_mean": 10.0,
        "I_diam_stdev": 2.27166028927119,
        "addSynMechs": true,
        "allowConnsWithWeight0": true,
        "allowSelfConns": false,
        "analysis": {},
        "backupCfgFile": [],
        "cache_efficient": true,
        "checkErrors": false,
        "compactConnFormat": false,
        "connRandomSecFromList": true,
        "coreneuron": false,
        "createNEURONObj": true,
        "createPyStruct": true,
        "cvode_active": false,
        "cvode_atol": 0.001,
        "distributeSynsUniformly": true,
        "dt": 0.025,
        "dump_coreneuron_model": false,
        "duration": 1000.0,
        "duration_seconds": 330.0,
        "filename": "model_output",
        "gatherOnlySimData": false,
        "gkbar_E": 0.1447236605963577,
        "gkbar_E_std": 0.32743868632363804,
        "gkbar_I": 9.297190921729232,
        "gkbar_I_std": 0.953770036791098,
        "gnabar_E": 5.663842399810774,
        "gnabar_E_std": 1.4814260672689654,
        "gnabar_I": 3.8373309775644198,
        "gnabar_I_std": 0.535821283248803,
        "gpu": false,
        "hParams": {
            "celsius": 6.3,
            "clamp_resist": 0.001,
            "v_init": -65.0
        },
        "includeParamsLabel": true,
        "invertedYCoord": true,
        "networkType": "22May24",
        "oneSynPerNetcon": true,
        "printPopAvgRates": [
            100,
            1000.0
        ],
        "printRunTime": false,
        "printSynsAfterRule": false,
        "probEE": 0.36284342219274224,
        "probEE_std": 0.4334712886266005,
        "probEI": 0.8109880959186778,
        "probEI_std": 0.4436022346277205,
        "probIE": 0.39771981239877413,
        "probIE_std": 0.021766761496355827,
        "probII": 0.17719327989235883,
        "probII_std": 0.1452125998496136,
        "probLengthConst": 1251.6010042620915,
        "propVelocity": 1.0,
        "pt3dRelativeToCellLocation": true,
        "rand123GlobalIndex": null,
        "random123": false,
        "recordCells": [
            [
                "E",
                [
                    68,
                    13
                ]
            ],
            [
                "I",
                [
                    4,
                    5
                ]
            ]
        ],
        "recordCellsSpikes": -1,
        "recordDipole": false,
        "recordDipolesHNN": false,
        "recordLFP": [],
        "recordStep": 0.1,
        "recordStim": false,
        "recordTime": true,
        "recordTraces": {
            "soma_voltage": {
                "loc": 0.5,
                "sec": "soma",
                "var": "v"
            }
        },
        "saveCSV": false,
        "saveCellConns": true,
        "saveCellSecs": true,
        "saveDat": false,
        "saveDataInclude": [
            "simData",
            "simConfig",
            "netParams",
            "net"
        ],
        "saveDipoleCells": false,
        "saveDipolePops": false,
        "saveDpk": false,
        "saveFolder": "/pscratch/sd/a/adammwea/2DNetworkSimulations/NERSC/output/240604_Run1_24n24hr/gen_6",
        "saveHDF5": false,
        "saveJson": true,
        "saveLFPCells": false,
        "saveLFPPops": false,
        "saveMat": false,
        "savePickle": false,
        "saveTiming": false,
        "seeds": {
            "cell": 1,
            "conn": 1,
            "loc": 1,
            "stim": 1
        },
        "simLabel": "gen_6_cand_46",
        "tau1_exc": 1.235900459697942,
        "tau1_exc_std": 3.2767389207636044,
        "tau1_inh": 8.037131241125119,
        "tau1_inh_std": 1.451454967321793,
        "tau2_exc": 1.563299901792294,
        "tau2_exc_std": 9.959055602083675,
        "tau2_inh": 13.940617084112779,
        "tau2_inh_std": 3.192781902629372,
        "timestampFilename": false,
        "timing": true,
        "tstop": 1000.0,
        "use_fast_imem": false,
        "validateNetParams": false,
        "verbose": false,
        "weightEE": 0.13885980291171893,
        "weightEE_std": 0.320144332441267,
        "weightEI": 1.1897134790178894,
        "weightEI_std": 0.01115320607394725,
        "weightIE": 0.7905349007636361,
        "weightIE_std": 0.048239077227497956,
        "weightII": 1.1266489984160106,
        "weightII_std": 0.003289882184518634
    }
}