{
    "simConfig": {
        "E_L_mean": 18.8,
        "E_L_stdev": 3.4850892117354237,
        "E_Ra_mean": 128.0,
        "E_Ra_stdev": 13.68959671376956,
        "E_diam_mean": 18.8,
        "E_diam_stdev": 2.4966237637310975,
        "I_L_mean": 9.0,
        "I_L_stdev": 2.8131278411941683,
        "I_Ra_mean": 110.0,
        "I_Ra_stdev": 5.251436253031452,
        "I_diam_mean": 10.0,
        "I_diam_stdev": 2.60491717241797,
        "addSynMechs": true,
        "allowConnsWithWeight0": true,
        "allowSelfConns": false,
        "analysis": {},
        "backupCfgFile": [],
        "cache_efficient": true,
        "checkErrors": false,
        "compactConnFormat": false,
        "connRandomSecFromList": true,
        "coreneuron": false,
        "createNEURONObj": true,
        "createPyStruct": true,
        "cvode_active": false,
        "cvode_atol": 0.001,
        "distributeSynsUniformly": true,
        "dt": 0.025,
        "dump_coreneuron_model": false,
        "duration": 1000.0,
        "duration_seconds": 330.0,
        "filename": "model_output",
        "gatherOnlySimData": false,
        "gkbar_E": 0.009409226456661413,
        "gkbar_E_std": 0.06268449104263049,
        "gkbar_I": 5.67859907799458,
        "gkbar_I_std": 2.3236471194352637,
        "gnabar_E": 2.460642199868754,
        "gnabar_E_std": 1.2212769443807463,
        "gnabar_I": 1.002237736770629,
        "gnabar_I_std": 0.7987476101645571,
        "gpu": false,
        "hParams": {
            "celsius": 6.3,
            "clamp_resist": 0.001,
            "v_init": -65.0
        },
        "includeParamsLabel": true,
        "invertedYCoord": true,
        "networkType": "22May24",
        "oneSynPerNetcon": true,
        "printPopAvgRates": [
            100,
            1000.0
        ],
        "printRunTime": false,
        "printSynsAfterRule": false,
        "probEE": 0.12623171497436614,
        "probEE_std": 0.4578906045187804,
        "probEI": 0.6902022691393959,
        "probEI_std": 0.2824321887194657,
        "probIE": 0.014811126207911585,
        "probIE_std": 0.32326294155317303,
        "probII": 0.6813666271937723,
        "probII_std": 0.41686145277151565,
        "probLengthConst": 2555.8452832252165,
        "propVelocity": 1.0,
        "pt3dRelativeToCellLocation": true,
        "rand123GlobalIndex": null,
        "random123": false,
        "recordCells": [
            [
                "E",
                [
                    68,
                    13
                ]
            ],
            [
                "I",
                [
                    4,
                    5
                ]
            ]
        ],
        "recordCellsSpikes": -1,
        "recordDipole": false,
        "recordDipolesHNN": false,
        "recordLFP": [],
        "recordStep": 0.1,
        "recordStim": false,
        "recordTime": true,
        "recordTraces": {
            "soma_voltage": {
                "loc": 0.5,
                "sec": "soma",
                "var": "v"
            }
        },
        "saveCSV": false,
        "saveCellConns": true,
        "saveCellSecs": true,
        "saveDat": false,
        "saveDataInclude": [
            "simData",
            "simConfig",
            "netParams",
            "net"
        ],
        "saveDipoleCells": false,
        "saveDipolePops": false,
        "saveDpk": false,
        "saveFolder": "/pscratch/sd/a/adammwea/2DNetworkSimulations/NERSC/output/240604_Run1_24n24hr/gen_6",
        "saveHDF5": false,
        "saveJson": true,
        "saveLFPCells": false,
        "saveLFPPops": false,
        "saveMat": false,
        "savePickle": false,
        "saveTiming": false,
        "seeds": {
            "cell": 1,
            "conn": 1,
            "loc": 1,
            "stim": 1
        },
        "simLabel": "gen_6_cand_501",
        "tau1_exc": 5.157086947489512,
        "tau1_exc_std": 2.688349315981686,
        "tau1_inh": 0.00010580826098233149,
        "tau1_inh_std": 0.14293456522274295,
        "tau2_exc": 29.769825126030835,
        "tau2_exc_std": 0.931147967966937,
        "tau2_inh": 11.019505455131334,
        "tau2_inh_std": 3.1490618709022264,
        "timestampFilename": false,
        "timing": true,
        "tstop": 1000.0,
        "use_fast_imem": false,
        "validateNetParams": false,
        "verbose": false,
        "weightEE": 0.15127749580106647,
        "weightEE_std": 0.07510571033478564,
        "weightEI": 1.6881215303344357,
        "weightEI_std": 0.21627750797746625,
        "weightIE": 0.584633108148594,
        "weightIE_std": 0.05140490534725892,
        "weightII": 0.487057495612637,
        "weightII_std": 0.07971955828167215
    }
}