{
    "simConfig": {
        "E_L_mean": 18.8,
        "E_L_stdev": 4.118540525282592,
        "E_Ra_mean": 128.0,
        "E_Ra_stdev": 3.642493071782244,
        "E_diam_mean": 18.8,
        "E_diam_stdev": 2.37090254298172,
        "I_L_mean": 9.0,
        "I_L_stdev": 0.6028673641174062,
        "I_Ra_mean": 110.0,
        "I_Ra_stdev": 12.894791553853928,
        "I_diam_mean": 10.0,
        "I_diam_stdev": 2.8649615069808916,
        "addSynMechs": true,
        "allowConnsWithWeight0": true,
        "allowSelfConns": false,
        "analysis": {},
        "backupCfgFile": [],
        "cache_efficient": true,
        "checkErrors": false,
        "compactConnFormat": false,
        "connRandomSecFromList": true,
        "coreneuron": false,
        "createNEURONObj": true,
        "createPyStruct": true,
        "cvode_active": false,
        "cvode_atol": 0.001,
        "distributeSynsUniformly": true,
        "dt": 0.025,
        "dump_coreneuron_model": false,
        "duration": 1000.0,
        "duration_seconds": 90.0,
        "filename": "model_output",
        "gatherOnlySimData": false,
        "gkbar_E": 0.886953849091826,
        "gkbar_E_std": 0.28841154224743,
        "gkbar_I": 9.995774652959813,
        "gkbar_I_std": 1.1970410569604886,
        "gnabar_E": 1.3846506425214589,
        "gnabar_E_std": 0.4011777708108441,
        "gnabar_I": 1.9904432523433797,
        "gnabar_I_std": 0.15212958230904017,
        "gpu": false,
        "hParams": {
            "celsius": 6.3,
            "clamp_resist": 0.001,
            "v_init": -65.0
        },
        "includeParamsLabel": true,
        "invertedYCoord": true,
        "networkType": "22May24",
        "oneSynPerNetcon": true,
        "printPopAvgRates": [
            100,
            1000.0
        ],
        "printRunTime": false,
        "printSynsAfterRule": false,
        "probEE": 0.13643448363567834,
        "probEE_std": 0.36611202478916804,
        "probEI": 0.7430357949733258,
        "probEI_std": 0.2592469307443608,
        "probIE": 0.13483469178152319,
        "probIE_std": 0.013546509008211582,
        "probII": 0.18595615431063034,
        "probII_std": 0.0197248965671325,
        "probLengthConst": 92.04996840596328,
        "propVelocity": 1.0,
        "pt3dRelativeToCellLocation": true,
        "rand123GlobalIndex": null,
        "random123": false,
        "recordCells": [
            [
                "E",
                [
                    74,
                    47
                ]
            ],
            [
                "I",
                [
                    38,
                    3
                ]
            ]
        ],
        "recordCellsSpikes": -1,
        "recordDipole": false,
        "recordDipolesHNN": false,
        "recordLFP": [],
        "recordStep": 0.1,
        "recordStim": false,
        "recordTime": true,
        "recordTraces": {
            "soma_voltage": {
                "loc": 0.5,
                "sec": "soma",
                "var": "v"
            }
        },
        "saveCSV": false,
        "saveCellConns": true,
        "saveCellSecs": true,
        "saveDat": false,
        "saveDataInclude": [
            "simData",
            "simConfig",
            "netParams",
            "net"
        ],
        "saveDipoleCells": false,
        "saveDipolePops": false,
        "saveDpk": false,
        "saveFolder": "/pscratch/sd/a/adammwea/2DNetworkSimulations/NERSC/output/240528_Run1_this_does_work/gen_1",
        "saveHDF5": false,
        "saveJson": true,
        "saveLFPCells": false,
        "saveLFPPops": false,
        "saveMat": false,
        "savePickle": false,
        "saveTiming": false,
        "seeds": {
            "cell": 1,
            "conn": 1,
            "loc": 1,
            "stim": 1
        },
        "simLabel": "gen_1_cand_6",
        "tau1_exc": 2.489638169130357,
        "tau1_exc_std": 1.2062874031470778,
        "tau1_inh": 5.819361521631421,
        "tau1_inh_std": 2.939520874068809,
        "tau2_exc": 6.9213684330744005,
        "tau2_exc_std": 1.4072049531431308,
        "tau2_inh": 1.8025491194798864,
        "tau2_inh_std": 7.579524409847282,
        "timestampFilename": false,
        "timing": true,
        "tstop": 1000.0,
        "use_fast_imem": false,
        "validateNetParams": false,
        "verbose": false,
        "weightEE": 0.4123096690858603,
        "weightEE_std": 0.03574208103350168,
        "weightEI": 1.207413699878819,
        "weightEI_std": 0.2896076297231064,
        "weightIE": 0.44773939410908914,
        "weightIE_std": 0.1805139023370445,
        "weightII": 1.772339008961982,
        "weightII_std": 0.0028076991317302624
    }
}