{
    "simConfig": {
        "E_L_mean": 18.8,
        "E_L_stdev": 7.333394120057498,
        "E_Ra_mean": 128.0,
        "E_Ra_stdev": 55.77912226092208,
        "E_diam_mean": 18.8,
        "E_diam_stdev": 5.477417152648148,
        "I_L_mean": 9.0,
        "I_L_stdev": 0.28003888812135125,
        "I_Ra_mean": 110.0,
        "I_Ra_stdev": 54.13185665534352,
        "I_diam_mean": 10.0,
        "I_diam_stdev": 0.7379208738598247,
        "addSynMechs": true,
        "allowConnsWithWeight0": true,
        "allowSelfConns": false,
        "analysis": {},
        "backupCfgFile": [],
        "cache_efficient": true,
        "checkErrors": false,
        "compactConnFormat": false,
        "connRandomSecFromList": true,
        "coreneuron": false,
        "createNEURONObj": true,
        "createPyStruct": true,
        "cvode_active": false,
        "cvode_atol": 0.001,
        "distributeSynsUniformly": true,
        "dt": 0.025,
        "dump_coreneuron_model": false,
        "duration": 1000.0,
        "duration_seconds": 90.0,
        "filename": "model_output",
        "gatherOnlySimData": false,
        "gkbar_E": 0.8826240489278214,
        "gkbar_E_std": 0.49865408558801216,
        "gkbar_I": 9.28426034963277,
        "gkbar_I_std": 0.11659440706572388,
        "gnabar_E": 0.7980225430971419,
        "gnabar_E_std": 0.2585674996114183,
        "gnabar_I": 2.4375148563946585,
        "gnabar_I_std": 0.13905777850084003,
        "gpu": false,
        "hParams": {
            "celsius": 6.3,
            "clamp_resist": 0.001,
            "v_init": -65.0
        },
        "includeParamsLabel": true,
        "invertedYCoord": true,
        "networkType": "22May24",
        "oneSynPerNetcon": true,
        "printPopAvgRates": [
            100,
            1000.0
        ],
        "printRunTime": false,
        "printSynsAfterRule": false,
        "probEE": 0.1660874822688137,
        "probEE_std": 0.4555186723028274,
        "probEI": 0.9299728479460679,
        "probEI_std": 0.44465973390374314,
        "probIE": 0.11640107676435407,
        "probIE_std": 0.1221881294259199,
        "probII": 0.4958200743565082,
        "probII_std": 0.3192782509036456,
        "probLengthConst": 882.7462526090545,
        "propVelocity": 1.0,
        "pt3dRelativeToCellLocation": true,
        "rand123GlobalIndex": null,
        "random123": false,
        "recordCells": [
            [
                "E",
                [
                    74,
                    47
                ]
            ],
            [
                "I",
                [
                    38,
                    3
                ]
            ]
        ],
        "recordCellsSpikes": -1,
        "recordDipole": false,
        "recordDipolesHNN": false,
        "recordLFP": [],
        "recordStep": 0.1,
        "recordStim": false,
        "recordTime": true,
        "recordTraces": {
            "soma_voltage": {
                "loc": 0.5,
                "sec": "soma",
                "var": "v"
            }
        },
        "saveCSV": false,
        "saveCellConns": true,
        "saveCellSecs": true,
        "saveDat": false,
        "saveDataInclude": [
            "simData",
            "simConfig",
            "netParams",
            "net"
        ],
        "saveDipoleCells": false,
        "saveDipolePops": false,
        "saveDpk": false,
        "saveFolder": "/pscratch/sd/a/adammwea/2DNetworkSimulations/NERSC/output/240528_Run1_this_does_work/gen_1",
        "saveHDF5": false,
        "saveJson": true,
        "saveLFPCells": false,
        "saveLFPPops": false,
        "saveMat": false,
        "savePickle": false,
        "saveTiming": false,
        "seeds": {
            "cell": 1,
            "conn": 1,
            "loc": 1,
            "stim": 1
        },
        "simLabel": "gen_1_cand_49",
        "tau1_exc": 0.6708617033377438,
        "tau1_exc_std": 1.674472506725033,
        "tau1_inh": 6.743307550079228,
        "tau1_inh_std": 2.937173810696734,
        "tau2_exc": 29.677459402058943,
        "tau2_exc_std": 2.321696344362038,
        "tau2_inh": 13.528896164766588,
        "tau2_inh_std": 1.794109885750057,
        "timestampFilename": false,
        "timing": true,
        "tstop": 1000.0,
        "use_fast_imem": false,
        "validateNetParams": false,
        "verbose": false,
        "weightEE": 1.8172425527943967,
        "weightEE_std": 0.03999904227114737,
        "weightEI": 0.2914493643505681,
        "weightEI_std": 0.032220043050716594,
        "weightIE": 0.3368448994610735,
        "weightIE_std": 0.24708756581087982,
        "weightII": 0.8103355750102229,
        "weightII_std": 0.20552561348216714
    }
}