{"rate_fitness": 1000.0, "BurstVal_fitness": 5.3512943515753015, "IBI_fitness": 1000, "baselineFitness": 1000, "slopeFitness": 1.2508415711558931, "baseline_diff_fitness": 1000, "burst_peak_frequency": 223.05255300769107, "fitness": 604.2363841329174, "average_scaled_fitness": 603.7407265607436, "maxFitness": 1000}