{
    "simConfig": {
        "E_L_mean": 18.8,
        "E_L_stdev": 8.914595526873526,
        "E_Ra_mean": 128.0,
        "E_Ra_stdev": 3.7498590567527,
        "E_diam_mean": 18.8,
        "E_diam_stdev": 5.824713401095364,
        "I_L_mean": 9.0,
        "I_L_stdev": 2.3417873518496206,
        "I_Ra_mean": 110.0,
        "I_Ra_stdev": 38.87590205574349,
        "I_diam_mean": 10.0,
        "I_diam_stdev": 3.333321788732101,
        "addSynMechs": true,
        "allowConnsWithWeight0": true,
        "allowSelfConns": false,
        "analysis": {},
        "backupCfgFile": [],
        "cache_efficient": true,
        "checkErrors": false,
        "compactConnFormat": false,
        "connRandomSecFromList": true,
        "coreneuron": false,
        "createNEURONObj": true,
        "createPyStruct": true,
        "cvode_active": false,
        "cvode_atol": 0.001,
        "distributeSynsUniformly": true,
        "dt": 0.025,
        "dump_coreneuron_model": false,
        "duration": 1000.0,
        "duration_seconds": 300.0,
        "filename": "model_output",
        "gatherOnlySimData": false,
        "gkbar_E": 0.5057436831222514,
        "gkbar_E_std": 0.4760841831970863,
        "gkbar_I": 2.228694894401789,
        "gkbar_I_std": 2.1460592295543184,
        "gnabar_E": 4.133367585730807,
        "gnabar_E_std": 1.3259025131310338,
        "gnabar_I": 2.37628522541097,
        "gnabar_I_std": 0.05181892591875604,
        "gpu": false,
        "hParams": {
            "celsius": 6.3,
            "clamp_resist": 0.001,
            "v_init": -65.0
        },
        "includeParamsLabel": true,
        "invertedYCoord": true,
        "networkType": "22May24",
        "oneSynPerNetcon": true,
        "printPopAvgRates": [
            100,
            1000.0
        ],
        "printRunTime": false,
        "printSynsAfterRule": false,
        "probEE": 0.09656692280350883,
        "probEE_std": 0.0826236855071512,
        "probEI": 0.2507113285270927,
        "probEI_std": 0.3151249036316187,
        "probIE": 0.7091776558004348,
        "probIE_std": 0.4760738046269324,
        "probII": 0.7326159269674823,
        "probII_std": 0.45559426594906643,
        "probLengthConst": 498.8527169316628,
        "propVelocity": 1.0,
        "pt3dRelativeToCellLocation": true,
        "rand123GlobalIndex": null,
        "random123": false,
        "recordCells": [
            [
                "E",
                [
                    65,
                    58
                ]
            ],
            [
                "I",
                [
                    22,
                    34
                ]
            ]
        ],
        "recordCellsSpikes": -1,
        "recordDipole": false,
        "recordDipolesHNN": false,
        "recordLFP": [],
        "recordStep": 0.1,
        "recordStim": false,
        "recordTime": true,
        "recordTraces": {
            "soma_voltage": {
                "loc": 0.5,
                "sec": "soma",
                "var": "v"
            }
        },
        "saveCSV": false,
        "saveCellConns": true,
        "saveCellSecs": true,
        "saveDat": false,
        "saveDataInclude": [
            "simData",
            "simConfig",
            "netParams",
            "net"
        ],
        "saveDipoleCells": false,
        "saveDipolePops": false,
        "saveDpk": false,
        "saveFolder": "/pscratch/sd/a/adammwea/2DNetworkSimulations/NERSC/output/240530_Run1_8nodes/gen_8",
        "saveHDF5": false,
        "saveJson": true,
        "saveLFPCells": false,
        "saveLFPPops": false,
        "saveMat": false,
        "savePickle": false,
        "saveTiming": false,
        "seeds": {
            "cell": 1,
            "conn": 1,
            "loc": 1,
            "stim": 1
        },
        "simLabel": "gen_8_cand_6",
        "tau1_exc": 2.864503625746682,
        "tau1_exc_std": 0.3921292434937993,
        "tau1_inh": 0.7803020434639141,
        "tau1_inh_std": 3.328573301288243,
        "tau2_exc": 24.528049127954866,
        "tau2_exc_std": 7.227221049740448,
        "tau2_inh": 0.7880598190566911,
        "tau2_inh_std": 0.025689199182474746,
        "timestampFilename": false,
        "timing": true,
        "tstop": 1000.0,
        "use_fast_imem": false,
        "validateNetParams": false,
        "verbose": false,
        "weightEE": 1.997941052096557,
        "weightEE_std": 0.44910068185846047,
        "weightEI": 1.9469233834434767,
        "weightEI_std": 0.030784825355009787,
        "weightIE": 0.00020770645861534123,
        "weightIE_std": 0.31519566092270573,
        "weightII": 0.7961864545349993,
        "weightII_std": 0.0056513604389205364
    }
}