{
    "simConfig": {
        "E_L_mean": 18.8,
        "E_L_stdev": 0.3389591752533292,
        "E_Ra_mean": 128.0,
        "E_Ra_stdev": 24.762116361878505,
        "E_diam_mean": 18.8,
        "E_diam_stdev": 0.01987266630876272,
        "I_L_mean": 9.0,
        "I_L_stdev": 2.4367804505122352,
        "I_Ra_mean": 110.0,
        "I_Ra_stdev": 28.32377687070944,
        "I_diam_mean": 10.0,
        "I_diam_stdev": 3.2010786783494516,
        "addSynMechs": true,
        "allowConnsWithWeight0": true,
        "allowSelfConns": false,
        "analysis": {},
        "backupCfgFile": [],
        "cache_efficient": true,
        "checkErrors": false,
        "compactConnFormat": false,
        "connRandomSecFromList": true,
        "coreneuron": false,
        "createNEURONObj": true,
        "createPyStruct": true,
        "cvode_active": false,
        "cvode_atol": 0.001,
        "distributeSynsUniformly": true,
        "dt": 0.025,
        "dump_coreneuron_model": false,
        "duration": 1000.0,
        "duration_seconds": 300.0,
        "filename": "model_output",
        "gatherOnlySimData": false,
        "gkbar_E": 0.0769961335304219,
        "gkbar_E_std": 0.014744147842884248,
        "gkbar_I": 5.974601731943766,
        "gkbar_I_std": 1.0980345649697059,
        "gnabar_E": 6.413253522591919,
        "gnabar_E_std": 0.28927813577527206,
        "gnabar_I": 1.3156416957109804,
        "gnabar_I_std": 0.6533104986154645,
        "gpu": false,
        "hParams": {
            "celsius": 6.3,
            "clamp_resist": 0.001,
            "v_init": -65.0
        },
        "includeParamsLabel": true,
        "invertedYCoord": true,
        "networkType": "22May24",
        "oneSynPerNetcon": true,
        "printPopAvgRates": [
            100,
            1000.0
        ],
        "printRunTime": false,
        "printSynsAfterRule": false,
        "probEE": 0.6718582372740994,
        "probEE_std": 0.15813639281524863,
        "probEI": 0.9997548971585634,
        "probEI_std": 0.44099650667345486,
        "probIE": 0.7255262510463468,
        "probIE_std": 0.3167063263081873,
        "probII": 0.03192755770140371,
        "probII_std": 0.48020679942745764,
        "probLengthConst": 1875.2477503098812,
        "propVelocity": 1.0,
        "pt3dRelativeToCellLocation": true,
        "rand123GlobalIndex": null,
        "random123": false,
        "recordCells": [
            [
                "E",
                [
                    65,
                    58
                ]
            ],
            [
                "I",
                [
                    22,
                    34
                ]
            ]
        ],
        "recordCellsSpikes": -1,
        "recordDipole": false,
        "recordDipolesHNN": false,
        "recordLFP": [],
        "recordStep": 0.1,
        "recordStim": false,
        "recordTime": true,
        "recordTraces": {
            "soma_voltage": {
                "loc": 0.5,
                "sec": "soma",
                "var": "v"
            }
        },
        "saveCSV": false,
        "saveCellConns": true,
        "saveCellSecs": true,
        "saveDat": false,
        "saveDataInclude": [
            "simData",
            "simConfig",
            "netParams",
            "net"
        ],
        "saveDipoleCells": false,
        "saveDipolePops": false,
        "saveDpk": false,
        "saveFolder": "/pscratch/sd/a/adammwea/2DNetworkSimulations/NERSC/output/240530_Run1_8nodes/gen_8",
        "saveHDF5": false,
        "saveJson": true,
        "saveLFPCells": false,
        "saveLFPPops": false,
        "saveMat": false,
        "savePickle": false,
        "saveTiming": false,
        "seeds": {
            "cell": 1,
            "conn": 1,
            "loc": 1,
            "stim": 1
        },
        "simLabel": "gen_8_cand_53",
        "tau1_exc": 1.9203270671103345,
        "tau1_exc_std": 1.2432889796670286,
        "tau1_inh": 0.6694437090439803,
        "tau1_inh_std": 3.2392371666971114,
        "tau2_exc": 29.98712443319865,
        "tau2_exc_std": 8.326429604871478,
        "tau2_inh": 3.9537181210926473,
        "tau2_inh_std": 4.021248534034359,
        "timestampFilename": false,
        "timing": true,
        "tstop": 1000.0,
        "use_fast_imem": false,
        "validateNetParams": false,
        "verbose": false,
        "weightEE": 1.7764873298113002,
        "weightEE_std": 0.4402729577394948,
        "weightEI": 1.4640989784879466,
        "weightEI_std": 0.30575439854614217,
        "weightIE": 0.02602184548023857,
        "weightIE_std": 0.0003737782490653841,
        "weightII": 0.0320599465303696,
        "weightII_std": 0.2485637429054832
    }
}