{
    "simConfig": {
        "E_L_mean": 18.8,
        "E_L_stdev": 5.960861170593187,
        "E_Ra_mean": 128.0,
        "E_Ra_stdev": 19.032960448131817,
        "E_diam_mean": 18.8,
        "E_diam_stdev": 5.278855978989297,
        "I_L_mean": 9.0,
        "I_L_stdev": 0.06554976013775064,
        "I_Ra_mean": 110.0,
        "I_Ra_stdev": 8.150169074157567,
        "I_diam_mean": 10.0,
        "I_diam_stdev": 1.9407080368766765,
        "addSynMechs": true,
        "allowConnsWithWeight0": true,
        "allowSelfConns": false,
        "analysis": {},
        "backupCfgFile": [],
        "cache_efficient": true,
        "checkErrors": false,
        "compactConnFormat": false,
        "connRandomSecFromList": true,
        "coreneuron": false,
        "createNEURONObj": true,
        "createPyStruct": true,
        "cvode_active": false,
        "cvode_atol": 0.001,
        "distributeSynsUniformly": true,
        "dt": 0.025,
        "dump_coreneuron_model": false,
        "duration": 1000.0,
        "duration_seconds": 300.0,
        "filename": "model_output",
        "gatherOnlySimData": false,
        "gkbar_E": 0.5873591076323202,
        "gkbar_E_std": 0.028078888648725448,
        "gkbar_I": 8.679239776728485,
        "gkbar_I_std": 0.4025394001078372,
        "gnabar_E": 0.8537172706864524,
        "gnabar_E_std": 0.604935347385011,
        "gnabar_I": 2.804849821580279,
        "gnabar_I_std": 0.2612786648206768,
        "gpu": false,
        "hParams": {
            "celsius": 6.3,
            "clamp_resist": 0.001,
            "v_init": -65.0
        },
        "includeParamsLabel": true,
        "invertedYCoord": true,
        "networkType": "22May24",
        "oneSynPerNetcon": true,
        "printPopAvgRates": [
            100,
            1000.0
        ],
        "printRunTime": false,
        "printSynsAfterRule": false,
        "probEE": 0.7141070661979384,
        "probEE_std": 0.08075724187556949,
        "probEI": 0.6341918296392846,
        "probEI_std": 0.49285685576243726,
        "probIE": 0.7344094737682435,
        "probIE_std": 0.09413291517725264,
        "probII": 0.6171116213950263,
        "probII_std": 0.11440608075019232,
        "probLengthConst": 2356.810466476725,
        "propVelocity": 1.0,
        "pt3dRelativeToCellLocation": true,
        "rand123GlobalIndex": null,
        "random123": false,
        "recordCells": [
            [
                "E",
                [
                    65,
                    58
                ]
            ],
            [
                "I",
                [
                    22,
                    34
                ]
            ]
        ],
        "recordCellsSpikes": -1,
        "recordDipole": false,
        "recordDipolesHNN": false,
        "recordLFP": [],
        "recordStep": 0.1,
        "recordStim": false,
        "recordTime": true,
        "recordTraces": {
            "soma_voltage": {
                "loc": 0.5,
                "sec": "soma",
                "var": "v"
            }
        },
        "saveCSV": false,
        "saveCellConns": true,
        "saveCellSecs": true,
        "saveDat": false,
        "saveDataInclude": [
            "simData",
            "simConfig",
            "netParams",
            "net"
        ],
        "saveDipoleCells": false,
        "saveDipolePops": false,
        "saveDpk": false,
        "saveFolder": "/pscratch/sd/a/adammwea/2DNetworkSimulations/NERSC/output/240530_Run1_8nodes/gen_4",
        "saveHDF5": false,
        "saveJson": true,
        "saveLFPCells": false,
        "saveLFPPops": false,
        "saveMat": false,
        "savePickle": false,
        "saveTiming": false,
        "seeds": {
            "cell": 1,
            "conn": 1,
            "loc": 1,
            "stim": 1
        },
        "simLabel": "gen_4_cand_21",
        "tau1_exc": 3.554055838577632,
        "tau1_exc_std": 3.332420823954153,
        "tau1_inh": 4.426638263878317,
        "tau1_inh_std": 1.3195537421537362,
        "tau2_exc": 0.7680299239157762,
        "tau2_exc_std": 6.742974833919239,
        "tau2_inh": 18.4604644162243,
        "tau2_inh_std": 8.513635580642338,
        "timestampFilename": false,
        "timing": true,
        "tstop": 1000.0,
        "use_fast_imem": false,
        "validateNetParams": false,
        "verbose": false,
        "weightEE": 0.28489917031402445,
        "weightEE_std": 0.2506290796221176,
        "weightEI": 1.320149880626691,
        "weightEI_std": 0.32786483470433214,
        "weightIE": 0.5774614397102324,
        "weightIE_std": 0.21793428696857425,
        "weightII": 0.13073117307917814,
        "weightII_std": 0.003741134062642855
    }
}