{
    "simConfig": {
        "E_L_mean": 18.8,
        "E_L_stdev": 9.10476834229965,
        "E_Ra_mean": 128.0,
        "E_Ra_stdev": 59.29788744641892,
        "E_diam_mean": 18.8,
        "E_diam_stdev": 5.017245037530632,
        "I_L_mean": 9.0,
        "I_L_stdev": 2.8063738337020627,
        "I_Ra_mean": 110.0,
        "I_Ra_stdev": 4.122938181718254,
        "I_diam_mean": 10.0,
        "I_diam_stdev": 3.0389924046433534,
        "addSynMechs": true,
        "allowConnsWithWeight0": true,
        "allowSelfConns": false,
        "analysis": {},
        "backupCfgFile": [],
        "cache_efficient": true,
        "checkErrors": false,
        "compactConnFormat": false,
        "connRandomSecFromList": true,
        "coreneuron": false,
        "createNEURONObj": true,
        "createPyStruct": true,
        "cvode_active": false,
        "cvode_atol": 0.001,
        "distributeSynsUniformly": true,
        "dt": 0.025,
        "dump_coreneuron_model": false,
        "duration": 1000.0,
        "duration_seconds": 300.0,
        "filename": "model_output",
        "gatherOnlySimData": false,
        "gkbar_E": 0.02891064348123007,
        "gkbar_E_std": 0.3369270389451746,
        "gkbar_I": 0.2965679665884462,
        "gkbar_I_std": 1.6319711195396702,
        "gnabar_E": 1.9539897221374223,
        "gnabar_E_std": 0.8740068631195564,
        "gnabar_I": 3.3095430091164673,
        "gnabar_I_std": 0.835280285534649,
        "gpu": false,
        "hParams": {
            "celsius": 6.3,
            "clamp_resist": 0.001,
            "v_init": -65.0
        },
        "includeParamsLabel": true,
        "invertedYCoord": true,
        "networkType": "22May24",
        "oneSynPerNetcon": true,
        "printPopAvgRates": [
            100,
            1000.0
        ],
        "printRunTime": false,
        "printSynsAfterRule": false,
        "probEE": 0.5885610902483972,
        "probEE_std": 0.06742564208192006,
        "probEI": 0.9569891061780069,
        "probEI_std": 0.4960228927920178,
        "probIE": 0.07128608124840141,
        "probIE_std": 0.3228955835884117,
        "probII": 0.18830403228811765,
        "probII_std": 0.021512837818196906,
        "probLengthConst": 623.5540046663766,
        "propVelocity": 1.0,
        "pt3dRelativeToCellLocation": true,
        "rand123GlobalIndex": null,
        "random123": false,
        "recordCells": [
            [
                "E",
                [
                    65,
                    58
                ]
            ],
            [
                "I",
                [
                    22,
                    34
                ]
            ]
        ],
        "recordCellsSpikes": -1,
        "recordDipole": false,
        "recordDipolesHNN": false,
        "recordLFP": [],
        "recordStep": 0.1,
        "recordStim": false,
        "recordTime": true,
        "recordTraces": {
            "soma_voltage": {
                "loc": 0.5,
                "sec": "soma",
                "var": "v"
            }
        },
        "saveCSV": false,
        "saveCellConns": true,
        "saveCellSecs": true,
        "saveDat": false,
        "saveDataInclude": [
            "simData",
            "simConfig",
            "netParams",
            "net"
        ],
        "saveDipoleCells": false,
        "saveDipolePops": false,
        "saveDpk": false,
        "saveFolder": "/pscratch/sd/a/adammwea/2DNetworkSimulations/NERSC/output/240530_Run1_8nodes/gen_4",
        "saveHDF5": false,
        "saveJson": true,
        "saveLFPCells": false,
        "saveLFPPops": false,
        "saveMat": false,
        "savePickle": false,
        "saveTiming": false,
        "seeds": {
            "cell": 1,
            "conn": 1,
            "loc": 1,
            "stim": 1
        },
        "simLabel": "gen_4_cand_54",
        "tau1_exc": 7.499288606935011,
        "tau1_exc_std": 2.1636089928409286,
        "tau1_inh": 5.64456935260508,
        "tau1_inh_std": 3.1748718757691563,
        "tau2_exc": 6.6522996539887025,
        "tau2_exc_std": 1.10807650889639,
        "tau2_inh": 19.348999746651845,
        "tau2_inh_std": 2.746682349359282,
        "timestampFilename": false,
        "timing": true,
        "tstop": 1000.0,
        "use_fast_imem": false,
        "validateNetParams": false,
        "verbose": false,
        "weightEE": 1.8388850456130201,
        "weightEE_std": 0.0002076019208219014,
        "weightEI": 0.029961233944876535,
        "weightEI_std": 0.2734761286004761,
        "weightIE": 0.8979553807597406,
        "weightIE_std": 0.034306427905024625,
        "weightII": 0.17515759986826462,
        "weightII_std": 0.24825013757511552
    }
}