{
    "simConfig": {
        "E_L_mean": 18.8,
        "E_L_stdev": 5.802348773345056,
        "E_Ra_mean": 128.0,
        "E_Ra_stdev": 63.813610730878615,
        "E_diam_mean": 18.8,
        "E_diam_stdev": 0.6458835698223004,
        "I_L_mean": 9.0,
        "I_L_stdev": 2.9568528029936183,
        "I_Ra_mean": 110.0,
        "I_Ra_stdev": 33.45839814010532,
        "I_diam_mean": 10.0,
        "I_diam_stdev": 2.2743281707788516,
        "addSynMechs": true,
        "allowConnsWithWeight0": true,
        "allowSelfConns": false,
        "analysis": {},
        "backupCfgFile": [],
        "cache_efficient": true,
        "checkErrors": false,
        "compactConnFormat": false,
        "connRandomSecFromList": true,
        "coreneuron": false,
        "createNEURONObj": true,
        "createPyStruct": true,
        "cvode_active": false,
        "cvode_atol": 0.001,
        "distributeSynsUniformly": true,
        "dt": 0.025,
        "dump_coreneuron_model": false,
        "duration": 1000.0,
        "duration_seconds": 300.0,
        "filename": "model_output",
        "gatherOnlySimData": false,
        "gkbar_E": 0.7677329232020842,
        "gkbar_E_std": 0.36573193050287545,
        "gkbar_I": 4.039504931808268,
        "gkbar_I_std": 0.5852341964939334,
        "gnabar_E": 6.521717157512508,
        "gnabar_E_std": 0.3202123617723452,
        "gnabar_I": 4.92093321418289,
        "gnabar_I_std": 0.3975448627791602,
        "gpu": false,
        "hParams": {
            "celsius": 6.3,
            "clamp_resist": 0.001,
            "v_init": -65.0
        },
        "includeParamsLabel": true,
        "invertedYCoord": true,
        "networkType": "22May24",
        "oneSynPerNetcon": true,
        "printPopAvgRates": [
            100,
            1000.0
        ],
        "printRunTime": false,
        "printSynsAfterRule": false,
        "probEE": 0.7258135322976964,
        "probEE_std": 0.4978214477067782,
        "probEI": 0.9282001459671557,
        "probEI_std": 0.26390842832101,
        "probIE": 0.05019364963115191,
        "probIE_std": 0.2617522727277623,
        "probII": 0.6700508095744184,
        "probII_std": 0.0073626495510615425,
        "probLengthConst": 1023.9381632793034,
        "propVelocity": 1.0,
        "pt3dRelativeToCellLocation": true,
        "rand123GlobalIndex": null,
        "random123": false,
        "recordCells": [
            [
                "E",
                [
                    65,
                    58
                ]
            ],
            [
                "I",
                [
                    22,
                    34
                ]
            ]
        ],
        "recordCellsSpikes": -1,
        "recordDipole": false,
        "recordDipolesHNN": false,
        "recordLFP": [],
        "recordStep": 0.1,
        "recordStim": false,
        "recordTime": true,
        "recordTraces": {
            "soma_voltage": {
                "loc": 0.5,
                "sec": "soma",
                "var": "v"
            }
        },
        "saveCSV": false,
        "saveCellConns": true,
        "saveCellSecs": true,
        "saveDat": false,
        "saveDataInclude": [
            "simData",
            "simConfig",
            "netParams",
            "net"
        ],
        "saveDipoleCells": false,
        "saveDipolePops": false,
        "saveDpk": false,
        "saveFolder": "/pscratch/sd/a/adammwea/2DNetworkSimulations/NERSC/output/240530_Run1_8nodes/gen_4",
        "saveHDF5": false,
        "saveJson": true,
        "saveLFPCells": false,
        "saveLFPPops": false,
        "saveMat": false,
        "savePickle": false,
        "saveTiming": false,
        "seeds": {
            "cell": 1,
            "conn": 1,
            "loc": 1,
            "stim": 1
        },
        "simLabel": "gen_4_cand_14",
        "tau1_exc": 2.0305510860278098,
        "tau1_exc_std": 1.8140943030093042,
        "tau1_inh": 0.18438814623375643,
        "tau1_inh_std": 3.3289596802471793,
        "tau2_exc": 18.624614879113096,
        "tau2_exc_std": 4.968570469346407,
        "tau2_inh": 14.710331197711131,
        "tau2_inh_std": 4.033843610641277,
        "timestampFilename": false,
        "timing": true,
        "tstop": 1000.0,
        "use_fast_imem": false,
        "validateNetParams": false,
        "verbose": false,
        "weightEE": 1.8764320026999353,
        "weightEE_std": 0.1429430050513102,
        "weightEI": 1.0923419556679763,
        "weightEI_std": 0.1068479113683673,
        "weightIE": 0.27773125756419775,
        "weightIE_std": 0.001917513953204275,
        "weightII": 0.8184856130390221,
        "weightII_std": 0.23030141705570592
    }
}