{
    "simConfig": {
        "E_L_mean": 18.8,
        "E_L_stdev": 7.318474910302835,
        "E_Ra_mean": 128.0,
        "E_Ra_stdev": 19.487080610316283,
        "E_diam_mean": 18.8,
        "E_diam_stdev": 2.7026232601953635,
        "I_L_mean": 9.0,
        "I_L_stdev": 1.010753679279769,
        "I_Ra_mean": 110.0,
        "I_Ra_stdev": 52.23171325783576,
        "I_diam_mean": 10.0,
        "I_diam_stdev": 0.1753711455706597,
        "addSynMechs": true,
        "allowConnsWithWeight0": true,
        "allowSelfConns": false,
        "analysis": {},
        "backupCfgFile": [],
        "cache_efficient": true,
        "checkErrors": false,
        "compactConnFormat": false,
        "connRandomSecFromList": true,
        "coreneuron": false,
        "createNEURONObj": true,
        "createPyStruct": true,
        "cvode_active": false,
        "cvode_atol": 0.001,
        "distributeSynsUniformly": true,
        "dt": 0.025,
        "dump_coreneuron_model": false,
        "duration": 1000.0,
        "duration_seconds": 300.0,
        "filename": "model_output",
        "gatherOnlySimData": false,
        "gkbar_E": 0.8730700981109274,
        "gkbar_E_std": 0.45377584198734433,
        "gkbar_I": 7.589722294739832,
        "gkbar_I_std": 0.8151514283908532,
        "gnabar_E": 1.59715558502545,
        "gnabar_E_std": 0.5968007457533271,
        "gnabar_I": 1.7572805401397102,
        "gnabar_I_std": 0.9942221407712848,
        "gpu": false,
        "hParams": {
            "celsius": 6.3,
            "clamp_resist": 0.001,
            "v_init": -65.0
        },
        "includeParamsLabel": true,
        "invertedYCoord": true,
        "networkType": "22May24",
        "oneSynPerNetcon": true,
        "printPopAvgRates": [
            100,
            1000.0
        ],
        "printRunTime": false,
        "printSynsAfterRule": false,
        "probEE": 0.144543517146558,
        "probEE_std": 0.36654180595542596,
        "probEI": 0.9344662877828134,
        "probEI_std": 0.0009358617049657425,
        "probIE": 0.0003018549004990649,
        "probIE_std": 0.013532032291681872,
        "probII": 0.6979424009154127,
        "probII_std": 0.0010637584261525598,
        "probLengthConst": 1503.3299945909223,
        "propVelocity": 1.0,
        "pt3dRelativeToCellLocation": true,
        "rand123GlobalIndex": null,
        "random123": false,
        "recordCells": [
            [
                "E",
                [
                    65,
                    58
                ]
            ],
            [
                "I",
                [
                    22,
                    34
                ]
            ]
        ],
        "recordCellsSpikes": -1,
        "recordDipole": false,
        "recordDipolesHNN": false,
        "recordLFP": [],
        "recordStep": 0.1,
        "recordStim": false,
        "recordTime": true,
        "recordTraces": {
            "soma_voltage": {
                "loc": 0.5,
                "sec": "soma",
                "var": "v"
            }
        },
        "saveCSV": false,
        "saveCellConns": true,
        "saveCellSecs": true,
        "saveDat": false,
        "saveDataInclude": [
            "simData",
            "simConfig",
            "netParams",
            "net"
        ],
        "saveDipoleCells": false,
        "saveDipolePops": false,
        "saveDpk": false,
        "saveFolder": "/pscratch/sd/a/adammwea/2DNetworkSimulations/NERSC/output/240530_Run1_8nodes/gen_4",
        "saveHDF5": false,
        "saveJson": true,
        "saveLFPCells": false,
        "saveLFPPops": false,
        "saveMat": false,
        "savePickle": false,
        "saveTiming": false,
        "seeds": {
            "cell": 1,
            "conn": 1,
            "loc": 1,
            "stim": 1
        },
        "simLabel": "gen_4_cand_51",
        "tau1_exc": 3.4108477135943898,
        "tau1_exc_std": 2.1932429551062063,
        "tau1_inh": 3.514776966966319,
        "tau1_inh_std": 3.283125782909135,
        "tau2_exc": 28.647396987452474,
        "tau2_exc_std": 0.0005534871379919565,
        "tau2_inh": 19.766070471778406,
        "tau2_inh_std": 1.4188568483178567,
        "timestampFilename": false,
        "timing": true,
        "tstop": 1000.0,
        "use_fast_imem": false,
        "validateNetParams": false,
        "verbose": false,
        "weightEE": 1.9067791545378896,
        "weightEE_std": 0.10381005498816363,
        "weightEI": 1.8914620871224903,
        "weightEI_std": 0.3043818603359605,
        "weightIE": 0.04824803755760378,
        "weightIE_std": 0.11095588748080433,
        "weightII": 0.4424159917320539,
        "weightII_std": 0.009195097531529112
    }
}