{
    "simConfig": {
        "E_L_mean": 18.8,
        "E_L_stdev": 2.709887277451564,
        "E_Ra_mean": 128.0,
        "E_Ra_stdev": 2.6011533767190818,
        "E_diam_mean": 18.8,
        "E_diam_stdev": 4.018797841614152,
        "I_L_mean": 9.0,
        "I_L_stdev": 0.74392610719865,
        "I_Ra_mean": 110.0,
        "I_Ra_stdev": 1.6716519202643512,
        "I_diam_mean": 10.0,
        "I_diam_stdev": 0.017002850126115465,
        "addSynMechs": true,
        "allowConnsWithWeight0": true,
        "allowSelfConns": false,
        "analysis": {},
        "backupCfgFile": [],
        "cache_efficient": true,
        "checkErrors": false,
        "compactConnFormat": false,
        "connRandomSecFromList": true,
        "coreneuron": false,
        "createNEURONObj": true,
        "createPyStruct": true,
        "cvode_active": false,
        "cvode_atol": 0.001,
        "distributeSynsUniformly": true,
        "dt": 0.025,
        "dump_coreneuron_model": false,
        "duration": 1000.0,
        "duration_seconds": 300.0,
        "filename": "model_output",
        "gatherOnlySimData": false,
        "gkbar_E": 0.009063670499628168,
        "gkbar_E_std": 0.36601822392400424,
        "gkbar_I": 0.6256860430988027,
        "gkbar_I_std": 2.375421893943656,
        "gnabar_E": 3.9341005525559494,
        "gnabar_E_std": 0.17680653343027664,
        "gnabar_I": 4.782778160276926,
        "gnabar_I_std": 0.7597174135286164,
        "gpu": false,
        "hParams": {
            "celsius": 6.3,
            "clamp_resist": 0.001,
            "v_init": -65.0
        },
        "includeParamsLabel": true,
        "invertedYCoord": true,
        "networkType": "22May24",
        "oneSynPerNetcon": true,
        "printPopAvgRates": [
            100,
            1000.0
        ],
        "printRunTime": false,
        "printSynsAfterRule": false,
        "probEE": 0.23209055507532167,
        "probEE_std": 0.4797822735438354,
        "probEI": 0.9902609337421928,
        "probEI_std": 0.47955656262607604,
        "probIE": 0.6605873823648115,
        "probIE_std": 0.2808778046146968,
        "probII": 0.6650578277530023,
        "probII_std": 0.2597186373734663,
        "probLengthConst": 2923.15993714192,
        "propVelocity": 1.0,
        "pt3dRelativeToCellLocation": true,
        "rand123GlobalIndex": null,
        "random123": false,
        "recordCells": [
            [
                "E",
                [
                    65,
                    58
                ]
            ],
            [
                "I",
                [
                    22,
                    34
                ]
            ]
        ],
        "recordCellsSpikes": -1,
        "recordDipole": false,
        "recordDipolesHNN": false,
        "recordLFP": [],
        "recordStep": 0.1,
        "recordStim": false,
        "recordTime": true,
        "recordTraces": {
            "soma_voltage": {
                "loc": 0.5,
                "sec": "soma",
                "var": "v"
            }
        },
        "saveCSV": false,
        "saveCellConns": true,
        "saveCellSecs": true,
        "saveDat": false,
        "saveDataInclude": [
            "simData",
            "simConfig",
            "netParams",
            "net"
        ],
        "saveDipoleCells": false,
        "saveDipolePops": false,
        "saveDpk": false,
        "saveFolder": "/pscratch/sd/a/adammwea/2DNetworkSimulations/NERSC/output/240530_Run1_8nodes/gen_4",
        "saveHDF5": false,
        "saveJson": true,
        "saveLFPCells": false,
        "saveLFPPops": false,
        "saveMat": false,
        "savePickle": false,
        "saveTiming": false,
        "seeds": {
            "cell": 1,
            "conn": 1,
            "loc": 1,
            "stim": 1
        },
        "simLabel": "gen_4_cand_7",
        "tau1_exc": 7.069262222366439,
        "tau1_exc_std": 3.329547646789092,
        "tau1_inh": 2.0996297194028233,
        "tau1_inh_std": 2.8258396204533507,
        "tau2_exc": 11.14750891774998,
        "tau2_exc_std": 1.571471671429928,
        "tau2_inh": 13.618476789039203,
        "tau2_inh_std": 1.0749776945318121,
        "timestampFilename": false,
        "timing": true,
        "tstop": 1000.0,
        "use_fast_imem": false,
        "validateNetParams": false,
        "verbose": false,
        "weightEE": 0.2803189464548136,
        "weightEE_std": 0.058428333183510595,
        "weightEI": 0.34409125098260535,
        "weightEI_std": 0.20464269163669724,
        "weightIE": 0.29691567426901316,
        "weightIE_std": 0.3108325721431887,
        "weightII": 1.900249999581908,
        "weightII_std": 0.24465567553425277
    }
}