{
    "burstAmp_Fitness": 2.279912730163857,
    "IBI_fitness": 3.0271410312879463,
    "baselineFitness": 1000,
    "slopeFitness": 1.0004488203076303,
    "baseline_diff_fitness": 1000,
    "burst_peak_frequency_fitness": 197.83817384618754,
    "rate_fitness": 39.33899138696035,
    "maxFitness": 1000,
    "average_fitness": 320.4978096878439,
    "average_scaled_fitness": 319.8173217297748
}