{"rate_fitness": 1000.0, "BurstVal_fitness": 1.159283471251065, "IBI_fitness": 1000, "baselineFitness": 1000, "slopeFitness": 1.1404307728679879, "baseline_diff_fitness": 1000, "burst_peak_frequency": 1000, "fitness": 714.614244892017, "average_scaled_fitness": 714.288410603304, "maxFitness": 1000}