{
    "simConfig": {
        "E_L_mean": 18.8,
        "E_L_stdev": 3.0560235622744822,
        "E_Ra_mean": 128.0,
        "E_Ra_stdev": 58.86444054713932,
        "E_diam_mean": 18.8,
        "E_diam_stdev": 1.5870891833873344,
        "I_L_mean": 9.0,
        "I_L_stdev": 1.6665601921341981,
        "I_Ra_mean": 110.0,
        "I_Ra_stdev": 1.387970156652333,
        "I_diam_mean": 10.0,
        "I_diam_stdev": 1.4478693270539438,
        "addSynMechs": true,
        "allowConnsWithWeight0": true,
        "allowSelfConns": false,
        "analysis": {},
        "backupCfgFile": [],
        "cache_efficient": true,
        "checkErrors": false,
        "compactConnFormat": false,
        "connRandomSecFromList": true,
        "coreneuron": false,
        "createNEURONObj": true,
        "createPyStruct": true,
        "cvode_active": false,
        "cvode_atol": 0.001,
        "distributeSynsUniformly": true,
        "dt": 0.025,
        "dump_coreneuron_model": false,
        "duration": 1000.0,
        "duration_seconds": 300.0,
        "filename": "model_output",
        "gatherOnlySimData": false,
        "gkbar_E": 0.06632494469887623,
        "gkbar_E_std": 0.23945769548446622,
        "gkbar_I": 2.7979794943094785,
        "gkbar_I_std": 1.8795662315660153,
        "gnabar_E": 6.816704911561306,
        "gnabar_E_std": 1.5167858105754752,
        "gnabar_I": 3.695289219933995,
        "gnabar_I_std": 0.9733800848560126,
        "gpu": false,
        "hParams": {
            "celsius": 6.3,
            "clamp_resist": 0.001,
            "v_init": -65.0
        },
        "includeParamsLabel": true,
        "invertedYCoord": true,
        "networkType": "22May24",
        "oneSynPerNetcon": true,
        "printPopAvgRates": [
            100,
            1000.0
        ],
        "printRunTime": false,
        "printSynsAfterRule": false,
        "probEE": 0.5669554891153947,
        "probEE_std": 0.4655897869785417,
        "probEI": 0.7894605611964536,
        "probEI_std": 0.22594391470597458,
        "probIE": 0.7246018215695832,
        "probIE_std": 0.4629278211846419,
        "probII": 0.4743406326306304,
        "probII_std": 0.009109945636674544,
        "probLengthConst": 605.3824740970786,
        "propVelocity": 1.0,
        "pt3dRelativeToCellLocation": true,
        "rand123GlobalIndex": null,
        "random123": false,
        "recordCells": [
            [
                "E",
                [
                    65,
                    58
                ]
            ],
            [
                "I",
                [
                    22,
                    34
                ]
            ]
        ],
        "recordCellsSpikes": -1,
        "recordDipole": false,
        "recordDipolesHNN": false,
        "recordLFP": [],
        "recordStep": 0.1,
        "recordStim": false,
        "recordTime": true,
        "recordTraces": {
            "soma_voltage": {
                "loc": 0.5,
                "sec": "soma",
                "var": "v"
            }
        },
        "saveCSV": false,
        "saveCellConns": true,
        "saveCellSecs": true,
        "saveDat": false,
        "saveDataInclude": [
            "simData",
            "simConfig",
            "netParams",
            "net"
        ],
        "saveDipoleCells": false,
        "saveDipolePops": false,
        "saveDpk": false,
        "saveFolder": "/pscratch/sd/a/adammwea/2DNetworkSimulations/NERSC/output/240530_Run1_8nodes/gen_7",
        "saveHDF5": false,
        "saveJson": true,
        "saveLFPCells": false,
        "saveLFPPops": false,
        "saveMat": false,
        "savePickle": false,
        "saveTiming": false,
        "seeds": {
            "cell": 1,
            "conn": 1,
            "loc": 1,
            "stim": 1
        },
        "simLabel": "gen_7_cand_29",
        "tau1_exc": 2.6707477492536214,
        "tau1_exc_std": 2.675363750612936,
        "tau1_inh": 5.647777197535051,
        "tau1_inh_std": 2.717611704868057,
        "tau2_exc": 25.93767079332232,
        "tau2_exc_std": 5.4111486070519295,
        "tau2_inh": 3.8053372122438542,
        "tau2_inh_std": 8.374145921261555,
        "timestampFilename": false,
        "timing": true,
        "tstop": 1000.0,
        "use_fast_imem": false,
        "validateNetParams": false,
        "verbose": false,
        "weightEE": 0.7732837407969371,
        "weightEE_std": 0.004951483093349779,
        "weightEI": 0.7590184657678092,
        "weightEI_std": 0.31317628455516167,
        "weightIE": 0.40104246918771014,
        "weightIE_std": 0.028779314871558423,
        "weightII": 1.9998470399267896,
        "weightII_std": 0.1590968200033689
    }
}