{
    "simConfig": {
        "E_L_mean": 18.8,
        "E_L_stdev": 4.225809025339647,
        "E_Ra_mean": 128.0,
        "E_Ra_stdev": 4.475087287396997,
        "E_diam_mean": 18.8,
        "E_diam_stdev": 0.1713013687645658,
        "I_L_mean": 9.0,
        "I_L_stdev": 1.8224217886318237,
        "I_Ra_mean": 110.0,
        "I_Ra_stdev": 33.28600037746012,
        "I_diam_mean": 10.0,
        "I_diam_stdev": 2.7509077198240335,
        "addSynMechs": true,
        "allowConnsWithWeight0": true,
        "allowSelfConns": false,
        "analysis": {},
        "backupCfgFile": [],
        "cache_efficient": true,
        "checkErrors": false,
        "compactConnFormat": false,
        "connRandomSecFromList": true,
        "coreneuron": false,
        "createNEURONObj": true,
        "createPyStruct": true,
        "cvode_active": false,
        "cvode_atol": 0.001,
        "distributeSynsUniformly": true,
        "dt": 0.025,
        "dump_coreneuron_model": false,
        "duration": 1000.0,
        "duration_seconds": 300.0,
        "filename": "model_output",
        "gatherOnlySimData": false,
        "gkbar_E": 0.13771657052188524,
        "gkbar_E_std": 0.11583984279609877,
        "gkbar_I": 8.164916278644627,
        "gkbar_I_std": 2.4966920548218177,
        "gnabar_E": 3.6375639983167303,
        "gnabar_E_std": 1.6547191634666316,
        "gnabar_I": 1.4718024135254977,
        "gnabar_I_std": 0.2654458084601738,
        "gpu": false,
        "hParams": {
            "celsius": 6.3,
            "clamp_resist": 0.001,
            "v_init": -65.0
        },
        "includeParamsLabel": true,
        "invertedYCoord": true,
        "networkType": "22May24",
        "oneSynPerNetcon": true,
        "printPopAvgRates": [
            100,
            1000.0
        ],
        "printRunTime": false,
        "printSynsAfterRule": false,
        "probEE": 0.7397990437204166,
        "probEE_std": 0.3995832602396523,
        "probEI": 0.9229857956151878,
        "probEI_std": 0.014690959073903442,
        "probIE": 0.17853053819335366,
        "probIE_std": 0.11318517037448081,
        "probII": 0.005689007220678888,
        "probII_std": 0.1511478281924617,
        "probLengthConst": 1045.970283874586,
        "propVelocity": 1.0,
        "pt3dRelativeToCellLocation": true,
        "rand123GlobalIndex": null,
        "random123": false,
        "recordCells": [
            [
                "E",
                [
                    65,
                    58
                ]
            ],
            [
                "I",
                [
                    22,
                    34
                ]
            ]
        ],
        "recordCellsSpikes": -1,
        "recordDipole": false,
        "recordDipolesHNN": false,
        "recordLFP": [],
        "recordStep": 0.1,
        "recordStim": false,
        "recordTime": true,
        "recordTraces": {
            "soma_voltage": {
                "loc": 0.5,
                "sec": "soma",
                "var": "v"
            }
        },
        "saveCSV": false,
        "saveCellConns": true,
        "saveCellSecs": true,
        "saveDat": false,
        "saveDataInclude": [
            "simData",
            "simConfig",
            "netParams",
            "net"
        ],
        "saveDipoleCells": false,
        "saveDipolePops": false,
        "saveDpk": false,
        "saveFolder": "/pscratch/sd/a/adammwea/2DNetworkSimulations/NERSC/output/240530_Run1_8nodes/gen_7",
        "saveHDF5": false,
        "saveJson": true,
        "saveLFPCells": false,
        "saveLFPPops": false,
        "saveMat": false,
        "savePickle": false,
        "saveTiming": false,
        "seeds": {
            "cell": 1,
            "conn": 1,
            "loc": 1,
            "stim": 1
        },
        "simLabel": "gen_7_cand_45",
        "tau1_exc": 1.0206113203166254,
        "tau1_exc_std": 3.1776240505061577,
        "tau1_inh": 8.854864870482654,
        "tau1_inh_std": 0.17209924528354348,
        "tau2_exc": 12.939633613200478,
        "tau2_exc_std": 1.8476636540440838,
        "tau2_inh": 13.683864721808435,
        "tau2_inh_std": 0.22084046184324313,
        "timestampFilename": false,
        "timing": true,
        "tstop": 1000.0,
        "use_fast_imem": false,
        "validateNetParams": false,
        "verbose": false,
        "weightEE": 1.8411510856636684,
        "weightEE_std": 0.10163518719241804,
        "weightEI": 0.7194318678776443,
        "weightEI_std": 0.11142216691118627,
        "weightIE": 0.9421046640690125,
        "weightIE_std": 0.026574582793845992,
        "weightII": 1.652921691945003,
        "weightII_std": 0.24958384939201564
    }
}