{
    "burstAmp_Fitness": 5.864612218342427,
    "burst_peak_frequency_fitness": 1000,
    "IBI_fitness": 1000,
    "baselineFitness": 1000,
    "slopeFitness": 1.0210342286473542,
    "baseline_diff_fitness": 1000,
    "rate_fitness": 507.0573882137324,
    "maxFitness": 1000,
    "average_fitness": 644.8490049515318,
    "average_scaled_fitness": 644.486013002044
}