{
    "BigBurstVal_Fitness": {
        "Value": 7283.66203673905,
        "Fit": 1000.0
    },
    "numBig_Fitness": {
        "Value": 1,
        "Percent": 100.0,
        "Fit": 1000
    },
    "SmallBurstVal_Fitness": {
        "Value": null,
        "Fit": 1000
    },
    "numSmall_Fitness": {
        "Value": 0,
        "Percent": 0.0,
        "Fit": 1000
    },
    "burst_peak_frequency_fitness": {
        "Value": 0.06756756756756756,
        "Fit": 1.0500061998762726
    },
    "IBI_fitness": {
        "Value": null,
        "Fit": 1000
    },
    "baseline_fitness": {
        "Value": 7078.886429190819,
        "Fit": 1000
    },
    "slopeFitness": {
        "Value": 4.751242084898376,
        "Fit": 115.43926784994407
    },
    "thresh": {
        "Value": 6118.115888575069,
        "Fit": 1000
    },
    "sustain_oscillation_fitness": {
        "Value": 66.88741721854305,
        "Fit": 1000
    },
    "E_rate_fitness": {
        "Value": 1.1071428571428572,
        "Fit": 1.2583183547383732
    },
    "I_rate_fitness": {
        "Value": 1.2777777777777777,
        "Fit": 1000
    },
    "maxFitness": 1000,
    "average_fitness": 759.8122993670466,
    "average_scaled_fitness": 0.7595598357038362
}