{
    "rate_fitness": 1000.0,
    "BurstVal_fitness": 4.026421731047243,
    "IBI_fitness": 3.8338805641925062,
    "baselineFitness": 1.4096918720586311,
    "slopeFitness": 1.0153326856047316,
    "baseline_diff_fitness": 1000,
    "burst_peak_frequency": 1000,
    "fitness": 430.04076097898616,
    "average_scaled_fitness": 429.461474565716,
    "maxFitness": 1000
}