{
    "simConfig": {
        "E_L_mean": 18.8,
        "E_L_stdev": 5.985584073207336,
        "E_Ra_mean": 128.0,
        "E_Ra_stdev": 7.083650904924355,
        "E_diam_mean": 18.8,
        "E_diam_stdev": 2.404372544643659,
        "I_L_mean": 9.0,
        "I_L_stdev": 1.1808395048623204,
        "I_Ra_mean": 110.0,
        "I_Ra_stdev": 52.843701790047135,
        "I_diam_mean": 10.0,
        "I_diam_stdev": 2.3173771238919465,
        "addSynMechs": true,
        "allowConnsWithWeight0": true,
        "allowSelfConns": false,
        "analysis": {},
        "backupCfgFile": [],
        "cache_efficient": true,
        "checkErrors": false,
        "compactConnFormat": false,
        "connRandomSecFromList": true,
        "coreneuron": false,
        "createNEURONObj": true,
        "createPyStruct": true,
        "cvode_active": false,
        "cvode_atol": 0.001,
        "distributeSynsUniformly": true,
        "dt": 0.025,
        "dump_coreneuron_model": false,
        "duration": 1000.0,
        "duration_seconds": 330.0,
        "filename": "model_output",
        "gatherOnlySimData": false,
        "gkbar_E": 0.07534392578600632,
        "gkbar_E_std": 0.021291210303489516,
        "gkbar_I": 9.81960718477118,
        "gkbar_I_std": 0.3234059696366436,
        "gnabar_E": 6.489270385786805,
        "gnabar_E_std": 0.046785848406519115,
        "gnabar_I": 4.793337197433654,
        "gnabar_I_std": 0.8828420083368433,
        "gpu": false,
        "hParams": {
            "celsius": 6.3,
            "clamp_resist": 0.001,
            "v_init": -65.0
        },
        "includeParamsLabel": true,
        "invertedYCoord": true,
        "networkType": "22May24",
        "oneSynPerNetcon": true,
        "printPopAvgRates": [
            100,
            1000.0
        ],
        "printRunTime": false,
        "printSynsAfterRule": false,
        "probEE": 0.7246988548855313,
        "probEE_std": 0.0305408653110148,
        "probEI": 0.3963207244958271,
        "probEI_std": 0.49335939437780424,
        "probIE": 0.2822816971241106,
        "probIE_std": 0.42114369764028764,
        "probII": 0.6855318532976934,
        "probII_std": 0.0534317534996213,
        "probLengthConst": 500.7576000750455,
        "propVelocity": 1.0,
        "pt3dRelativeToCellLocation": true,
        "rand123GlobalIndex": null,
        "random123": false,
        "recordCells": [
            [
                "E",
                [
                    68,
                    13
                ]
            ],
            [
                "I",
                [
                    4,
                    5
                ]
            ]
        ],
        "recordCellsSpikes": -1,
        "recordDipole": false,
        "recordDipolesHNN": false,
        "recordLFP": [],
        "recordStep": 0.1,
        "recordStim": false,
        "recordTime": true,
        "recordTraces": {
            "soma_voltage": {
                "loc": 0.5,
                "sec": "soma",
                "var": "v"
            }
        },
        "saveCSV": false,
        "saveCellConns": true,
        "saveCellSecs": true,
        "saveDat": false,
        "saveDataInclude": [
            "simData",
            "simConfig",
            "netParams",
            "net"
        ],
        "saveDipoleCells": false,
        "saveDipolePops": false,
        "saveDpk": false,
        "saveFolder": "/pscratch/sd/a/adammwea/2DNetworkSimulations/NERSC/output/240604_Run1_24n24hr/gen_4",
        "saveHDF5": false,
        "saveJson": true,
        "saveLFPCells": false,
        "saveLFPPops": false,
        "saveMat": false,
        "savePickle": false,
        "saveTiming": false,
        "seeds": {
            "cell": 1,
            "conn": 1,
            "loc": 1,
            "stim": 1
        },
        "simLabel": "gen_4_cand_452",
        "tau1_exc": 6.093755358878239,
        "tau1_exc_std": 0.14085545421697648,
        "tau1_inh": 2.5027810951745093,
        "tau1_inh_std": 2.449190924773767,
        "tau2_exc": 7.6768592846671195,
        "tau2_exc_std": 8.924209089211299,
        "tau2_inh": 19.481171745109016,
        "tau2_inh_std": 1.8185499084551076,
        "timestampFilename": false,
        "timing": true,
        "tstop": 1000.0,
        "use_fast_imem": false,
        "validateNetParams": false,
        "verbose": false,
        "weightEE": 1.7816047088040525,
        "weightEE_std": 0.3643791075371041,
        "weightEI": 1.6844021609178523,
        "weightEI_std": 0.2073491145169293,
        "weightIE": 0.7521545438630517,
        "weightIE_std": 0.32124278921782373,
        "weightII": 0.09653162646115071,
        "weightII_std": 0.06401003955366608
    }
}