{
    "simConfig": {
        "E_L_mean": 18.8,
        "E_L_stdev": 0.9051309682001989,
        "E_Ra_mean": 128.0,
        "E_Ra_stdev": 4.710273360899969,
        "E_diam_mean": 18.8,
        "E_diam_stdev": 0.6800164712654567,
        "I_L_mean": 9.0,
        "I_L_stdev": 0.04495617260965301,
        "I_Ra_mean": 110.0,
        "I_Ra_stdev": 30.79876353289806,
        "I_diam_mean": 10.0,
        "I_diam_stdev": 3.148880454622502,
        "addSynMechs": true,
        "allowConnsWithWeight0": true,
        "allowSelfConns": false,
        "analysis": {},
        "backupCfgFile": [],
        "cache_efficient": true,
        "checkErrors": false,
        "compactConnFormat": false,
        "connRandomSecFromList": true,
        "coreneuron": false,
        "createNEURONObj": true,
        "createPyStruct": true,
        "cvode_active": false,
        "cvode_atol": 0.001,
        "distributeSynsUniformly": true,
        "dt": 0.025,
        "dump_coreneuron_model": false,
        "duration": 1000.0,
        "duration_seconds": 330.0,
        "filename": "model_output",
        "gatherOnlySimData": false,
        "gkbar_E": 0.35151243718403613,
        "gkbar_E_std": 0.041071606611596034,
        "gkbar_I": 9.343390386922422,
        "gkbar_I_std": 0.2675864012338821,
        "gnabar_E": 1.647113519219018,
        "gnabar_E_std": 0.2523355424778229,
        "gnabar_I": 0.8705116168399903,
        "gnabar_I_std": 0.8946025213915318,
        "gpu": false,
        "hParams": {
            "celsius": 6.3,
            "clamp_resist": 0.001,
            "v_init": -65.0
        },
        "includeParamsLabel": true,
        "invertedYCoord": true,
        "networkType": "22May24",
        "oneSynPerNetcon": true,
        "printPopAvgRates": [
            100,
            1000.0
        ],
        "printRunTime": false,
        "printSynsAfterRule": false,
        "probEE": 0.7386601450846979,
        "probEE_std": 0.00563505670963621,
        "probEI": 0.4780802440799581,
        "probEI_std": 0.013359747968009573,
        "probIE": 0.1745025422920926,
        "probIE_std": 0.16541574363016803,
        "probII": 0.2335602444825346,
        "probII_std": 0.01389959812222069,
        "probLengthConst": 1169.2848847984008,
        "propVelocity": 1.0,
        "pt3dRelativeToCellLocation": true,
        "rand123GlobalIndex": null,
        "random123": false,
        "recordCells": [
            [
                "E",
                [
                    68,
                    13
                ]
            ],
            [
                "I",
                [
                    4,
                    5
                ]
            ]
        ],
        "recordCellsSpikes": -1,
        "recordDipole": false,
        "recordDipolesHNN": false,
        "recordLFP": [],
        "recordStep": 0.1,
        "recordStim": false,
        "recordTime": true,
        "recordTraces": {
            "soma_voltage": {
                "loc": 0.5,
                "sec": "soma",
                "var": "v"
            }
        },
        "saveCSV": false,
        "saveCellConns": true,
        "saveCellSecs": true,
        "saveDat": false,
        "saveDataInclude": [
            "simData",
            "simConfig",
            "netParams",
            "net"
        ],
        "saveDipoleCells": false,
        "saveDipolePops": false,
        "saveDpk": false,
        "saveFolder": "/pscratch/sd/a/adammwea/2DNetworkSimulations/NERSC/output/240604_Run1_24n24hr/gen_4",
        "saveHDF5": false,
        "saveJson": true,
        "saveLFPCells": false,
        "saveLFPPops": false,
        "saveMat": false,
        "savePickle": false,
        "saveTiming": false,
        "seeds": {
            "cell": 1,
            "conn": 1,
            "loc": 1,
            "stim": 1
        },
        "simLabel": "gen_4_cand_89",
        "tau1_exc": 1.9991721692245545,
        "tau1_exc_std": 2.7917777793189282,
        "tau1_inh": 6.7222595315660385,
        "tau1_inh_std": 1.545651731486689,
        "tau2_exc": 1.3855559545531806,
        "tau2_exc_std": 6.263626789851476,
        "tau2_inh": 19.637652946267018,
        "tau2_inh_std": 6.518313829953204,
        "timestampFilename": false,
        "timing": true,
        "tstop": 1000.0,
        "use_fast_imem": false,
        "validateNetParams": false,
        "verbose": false,
        "weightEE": 1.999871268199452,
        "weightEE_std": 0.03176703773470596,
        "weightEI": 1.9479866582547423,
        "weightEI_std": 0.21328168334054726,
        "weightIE": 0.12297144164519458,
        "weightIE_std": 0.31786498962953014,
        "weightII": 1.9925426133473454,
        "weightII_std": 0.17665931822000558
    }
}