{
    "simConfig": {
        "E_L_mean": 18.8,
        "E_L_stdev": 6.764382350497087,
        "E_Ra_mean": 128.0,
        "E_Ra_stdev": 57.53206378911553,
        "E_diam_mean": 18.8,
        "E_diam_stdev": 4.183025600386992,
        "I_L_mean": 9.0,
        "I_L_stdev": 0.057987131744348774,
        "I_Ra_mean": 110.0,
        "I_Ra_stdev": 34.29553466681563,
        "I_diam_mean": 10.0,
        "I_diam_stdev": 2.483443473914815,
        "addSynMechs": true,
        "allowConnsWithWeight0": true,
        "allowSelfConns": false,
        "analysis": {},
        "backupCfgFile": [],
        "cache_efficient": true,
        "checkErrors": false,
        "compactConnFormat": false,
        "connRandomSecFromList": true,
        "coreneuron": false,
        "createNEURONObj": true,
        "createPyStruct": true,
        "cvode_active": false,
        "cvode_atol": 0.001,
        "distributeSynsUniformly": true,
        "dt": 0.025,
        "dump_coreneuron_model": false,
        "duration": 1000.0,
        "duration_seconds": 330.0,
        "filename": "model_output",
        "gatherOnlySimData": false,
        "gkbar_E": 0.9151768693699138,
        "gkbar_E_std": 0.4347078034947038,
        "gkbar_I": 9.463582862548176,
        "gkbar_I_std": 1.099998236761639,
        "gnabar_E": 5.380546634894804,
        "gnabar_E_std": 1.6572271479798228,
        "gnabar_I": 3.098520263177439,
        "gnabar_I_std": 0.9937450232852514,
        "gpu": false,
        "hParams": {
            "celsius": 6.3,
            "clamp_resist": 0.001,
            "v_init": -65.0
        },
        "includeParamsLabel": true,
        "invertedYCoord": true,
        "networkType": "22May24",
        "oneSynPerNetcon": true,
        "printPopAvgRates": [
            100,
            1000.0
        ],
        "printRunTime": false,
        "printSynsAfterRule": false,
        "probEE": 0.1615226586750315,
        "probEE_std": 0.4132846940843883,
        "probEI": 0.9198079876104617,
        "probEI_std": 0.3617017626739198,
        "probIE": 0.6124895909964261,
        "probIE_std": 0.27800382245997013,
        "probII": 0.34696262933726196,
        "probII_std": 0.42335975257714736,
        "probLengthConst": 77.71932881736848,
        "propVelocity": 1.0,
        "pt3dRelativeToCellLocation": true,
        "rand123GlobalIndex": null,
        "random123": false,
        "recordCells": [
            [
                "E",
                [
                    68,
                    13
                ]
            ],
            [
                "I",
                [
                    4,
                    5
                ]
            ]
        ],
        "recordCellsSpikes": -1,
        "recordDipole": false,
        "recordDipolesHNN": false,
        "recordLFP": [],
        "recordStep": 0.1,
        "recordStim": false,
        "recordTime": true,
        "recordTraces": {
            "soma_voltage": {
                "loc": 0.5,
                "sec": "soma",
                "var": "v"
            }
        },
        "saveCSV": false,
        "saveCellConns": true,
        "saveCellSecs": true,
        "saveDat": false,
        "saveDataInclude": [
            "simData",
            "simConfig",
            "netParams",
            "net"
        ],
        "saveDipoleCells": false,
        "saveDipolePops": false,
        "saveDpk": false,
        "saveFolder": "/pscratch/sd/a/adammwea/2DNetworkSimulations/NERSC/output/240604_Run1_24n24hr/gen_4",
        "saveHDF5": false,
        "saveJson": true,
        "saveLFPCells": false,
        "saveLFPPops": false,
        "saveMat": false,
        "savePickle": false,
        "saveTiming": false,
        "seeds": {
            "cell": 1,
            "conn": 1,
            "loc": 1,
            "stim": 1
        },
        "simLabel": "gen_4_cand_218",
        "tau1_exc": 6.539062287622286,
        "tau1_exc_std": 2.9649049741636415,
        "tau1_inh": 0.04629639579650535,
        "tau1_inh_std": 0.3267834285607152,
        "tau2_exc": 23.45242262476507,
        "tau2_exc_std": 5.561998677327383,
        "tau2_inh": 19.226736983343034,
        "tau2_inh_std": 8.528877904874035,
        "timestampFilename": false,
        "timing": true,
        "tstop": 1000.0,
        "use_fast_imem": false,
        "validateNetParams": false,
        "verbose": false,
        "weightEE": 0.2765572511481431,
        "weightEE_std": 0.03313614684476138,
        "weightEI": 0.247816775947026,
        "weightEI_std": 0.22137725689905183,
        "weightIE": 0.6382469608886518,
        "weightIE_std": 0.054172831379494274,
        "weightII": 1.4673549962823482,
        "weightII_std": 0.22344233247343961
    }
}