{
    "simConfig": {
        "E_L_mean": 18.8,
        "E_L_stdev": 9.229995524444472,
        "E_Ra_mean": 128.0,
        "E_Ra_stdev": 13.227304491313987,
        "E_diam_mean": 18.8,
        "E_diam_stdev": 1.5270241357087349,
        "I_L_mean": 9.0,
        "I_L_stdev": 0.8974242441842288,
        "I_Ra_mean": 110.0,
        "I_Ra_stdev": 47.47953066073365,
        "I_diam_mean": 10.0,
        "I_diam_stdev": 3.3333016288264403,
        "addSynMechs": true,
        "allowConnsWithWeight0": true,
        "allowSelfConns": false,
        "analysis": {},
        "backupCfgFile": [],
        "cache_efficient": true,
        "checkErrors": false,
        "compactConnFormat": false,
        "connRandomSecFromList": true,
        "coreneuron": false,
        "createNEURONObj": true,
        "createPyStruct": true,
        "cvode_active": false,
        "cvode_atol": 0.001,
        "distributeSynsUniformly": true,
        "dt": 0.025,
        "dump_coreneuron_model": false,
        "duration": 1000.0,
        "duration_seconds": 330.0,
        "filename": "model_output",
        "gatherOnlySimData": false,
        "gkbar_E": 0.8021271953775657,
        "gkbar_E_std": 0.06231721126002068,
        "gkbar_I": 7.871598208639048,
        "gkbar_I_std": 0.4521234174880412,
        "gnabar_E": 6.721180303559147,
        "gnabar_E_std": 0.10389406197130946,
        "gnabar_I": 2.5976729315726934,
        "gnabar_I_std": 0.8169359379661703,
        "gpu": false,
        "hParams": {
            "celsius": 6.3,
            "clamp_resist": 0.001,
            "v_init": -65.0
        },
        "includeParamsLabel": true,
        "invertedYCoord": true,
        "networkType": "22May24",
        "oneSynPerNetcon": true,
        "printPopAvgRates": [
            100,
            1000.0
        ],
        "printRunTime": false,
        "printSynsAfterRule": false,
        "probEE": 0.6769247035125247,
        "probEE_std": 0.48539932749420106,
        "probEI": 0.34660016942276495,
        "probEI_std": 1.7432166857733066e-05,
        "probIE": 0.24379824257895533,
        "probIE_std": 0.31183222614165956,
        "probII": 0.48251808298652266,
        "probII_std": 0.4145456161379111,
        "probLengthConst": 1200.4034619547983,
        "propVelocity": 1.0,
        "pt3dRelativeToCellLocation": true,
        "rand123GlobalIndex": null,
        "random123": false,
        "recordCells": [
            [
                "E",
                [
                    68,
                    13
                ]
            ],
            [
                "I",
                [
                    4,
                    5
                ]
            ]
        ],
        "recordCellsSpikes": -1,
        "recordDipole": false,
        "recordDipolesHNN": false,
        "recordLFP": [],
        "recordStep": 0.1,
        "recordStim": false,
        "recordTime": true,
        "recordTraces": {
            "soma_voltage": {
                "loc": 0.5,
                "sec": "soma",
                "var": "v"
            }
        },
        "saveCSV": false,
        "saveCellConns": true,
        "saveCellSecs": true,
        "saveDat": false,
        "saveDataInclude": [
            "simData",
            "simConfig",
            "netParams",
            "net"
        ],
        "saveDipoleCells": false,
        "saveDipolePops": false,
        "saveDpk": false,
        "saveFolder": "/pscratch/sd/a/adammwea/2DNetworkSimulations/NERSC/output/240604_Run1_24n24hr/gen_4",
        "saveHDF5": false,
        "saveJson": true,
        "saveLFPCells": false,
        "saveLFPPops": false,
        "saveMat": false,
        "savePickle": false,
        "saveTiming": false,
        "seeds": {
            "cell": 1,
            "conn": 1,
            "loc": 1,
            "stim": 1
        },
        "simLabel": "gen_4_cand_104",
        "tau1_exc": 2.6032227040293776,
        "tau1_exc_std": 0.6409324661363542,
        "tau1_inh": 9.142307237167383,
        "tau1_inh_std": 3.004739979776358,
        "tau2_exc": 12.760667318589586,
        "tau2_exc_std": 7.002945001932685,
        "tau2_inh": 3.8845666503524914,
        "tau2_inh_std": 4.645649457869341,
        "timestampFilename": false,
        "timing": true,
        "tstop": 1000.0,
        "use_fast_imem": false,
        "validateNetParams": false,
        "verbose": false,
        "weightEE": 1.9871685239283516,
        "weightEE_std": 0.4986546203554739,
        "weightEI": 0.45367039461530556,
        "weightEI_std": 0.3240401561879943,
        "weightIE": 0.7345593241880695,
        "weightIE_std": 0.005393538072136231,
        "weightII": 0.9212021770415872,
        "weightII_std": 0.0006501429084133587
    }
}