{
    "simConfig": {
        "E_L_mean": 18.8,
        "E_L_stdev": 1.965191813594866,
        "E_Ra_mean": 128.0,
        "E_Ra_stdev": 57.45625253519627,
        "E_diam_mean": 18.8,
        "E_diam_stdev": 0.5985644870076265,
        "I_L_mean": 9.0,
        "I_L_stdev": 2.1667208654354653,
        "I_Ra_mean": 110.0,
        "I_Ra_stdev": 33.23343842181782,
        "I_diam_mean": 10.0,
        "I_diam_stdev": 0.044315719434115275,
        "addSynMechs": true,
        "allowConnsWithWeight0": true,
        "allowSelfConns": false,
        "analysis": {},
        "backupCfgFile": [],
        "cache_efficient": true,
        "checkErrors": false,
        "compactConnFormat": false,
        "connRandomSecFromList": true,
        "coreneuron": false,
        "createNEURONObj": true,
        "createPyStruct": true,
        "cvode_active": false,
        "cvode_atol": 0.001,
        "distributeSynsUniformly": true,
        "dt": 0.025,
        "dump_coreneuron_model": false,
        "duration": 1000.0,
        "duration_seconds": 330.0,
        "filename": "model_output",
        "gatherOnlySimData": false,
        "gkbar_E": 0.003936838886329381,
        "gkbar_E_std": 0.16558721365956555,
        "gkbar_I": 0.7687252956536197,
        "gkbar_I_std": 0.6927572269303556,
        "gnabar_E": 3.6385510484512658,
        "gnabar_E_std": 0.36150585448210726,
        "gnabar_I": 1.2589749947147968,
        "gnabar_I_std": 0.027384754722845878,
        "gpu": false,
        "hParams": {
            "celsius": 6.3,
            "clamp_resist": 0.001,
            "v_init": -65.0
        },
        "includeParamsLabel": true,
        "invertedYCoord": true,
        "networkType": "22May24",
        "oneSynPerNetcon": true,
        "printPopAvgRates": [
            100,
            1000.0
        ],
        "printRunTime": false,
        "printSynsAfterRule": false,
        "probEE": 0.6455431061394308,
        "probEE_std": 0.3285222498517535,
        "probEI": 0.47862541815089843,
        "probEI_std": 0.4307050977033291,
        "probIE": 0.5496381993950961,
        "probIE_std": 0.1709892178188697,
        "probII": 0.632685297067772,
        "probII_std": 0.084842353080703,
        "probLengthConst": 2971.9749126867796,
        "propVelocity": 1.0,
        "pt3dRelativeToCellLocation": true,
        "rand123GlobalIndex": null,
        "random123": false,
        "recordCells": [
            [
                "E",
                [
                    68,
                    13
                ]
            ],
            [
                "I",
                [
                    4,
                    5
                ]
            ]
        ],
        "recordCellsSpikes": -1,
        "recordDipole": false,
        "recordDipolesHNN": false,
        "recordLFP": [],
        "recordStep": 0.1,
        "recordStim": false,
        "recordTime": true,
        "recordTraces": {
            "soma_voltage": {
                "loc": 0.5,
                "sec": "soma",
                "var": "v"
            }
        },
        "saveCSV": false,
        "saveCellConns": true,
        "saveCellSecs": true,
        "saveDat": false,
        "saveDataInclude": [
            "simData",
            "simConfig",
            "netParams",
            "net"
        ],
        "saveDipoleCells": false,
        "saveDipolePops": false,
        "saveDpk": false,
        "saveFolder": "/pscratch/sd/a/adammwea/2DNetworkSimulations/NERSC/output/240604_Run1_24n24hr/gen_4",
        "saveHDF5": false,
        "saveJson": true,
        "saveLFPCells": false,
        "saveLFPPops": false,
        "saveMat": false,
        "savePickle": false,
        "saveTiming": false,
        "seeds": {
            "cell": 1,
            "conn": 1,
            "loc": 1,
            "stim": 1
        },
        "simLabel": "gen_4_cand_47",
        "tau1_exc": 4.281436429590195,
        "tau1_exc_std": 3.195246893823218,
        "tau1_inh": 9.172810935728469,
        "tau1_inh_std": 1.926348034266229,
        "tau2_exc": 15.4343889563355,
        "tau2_exc_std": 0.3697283955899291,
        "tau2_inh": 1.7687102792321303,
        "tau2_inh_std": 0.1155070845321523,
        "timestampFilename": false,
        "timing": true,
        "tstop": 1000.0,
        "use_fast_imem": false,
        "validateNetParams": false,
        "verbose": false,
        "weightEE": 0.03294575785973447,
        "weightEE_std": 0.4209696372677659,
        "weightEI": 0.08834657959861647,
        "weightEI_std": 0.13390782724381342,
        "weightIE": 0.014964783947430171,
        "weightIE_std": 0.33121618527577096,
        "weightII": 0.18721153680607605,
        "weightII_std": 0.24859850192421845
    }
}