{
    "simConfig": {
        "E_L_mean": 18.8,
        "E_L_stdev": 5.887014855626676,
        "E_Ra_mean": 128.0,
        "E_Ra_stdev": 46.22936317837438,
        "E_diam_mean": 18.8,
        "E_diam_stdev": 2.4671473813970017,
        "I_L_mean": 9.0,
        "I_L_stdev": 0.0010185338905051374,
        "I_Ra_mean": 110.0,
        "I_Ra_stdev": 35.1423503719012,
        "I_diam_mean": 10.0,
        "I_diam_stdev": 3.332861481727445,
        "addSynMechs": true,
        "allowConnsWithWeight0": true,
        "allowSelfConns": false,
        "analysis": {},
        "backupCfgFile": [],
        "cache_efficient": true,
        "checkErrors": false,
        "compactConnFormat": false,
        "connRandomSecFromList": true,
        "coreneuron": false,
        "createNEURONObj": true,
        "createPyStruct": true,
        "cvode_active": false,
        "cvode_atol": 0.001,
        "distributeSynsUniformly": true,
        "dt": 0.025,
        "dump_coreneuron_model": false,
        "duration": 1000.0,
        "duration_seconds": 330.0,
        "filename": "model_output",
        "gatherOnlySimData": false,
        "gkbar_E": 0.42580864606223323,
        "gkbar_E_std": 0.03772528808947523,
        "gkbar_I": 4.681469949462466,
        "gkbar_I_std": 2.4778704299183234,
        "gnabar_E": 2.1359003212540753,
        "gnabar_E_std": 1.5883762811261597,
        "gnabar_I": 4.001433509555035,
        "gnabar_I_std": 0.3717060060207471,
        "gpu": false,
        "hParams": {
            "celsius": 6.3,
            "clamp_resist": 0.001,
            "v_init": -65.0
        },
        "includeParamsLabel": true,
        "invertedYCoord": true,
        "networkType": "22May24",
        "oneSynPerNetcon": true,
        "printPopAvgRates": [
            100,
            1000.0
        ],
        "printRunTime": false,
        "printSynsAfterRule": false,
        "probEE": 0.04690164407517955,
        "probEE_std": 0.1187762983315577,
        "probEI": 0.4155944505129774,
        "probEI_std": 0.16837427115530204,
        "probIE": 0.003324414976381356,
        "probIE_std": 0.4623711267052952,
        "probII": 0.05708318274519461,
        "probII_std": 0.0069075471660132726,
        "probLengthConst": 1934.972984241275,
        "propVelocity": 1.0,
        "pt3dRelativeToCellLocation": true,
        "rand123GlobalIndex": null,
        "random123": false,
        "recordCells": [
            [
                "E",
                [
                    68,
                    13
                ]
            ],
            [
                "I",
                [
                    4,
                    5
                ]
            ]
        ],
        "recordCellsSpikes": -1,
        "recordDipole": false,
        "recordDipolesHNN": false,
        "recordLFP": [],
        "recordStep": 0.1,
        "recordStim": false,
        "recordTime": true,
        "recordTraces": {
            "soma_voltage": {
                "loc": 0.5,
                "sec": "soma",
                "var": "v"
            }
        },
        "saveCSV": false,
        "saveCellConns": true,
        "saveCellSecs": true,
        "saveDat": false,
        "saveDataInclude": [
            "simData",
            "simConfig",
            "netParams",
            "net"
        ],
        "saveDipoleCells": false,
        "saveDipolePops": false,
        "saveDpk": false,
        "saveFolder": "/pscratch/sd/a/adammwea/2DNetworkSimulations/NERSC/output/240604_Run1_24n24hr/gen_4",
        "saveHDF5": false,
        "saveJson": true,
        "saveLFPCells": false,
        "saveLFPPops": false,
        "saveMat": false,
        "savePickle": false,
        "saveTiming": false,
        "seeds": {
            "cell": 1,
            "conn": 1,
            "loc": 1,
            "stim": 1
        },
        "simLabel": "gen_4_cand_300",
        "tau1_exc": 3.3689530192426247,
        "tau1_exc_std": 1.1632999623589912,
        "tau1_inh": 7.605114480708791,
        "tau1_inh_std": 1.9354658071383826,
        "tau2_exc": 0.000507403654786315,
        "tau2_exc_std": 9.173572553045734,
        "tau2_inh": 5.326583178303921,
        "tau2_inh_std": 8.52196550760549,
        "timestampFilename": false,
        "timing": true,
        "tstop": 1000.0,
        "use_fast_imem": false,
        "validateNetParams": false,
        "verbose": false,
        "weightEE": 0.049328718234817326,
        "weightEE_std": 0.23463847211170788,
        "weightEI": 0.6066526567878114,
        "weightEI_std": 0.19763498460540418,
        "weightIE": 0.08281468265153136,
        "weightIE_std": 0.2972153405434911,
        "weightII": 1.9586376154522886,
        "weightII_std": 0.16951136354023896
    }
}