{
    "simConfig": {
        "E_L_mean": 18.8,
        "E_L_stdev": 3.591931207649784,
        "E_Ra_mean": 128.0,
        "E_Ra_stdev": 13.688173613637789,
        "E_diam_mean": 18.8,
        "E_diam_stdev": 0.38785659081304347,
        "I_L_mean": 9.0,
        "I_L_stdev": 2.978986459796982,
        "I_Ra_mean": 110.0,
        "I_Ra_stdev": 54.54244821122639,
        "I_diam_mean": 10.0,
        "I_diam_stdev": 0.6355944633095789,
        "addSynMechs": true,
        "allowConnsWithWeight0": true,
        "allowSelfConns": false,
        "analysis": {},
        "backupCfgFile": [],
        "cache_efficient": true,
        "checkErrors": false,
        "compactConnFormat": false,
        "connRandomSecFromList": true,
        "coreneuron": false,
        "createNEURONObj": true,
        "createPyStruct": true,
        "cvode_active": false,
        "cvode_atol": 0.001,
        "distributeSynsUniformly": true,
        "dt": 0.025,
        "dump_coreneuron_model": false,
        "duration": 1000.0,
        "duration_seconds": 330.0,
        "filename": "model_output",
        "gatherOnlySimData": false,
        "gkbar_E": 0.9853785186708063,
        "gkbar_E_std": 0.13516355268671115,
        "gkbar_I": 5.659559520776845,
        "gkbar_I_std": 0.6242848252416682,
        "gnabar_E": 0.8546515683786504,
        "gnabar_E_std": 0.03607681745712557,
        "gnabar_I": 3.9246998589777875,
        "gnabar_I_std": 0.06029404218305867,
        "gpu": false,
        "hParams": {
            "celsius": 6.3,
            "clamp_resist": 0.001,
            "v_init": -65.0
        },
        "includeParamsLabel": true,
        "invertedYCoord": true,
        "networkType": "22May24",
        "oneSynPerNetcon": true,
        "printPopAvgRates": [
            100,
            1000.0
        ],
        "printRunTime": false,
        "printSynsAfterRule": false,
        "probEE": 0.04319396787363138,
        "probEE_std": 0.0009513266126707823,
        "probEI": 0.5181360080238304,
        "probEI_std": 0.34766203331574536,
        "probIE": 0.6625426306688423,
        "probIE_std": 0.42125021792883727,
        "probII": 0.7255489008577987,
        "probII_std": 0.0445160304476881,
        "probLengthConst": 875.014596815918,
        "propVelocity": 1.0,
        "pt3dRelativeToCellLocation": true,
        "rand123GlobalIndex": null,
        "random123": false,
        "recordCells": [
            [
                "E",
                [
                    68,
                    13
                ]
            ],
            [
                "I",
                [
                    4,
                    5
                ]
            ]
        ],
        "recordCellsSpikes": -1,
        "recordDipole": false,
        "recordDipolesHNN": false,
        "recordLFP": [],
        "recordStep": 0.1,
        "recordStim": false,
        "recordTime": true,
        "recordTraces": {
            "soma_voltage": {
                "loc": 0.5,
                "sec": "soma",
                "var": "v"
            }
        },
        "saveCSV": false,
        "saveCellConns": true,
        "saveCellSecs": true,
        "saveDat": false,
        "saveDataInclude": [
            "simData",
            "simConfig",
            "netParams",
            "net"
        ],
        "saveDipoleCells": false,
        "saveDipolePops": false,
        "saveDpk": false,
        "saveFolder": "/pscratch/sd/a/adammwea/2DNetworkSimulations/NERSC/output/240604_Run1_24n24hr/gen_4",
        "saveHDF5": false,
        "saveJson": true,
        "saveLFPCells": false,
        "saveLFPPops": false,
        "saveMat": false,
        "savePickle": false,
        "saveTiming": false,
        "seeds": {
            "cell": 1,
            "conn": 1,
            "loc": 1,
            "stim": 1
        },
        "simLabel": "gen_4_cand_115",
        "tau1_exc": 6.307242158439719,
        "tau1_exc_std": 0.022802650880166406,
        "tau1_inh": 1.852280660613319,
        "tau1_inh_std": 0.2823185226519742,
        "tau2_exc": 3.028794722857826,
        "tau2_exc_std": 6.640086310140158,
        "tau2_inh": 6.6658128227013975,
        "tau2_inh_std": 0.10068860403165895,
        "timestampFilename": false,
        "timing": true,
        "tstop": 1000.0,
        "use_fast_imem": false,
        "validateNetParams": false,
        "verbose": false,
        "weightEE": 0.9649981269250485,
        "weightEE_std": 0.16812948335135058,
        "weightEI": 1.636440868678712,
        "weightEI_std": 0.07535245874679218,
        "weightIE": 0.4840539303104455,
        "weightIE_std": 0.2314850356852748,
        "weightII": 0.4603256841855602,
        "weightII_std": 0.08538076075263965
    }
}