{"rate_fitness": 1000.0, "BurstVal_fitness": 3.899166184069081, "IBI_fitness": 1000, "baselineFitness": 1.396022750457801, "slopeFitness": 1.1718978337553234, "baseline_diff_fitness": 1000, "burst_peak_frequency": 1000, "fitness": 572.3524409668975, "average_scaled_fitness": 571.8506937223468, "maxFitness": 1000}