{"rate_fitness": 2.0272225751909856, "BurstVal_fitness": 1000, "IBI_fitness": 1000, "baselineFitness": 1000, "slopeFitness": 1000, "baseline_diff_fitness": 1000, "burst_peak_frequency": 1000, "fitness": 857.4324603678843, "average_scaled_fitness": 857.1428571428571, "maxFitness": 1000}