{
    "simConfig": {
        "E_L_mean": 18.8,
        "E_L_stdev": 6.3009779645133115,
        "E_Ra_mean": 128.0,
        "E_Ra_stdev": 3.440201818918098,
        "E_diam_mean": 18.8,
        "E_diam_stdev": 0.23174179988468602,
        "I_L_mean": 9.0,
        "I_L_stdev": 1.526446409254335,
        "I_Ra_mean": 110.0,
        "I_Ra_stdev": 31.41833052703151,
        "I_diam_mean": 10.0,
        "I_diam_stdev": 2.8616427236135156,
        "addSynMechs": true,
        "allowConnsWithWeight0": true,
        "allowSelfConns": false,
        "analysis": {},
        "backupCfgFile": [],
        "cache_efficient": true,
        "checkErrors": false,
        "compactConnFormat": false,
        "connRandomSecFromList": true,
        "coreneuron": false,
        "createNEURONObj": true,
        "createPyStruct": true,
        "cvode_active": false,
        "cvode_atol": 0.001,
        "distributeSynsUniformly": true,
        "dt": 0.025,
        "dump_coreneuron_model": false,
        "duration": 1000.0,
        "duration_seconds": 300.0,
        "filename": "model_output",
        "gatherOnlySimData": false,
        "gkbar_E": 0.03634692016793751,
        "gkbar_E_std": 0.1213625257520428,
        "gkbar_I": 9.975522725859172,
        "gkbar_I_std": 2.3178450523216783,
        "gnabar_E": 3.4888265092439275,
        "gnabar_E_std": 1.199495808220347,
        "gnabar_I": 2.0698644203282406,
        "gnabar_I_std": 0.09046213806063641,
        "gpu": false,
        "hParams": {
            "celsius": 6.3,
            "clamp_resist": 0.001,
            "v_init": -65.0
        },
        "includeParamsLabel": true,
        "invertedYCoord": true,
        "networkType": "22May24",
        "oneSynPerNetcon": true,
        "printPopAvgRates": [
            100,
            1000.0
        ],
        "printRunTime": false,
        "printSynsAfterRule": false,
        "probEE": 0.729855299807241,
        "probEE_std": 0.010792337035081359,
        "probEI": 0.5291477278164501,
        "probEI_std": 0.08538486206162438,
        "probIE": 0.10871435739540747,
        "probIE_std": 0.42784917008022916,
        "probII": 0.25883262613017133,
        "probII_std": 0.4651707208519243,
        "probLengthConst": 2342.63137191544,
        "propVelocity": 1.0,
        "pt3dRelativeToCellLocation": true,
        "rand123GlobalIndex": null,
        "random123": false,
        "recordCells": [
            [
                "E",
                [
                    24,
                    73
                ]
            ],
            [
                "I",
                [
                    41,
                    25
                ]
            ]
        ],
        "recordCellsSpikes": -1,
        "recordDipole": false,
        "recordDipolesHNN": false,
        "recordLFP": [],
        "recordStep": 0.1,
        "recordStim": false,
        "recordTime": true,
        "recordTraces": {
            "soma_voltage": {
                "loc": 0.5,
                "sec": "soma",
                "var": "v"
            }
        },
        "saveCSV": false,
        "saveCellConns": true,
        "saveCellSecs": true,
        "saveDat": false,
        "saveDataInclude": [
            "simData",
            "simConfig",
            "netParams",
            "net"
        ],
        "saveDipoleCells": false,
        "saveDipolePops": false,
        "saveDpk": false,
        "saveFolder": "/pscratch/sd/a/adammwea/2DNetworkSimulations/NERSC/output/240529_Run1_8nodes/gen_4",
        "saveHDF5": false,
        "saveJson": true,
        "saveLFPCells": false,
        "saveLFPPops": false,
        "saveMat": false,
        "savePickle": false,
        "saveTiming": false,
        "seeds": {
            "cell": 1,
            "conn": 1,
            "loc": 1,
            "stim": 1
        },
        "simLabel": "gen_4_cand_1",
        "tau1_exc": 0.8626438483895128,
        "tau1_exc_std": 3.3247769896154518,
        "tau1_inh": 0.04196911118522383,
        "tau1_inh_std": 2.0827716473789826,
        "tau2_exc": 0.004959568665910297,
        "tau2_exc_std": 2.2652672549506088,
        "tau2_inh": 17.437817670519145,
        "tau2_inh_std": 8.811910539670206,
        "timestampFilename": false,
        "timing": true,
        "tstop": 1000.0,
        "use_fast_imem": false,
        "validateNetParams": false,
        "verbose": false,
        "weightEE": 0.3974370797885185,
        "weightEE_std": 0.4663553758658618,
        "weightEI": 0.018087417298928488,
        "weightEI_std": 0.05671463100112323,
        "weightIE": 0.9944739045488256,
        "weightIE_std": 0.30021172086831577,
        "weightII": 1.9036755272971926,
        "weightII_std": 0.08935066466255262
    }
}