{
    "simConfig": {
        "E_L_mean": 18.8,
        "E_L_stdev": 0.8337924282223863,
        "E_Ra_mean": 128.0,
        "E_Ra_stdev": 34.7967155166797,
        "E_diam_mean": 18.8,
        "E_diam_stdev": 0.71840642340354,
        "I_L_mean": 9.0,
        "I_L_stdev": 1.5262431794019968,
        "I_Ra_mean": 110.0,
        "I_Ra_stdev": 4.3004926109227295,
        "I_diam_mean": 10.0,
        "I_diam_stdev": 0.7065633641835616,
        "addSynMechs": true,
        "allowConnsWithWeight0": true,
        "allowSelfConns": false,
        "analysis": {},
        "backupCfgFile": [],
        "cache_efficient": true,
        "checkErrors": false,
        "compactConnFormat": false,
        "connRandomSecFromList": true,
        "coreneuron": false,
        "createNEURONObj": true,
        "createPyStruct": true,
        "cvode_active": false,
        "cvode_atol": 0.001,
        "distributeSynsUniformly": true,
        "dt": 0.025,
        "dump_coreneuron_model": false,
        "duration": 1000.0,
        "duration_seconds": 60.0,
        "filename": "model_output",
        "gatherOnlySimData": false,
        "gkbar_E": 0.45116054336647715,
        "gkbar_E_std": 0.0991959229425063,
        "gkbar_I": 2.3491012761486134,
        "gkbar_I_std": 0.6010736946560893,
        "gnabar_E": 2.811112508246466,
        "gnabar_E_std": 1.3306141635557145,
        "gnabar_I": 2.4551699859722107,
        "gnabar_I_std": 0.11915230808777777,
        "gpu": false,
        "hParams": {
            "celsius": 6.3,
            "clamp_resist": 0.001,
            "v_init": -65.0
        },
        "includeParamsLabel": true,
        "invertedYCoord": true,
        "networkType": "22May24",
        "oneSynPerNetcon": true,
        "printPopAvgRates": [
            100,
            1000.0
        ],
        "printRunTime": false,
        "printSynsAfterRule": false,
        "probEE": 0.48278458721536466,
        "probEE_std": 0.26554783506722973,
        "probEI": 0.7714795445783714,
        "probEI_std": 0.1636936993852716,
        "probIE": 0.13943756721724787,
        "probIE_std": 0.13557396534593483,
        "probII": 0.8027583398377901,
        "probII_std": 0.036238155602369204,
        "probLengthConst": 376.71821394615836,
        "propVelocity": 1.0,
        "pt3dRelativeToCellLocation": true,
        "rand123GlobalIndex": null,
        "random123": false,
        "recordCells": [
            [
                "E",
                [
                    16,
                    79
                ]
            ],
            [
                "I",
                [
                    28,
                    1
                ]
            ]
        ],
        "recordCellsSpikes": -1,
        "recordDipole": false,
        "recordDipolesHNN": false,
        "recordLFP": [],
        "recordStep": 0.1,
        "recordStim": false,
        "recordTime": true,
        "recordTraces": {
            "soma_voltage": {
                "loc": 0.5,
                "sec": "soma",
                "var": "v"
            }
        },
        "saveCSV": false,
        "saveCellConns": true,
        "saveCellSecs": true,
        "saveDat": false,
        "saveDataInclude": [
            "simData",
            "simConfig",
            "netParams",
            "net"
        ],
        "saveDipoleCells": false,
        "saveDipolePops": false,
        "saveDpk": false,
        "saveFolder": "/pscratch/sd/a/adammwea/2DNetworkSimulations/NERSC/output/240527_Run3_this_should_work/gen_0",
        "saveHDF5": false,
        "saveJson": true,
        "saveLFPCells": false,
        "saveLFPPops": false,
        "saveMat": false,
        "savePickle": false,
        "saveTiming": false,
        "seeds": {
            "cell": 1,
            "conn": 1,
            "loc": 1,
            "stim": 1
        },
        "simLabel": "gen_0_cand_48",
        "tau1_exc": 2.6411254446989174,
        "tau1_exc_std": 1.3905489080097355,
        "tau1_inh": 1.0409947461445557,
        "tau1_inh_std": 2.237635816710175,
        "tau2_exc": 13.551526777458204,
        "tau2_exc_std": 4.085003007561858,
        "tau2_inh": 7.6235160225121,
        "tau2_inh_std": 2.37314706354632,
        "timestampFilename": false,
        "timing": true,
        "tstop": 1000.0,
        "use_fast_imem": false,
        "validateNetParams": false,
        "verbose": false,
        "weightEE": 0.922039583020338,
        "weightEE_std": 0.11924297742998016,
        "weightEI": 0.2253350980810499,
        "weightEI_std": 0.1422802954611442,
        "weightIE": 0.11112355486989922,
        "weightIE_std": 0.06841289145176302,
        "weightII": 0.22459418829585293,
        "weightII_std": 0.044443499491950825
    }
}