{
    "simConfig": {
        "E_L_mean": 18.8,
        "E_L_stdev": 1.2764308054138578,
        "E_Ra_mean": 128.0,
        "E_Ra_stdev": 15.153141984888558,
        "E_diam_mean": 18.8,
        "E_diam_stdev": 0.2695621239674785,
        "I_L_mean": 9.0,
        "I_L_stdev": 1.8583706759643572,
        "I_Ra_mean": 110.0,
        "I_Ra_stdev": 20.5950413266217,
        "I_diam_mean": 10.0,
        "I_diam_stdev": 1.8398440730317998,
        "addSynMechs": true,
        "allowConnsWithWeight0": true,
        "allowSelfConns": false,
        "analysis": {},
        "backupCfgFile": [],
        "cache_efficient": true,
        "checkErrors": false,
        "compactConnFormat": false,
        "connRandomSecFromList": true,
        "coreneuron": false,
        "createNEURONObj": true,
        "createPyStruct": true,
        "cvode_active": false,
        "cvode_atol": 0.001,
        "distributeSynsUniformly": true,
        "dt": 0.025,
        "dump_coreneuron_model": false,
        "duration": 1000.0,
        "duration_seconds": 60.0,
        "filename": "model_output",
        "gatherOnlySimData": false,
        "gkbar_E": 0.9009196995356723,
        "gkbar_E_std": 0.24017707094045,
        "gkbar_I": 2.0784081480220165,
        "gkbar_I_std": 0.06591883792656794,
        "gnabar_E": 3.676095905674259,
        "gnabar_E_std": 1.1997883226331159,
        "gnabar_I": 2.8464196720198545,
        "gnabar_I_std": 0.7692122001566715,
        "gpu": false,
        "hParams": {
            "celsius": 6.3,
            "clamp_resist": 0.001,
            "v_init": -65.0
        },
        "includeParamsLabel": true,
        "invertedYCoord": true,
        "networkType": "22May24",
        "oneSynPerNetcon": true,
        "printPopAvgRates": [
            100,
            1000.0
        ],
        "printRunTime": false,
        "printSynsAfterRule": false,
        "probEE": 0.12592885503307694,
        "probEE_std": 0.32950050216402094,
        "probEI": 0.04666893885552692,
        "probEI_std": 0.3004123966919554,
        "probIE": 0.10726122251225911,
        "probIE_std": 0.05464600864996012,
        "probII": 0.42220667333683615,
        "probII_std": 0.18531021655955005,
        "probLengthConst": 633.8959240651888,
        "propVelocity": 1.0,
        "pt3dRelativeToCellLocation": true,
        "rand123GlobalIndex": null,
        "random123": false,
        "recordCells": [
            [
                "E",
                [
                    16,
                    79
                ]
            ],
            [
                "I",
                [
                    28,
                    1
                ]
            ]
        ],
        "recordCellsSpikes": -1,
        "recordDipole": false,
        "recordDipolesHNN": false,
        "recordLFP": [],
        "recordStep": 0.1,
        "recordStim": false,
        "recordTime": true,
        "recordTraces": {
            "soma_voltage": {
                "loc": 0.5,
                "sec": "soma",
                "var": "v"
            }
        },
        "saveCSV": false,
        "saveCellConns": true,
        "saveCellSecs": true,
        "saveDat": false,
        "saveDataInclude": [
            "simData",
            "simConfig",
            "netParams",
            "net"
        ],
        "saveDipoleCells": false,
        "saveDipolePops": false,
        "saveDpk": false,
        "saveFolder": "/pscratch/sd/a/adammwea/2DNetworkSimulations/NERSC/output/240527_Run3_this_should_work/gen_0",
        "saveHDF5": false,
        "saveJson": true,
        "saveLFPCells": false,
        "saveLFPPops": false,
        "saveMat": false,
        "savePickle": false,
        "saveTiming": false,
        "seeds": {
            "cell": 1,
            "conn": 1,
            "loc": 1,
            "stim": 1
        },
        "simLabel": "gen_0_cand_37",
        "tau1_exc": 2.294306193109664,
        "tau1_exc_std": 1.9738471787449372,
        "tau1_inh": 2.899617891001939,
        "tau1_inh_std": 2.2937961394177853,
        "tau2_exc": 1.778592116944584,
        "tau2_exc_std": 5.873473767439054,
        "tau2_inh": 2.5788362030966527,
        "tau2_inh_std": 4.17529343104564,
        "timestampFilename": false,
        "timing": true,
        "tstop": 1000.0,
        "use_fast_imem": false,
        "validateNetParams": false,
        "verbose": false,
        "weightEE": 0.7451933644905018,
        "weightEE_std": 0.07308594129775177,
        "weightEI": 0.5779679473524623,
        "weightEI_std": 0.07500870175949814,
        "weightIE": 0.7346313630779076,
        "weightIE_std": 0.1912208058086003,
        "weightII": 0.15050981651079093,
        "weightII_std": 0.1577126112344018
    }
}