{
    "simConfig": {
        "E_L_mean": 18.8,
        "E_L_stdev": 3.283174712441566,
        "E_Ra_mean": 128.0,
        "E_Ra_stdev": 57.00137960486093,
        "E_diam_mean": 18.8,
        "E_diam_stdev": 5.940694558745521,
        "I_L_mean": 9.0,
        "I_L_stdev": 0.012662492274259737,
        "I_Ra_mean": 110.0,
        "I_Ra_stdev": 14.199543309565112,
        "I_diam_mean": 10.0,
        "I_diam_stdev": 0.6935537608944212,
        "addSynMechs": true,
        "allowConnsWithWeight0": true,
        "allowSelfConns": false,
        "analysis": {},
        "backupCfgFile": [],
        "cache_efficient": true,
        "checkErrors": false,
        "compactConnFormat": false,
        "connRandomSecFromList": true,
        "coreneuron": false,
        "createNEURONObj": true,
        "createPyStruct": true,
        "cvode_active": false,
        "cvode_atol": 0.001,
        "distributeSynsUniformly": true,
        "dt": 0.025,
        "dump_coreneuron_model": false,
        "duration": 1000.0,
        "duration_seconds": 300.0,
        "filename": "model_output",
        "gatherOnlySimData": false,
        "gkbar_E": 0.2503747920269435,
        "gkbar_E_std": 0.21853744983918766,
        "gkbar_I": 3.221803971686583,
        "gkbar_I_std": 0.7399809917898033,
        "gnabar_E": 3.2564851738219707,
        "gnabar_E_std": 0.009443272678869819,
        "gnabar_I": 3.9290931383499417,
        "gnabar_I_std": 0.9511616182679865,
        "gpu": false,
        "hParams": {
            "celsius": 6.3,
            "clamp_resist": 0.001,
            "v_init": -65.0
        },
        "includeParamsLabel": true,
        "invertedYCoord": true,
        "networkType": "22May24",
        "oneSynPerNetcon": true,
        "printPopAvgRates": [
            100,
            1000.0
        ],
        "printRunTime": false,
        "printSynsAfterRule": false,
        "probEE": 0.7321242599130564,
        "probEE_std": 0.40603177044321137,
        "probEI": 0.9700455071977676,
        "probEI_std": 0.16424774738132616,
        "probIE": 0.056419731190460405,
        "probIE_std": 0.4970343429886414,
        "probII": 0.3710571122643991,
        "probII_std": 0.07776773121500988,
        "probLengthConst": 193.72971269893102,
        "propVelocity": 1.0,
        "pt3dRelativeToCellLocation": true,
        "rand123GlobalIndex": null,
        "random123": false,
        "recordCells": [
            [
                "E",
                [
                    65,
                    58
                ]
            ],
            [
                "I",
                [
                    22,
                    34
                ]
            ]
        ],
        "recordCellsSpikes": -1,
        "recordDipole": false,
        "recordDipolesHNN": false,
        "recordLFP": [],
        "recordStep": 0.1,
        "recordStim": false,
        "recordTime": true,
        "recordTraces": {
            "soma_voltage": {
                "loc": 0.5,
                "sec": "soma",
                "var": "v"
            }
        },
        "saveCSV": false,
        "saveCellConns": true,
        "saveCellSecs": true,
        "saveDat": false,
        "saveDataInclude": [
            "simData",
            "simConfig",
            "netParams",
            "net"
        ],
        "saveDipoleCells": false,
        "saveDipolePops": false,
        "saveDpk": false,
        "saveFolder": "/pscratch/sd/a/adammwea/2DNetworkSimulations/NERSC/output/240530_Run1_8nodes/gen_11",
        "saveHDF5": false,
        "saveJson": true,
        "saveLFPCells": false,
        "saveLFPPops": false,
        "saveMat": false,
        "savePickle": false,
        "saveTiming": false,
        "seeds": {
            "cell": 1,
            "conn": 1,
            "loc": 1,
            "stim": 1
        },
        "simLabel": "gen_11_cand_6",
        "tau1_exc": 5.067773948169989,
        "tau1_exc_std": 0.05384505747062285,
        "tau1_inh": 0.3262603467172318,
        "tau1_inh_std": 1.6979058031942518,
        "tau2_exc": 3.8671246461454665,
        "tau2_exc_std": 2.7630029827206792,
        "tau2_inh": 5.886035785196455,
        "tau2_inh_std": 9.975167588319295,
        "timestampFilename": false,
        "timing": true,
        "tstop": 1000.0,
        "use_fast_imem": false,
        "validateNetParams": false,
        "verbose": false,
        "weightEE": 1.9165140206559586,
        "weightEE_std": 0.4478763476793172,
        "weightEI": 1.9997206265306062,
        "weightEI_std": 0.2838800388805159,
        "weightIE": 0.8724291151184174,
        "weightIE_std": 0.25479795889453893,
        "weightII": 0.5258676913538537,
        "weightII_std": 0.16193605330592775
    }
}