{
    "simConfig": {
        "E_L_mean": 18.8,
        "E_L_stdev": 8.90412850121211,
        "E_Ra_mean": 128.0,
        "E_Ra_stdev": 36.98142058023697,
        "E_diam_mean": 18.8,
        "E_diam_stdev": 4.565805975970165,
        "I_L_mean": 9.0,
        "I_L_stdev": 0.43240369192171335,
        "I_Ra_mean": 110.0,
        "I_Ra_stdev": 13.799596152994283,
        "I_diam_mean": 10.0,
        "I_diam_stdev": 0.03287645748385143,
        "addSynMechs": true,
        "allowConnsWithWeight0": true,
        "allowSelfConns": false,
        "analysis": {},
        "backupCfgFile": [],
        "cache_efficient": true,
        "checkErrors": false,
        "compactConnFormat": false,
        "connRandomSecFromList": true,
        "coreneuron": false,
        "createNEURONObj": true,
        "createPyStruct": true,
        "cvode_active": false,
        "cvode_atol": 0.001,
        "distributeSynsUniformly": true,
        "dt": 0.025,
        "dump_coreneuron_model": false,
        "duration": 1000.0,
        "duration_seconds": 300.0,
        "filename": "model_output",
        "gatherOnlySimData": false,
        "gkbar_E": 0.6577765915379811,
        "gkbar_E_std": 0.3016199274220149,
        "gkbar_I": 9.869909879780378,
        "gkbar_I_std": 2.259617934089066,
        "gnabar_E": 6.605605913715879,
        "gnabar_E_std": 0.03192712162218193,
        "gnabar_I": 0.4726166844038593,
        "gnabar_I_std": 0.6595327205317407,
        "gpu": false,
        "hParams": {
            "celsius": 6.3,
            "clamp_resist": 0.001,
            "v_init": -65.0
        },
        "includeParamsLabel": true,
        "invertedYCoord": true,
        "networkType": "22May24",
        "oneSynPerNetcon": true,
        "printPopAvgRates": [
            100,
            1000.0
        ],
        "printRunTime": false,
        "printSynsAfterRule": false,
        "probEE": 0.029541436772139218,
        "probEE_std": 0.21017729231481477,
        "probEI": 0.7721904136106348,
        "probEI_std": 0.1650764163500475,
        "probIE": 0.7494324512255882,
        "probIE_std": 0.3167352900184645,
        "probII": 0.7498854126714846,
        "probII_std": 0.3649577791743909,
        "probLengthConst": 660.8045599409785,
        "propVelocity": 1.0,
        "pt3dRelativeToCellLocation": true,
        "rand123GlobalIndex": null,
        "random123": false,
        "recordCells": [
            [
                "E",
                [
                    65,
                    58
                ]
            ],
            [
                "I",
                [
                    22,
                    34
                ]
            ]
        ],
        "recordCellsSpikes": -1,
        "recordDipole": false,
        "recordDipolesHNN": false,
        "recordLFP": [],
        "recordStep": 0.1,
        "recordStim": false,
        "recordTime": true,
        "recordTraces": {
            "soma_voltage": {
                "loc": 0.5,
                "sec": "soma",
                "var": "v"
            }
        },
        "saveCSV": false,
        "saveCellConns": true,
        "saveCellSecs": true,
        "saveDat": false,
        "saveDataInclude": [
            "simData",
            "simConfig",
            "netParams",
            "net"
        ],
        "saveDipoleCells": false,
        "saveDipolePops": false,
        "saveDpk": false,
        "saveFolder": "/pscratch/sd/a/adammwea/2DNetworkSimulations/NERSC/output/240530_Run1_8nodes/gen_11",
        "saveHDF5": false,
        "saveJson": true,
        "saveLFPCells": false,
        "saveLFPPops": false,
        "saveMat": false,
        "savePickle": false,
        "saveTiming": false,
        "seeds": {
            "cell": 1,
            "conn": 1,
            "loc": 1,
            "stim": 1
        },
        "simLabel": "gen_11_cand_41",
        "tau1_exc": 4.392711944800375,
        "tau1_exc_std": 1.1154584989388394,
        "tau1_inh": 0.648275059681144,
        "tau1_inh_std": 3.326303303780721,
        "tau2_exc": 5.057722935097361,
        "tau2_exc_std": 0.07700201757047771,
        "tau2_inh": 2.186357243993765,
        "tau2_inh_std": 9.996704640255233,
        "timestampFilename": false,
        "timing": true,
        "tstop": 1000.0,
        "use_fast_imem": false,
        "validateNetParams": false,
        "verbose": false,
        "weightEE": 0.5864417285986121,
        "weightEE_std": 0.03507297583403865,
        "weightEI": 1.283137823364841,
        "weightEI_std": 0.10985630909609385,
        "weightIE": 0.8967809719822077,
        "weightIE_std": 0.3161492185256016,
        "weightII": 1.7644683344836136,
        "weightII_std": 3.83727444975276e-05
    }
}