{
    "burstAmp_Fitness": {
        "Value": 3.629388224506421,
        "Fit": 1000.0
    },
    "burst_peak_frequency_fitness": {
        "Value": 0.20964360587002098,
        "Fit": 1000
    },
    "IBI_fitness": {
        "Value": null,
        "Fit": 1000
    },
    "baseline_fitness": {
        "Value": 17.416676413716914,
        "Fit": 1000
    },
    "slopeFitness": {
        "Value": -0.008924165870264983,
        "Fit": 1.0180085650932502
    },
    "thresh": {
        "Value": 16.500185406543462,
        "Fit": 1000
    },
    "sustain_oscillation_fitness": {
        "Value": 83.33333333333334,
        "Fit": 28.031624894526075
    },
    "rate_fitness": {
        "Value": 28.117063492063494,
        "Fit": 503.7566195084859
    },
    "maxFitness": 1000,
    "average_fitness": 691.6007816210132,
    "average_scaled_fitness": 691.2865086426515
}