{
    "burstAmp_Fitness": {
        "Value": 1.8963437111472032,
        "Fit": 875.2156307718808
    },
    "burst_peak_frequency_fitness": {
        "Value": 0.825593395252838,
        "Fit": 19.17409926141321
    },
    "IBI_fitness": {
        "Value": 1277.142857142857,
        "Fit": 2.757581949354183
    },
    "baseline_fitness": {
        "Value": 25.904298871574614,
        "Fit": 1000
    },
    "slopeFitness": {
        "Value": -0.002574231896084454,
        "Fit": 1.0051617399059638
    },
    "thresh": {
        "Value": 25.739166807821405,
        "Fit": 1000
    },
    "sustain_oscillation_fitness": {
        "Value": 93.54838709677419,
        "Fit": 3.63395861141477
    },
    "E_rate_fitness": {
        "Value": 94.40079365079366,
        "Fit": 1000
    },
    "I_rate_fitness": {
        "Value": 32.157407407407405,
        "Fit": 1.240780653424196
    },
    "maxFitness": 1000,
    "average_fitness": 433.66969033193266,
    "average_scaled_fitness": 433.0998640048828
}