{
    "simConfig": {
        "E_L_mean": 18.8,
        "E_L_stdev": 5.149573510877645,
        "E_Ra_mean": 128.0,
        "E_Ra_stdev": 32.24486053975172,
        "E_diam_mean": 18.8,
        "E_diam_stdev": 6.12340630127891,
        "I_L_mean": 9.0,
        "I_L_stdev": 0.17308951534155392,
        "I_Ra_mean": 110.0,
        "I_Ra_stdev": 9.32609125890832,
        "I_diam_mean": 10.0,
        "I_diam_stdev": 0.05148361636864686,
        "addSynMechs": true,
        "allowConnsWithWeight0": true,
        "allowSelfConns": false,
        "analysis": {},
        "backupCfgFile": [],
        "cache_efficient": true,
        "checkErrors": false,
        "compactConnFormat": false,
        "connRandomSecFromList": true,
        "coreneuron": false,
        "createNEURONObj": true,
        "createPyStruct": true,
        "cvode_active": false,
        "cvode_atol": 0.001,
        "distributeSynsUniformly": true,
        "dt": 0.025,
        "dump_coreneuron_model": false,
        "duration": 1000.0,
        "duration_seconds": 60.0,
        "filename": "model_output",
        "gatherOnlySimData": false,
        "gkbar_E": 0.14712895181966612,
        "gkbar_E_std": 0.3208220458937713,
        "gkbar_I": 0.8523369364563869,
        "gkbar_I_std": 1.7313709616035424,
        "gnabar_E": 0.29716813420175653,
        "gnabar_E_std": 1.6127928606252993,
        "gnabar_I": 1.7229164300476705,
        "gnabar_I_std": 0.5882184422916619,
        "gpu": false,
        "hParams": {
            "celsius": 6.3,
            "clamp_resist": 0.001,
            "v_init": -65.0
        },
        "includeParamsLabel": true,
        "invertedYCoord": true,
        "networkType": "22May24",
        "oneSynPerNetcon": true,
        "printPopAvgRates": [
            100,
            1000.0
        ],
        "printRunTime": false,
        "printSynsAfterRule": false,
        "probEE": 0.14773654436871075,
        "probEE_std": 0.32344148825906954,
        "probEI": 0.04518127808801253,
        "probEI_std": 0.009980050322679956,
        "probIE": 0.010479253862986884,
        "probIE_std": 0.07446916395133267,
        "probII": 0.9666912285522995,
        "probII_std": 0.01620075013623499,
        "probLengthConst": 2398.941188108537,
        "propVelocity": 1.0,
        "pt3dRelativeToCellLocation": true,
        "rand123GlobalIndex": null,
        "random123": false,
        "recordCells": [
            [
                "E",
                [
                    16,
                    79
                ]
            ],
            [
                "I",
                [
                    28,
                    1
                ]
            ]
        ],
        "recordCellsSpikes": -1,
        "recordDipole": false,
        "recordDipolesHNN": false,
        "recordLFP": [],
        "recordStep": 0.1,
        "recordStim": false,
        "recordTime": true,
        "recordTraces": {
            "soma_voltage": {
                "loc": 0.5,
                "sec": "soma",
                "var": "v"
            }
        },
        "saveCSV": false,
        "saveCellConns": true,
        "saveCellSecs": true,
        "saveDat": false,
        "saveDataInclude": [
            "simData",
            "simConfig",
            "netParams",
            "net"
        ],
        "saveDipoleCells": false,
        "saveDipolePops": false,
        "saveDpk": false,
        "saveFolder": "/pscratch/sd/a/adammwea/2DNetworkSimulations/NERSC/output/240527_Run3_this_should_work/gen_18",
        "saveHDF5": false,
        "saveJson": true,
        "saveLFPCells": false,
        "saveLFPPops": false,
        "saveMat": false,
        "savePickle": false,
        "saveTiming": false,
        "seeds": {
            "cell": 1,
            "conn": 1,
            "loc": 1,
            "stim": 1
        },
        "simLabel": "gen_18_cand_36",
        "tau1_exc": 1.677138553139436,
        "tau1_exc_std": 0.8807017458034448,
        "tau1_inh": 0.3067338299820386,
        "tau1_inh_std": 0.8049797544934196,
        "tau2_exc": 19.642169497938745,
        "tau2_exc_std": 2.476382466910613,
        "tau2_inh": 19.95284849042494,
        "tau2_inh_std": 6.620126950018019,
        "timestampFilename": false,
        "timing": true,
        "tstop": 1000.0,
        "use_fast_imem": false,
        "validateNetParams": false,
        "verbose": false,
        "weightEE": 0.12100874553195468,
        "weightEE_std": 0.013474415901197204,
        "weightEI": 0.04617900785463412,
        "weightEI_std": 0.21041583906862932,
        "weightIE": 0.9542629432953557,
        "weightIE_std": 0.31920608931430655,
        "weightII": 0.49964403815263,
        "weightII_std": 0.0437065184566467
    }
}