{
    "simConfig": {
        "E_L_mean": 18.8,
        "E_L_stdev": 4.9120432751437315,
        "E_Ra_mean": 128.0,
        "E_Ra_stdev": 19.693334346911097,
        "E_diam_mean": 18.8,
        "E_diam_stdev": 5.933851861647538,
        "I_L_mean": 9.0,
        "I_L_stdev": 2.585592077497524,
        "I_Ra_mean": 110.0,
        "I_Ra_stdev": 25.03870516803272,
        "I_diam_mean": 10.0,
        "I_diam_stdev": 0.4889800898507275,
        "addSynMechs": true,
        "allowConnsWithWeight0": true,
        "allowSelfConns": false,
        "analysis": {},
        "backupCfgFile": [],
        "cache_efficient": true,
        "checkErrors": false,
        "compactConnFormat": false,
        "connRandomSecFromList": true,
        "coreneuron": false,
        "createNEURONObj": true,
        "createPyStruct": true,
        "cvode_active": false,
        "cvode_atol": 0.001,
        "distributeSynsUniformly": true,
        "dt": 0.025,
        "dump_coreneuron_model": false,
        "duration": 1000.0,
        "duration_seconds": 60.0,
        "filename": "model_output",
        "gatherOnlySimData": false,
        "gkbar_E": 0.792604364410438,
        "gkbar_E_std": 0.09082670308664094,
        "gkbar_I": 6.220308306880797,
        "gkbar_I_std": 2.016240103760042,
        "gnabar_E": 4.813191232909839,
        "gnabar_E_std": 0.8347630096580717,
        "gnabar_I": 2.816249910045087,
        "gnabar_I_std": 0.7209510940790357,
        "gpu": false,
        "hParams": {
            "celsius": 6.3,
            "clamp_resist": 0.001,
            "v_init": -65.0
        },
        "includeParamsLabel": true,
        "invertedYCoord": true,
        "networkType": "22May24",
        "oneSynPerNetcon": true,
        "printPopAvgRates": [
            100,
            1000.0
        ],
        "printRunTime": false,
        "printSynsAfterRule": false,
        "probEE": 0.9802875236041217,
        "probEE_std": 0.11918864004977017,
        "probEI": 0.6414089980595026,
        "probEI_std": 0.20990113496929036,
        "probIE": 0.1520733180176133,
        "probIE_std": 0.01943028769441215,
        "probII": 0.3914095491259286,
        "probII_std": 0.15674377628477715,
        "probLengthConst": 1751.5318516868178,
        "propVelocity": 1.0,
        "pt3dRelativeToCellLocation": true,
        "rand123GlobalIndex": null,
        "random123": false,
        "recordCells": [
            [
                "E",
                [
                    16,
                    79
                ]
            ],
            [
                "I",
                [
                    28,
                    1
                ]
            ]
        ],
        "recordCellsSpikes": -1,
        "recordDipole": false,
        "recordDipolesHNN": false,
        "recordLFP": [],
        "recordStep": 0.1,
        "recordStim": false,
        "recordTime": true,
        "recordTraces": {
            "soma_voltage": {
                "loc": 0.5,
                "sec": "soma",
                "var": "v"
            }
        },
        "saveCSV": false,
        "saveCellConns": true,
        "saveCellSecs": true,
        "saveDat": false,
        "saveDataInclude": [
            "simData",
            "simConfig",
            "netParams",
            "net"
        ],
        "saveDipoleCells": false,
        "saveDipolePops": false,
        "saveDpk": false,
        "saveFolder": "/pscratch/sd/a/adammwea/2DNetworkSimulations/NERSC/output/240527_Run3_this_should_work/gen_18",
        "saveHDF5": false,
        "saveJson": true,
        "saveLFPCells": false,
        "saveLFPPops": false,
        "saveMat": false,
        "savePickle": false,
        "saveTiming": false,
        "seeds": {
            "cell": 1,
            "conn": 1,
            "loc": 1,
            "stim": 1
        },
        "simLabel": "gen_18_cand_49",
        "tau1_exc": 9.201070115718776,
        "tau1_exc_std": 3.014848268214707,
        "tau1_inh": 1.1301227878952316,
        "tau1_inh_std": 0.2789403784530028,
        "tau2_exc": 17.114232079373483,
        "tau2_exc_std": 3.987080107554667,
        "tau2_inh": 2.9015380872898073,
        "tau2_inh_std": 1.4538397975231145,
        "timestampFilename": false,
        "timing": true,
        "tstop": 1000.0,
        "use_fast_imem": false,
        "validateNetParams": false,
        "verbose": false,
        "weightEE": 0.31275372715030114,
        "weightEE_std": 0.1711311844708568,
        "weightEI": 0.9999902901068791,
        "weightEI_std": 0.10584336575162505,
        "weightIE": 0.6519762306844452,
        "weightIE_std": 0.30194456682484105,
        "weightII": 0.00472429915289041,
        "weightII_std": 0.012509147336413853
    }
}