{
    "simConfig": {
        "E_L_mean": 18.8,
        "E_L_stdev": 0.7545476825321185,
        "E_Ra_mean": 128.0,
        "E_Ra_stdev": 3.1126485806778454,
        "E_diam_mean": 18.8,
        "E_diam_stdev": 1.1665421432894338,
        "I_L_mean": 9.0,
        "I_L_stdev": 2.7429398409419856,
        "I_Ra_mean": 110.0,
        "I_Ra_stdev": 0.0002571806921835224,
        "I_diam_mean": 10.0,
        "I_diam_stdev": 1.4383664126320614,
        "addSynMechs": true,
        "allowConnsWithWeight0": true,
        "allowSelfConns": false,
        "analysis": {},
        "backupCfgFile": [],
        "cache_efficient": true,
        "checkErrors": false,
        "compactConnFormat": false,
        "connRandomSecFromList": true,
        "coreneuron": false,
        "createNEURONObj": true,
        "createPyStruct": true,
        "cvode_active": false,
        "cvode_atol": 0.001,
        "distributeSynsUniformly": true,
        "dt": 0.025,
        "dump_coreneuron_model": false,
        "duration": 1000.0,
        "duration_seconds": 60.0,
        "filename": "model_output",
        "gatherOnlySimData": false,
        "gkbar_E": 0.29690259558975124,
        "gkbar_E_std": 0.02460878366601099,
        "gkbar_I": 6.851282961309208,
        "gkbar_I_std": 1.363380559652227,
        "gnabar_E": 4.096427101297568,
        "gnabar_E_std": 0.4336557761528295,
        "gnabar_I": 2.9458240874684783e-05,
        "gnabar_I_std": 0.018549701319814538,
        "gpu": false,
        "hParams": {
            "celsius": 6.3,
            "clamp_resist": 0.001,
            "v_init": -65.0
        },
        "includeParamsLabel": true,
        "invertedYCoord": true,
        "networkType": "22May24",
        "oneSynPerNetcon": true,
        "printPopAvgRates": [
            100,
            1000.0
        ],
        "printRunTime": false,
        "printSynsAfterRule": false,
        "probEE": 0.11957439803206885,
        "probEE_std": 0.10814089310154323,
        "probEI": 0.7419132428931419,
        "probEI_std": 1.4947777730922162e-05,
        "probIE": 0.441978929324826,
        "probIE_std": 0.0057446448672983765,
        "probII": 0.7534325607784875,
        "probII_std": 0.0003016630214487904,
        "probLengthConst": 2562.44440793039,
        "propVelocity": 1.0,
        "pt3dRelativeToCellLocation": true,
        "rand123GlobalIndex": null,
        "random123": false,
        "recordCells": [
            [
                "E",
                [
                    16,
                    79
                ]
            ],
            [
                "I",
                [
                    28,
                    1
                ]
            ]
        ],
        "recordCellsSpikes": -1,
        "recordDipole": false,
        "recordDipolesHNN": false,
        "recordLFP": [],
        "recordStep": 0.1,
        "recordStim": false,
        "recordTime": true,
        "recordTraces": {
            "soma_voltage": {
                "loc": 0.5,
                "sec": "soma",
                "var": "v"
            }
        },
        "saveCSV": false,
        "saveCellConns": true,
        "saveCellSecs": true,
        "saveDat": false,
        "saveDataInclude": [
            "simData",
            "simConfig",
            "netParams",
            "net"
        ],
        "saveDipoleCells": false,
        "saveDipolePops": false,
        "saveDpk": false,
        "saveFolder": "/pscratch/sd/a/adammwea/2DNetworkSimulations/NERSC/output/240527_Run3_this_should_work/gen_18",
        "saveHDF5": false,
        "saveJson": true,
        "saveLFPCells": false,
        "saveLFPPops": false,
        "saveMat": false,
        "savePickle": false,
        "saveTiming": false,
        "seeds": {
            "cell": 1,
            "conn": 1,
            "loc": 1,
            "stim": 1
        },
        "simLabel": "gen_18_cand_41",
        "tau1_exc": 4.373289647104293,
        "tau1_exc_std": 0.044571380606602026,
        "tau1_inh": 9.496381335113472,
        "tau1_inh_std": 0.45893728523222066,
        "tau2_exc": 0.7336493120243066,
        "tau2_exc_std": 0.6040221322160456,
        "tau2_inh": 9.428073000879259,
        "tau2_inh_std": 5.871625973075822,
        "timestampFilename": false,
        "timing": true,
        "tstop": 1000.0,
        "use_fast_imem": false,
        "validateNetParams": false,
        "verbose": false,
        "weightEE": 0.0986611251492937,
        "weightEE_std": 0.12392189076278866,
        "weightEI": 0.12293191195638015,
        "weightEI_std": 0.21575461487189973,
        "weightIE": 0.9746231656361196,
        "weightIE_std": 0.0959936952473692,
        "weightII": 0.4179970277538216,
        "weightII_std": 0.16553865228015974
    }
}