{
    "simConfig": {
        "E_L_mean": 18.8,
        "E_L_stdev": 2.82620123159257,
        "E_Ra_mean": 128.0,
        "E_Ra_stdev": 33.22461491043558,
        "E_diam_mean": 18.8,
        "E_diam_stdev": 5.444512045558448,
        "I_L_mean": 9.0,
        "I_L_stdev": 1.7623952701397572,
        "I_Ra_mean": 110.0,
        "I_Ra_stdev": 6.276519586722362,
        "I_diam_mean": 10.0,
        "I_diam_stdev": 0.7009537698834847,
        "addSynMechs": true,
        "allowConnsWithWeight0": true,
        "allowSelfConns": false,
        "analysis": {},
        "backupCfgFile": [],
        "cache_efficient": true,
        "checkErrors": false,
        "compactConnFormat": false,
        "connRandomSecFromList": true,
        "coreneuron": false,
        "createNEURONObj": true,
        "createPyStruct": true,
        "cvode_active": false,
        "cvode_atol": 0.001,
        "distributeSynsUniformly": true,
        "dt": 0.025,
        "dump_coreneuron_model": false,
        "duration": 1000.0,
        "duration_seconds": 90.0,
        "filename": "model_output",
        "gatherOnlySimData": false,
        "gkbar_E": 0.5095006561524652,
        "gkbar_E_std": 0.4347145515236222,
        "gkbar_I": 9.941444932695754,
        "gkbar_I_std": 2.4358035021865505,
        "gnabar_E": 0.6068333574062845,
        "gnabar_E_std": 1.6628819437431133,
        "gnabar_I": 2.2914005175847727,
        "gnabar_I_std": 0.9657525112219867,
        "gpu": false,
        "hParams": {
            "celsius": 6.3,
            "clamp_resist": 0.001,
            "v_init": -65.0
        },
        "includeParamsLabel": true,
        "invertedYCoord": true,
        "networkType": "22May24",
        "oneSynPerNetcon": true,
        "printPopAvgRates": [
            100,
            1000.0
        ],
        "printRunTime": false,
        "printSynsAfterRule": false,
        "probEE": 0.15657314859972105,
        "probEE_std": 0.06591565465441232,
        "probEI": 0.5721490065029292,
        "probEI_std": 0.13540871924213255,
        "probIE": 0.24358295542924463,
        "probIE_std": 0.1140916814159883,
        "probII": 0.0015351068727840346,
        "probII_std": 0.11930391614771893,
        "probLengthConst": 2946.970682900118,
        "propVelocity": 1.0,
        "pt3dRelativeToCellLocation": true,
        "rand123GlobalIndex": null,
        "random123": false,
        "recordCells": [
            [
                "E",
                [
                    74,
                    47
                ]
            ],
            [
                "I",
                [
                    38,
                    3
                ]
            ]
        ],
        "recordCellsSpikes": -1,
        "recordDipole": false,
        "recordDipolesHNN": false,
        "recordLFP": [],
        "recordStep": 0.1,
        "recordStim": false,
        "recordTime": true,
        "recordTraces": {
            "soma_voltage": {
                "loc": 0.5,
                "sec": "soma",
                "var": "v"
            }
        },
        "saveCSV": false,
        "saveCellConns": true,
        "saveCellSecs": true,
        "saveDat": false,
        "saveDataInclude": [
            "simData",
            "simConfig",
            "netParams",
            "net"
        ],
        "saveDipoleCells": false,
        "saveDipolePops": false,
        "saveDpk": false,
        "saveFolder": "/pscratch/sd/a/adammwea/2DNetworkSimulations/NERSC/output/240528_Run1_this_does_work/gen_13",
        "saveHDF5": false,
        "saveJson": true,
        "saveLFPCells": false,
        "saveLFPPops": false,
        "saveMat": false,
        "savePickle": false,
        "saveTiming": false,
        "seeds": {
            "cell": 1,
            "conn": 1,
            "loc": 1,
            "stim": 1
        },
        "simLabel": "gen_13_cand_25",
        "tau1_exc": 7.450639017616665,
        "tau1_exc_std": 0.18311222958970097,
        "tau1_inh": 9.551449633610439,
        "tau1_inh_std": 0.20568219740387894,
        "tau2_exc": 4.888703019626289,
        "tau2_exc_std": 9.783912711912777,
        "tau2_inh": 16.23910318030893,
        "tau2_inh_std": 0.32209236575407285,
        "timestampFilename": false,
        "timing": true,
        "tstop": 1000.0,
        "use_fast_imem": false,
        "validateNetParams": false,
        "verbose": false,
        "weightEE": 1.4133979416085047,
        "weightEE_std": 0.20298026057482105,
        "weightEI": 0.22426360485907376,
        "weightEI_std": 0.29141214088637263,
        "weightIE": 0.9739897778059886,
        "weightIE_std": 0.04964339715464171,
        "weightII": 1.0407862037349922,
        "weightII_std": 0.186431441798237
    }
}