{
    "simConfig": {
        "E_L_mean": 18.8,
        "E_L_stdev": 7.580929216044302,
        "E_Ra_mean": 128.0,
        "E_Ra_stdev": 28.906849743873007,
        "E_diam_mean": 18.8,
        "E_diam_stdev": 1.0406235783801998,
        "I_L_mean": 9.0,
        "I_L_stdev": 2.1930625332511733,
        "I_Ra_mean": 110.0,
        "I_Ra_stdev": 2.3912203638028906,
        "I_diam_mean": 10.0,
        "I_diam_stdev": 2.3905562444180486,
        "addSynMechs": true,
        "allowConnsWithWeight0": true,
        "allowSelfConns": false,
        "analysis": {},
        "backupCfgFile": [],
        "cache_efficient": true,
        "checkErrors": false,
        "compactConnFormat": false,
        "connRandomSecFromList": true,
        "coreneuron": false,
        "createNEURONObj": true,
        "createPyStruct": true,
        "cvode_active": false,
        "cvode_atol": 0.001,
        "distributeSynsUniformly": true,
        "dt": 0.025,
        "dump_coreneuron_model": false,
        "duration": 1000.0,
        "duration_seconds": 90.0,
        "filename": "model_output",
        "gatherOnlySimData": false,
        "gkbar_E": 0.9835082798969172,
        "gkbar_E_std": 0.010721634533141844,
        "gkbar_I": 7.990360496775612,
        "gkbar_I_std": 3.26198239960455e-05,
        "gnabar_E": 5.095773100144033,
        "gnabar_E_std": 0.08296076760406546,
        "gnabar_I": 1.715588182876168,
        "gnabar_I_std": 0.313360565853225,
        "gpu": false,
        "hParams": {
            "celsius": 6.3,
            "clamp_resist": 0.001,
            "v_init": -65.0
        },
        "includeParamsLabel": true,
        "invertedYCoord": true,
        "networkType": "22May24",
        "oneSynPerNetcon": true,
        "printPopAvgRates": [
            100,
            1000.0
        ],
        "printRunTime": false,
        "printSynsAfterRule": false,
        "probEE": 0.06659815846230999,
        "probEE_std": 0.21975508274360497,
        "probEI": 0.9287484229476463,
        "probEI_std": 0.13618121493152233,
        "probIE": 0.7225692765510083,
        "probIE_std": 0.46063407864031464,
        "probII": 0.5514698483616314,
        "probII_std": 0.3458518903036876,
        "probLengthConst": 2984.1198391876383,
        "propVelocity": 1.0,
        "pt3dRelativeToCellLocation": true,
        "rand123GlobalIndex": null,
        "random123": false,
        "recordCells": [
            [
                "E",
                [
                    74,
                    47
                ]
            ],
            [
                "I",
                [
                    38,
                    3
                ]
            ]
        ],
        "recordCellsSpikes": -1,
        "recordDipole": false,
        "recordDipolesHNN": false,
        "recordLFP": [],
        "recordStep": 0.1,
        "recordStim": false,
        "recordTime": true,
        "recordTraces": {
            "soma_voltage": {
                "loc": 0.5,
                "sec": "soma",
                "var": "v"
            }
        },
        "saveCSV": false,
        "saveCellConns": true,
        "saveCellSecs": true,
        "saveDat": false,
        "saveDataInclude": [
            "simData",
            "simConfig",
            "netParams",
            "net"
        ],
        "saveDipoleCells": false,
        "saveDipolePops": false,
        "saveDpk": false,
        "saveFolder": "/pscratch/sd/a/adammwea/2DNetworkSimulations/NERSC/output/240528_Run1_this_does_work/gen_14",
        "saveHDF5": false,
        "saveJson": true,
        "saveLFPCells": false,
        "saveLFPPops": false,
        "saveMat": false,
        "savePickle": false,
        "saveTiming": false,
        "seeds": {
            "cell": 1,
            "conn": 1,
            "loc": 1,
            "stim": 1
        },
        "simLabel": "gen_14_cand_17",
        "tau1_exc": 7.097882695036049,
        "tau1_exc_std": 2.041612195853255,
        "tau1_inh": 1.568182302104884,
        "tau1_inh_std": 3.3172609025996422,
        "tau2_exc": 27.869066832278097,
        "tau2_exc_std": 6.6040619118965065,
        "tau2_inh": 19.900940183296218,
        "tau2_inh_std": 2.4269454141899036,
        "timestampFilename": false,
        "timing": true,
        "tstop": 1000.0,
        "use_fast_imem": false,
        "validateNetParams": false,
        "verbose": false,
        "weightEE": 0.4779824029365632,
        "weightEE_std": 0.0005401653431235075,
        "weightEI": 1.2620345251602492,
        "weightEI_std": 0.11355329427235715,
        "weightIE": 0.11264701737119898,
        "weightIE_std": 0.2885442104219843,
        "weightII": 0.12066245004812845,
        "weightII_std": 0.040931738050690766
    }
}