{
    "rate_fitness": 1000.0,
    "BurstVal_fitness": 7.722156720423941,
    "IBI_fitness": 3.3156788703174005,
    "baselineFitness": 1000,
    "slopeFitness": 1.0001160054739038,
    "baseline_diff_fitness": 1000,
    "burst_peak_frequency": 1000,
    "fitness": 573.1482787994594,
    "average_scaled_fitness": 572.7209501829336,
    "maxFitness": 1000
}