{
    "simConfig": {
        "E_L_mean": 18.8,
        "E_L_stdev": 9.35182969947333,
        "E_Ra_mean": 128.0,
        "E_Ra_stdev": 0.8991630200529068,
        "E_diam_mean": 18.8,
        "E_diam_stdev": 5.3982503331713545,
        "I_L_mean": 9.0,
        "I_L_stdev": 2.480780657209575,
        "I_Ra_mean": 110.0,
        "I_Ra_stdev": 54.18629246155197,
        "I_diam_mean": 10.0,
        "I_diam_stdev": 2.743551726288863,
        "addSynMechs": true,
        "allowConnsWithWeight0": true,
        "allowSelfConns": false,
        "analysis": {},
        "backupCfgFile": [],
        "cache_efficient": true,
        "checkErrors": false,
        "compactConnFormat": false,
        "connRandomSecFromList": true,
        "coreneuron": false,
        "createNEURONObj": true,
        "createPyStruct": true,
        "cvode_active": false,
        "cvode_atol": 0.001,
        "distributeSynsUniformly": true,
        "dt": 0.025,
        "dump_coreneuron_model": false,
        "duration": 1000.0,
        "duration_seconds": 300.0,
        "filename": "model_output",
        "gatherOnlySimData": false,
        "gkbar_E": 0.9479180276313149,
        "gkbar_E_std": 0.49943255602254605,
        "gkbar_I": 1.146432645238906,
        "gkbar_I_std": 0.7678055605129419,
        "gnabar_E": 0.875051599163843,
        "gnabar_E_std": 1.3206074216115682,
        "gnabar_I": 2.043578980637521,
        "gnabar_I_std": 0.050494189379183055,
        "gpu": false,
        "hParams": {
            "celsius": 6.3,
            "clamp_resist": 0.001,
            "v_init": -65.0
        },
        "includeParamsLabel": true,
        "invertedYCoord": true,
        "networkType": "22May24",
        "oneSynPerNetcon": true,
        "printPopAvgRates": [
            100,
            1000.0
        ],
        "printRunTime": false,
        "printSynsAfterRule": false,
        "probEE": 0.032352062653551394,
        "probEE_std": 0.4280390531946089,
        "probEI": 0.958427783782279,
        "probEI_std": 0.05802830283174856,
        "probIE": 0.39675684262219524,
        "probIE_std": 0.1676643122077196,
        "probII": 0.3504239841568496,
        "probII_std": 0.39608191348654503,
        "probLengthConst": 381.201669045935,
        "propVelocity": 1.0,
        "pt3dRelativeToCellLocation": true,
        "rand123GlobalIndex": null,
        "random123": false,
        "recordCells": [
            [
                "E",
                [
                    65,
                    58
                ]
            ],
            [
                "I",
                [
                    22,
                    34
                ]
            ]
        ],
        "recordCellsSpikes": -1,
        "recordDipole": false,
        "recordDipolesHNN": false,
        "recordLFP": [],
        "recordStep": 0.1,
        "recordStim": false,
        "recordTime": true,
        "recordTraces": {
            "soma_voltage": {
                "loc": 0.5,
                "sec": "soma",
                "var": "v"
            }
        },
        "saveCSV": false,
        "saveCellConns": true,
        "saveCellSecs": true,
        "saveDat": false,
        "saveDataInclude": [
            "simData",
            "simConfig",
            "netParams",
            "net"
        ],
        "saveDipoleCells": false,
        "saveDipolePops": false,
        "saveDpk": false,
        "saveFolder": "/pscratch/sd/a/adammwea/2DNetworkSimulations/NERSC/output/240530_Run1_8nodes/gen_4",
        "saveHDF5": false,
        "saveJson": true,
        "saveLFPCells": false,
        "saveLFPPops": false,
        "saveMat": false,
        "savePickle": false,
        "saveTiming": false,
        "seeds": {
            "cell": 1,
            "conn": 1,
            "loc": 1,
            "stim": 1
        },
        "simLabel": "gen_4_cand_30",
        "tau1_exc": 0.2017887154975242,
        "tau1_exc_std": 1.230591006576648,
        "tau1_inh": 0.4821682712520472,
        "tau1_inh_std": 2.960949037145547,
        "tau2_exc": 10.455565333232148,
        "tau2_exc_std": 0.7981320289314818,
        "tau2_inh": 11.146747940347847,
        "tau2_inh_std": 0.11096488419127273,
        "timestampFilename": false,
        "timing": true,
        "tstop": 1000.0,
        "use_fast_imem": false,
        "validateNetParams": false,
        "verbose": false,
        "weightEE": 1.4716901556668835,
        "weightEE_std": 0.023339044739167245,
        "weightEI": 0.9303307099329376,
        "weightEI_std": 0.0025607970568489596,
        "weightIE": 0.2604134703624559,
        "weightIE_std": 0.12724934390977322,
        "weightII": 1.4806508916148693,
        "weightII_std": 0.22053473349045832
    }
}