{
    "simConfig": {
        "E_L_mean": 18.8,
        "E_L_stdev": 8.670449976780054,
        "E_Ra_mean": 128.0,
        "E_Ra_stdev": 20.672912604713467,
        "E_diam_mean": 18.8,
        "E_diam_stdev": 2.750370210883001,
        "I_L_mean": 9.0,
        "I_L_stdev": 0.054192681948761375,
        "I_Ra_mean": 110.0,
        "I_Ra_stdev": 4.785000297094797,
        "I_diam_mean": 10.0,
        "I_diam_stdev": 0.8423342364696818,
        "addSynMechs": true,
        "allowConnsWithWeight0": true,
        "allowSelfConns": false,
        "analysis": {},
        "backupCfgFile": [],
        "cache_efficient": true,
        "checkErrors": false,
        "compactConnFormat": false,
        "connRandomSecFromList": true,
        "coreneuron": false,
        "createNEURONObj": true,
        "createPyStruct": true,
        "cvode_active": false,
        "cvode_atol": 0.001,
        "distributeSynsUniformly": true,
        "dt": 0.025,
        "dump_coreneuron_model": false,
        "duration": 1000.0,
        "duration_seconds": 300.0,
        "filename": "model_output",
        "gatherOnlySimData": false,
        "gkbar_E": 0.18971263985474163,
        "gkbar_E_std": 0.003908564854879715,
        "gkbar_I": 0.0953958811908386,
        "gkbar_I_std": 1.1773424878312393,
        "gnabar_E": 6.7596250046185595,
        "gnabar_E_std": 0.0007616483430809076,
        "gnabar_I": 3.6930764012091064,
        "gnabar_I_std": 0.08650348487993464,
        "gpu": false,
        "hParams": {
            "celsius": 6.3,
            "clamp_resist": 0.001,
            "v_init": -65.0
        },
        "includeParamsLabel": true,
        "invertedYCoord": true,
        "networkType": "22May24",
        "oneSynPerNetcon": true,
        "printPopAvgRates": [
            100,
            1000.0
        ],
        "printRunTime": false,
        "printSynsAfterRule": false,
        "probEE": 0.4484635548973196,
        "probEE_std": 0.1760397275829747,
        "probEI": 0.9444167380062188,
        "probEI_std": 0.3199189190670176,
        "probIE": 0.01322894810322745,
        "probIE_std": 0.3187781513241935,
        "probII": 0.10516390938556548,
        "probII_std": 0.33262304038410956,
        "probLengthConst": 2807.574663271483,
        "propVelocity": 1.0,
        "pt3dRelativeToCellLocation": true,
        "rand123GlobalIndex": null,
        "random123": false,
        "recordCells": [
            [
                "E",
                [
                    65,
                    58
                ]
            ],
            [
                "I",
                [
                    22,
                    34
                ]
            ]
        ],
        "recordCellsSpikes": -1,
        "recordDipole": false,
        "recordDipolesHNN": false,
        "recordLFP": [],
        "recordStep": 0.1,
        "recordStim": false,
        "recordTime": true,
        "recordTraces": {
            "soma_voltage": {
                "loc": 0.5,
                "sec": "soma",
                "var": "v"
            }
        },
        "saveCSV": false,
        "saveCellConns": true,
        "saveCellSecs": true,
        "saveDat": false,
        "saveDataInclude": [
            "simData",
            "simConfig",
            "netParams",
            "net"
        ],
        "saveDipoleCells": false,
        "saveDipolePops": false,
        "saveDpk": false,
        "saveFolder": "/pscratch/sd/a/adammwea/2DNetworkSimulations/NERSC/output/240530_Run1_8nodes/gen_4",
        "saveHDF5": false,
        "saveJson": true,
        "saveLFPCells": false,
        "saveLFPPops": false,
        "saveMat": false,
        "savePickle": false,
        "saveTiming": false,
        "seeds": {
            "cell": 1,
            "conn": 1,
            "loc": 1,
            "stim": 1
        },
        "simLabel": "gen_4_cand_18",
        "tau1_exc": 4.88232021111742,
        "tau1_exc_std": 0.26913421003521737,
        "tau1_inh": 9.627440235638922,
        "tau1_inh_std": 3.252044074564246,
        "tau2_exc": 26.40667418830574,
        "tau2_exc_std": 8.524154475685851,
        "tau2_inh": 9.181758389821262,
        "tau2_inh_std": 4.09044314565414,
        "timestampFilename": false,
        "timing": true,
        "tstop": 1000.0,
        "use_fast_imem": false,
        "validateNetParams": false,
        "verbose": false,
        "weightEE": 1.945006900830619,
        "weightEE_std": 0.4997544201760652,
        "weightEI": 1.512139979686529,
        "weightEI_std": 0.329399445210602,
        "weightIE": 0.6973367189242823,
        "weightIE_std": 0.19978082029417862,
        "weightII": 1.803518480055215,
        "weightII_std": 0.24454108995078952
    }
}