{
    "simConfig": {
        "E_L_mean": 18.8,
        "E_L_stdev": 5.565394295420444,
        "E_Ra_mean": 128.0,
        "E_Ra_stdev": 48.688829652420736,
        "E_diam_mean": 18.8,
        "E_diam_stdev": 0.9016770614608471,
        "I_L_mean": 9.0,
        "I_L_stdev": 0.16053407941317543,
        "I_Ra_mean": 110.0,
        "I_Ra_stdev": 51.36941897162441,
        "I_diam_mean": 10.0,
        "I_diam_stdev": 1.336708270212851,
        "addSynMechs": true,
        "allowConnsWithWeight0": true,
        "allowSelfConns": false,
        "analysis": {},
        "backupCfgFile": [],
        "cache_efficient": true,
        "checkErrors": false,
        "compactConnFormat": false,
        "connRandomSecFromList": true,
        "coreneuron": false,
        "createNEURONObj": true,
        "createPyStruct": true,
        "cvode_active": false,
        "cvode_atol": 0.001,
        "distributeSynsUniformly": true,
        "dt": 0.025,
        "dump_coreneuron_model": false,
        "duration": 1000.0,
        "duration_seconds": 330.0,
        "filename": "model_output",
        "gatherOnlySimData": false,
        "gkbar_E": 0.8990876484088917,
        "gkbar_E_std": 0.4760081861279824,
        "gkbar_I": 0.001011721068526397,
        "gkbar_I_std": 1.226777720408089,
        "gnabar_E": 2.762625514195761,
        "gnabar_E_std": 0.2169720061127336,
        "gnabar_I": 2.0790658661199375,
        "gnabar_I_std": 0.03743343393980417,
        "gpu": false,
        "hParams": {
            "celsius": 6.3,
            "clamp_resist": 0.001,
            "v_init": -65.0
        },
        "includeParamsLabel": true,
        "invertedYCoord": true,
        "networkType": "22May24",
        "oneSynPerNetcon": true,
        "printPopAvgRates": [
            100,
            1000.0
        ],
        "printRunTime": false,
        "printSynsAfterRule": false,
        "probEE": 0.7440011266732894,
        "probEE_std": 0.13956194714193398,
        "probEI": 0.33104569191309596,
        "probEI_std": 0.06093049177652862,
        "probIE": 0.33944525793273933,
        "probIE_std": 0.3598474180790508,
        "probII": 0.18036287537558213,
        "probII_std": 0.16824322059143204,
        "probLengthConst": 2096.0782576704632,
        "propVelocity": 1.0,
        "pt3dRelativeToCellLocation": true,
        "rand123GlobalIndex": null,
        "random123": false,
        "recordCells": [
            [
                "E",
                [
                    68,
                    13
                ]
            ],
            [
                "I",
                [
                    4,
                    5
                ]
            ]
        ],
        "recordCellsSpikes": -1,
        "recordDipole": false,
        "recordDipolesHNN": false,
        "recordLFP": [],
        "recordStep": 0.1,
        "recordStim": false,
        "recordTime": true,
        "recordTraces": {
            "soma_voltage": {
                "loc": 0.5,
                "sec": "soma",
                "var": "v"
            }
        },
        "saveCSV": false,
        "saveCellConns": true,
        "saveCellSecs": true,
        "saveDat": false,
        "saveDataInclude": [
            "simData",
            "simConfig",
            "netParams",
            "net"
        ],
        "saveDipoleCells": false,
        "saveDipolePops": false,
        "saveDpk": false,
        "saveFolder": "/pscratch/sd/a/adammwea/2DNetworkSimulations/NERSC/output/240604_Run1_24n24hr/gen_5",
        "saveHDF5": false,
        "saveJson": true,
        "saveLFPCells": false,
        "saveLFPPops": false,
        "saveMat": false,
        "savePickle": false,
        "saveTiming": false,
        "seeds": {
            "cell": 1,
            "conn": 1,
            "loc": 1,
            "stim": 1
        },
        "simLabel": "gen_5_cand_216",
        "tau1_exc": 4.837437278071246,
        "tau1_exc_std": 1.9283372258026268,
        "tau1_inh": 3.530915322994715,
        "tau1_inh_std": 0.07646921432114501,
        "tau2_exc": 21.3227217438279,
        "tau2_exc_std": 7.401532383583061,
        "tau2_inh": 18.994040390756886,
        "tau2_inh_std": 9.99680003456051,
        "timestampFilename": false,
        "timing": true,
        "tstop": 1000.0,
        "use_fast_imem": false,
        "validateNetParams": false,
        "verbose": false,
        "weightEE": 0.13924672113776215,
        "weightEE_std": 0.4398027662447217,
        "weightEI": 1.424988893173457,
        "weightEI_std": 0.1696386155198551,
        "weightIE": 0.331800521251151,
        "weightIE_std": 0.2981164946617213,
        "weightII": 0.24155195954857134,
        "weightII_std": 0.18207431787160794
    }
}