{
    "simConfig": {
        "E_L_mean": 18.8,
        "E_L_stdev": 9.19462701299777,
        "E_Ra_mean": 128.0,
        "E_Ra_stdev": 62.83791253308745,
        "E_diam_mean": 18.8,
        "E_diam_stdev": 0.2111505423427124,
        "I_L_mean": 9.0,
        "I_L_stdev": 1.4968258298762902,
        "I_Ra_mean": 110.0,
        "I_Ra_stdev": 1.7467655470404324,
        "I_diam_mean": 10.0,
        "I_diam_stdev": 1.3200650583828484,
        "addSynMechs": true,
        "allowConnsWithWeight0": true,
        "allowSelfConns": false,
        "analysis": {},
        "backupCfgFile": [],
        "cache_efficient": true,
        "checkErrors": false,
        "compactConnFormat": false,
        "connRandomSecFromList": true,
        "coreneuron": false,
        "createNEURONObj": true,
        "createPyStruct": true,
        "cvode_active": false,
        "cvode_atol": 0.001,
        "distributeSynsUniformly": true,
        "dt": 0.025,
        "dump_coreneuron_model": false,
        "duration": 1000.0,
        "duration_seconds": 90.0,
        "filename": "model_output",
        "gatherOnlySimData": false,
        "gkbar_E": 0.7077322888015741,
        "gkbar_E_std": 0.0008874914097397866,
        "gkbar_I": 9.883486106823952,
        "gkbar_I_std": 0.7179774949546536,
        "gnabar_E": 2.683981858207527,
        "gnabar_E_std": 0.7961226727468279,
        "gnabar_I": 0.266150952320881,
        "gnabar_I_std": 0.5713612265736381,
        "gpu": false,
        "hParams": {
            "celsius": 6.3,
            "clamp_resist": 0.001,
            "v_init": -65.0
        },
        "includeParamsLabel": true,
        "invertedYCoord": true,
        "networkType": "22May24",
        "oneSynPerNetcon": true,
        "printPopAvgRates": [
            100,
            1000.0
        ],
        "printRunTime": false,
        "printSynsAfterRule": false,
        "probEE": 0.2047599178022871,
        "probEE_std": 0.013317404763810717,
        "probEI": 0.5147082630932894,
        "probEI_std": 0.38394854787143917,
        "probIE": 0.01870781416731358,
        "probIE_std": 0.023426080607939437,
        "probII": 0.7338832082004545,
        "probII_std": 0.3796593553434183,
        "probLengthConst": 236.5111178209188,
        "propVelocity": 1.0,
        "pt3dRelativeToCellLocation": true,
        "rand123GlobalIndex": null,
        "random123": false,
        "recordCells": [
            [
                "E",
                [
                    74,
                    47
                ]
            ],
            [
                "I",
                [
                    38,
                    3
                ]
            ]
        ],
        "recordCellsSpikes": -1,
        "recordDipole": false,
        "recordDipolesHNN": false,
        "recordLFP": [],
        "recordStep": 0.1,
        "recordStim": false,
        "recordTime": true,
        "recordTraces": {
            "soma_voltage": {
                "loc": 0.5,
                "sec": "soma",
                "var": "v"
            }
        },
        "saveCSV": false,
        "saveCellConns": true,
        "saveCellSecs": true,
        "saveDat": false,
        "saveDataInclude": [
            "simData",
            "simConfig",
            "netParams",
            "net"
        ],
        "saveDipoleCells": false,
        "saveDipolePops": false,
        "saveDpk": false,
        "saveFolder": "/pscratch/sd/a/adammwea/2DNetworkSimulations/NERSC/output/240528_Run1_this_does_work/gen_4",
        "saveHDF5": false,
        "saveJson": true,
        "saveLFPCells": false,
        "saveLFPPops": false,
        "saveMat": false,
        "savePickle": false,
        "saveTiming": false,
        "seeds": {
            "cell": 1,
            "conn": 1,
            "loc": 1,
            "stim": 1
        },
        "simLabel": "gen_4_cand_52",
        "tau1_exc": 1.0092555461755532,
        "tau1_exc_std": 3.251939732249306,
        "tau1_inh": 0.003939416702517808,
        "tau1_inh_std": 0.7142409605193292,
        "tau2_exc": 23.600904020787848,
        "tau2_exc_std": 9.717528268134597,
        "tau2_inh": 0.3309802046876756,
        "tau2_inh_std": 1.9239684402293555,
        "timestampFilename": false,
        "timing": true,
        "tstop": 1000.0,
        "use_fast_imem": false,
        "validateNetParams": false,
        "verbose": false,
        "weightEE": 0.8278342948426365,
        "weightEE_std": 0.18521926590178148,
        "weightEI": 0.0033832570533069853,
        "weightEI_std": 0.3250910399432034,
        "weightIE": 0.0656487672521986,
        "weightIE_std": 0.3079429208190663,
        "weightII": 1.4094756523200214,
        "weightII_std": 0.22887311848033395
    }
}