{"rate_fitness": 1000.0, "BurstVal_fitness": 3.6875603925673905, "IBI_fitness": 3.915723051992722, "baselineFitness": 1.2981838609401812, "slopeFitness": 1.007821293317363, "baseline_diff_fitness": 1000, "burst_peak_frequency": 1000, "fitness": 429.9870412284025, "average_scaled_fitness": 429.4119904826994, "maxFitness": 1000}