{
    "simConfig": {
        "E_L_mean": 18.8,
        "E_L_stdev": 2.1596364654312232,
        "E_Ra_mean": 128.0,
        "E_Ra_stdev": 12.91506937016545,
        "E_diam_mean": 18.8,
        "E_diam_stdev": 5.7793450352965605,
        "I_L_mean": 9.0,
        "I_L_stdev": 1.8476907171031562,
        "I_Ra_mean": 110.0,
        "I_Ra_stdev": 36.66413625225431,
        "I_diam_mean": 10.0,
        "I_diam_stdev": 0.7996214563947949,
        "addSynMechs": true,
        "allowConnsWithWeight0": true,
        "allowSelfConns": false,
        "analysis": {},
        "backupCfgFile": [],
        "cache_efficient": true,
        "checkErrors": false,
        "compactConnFormat": false,
        "connRandomSecFromList": true,
        "coreneuron": false,
        "createNEURONObj": true,
        "createPyStruct": true,
        "cvode_active": false,
        "cvode_atol": 0.001,
        "distributeSynsUniformly": true,
        "dt": 0.025,
        "dump_coreneuron_model": false,
        "duration": 1000.0,
        "duration_seconds": 60.0,
        "filename": "model_output",
        "gatherOnlySimData": false,
        "gkbar_E": 0.0038188197370975473,
        "gkbar_E_std": 0.006350087338750818,
        "gkbar_I": 6.06037348072338,
        "gkbar_I_std": 2.4084546045428605,
        "gnabar_E": 2.025497308037674,
        "gnabar_E_std": 1.537673849148695,
        "gnabar_I": 2.993292173292061,
        "gnabar_I_std": 0.4497620123199313,
        "gpu": false,
        "hParams": {
            "celsius": 6.3,
            "clamp_resist": 0.001,
            "v_init": -65.0
        },
        "includeParamsLabel": true,
        "invertedYCoord": true,
        "networkType": "22May24",
        "oneSynPerNetcon": true,
        "printPopAvgRates": [
            100,
            1000.0
        ],
        "printRunTime": false,
        "printSynsAfterRule": false,
        "probEE": 0.0786606172285983,
        "probEE_std": 0.1789604506688136,
        "probEI": 0.1377328924774704,
        "probEI_std": 0.33222794798481736,
        "probIE": 0.5654704995946276,
        "probIE_std": 0.28693700408245276,
        "probII": 0.9726923700615342,
        "probII_std": 0.02770990533239548,
        "probLengthConst": 138.55214938254136,
        "propVelocity": 1.0,
        "pt3dRelativeToCellLocation": true,
        "rand123GlobalIndex": null,
        "random123": false,
        "recordCells": [
            [
                "E",
                [
                    16,
                    79
                ]
            ],
            [
                "I",
                [
                    28,
                    1
                ]
            ]
        ],
        "recordCellsSpikes": -1,
        "recordDipole": false,
        "recordDipolesHNN": false,
        "recordLFP": [],
        "recordStep": 0.1,
        "recordStim": false,
        "recordTime": true,
        "recordTraces": {
            "soma_voltage": {
                "loc": 0.5,
                "sec": "soma",
                "var": "v"
            }
        },
        "saveCSV": false,
        "saveCellConns": true,
        "saveCellSecs": true,
        "saveDat": false,
        "saveDataInclude": [
            "simData",
            "simConfig",
            "netParams",
            "net"
        ],
        "saveDipoleCells": false,
        "saveDipolePops": false,
        "saveDpk": false,
        "saveFolder": "/pscratch/sd/a/adammwea/2DNetworkSimulations/NERSC/output/240527_Run3_this_should_work/gen_9",
        "saveHDF5": false,
        "saveJson": true,
        "saveLFPCells": false,
        "saveLFPPops": false,
        "saveMat": false,
        "savePickle": false,
        "saveTiming": false,
        "seeds": {
            "cell": 1,
            "conn": 1,
            "loc": 1,
            "stim": 1
        },
        "simLabel": "gen_9_cand_29",
        "tau1_exc": 9.633053564018857,
        "tau1_exc_std": 1.2765944448757902,
        "tau1_inh": 9.891102249352329,
        "tau1_inh_std": 0.40037534094570554,
        "tau2_exc": 17.826540209457907,
        "tau2_exc_std": 1.6431088060839663,
        "tau2_inh": 0.1928408286726301,
        "tau2_inh_std": 4.676755651775698,
        "timestampFilename": false,
        "timing": true,
        "tstop": 1000.0,
        "use_fast_imem": false,
        "validateNetParams": false,
        "verbose": false,
        "weightEE": 0.09939587116173404,
        "weightEE_std": 0.18552320522584112,
        "weightEI": 0.9824149288204806,
        "weightEI_std": 0.003117234997575078,
        "weightIE": 0.9241047016947275,
        "weightIE_std": 0.19688000905312333,
        "weightII": 0.23366128026580865,
        "weightII_std": 4.323840772102064e-05
    }
}