{
    "simConfig": {
        "E_L_mean": 18.8,
        "E_L_stdev": 3.435806831580048,
        "E_Ra_mean": 128.0,
        "E_Ra_stdev": 39.41001482870782,
        "E_diam_mean": 18.8,
        "E_diam_stdev": 6.265381801549824,
        "I_L_mean": 9.0,
        "I_L_stdev": 0.10934283517801413,
        "I_Ra_mean": 110.0,
        "I_Ra_stdev": 21.6501007768097,
        "I_diam_mean": 10.0,
        "I_diam_stdev": 0.9080558042992801,
        "addSynMechs": true,
        "allowConnsWithWeight0": true,
        "allowSelfConns": false,
        "analysis": {},
        "backupCfgFile": [],
        "cache_efficient": true,
        "checkErrors": false,
        "compactConnFormat": false,
        "connRandomSecFromList": true,
        "coreneuron": false,
        "createNEURONObj": true,
        "createPyStruct": true,
        "cvode_active": false,
        "cvode_atol": 0.001,
        "distributeSynsUniformly": true,
        "dt": 0.025,
        "dump_coreneuron_model": false,
        "duration": 1000.0,
        "duration_seconds": 60.0,
        "filename": "model_output",
        "gatherOnlySimData": false,
        "gkbar_E": 0.9108623747759443,
        "gkbar_E_std": 0.2636352361467578,
        "gkbar_I": 7.264480727801058,
        "gkbar_I_std": 1.9634834311001752,
        "gnabar_E": 4.2319538670349734,
        "gnabar_E_std": 0.018220985658024658,
        "gnabar_I": 1.3848099674472802,
        "gnabar_I_std": 0.8114305873885573,
        "gpu": false,
        "hParams": {
            "celsius": 6.3,
            "clamp_resist": 0.001,
            "v_init": -65.0
        },
        "includeParamsLabel": true,
        "invertedYCoord": true,
        "networkType": "22May24",
        "oneSynPerNetcon": true,
        "printPopAvgRates": [
            100,
            1000.0
        ],
        "printRunTime": false,
        "printSynsAfterRule": false,
        "probEE": 0.4304029348441999,
        "probEE_std": 0.0054409837893355205,
        "probEI": 0.014390820661935227,
        "probEI_std": 0.12306027578042171,
        "probIE": 0.7523845741190109,
        "probIE_std": 0.30465875164092343,
        "probII": 0.010961841785172788,
        "probII_std": 0.24261775659542487,
        "probLengthConst": 1096.6211531691376,
        "propVelocity": 1.0,
        "pt3dRelativeToCellLocation": true,
        "rand123GlobalIndex": null,
        "random123": false,
        "recordCells": [
            [
                "E",
                [
                    16,
                    79
                ]
            ],
            [
                "I",
                [
                    28,
                    1
                ]
            ]
        ],
        "recordCellsSpikes": -1,
        "recordDipole": false,
        "recordDipolesHNN": false,
        "recordLFP": [],
        "recordStep": 0.1,
        "recordStim": false,
        "recordTime": true,
        "recordTraces": {
            "soma_voltage": {
                "loc": 0.5,
                "sec": "soma",
                "var": "v"
            }
        },
        "saveCSV": false,
        "saveCellConns": true,
        "saveCellSecs": true,
        "saveDat": false,
        "saveDataInclude": [
            "simData",
            "simConfig",
            "netParams",
            "net"
        ],
        "saveDipoleCells": false,
        "saveDipolePops": false,
        "saveDpk": false,
        "saveFolder": "/pscratch/sd/a/adammwea/2DNetworkSimulations/NERSC/output/240527_Run3_this_should_work/gen_9",
        "saveHDF5": false,
        "saveJson": true,
        "saveLFPCells": false,
        "saveLFPPops": false,
        "saveMat": false,
        "savePickle": false,
        "saveTiming": false,
        "seeds": {
            "cell": 1,
            "conn": 1,
            "loc": 1,
            "stim": 1
        },
        "simLabel": "gen_9_cand_19",
        "tau1_exc": 2.339898949990864,
        "tau1_exc_std": 1.588751075684436,
        "tau1_inh": 9.223589017267274,
        "tau1_inh_std": 0.8008287102364546,
        "tau2_exc": 1.8469869289126057,
        "tau2_exc_std": 6.421554624489257,
        "tau2_inh": 0.8838270084074024,
        "tau2_inh_std": 3.1327107150132747,
        "timestampFilename": false,
        "timing": true,
        "tstop": 1000.0,
        "use_fast_imem": false,
        "validateNetParams": false,
        "verbose": false,
        "weightEE": 0.853593594078577,
        "weightEE_std": 0.1345588311606381,
        "weightEI": 0.05478650735473921,
        "weightEI_std": 0.3273292677675009,
        "weightIE": 0.8902586113616411,
        "weightIE_std": 0.3067356994282466,
        "weightII": 0.013546757387369976,
        "weightII_std": 0.1017433874409568
    }
}