{
    "simConfig": {
        "E_L_mean": 18.8,
        "E_L_stdev": 3.597901922851949,
        "E_Ra_mean": 128.0,
        "E_Ra_stdev": 13.251326909667068,
        "E_diam_mean": 18.8,
        "E_diam_stdev": 0.15126400444909838,
        "I_L_mean": 9.0,
        "I_L_stdev": 2.3311223782229686,
        "I_Ra_mean": 110.0,
        "I_Ra_stdev": 18.250948994370304,
        "I_diam_mean": 10.0,
        "I_diam_stdev": 0.8174819361880558,
        "addSynMechs": true,
        "allowConnsWithWeight0": true,
        "allowSelfConns": false,
        "analysis": {},
        "backupCfgFile": [],
        "cache_efficient": true,
        "checkErrors": false,
        "compactConnFormat": false,
        "connRandomSecFromList": true,
        "coreneuron": false,
        "createNEURONObj": true,
        "createPyStruct": true,
        "cvode_active": false,
        "cvode_atol": 0.001,
        "distributeSynsUniformly": true,
        "dt": 0.025,
        "dump_coreneuron_model": false,
        "duration": 1000.0,
        "duration_seconds": 60.0,
        "filename": "model_output",
        "gatherOnlySimData": false,
        "gkbar_E": 0.9948134811187318,
        "gkbar_E_std": 0.15776568766244264,
        "gkbar_I": 0.040750957558328915,
        "gkbar_I_std": 0.18137054146180376,
        "gnabar_E": 0.03572524907137975,
        "gnabar_E_std": 1.1092821121694718,
        "gnabar_I": 0.5648136759827209,
        "gnabar_I_std": 0.022926478147258893,
        "gpu": false,
        "hParams": {
            "celsius": 6.3,
            "clamp_resist": 0.001,
            "v_init": -65.0
        },
        "includeParamsLabel": true,
        "invertedYCoord": true,
        "networkType": "22May24",
        "oneSynPerNetcon": true,
        "printPopAvgRates": [
            100,
            1000.0
        ],
        "printRunTime": false,
        "printSynsAfterRule": false,
        "probEE": 0.8632615140767161,
        "probEE_std": 0.31991389094554024,
        "probEI": 0.9107707677841081,
        "probEI_std": 0.14948901562102454,
        "probIE": 0.13987182647383692,
        "probIE_std": 0.00477520836221948,
        "probII": 0.14580744888300834,
        "probII_std": 0.0787594616908033,
        "probLengthConst": 188.08080666775618,
        "propVelocity": 1.0,
        "pt3dRelativeToCellLocation": true,
        "rand123GlobalIndex": null,
        "random123": false,
        "recordCells": [
            [
                "E",
                [
                    16,
                    79
                ]
            ],
            [
                "I",
                [
                    28,
                    1
                ]
            ]
        ],
        "recordCellsSpikes": -1,
        "recordDipole": false,
        "recordDipolesHNN": false,
        "recordLFP": [],
        "recordStep": 0.1,
        "recordStim": false,
        "recordTime": true,
        "recordTraces": {
            "soma_voltage": {
                "loc": 0.5,
                "sec": "soma",
                "var": "v"
            }
        },
        "saveCSV": false,
        "saveCellConns": true,
        "saveCellSecs": true,
        "saveDat": false,
        "saveDataInclude": [
            "simData",
            "simConfig",
            "netParams",
            "net"
        ],
        "saveDipoleCells": false,
        "saveDipolePops": false,
        "saveDpk": false,
        "saveFolder": "/pscratch/sd/a/adammwea/2DNetworkSimulations/NERSC/output/240527_Run3_this_should_work/gen_9",
        "saveHDF5": false,
        "saveJson": true,
        "saveLFPCells": false,
        "saveLFPPops": false,
        "saveMat": false,
        "savePickle": false,
        "saveTiming": false,
        "seeds": {
            "cell": 1,
            "conn": 1,
            "loc": 1,
            "stim": 1
        },
        "simLabel": "gen_9_cand_50",
        "tau1_exc": 2.081816989137283,
        "tau1_exc_std": 1.2442484637460485,
        "tau1_inh": 9.311571885768023,
        "tau1_inh_std": 2.2839413883170283,
        "tau2_exc": 9.647769063304715,
        "tau2_exc_std": 4.838080903686814,
        "tau2_inh": 2.3828649290036523,
        "tau2_inh_std": 5.49694735132649,
        "timestampFilename": false,
        "timing": true,
        "tstop": 1000.0,
        "use_fast_imem": false,
        "validateNetParams": false,
        "verbose": false,
        "weightEE": 0.9947557447803511,
        "weightEE_std": 0.24547878535421977,
        "weightEI": 0.996764549298455,
        "weightEI_std": 0.3296250842913231,
        "weightIE": 0.2071189239229892,
        "weightIE_std": 0.00045175377285082874,
        "weightII": 0.4555413407067171,
        "weightII_std": 0.026194954906362145
    }
}