{
    "simConfig": {
        "E_L_mean": 18.8,
        "E_L_stdev": 2.0022110383736074,
        "E_Ra_mean": 128.0,
        "E_Ra_stdev": 24.579320977977368,
        "E_diam_mean": 18.8,
        "E_diam_stdev": 3.08777754554145,
        "I_L_mean": 9.0,
        "I_L_stdev": 1.5429538293492566,
        "I_Ra_mean": 110.0,
        "I_Ra_stdev": 27.35322154741412,
        "I_diam_mean": 10.0,
        "I_diam_stdev": 0.1735668863571079,
        "addSynMechs": true,
        "allowConnsWithWeight0": true,
        "allowSelfConns": false,
        "analysis": {},
        "backupCfgFile": [],
        "cache_efficient": true,
        "checkErrors": false,
        "compactConnFormat": false,
        "connRandomSecFromList": true,
        "coreneuron": false,
        "createNEURONObj": true,
        "createPyStruct": true,
        "cvode_active": false,
        "cvode_atol": 0.001,
        "distributeSynsUniformly": true,
        "dt": 0.025,
        "dump_coreneuron_model": false,
        "duration": 1000.0,
        "duration_seconds": 330.0,
        "filename": "model_output",
        "gatherOnlySimData": false,
        "gkbar_E": 0.7163765554880834,
        "gkbar_E_std": 0.1250393825849389,
        "gkbar_I": 9.072824270573841,
        "gkbar_I_std": 0.8373356253123071,
        "gnabar_E": 1.3392615553323437,
        "gnabar_E_std": 0.9289877397482399,
        "gnabar_I": 0.8599541418788326,
        "gnabar_I_std": 0.013903535689808733,
        "gpu": false,
        "hParams": {
            "celsius": 6.3,
            "clamp_resist": 0.001,
            "v_init": -65.0
        },
        "includeParamsLabel": true,
        "invertedYCoord": true,
        "networkType": "22May24",
        "oneSynPerNetcon": true,
        "printPopAvgRates": [
            100,
            1000.0
        ],
        "printRunTime": false,
        "printSynsAfterRule": false,
        "probEE": 0.039747004738240416,
        "probEE_std": 0.3744789174994266,
        "probEI": 0.40341207130994616,
        "probEI_std": 0.21519252390594745,
        "probIE": 0.6170118133409775,
        "probIE_std": 0.15929584189765517,
        "probII": 0.6301862985364214,
        "probII_std": 0.245157082039609,
        "probLengthConst": 2390.2985659412343,
        "propVelocity": 1.0,
        "pt3dRelativeToCellLocation": true,
        "rand123GlobalIndex": null,
        "random123": false,
        "recordCells": [
            [
                "E",
                [
                    68,
                    13
                ]
            ],
            [
                "I",
                [
                    4,
                    5
                ]
            ]
        ],
        "recordCellsSpikes": -1,
        "recordDipole": false,
        "recordDipolesHNN": false,
        "recordLFP": [],
        "recordStep": 0.1,
        "recordStim": false,
        "recordTime": true,
        "recordTraces": {
            "soma_voltage": {
                "loc": 0.5,
                "sec": "soma",
                "var": "v"
            }
        },
        "saveCSV": false,
        "saveCellConns": true,
        "saveCellSecs": true,
        "saveDat": false,
        "saveDataInclude": [
            "simData",
            "simConfig",
            "netParams",
            "net"
        ],
        "saveDipoleCells": false,
        "saveDipolePops": false,
        "saveDpk": false,
        "saveFolder": "/pscratch/sd/a/adammwea/2DNetworkSimulations/NERSC/output/240604_Run1_24n24hr/gen_0",
        "saveHDF5": false,
        "saveJson": true,
        "saveLFPCells": false,
        "saveLFPPops": false,
        "saveMat": false,
        "savePickle": false,
        "saveTiming": false,
        "seeds": {
            "cell": 1,
            "conn": 1,
            "loc": 1,
            "stim": 1
        },
        "simLabel": "gen_0_cand_85",
        "tau1_exc": 5.496187057625225,
        "tau1_exc_std": 2.4337302932020766,
        "tau1_inh": 2.021299001808561,
        "tau1_inh_std": 1.8681690931756965,
        "tau2_exc": 21.948154881644477,
        "tau2_exc_std": 5.352321378314315,
        "tau2_inh": 8.455675360039427,
        "tau2_inh_std": 8.669071019956627,
        "timestampFilename": false,
        "timing": true,
        "tstop": 1000.0,
        "use_fast_imem": false,
        "validateNetParams": false,
        "verbose": false,
        "weightEE": 0.0496144814590449,
        "weightEE_std": 0.489176245360063,
        "weightEI": 1.2358804889170196,
        "weightEI_std": 0.08892460924442269,
        "weightIE": 0.49281625263965745,
        "weightIE_std": 0.11439572322118777,
        "weightII": 0.18559419794215604,
        "weightII_std": 0.134370605753381
    }
}