{
    "simConfig": {
        "E_L_mean": 18.8,
        "E_L_stdev": 5.595361791131503,
        "E_Ra_mean": 128.0,
        "E_Ra_stdev": 15.82784125794742,
        "E_diam_mean": 18.8,
        "E_diam_stdev": 4.0138228615582845,
        "I_L_mean": 9.0,
        "I_L_stdev": 1.92492583583907,
        "I_Ra_mean": 110.0,
        "I_Ra_stdev": 11.604929537337254,
        "I_diam_mean": 10.0,
        "I_diam_stdev": 2.4145157157487,
        "addSynMechs": true,
        "allowConnsWithWeight0": true,
        "allowSelfConns": false,
        "analysis": {},
        "backupCfgFile": [],
        "cache_efficient": true,
        "checkErrors": false,
        "compactConnFormat": false,
        "connRandomSecFromList": true,
        "coreneuron": false,
        "createNEURONObj": true,
        "createPyStruct": true,
        "cvode_active": false,
        "cvode_atol": 0.001,
        "distributeSynsUniformly": true,
        "dt": 0.025,
        "dump_coreneuron_model": false,
        "duration": 1000.0,
        "duration_seconds": 330.0,
        "filename": "model_output",
        "gatherOnlySimData": false,
        "gkbar_E": 0.5664177468775332,
        "gkbar_E_std": 0.153239728067191,
        "gkbar_I": 0.70769213653461,
        "gkbar_I_std": 1.7905778022197583,
        "gnabar_E": 4.951697590738775,
        "gnabar_E_std": 0.8094577924792106,
        "gnabar_I": 4.6021226888321145,
        "gnabar_I_std": 0.3265748703896355,
        "gpu": false,
        "hParams": {
            "celsius": 6.3,
            "clamp_resist": 0.001,
            "v_init": -65.0
        },
        "includeParamsLabel": true,
        "invertedYCoord": true,
        "networkType": "22May24",
        "oneSynPerNetcon": true,
        "printPopAvgRates": [
            100,
            1000.0
        ],
        "printRunTime": false,
        "printSynsAfterRule": false,
        "probEE": 0.512506485070853,
        "probEE_std": 0.4968491798102124,
        "probEI": 0.6210829947128018,
        "probEI_std": 0.4498360167979559,
        "probIE": 0.07468918506757125,
        "probIE_std": 0.12246181202279699,
        "probII": 0.37129054918796267,
        "probII_std": 0.13054635286734811,
        "probLengthConst": 2025.0667497321183,
        "propVelocity": 1.0,
        "pt3dRelativeToCellLocation": true,
        "rand123GlobalIndex": null,
        "random123": false,
        "recordCells": [
            [
                "E",
                [
                    68,
                    13
                ]
            ],
            [
                "I",
                [
                    4,
                    5
                ]
            ]
        ],
        "recordCellsSpikes": -1,
        "recordDipole": false,
        "recordDipolesHNN": false,
        "recordLFP": [],
        "recordStep": 0.1,
        "recordStim": false,
        "recordTime": true,
        "recordTraces": {
            "soma_voltage": {
                "loc": 0.5,
                "sec": "soma",
                "var": "v"
            }
        },
        "saveCSV": false,
        "saveCellConns": true,
        "saveCellSecs": true,
        "saveDat": false,
        "saveDataInclude": [
            "simData",
            "simConfig",
            "netParams",
            "net"
        ],
        "saveDipoleCells": false,
        "saveDipolePops": false,
        "saveDpk": false,
        "saveFolder": "/pscratch/sd/a/adammwea/2DNetworkSimulations/NERSC/output/240604_Run1_24n24hr/gen_0",
        "saveHDF5": false,
        "saveJson": true,
        "saveLFPCells": false,
        "saveLFPPops": false,
        "saveMat": false,
        "savePickle": false,
        "saveTiming": false,
        "seeds": {
            "cell": 1,
            "conn": 1,
            "loc": 1,
            "stim": 1
        },
        "simLabel": "gen_0_cand_501",
        "tau1_exc": 3.835073854683093,
        "tau1_exc_std": 2.14458768763579,
        "tau1_inh": 5.200165176017562,
        "tau1_inh_std": 2.5473422359314797,
        "tau2_exc": 11.76769087031365,
        "tau2_exc_std": 4.009717762693493,
        "tau2_inh": 13.545278193011288,
        "tau2_inh_std": 5.6840911340374785,
        "timestampFilename": false,
        "timing": true,
        "tstop": 1000.0,
        "use_fast_imem": false,
        "validateNetParams": false,
        "verbose": false,
        "weightEE": 1.9599261682642894,
        "weightEE_std": 0.174867961925248,
        "weightEI": 0.7845084683333561,
        "weightEI_std": 0.05050340037745774,
        "weightIE": 0.3783896074977363,
        "weightIE_std": 0.09872162568674925,
        "weightII": 0.13400629210171666,
        "weightII_std": 0.1241977652189254
    }
}