{
    "simConfig": {
        "E_L_mean": 18.8,
        "E_L_stdev": 0.6906463109601382,
        "E_Ra_mean": 128.0,
        "E_Ra_stdev": 59.57619519297913,
        "E_diam_mean": 18.8,
        "E_diam_stdev": 2.9518969415596734,
        "I_L_mean": 9.0,
        "I_L_stdev": 0.8322582081838409,
        "I_Ra_mean": 110.0,
        "I_Ra_stdev": 42.49673547854152,
        "I_diam_mean": 10.0,
        "I_diam_stdev": 2.9811823503067565,
        "addSynMechs": true,
        "allowConnsWithWeight0": true,
        "allowSelfConns": false,
        "analysis": {},
        "backupCfgFile": [],
        "cache_efficient": true,
        "checkErrors": false,
        "compactConnFormat": false,
        "connRandomSecFromList": true,
        "coreneuron": false,
        "createNEURONObj": true,
        "createPyStruct": true,
        "cvode_active": false,
        "cvode_atol": 0.001,
        "distributeSynsUniformly": true,
        "dt": 0.025,
        "dump_coreneuron_model": false,
        "duration": 1000.0,
        "duration_seconds": 330.0,
        "filename": "model_output",
        "gatherOnlySimData": false,
        "gkbar_E": 0.34603746451396766,
        "gkbar_E_std": 0.012216848337531283,
        "gkbar_I": 1.394874253818874,
        "gkbar_I_std": 0.3723307858138983,
        "gnabar_E": 1.9160217463978177,
        "gnabar_E_std": 1.2785313640457652,
        "gnabar_I": 0.20838948084749065,
        "gnabar_I_std": 0.41193073250443424,
        "gpu": false,
        "hParams": {
            "celsius": 6.3,
            "clamp_resist": 0.001,
            "v_init": -65.0
        },
        "includeParamsLabel": true,
        "invertedYCoord": true,
        "networkType": "22May24",
        "oneSynPerNetcon": true,
        "printPopAvgRates": [
            100,
            1000.0
        ],
        "printRunTime": false,
        "printSynsAfterRule": false,
        "probEE": 0.49489141880811127,
        "probEE_std": 0.22373814027511857,
        "probEI": 0.9164352998823353,
        "probEI_std": 0.3918953755317362,
        "probIE": 0.5124864910511718,
        "probIE_std": 0.23494489455793072,
        "probII": 0.41209072774777705,
        "probII_std": 0.2722325756070956,
        "probLengthConst": 2385.0056556681516,
        "propVelocity": 1.0,
        "pt3dRelativeToCellLocation": true,
        "rand123GlobalIndex": null,
        "random123": false,
        "recordCells": [
            [
                "E",
                [
                    68,
                    13
                ]
            ],
            [
                "I",
                [
                    4,
                    5
                ]
            ]
        ],
        "recordCellsSpikes": -1,
        "recordDipole": false,
        "recordDipolesHNN": false,
        "recordLFP": [],
        "recordStep": 0.1,
        "recordStim": false,
        "recordTime": true,
        "recordTraces": {
            "soma_voltage": {
                "loc": 0.5,
                "sec": "soma",
                "var": "v"
            }
        },
        "saveCSV": false,
        "saveCellConns": true,
        "saveCellSecs": true,
        "saveDat": false,
        "saveDataInclude": [
            "simData",
            "simConfig",
            "netParams",
            "net"
        ],
        "saveDipoleCells": false,
        "saveDipolePops": false,
        "saveDpk": false,
        "saveFolder": "/pscratch/sd/a/adammwea/2DNetworkSimulations/NERSC/output/240604_Run1_24n24hr/gen_0",
        "saveHDF5": false,
        "saveJson": true,
        "saveLFPCells": false,
        "saveLFPPops": false,
        "saveMat": false,
        "savePickle": false,
        "saveTiming": false,
        "seeds": {
            "cell": 1,
            "conn": 1,
            "loc": 1,
            "stim": 1
        },
        "simLabel": "gen_0_cand_480",
        "tau1_exc": 4.584408809467439,
        "tau1_exc_std": 0.6045816301109985,
        "tau1_inh": 7.828515664693269,
        "tau1_inh_std": 1.105003340900043,
        "tau2_exc": 6.714280695372825,
        "tau2_exc_std": 7.187733667402117,
        "tau2_inh": 7.758871256494491,
        "tau2_inh_std": 3.461080478124592,
        "timestampFilename": false,
        "timing": true,
        "tstop": 1000.0,
        "use_fast_imem": false,
        "validateNetParams": false,
        "verbose": false,
        "weightEE": 1.8647121765792891,
        "weightEE_std": 0.16850500716650063,
        "weightEI": 1.6818832044038272,
        "weightEI_std": 0.10981232694115997,
        "weightIE": 0.556650758879199,
        "weightIE_std": 0.20990530187951176,
        "weightII": 1.6878299740130607,
        "weightII_std": 0.04182947200326867
    }
}