{
    "simConfig": {
        "E_L_mean": 18.8,
        "E_L_stdev": 6.741106411716465,
        "E_Ra_mean": 128.0,
        "E_Ra_stdev": 42.90606493867864,
        "E_diam_mean": 18.8,
        "E_diam_stdev": 1.5444945473886966,
        "I_L_mean": 9.0,
        "I_L_stdev": 0.01963777836374081,
        "I_Ra_mean": 110.0,
        "I_Ra_stdev": 24.80931266311696,
        "I_diam_mean": 10.0,
        "I_diam_stdev": 3.0351411194683595,
        "addSynMechs": true,
        "allowConnsWithWeight0": true,
        "allowSelfConns": false,
        "analysis": {},
        "backupCfgFile": [],
        "cache_efficient": true,
        "checkErrors": false,
        "compactConnFormat": false,
        "connRandomSecFromList": true,
        "coreneuron": false,
        "createNEURONObj": true,
        "createPyStruct": true,
        "cvode_active": false,
        "cvode_atol": 0.001,
        "distributeSynsUniformly": true,
        "dt": 0.025,
        "dump_coreneuron_model": false,
        "duration": 1000.0,
        "duration_seconds": 330.0,
        "filename": "model_output",
        "gatherOnlySimData": false,
        "gkbar_E": 0.13686920253958312,
        "gkbar_E_std": 0.48162881517099776,
        "gkbar_I": 6.361194693995723,
        "gkbar_I_std": 0.9661511982342288,
        "gnabar_E": 1.7534156480843897,
        "gnabar_E_std": 0.6101445190169479,
        "gnabar_I": 0.5473451645701494,
        "gnabar_I_std": 0.18583170116584657,
        "gpu": false,
        "hParams": {
            "celsius": 6.3,
            "clamp_resist": 0.001,
            "v_init": -65.0
        },
        "includeParamsLabel": true,
        "invertedYCoord": true,
        "networkType": "22May24",
        "oneSynPerNetcon": true,
        "printPopAvgRates": [
            100,
            1000.0
        ],
        "printRunTime": false,
        "printSynsAfterRule": false,
        "probEE": 0.029622941655689156,
        "probEE_std": 0.21110115967120857,
        "probEI": 0.7221387122689645,
        "probEI_std": 0.05352915124956231,
        "probIE": 0.6599724066720092,
        "probIE_std": 0.38150790533314854,
        "probII": 0.4643466155903523,
        "probII_std": 0.45846635495796983,
        "probLengthConst": 2533.931579547735,
        "propVelocity": 1.0,
        "pt3dRelativeToCellLocation": true,
        "rand123GlobalIndex": null,
        "random123": false,
        "recordCells": [
            [
                "E",
                [
                    68,
                    13
                ]
            ],
            [
                "I",
                [
                    4,
                    5
                ]
            ]
        ],
        "recordCellsSpikes": -1,
        "recordDipole": false,
        "recordDipolesHNN": false,
        "recordLFP": [],
        "recordStep": 0.1,
        "recordStim": false,
        "recordTime": true,
        "recordTraces": {
            "soma_voltage": {
                "loc": 0.5,
                "sec": "soma",
                "var": "v"
            }
        },
        "saveCSV": false,
        "saveCellConns": true,
        "saveCellSecs": true,
        "saveDat": false,
        "saveDataInclude": [
            "simData",
            "simConfig",
            "netParams",
            "net"
        ],
        "saveDipoleCells": false,
        "saveDipolePops": false,
        "saveDpk": false,
        "saveFolder": "/pscratch/sd/a/adammwea/2DNetworkSimulations/NERSC/output/240604_Run1_24n24hr/gen_0",
        "saveHDF5": false,
        "saveJson": true,
        "saveLFPCells": false,
        "saveLFPPops": false,
        "saveMat": false,
        "savePickle": false,
        "saveTiming": false,
        "seeds": {
            "cell": 1,
            "conn": 1,
            "loc": 1,
            "stim": 1
        },
        "simLabel": "gen_0_cand_207",
        "tau1_exc": 6.807031441740408,
        "tau1_exc_std": 1.103787068264042,
        "tau1_inh": 6.219480544038449,
        "tau1_inh_std": 2.4419662058859677,
        "tau2_exc": 12.933675031124919,
        "tau2_exc_std": 1.8176341876247348,
        "tau2_inh": 11.15268906927723,
        "tau2_inh_std": 9.06267979296877,
        "timestampFilename": false,
        "timing": true,
        "tstop": 1000.0,
        "use_fast_imem": false,
        "validateNetParams": false,
        "verbose": false,
        "weightEE": 0.33267461430256073,
        "weightEE_std": 0.21654632970460108,
        "weightEI": 0.32423756544944915,
        "weightEI_std": 0.09115528919729132,
        "weightIE": 0.5914584167256565,
        "weightIE_std": 0.16912330153281466,
        "weightII": 1.6426258129922497,
        "weightII_std": 0.21266253484627992
    }
}