{
    "simConfig": {
        "E_L_mean": 18.8,
        "E_L_stdev": 5.142493204194038,
        "E_Ra_mean": 128.0,
        "E_Ra_stdev": 3.686407300364479,
        "E_diam_mean": 18.8,
        "E_diam_stdev": 2.8930097587678656,
        "I_L_mean": 9.0,
        "I_L_stdev": 2.4756200141355715,
        "I_Ra_mean": 110.0,
        "I_Ra_stdev": 53.01734781117705,
        "I_diam_mean": 10.0,
        "I_diam_stdev": 2.6114089930572266,
        "addSynMechs": true,
        "allowConnsWithWeight0": true,
        "allowSelfConns": false,
        "analysis": {},
        "backupCfgFile": [],
        "cache_efficient": true,
        "checkErrors": false,
        "compactConnFormat": false,
        "connRandomSecFromList": true,
        "coreneuron": false,
        "createNEURONObj": true,
        "createPyStruct": true,
        "cvode_active": false,
        "cvode_atol": 0.001,
        "distributeSynsUniformly": true,
        "dt": 0.025,
        "dump_coreneuron_model": false,
        "duration": 1000.0,
        "duration_seconds": 330.0,
        "filename": "model_output",
        "gatherOnlySimData": false,
        "gkbar_E": 0.9420978737903664,
        "gkbar_E_std": 0.042882730597067875,
        "gkbar_I": 1.5427497471508,
        "gkbar_I_std": 0.9744234511471415,
        "gnabar_E": 6.701903628171396,
        "gnabar_E_std": 1.034730486675575,
        "gnabar_I": 2.688844086191451,
        "gnabar_I_std": 0.7819843617775412,
        "gpu": false,
        "hParams": {
            "celsius": 6.3,
            "clamp_resist": 0.001,
            "v_init": -65.0
        },
        "includeParamsLabel": true,
        "invertedYCoord": true,
        "networkType": "22May24",
        "oneSynPerNetcon": true,
        "printPopAvgRates": [
            100,
            1000.0
        ],
        "printRunTime": false,
        "printSynsAfterRule": false,
        "probEE": 0.4150502202986341,
        "probEE_std": 0.31082737941128313,
        "probEI": 0.7257112638607373,
        "probEI_std": 0.401633964725079,
        "probIE": 0.08633880128888538,
        "probIE_std": 0.2036020642438564,
        "probII": 0.19197632576045892,
        "probII_std": 0.235098275137069,
        "probLengthConst": 1710.8340054802268,
        "propVelocity": 1.0,
        "pt3dRelativeToCellLocation": true,
        "rand123GlobalIndex": null,
        "random123": false,
        "recordCells": [
            [
                "E",
                [
                    68,
                    13
                ]
            ],
            [
                "I",
                [
                    4,
                    5
                ]
            ]
        ],
        "recordCellsSpikes": -1,
        "recordDipole": false,
        "recordDipolesHNN": false,
        "recordLFP": [],
        "recordStep": 0.1,
        "recordStim": false,
        "recordTime": true,
        "recordTraces": {
            "soma_voltage": {
                "loc": 0.5,
                "sec": "soma",
                "var": "v"
            }
        },
        "saveCSV": false,
        "saveCellConns": true,
        "saveCellSecs": true,
        "saveDat": false,
        "saveDataInclude": [
            "simData",
            "simConfig",
            "netParams",
            "net"
        ],
        "saveDipoleCells": false,
        "saveDipolePops": false,
        "saveDpk": false,
        "saveFolder": "/pscratch/sd/a/adammwea/2DNetworkSimulations/NERSC/output/240604_Run1_24n24hr/gen_0",
        "saveHDF5": false,
        "saveJson": true,
        "saveLFPCells": false,
        "saveLFPPops": false,
        "saveMat": false,
        "savePickle": false,
        "saveTiming": false,
        "seeds": {
            "cell": 1,
            "conn": 1,
            "loc": 1,
            "stim": 1
        },
        "simLabel": "gen_0_cand_63",
        "tau1_exc": 5.584025968884544,
        "tau1_exc_std": 3.0505145558129834,
        "tau1_inh": 6.816955676724006,
        "tau1_inh_std": 2.927043943304349,
        "tau2_exc": 7.291662683245541,
        "tau2_exc_std": 3.4129217891742156,
        "tau2_inh": 2.6051623593778928,
        "tau2_inh_std": 2.2023242591919523,
        "timestampFilename": false,
        "timing": true,
        "tstop": 1000.0,
        "use_fast_imem": false,
        "validateNetParams": false,
        "verbose": false,
        "weightEE": 1.3548471418376904,
        "weightEE_std": 0.2306618758280266,
        "weightEI": 0.09155246756959445,
        "weightEI_std": 0.16336351651596873,
        "weightIE": 0.1731097324329206,
        "weightIE_std": 0.23660057537541423,
        "weightII": 1.3181535667112458,
        "weightII_std": 0.08521021635349105
    }
}