{
    "simConfig": {
        "E_L_mean": 18.8,
        "E_L_stdev": 0.7649750223317614,
        "E_Ra_mean": 128.0,
        "E_Ra_stdev": 45.94208282932363,
        "E_diam_mean": 18.8,
        "E_diam_stdev": 4.528418734933234,
        "I_L_mean": 9.0,
        "I_L_stdev": 0.1670236130829752,
        "I_Ra_mean": 110.0,
        "I_Ra_stdev": 34.36827971903198,
        "I_diam_mean": 10.0,
        "I_diam_stdev": 1.4045510942948736,
        "addSynMechs": true,
        "allowConnsWithWeight0": true,
        "allowSelfConns": false,
        "analysis": {},
        "backupCfgFile": [],
        "cache_efficient": true,
        "checkErrors": false,
        "compactConnFormat": false,
        "connRandomSecFromList": true,
        "coreneuron": false,
        "createNEURONObj": true,
        "createPyStruct": true,
        "cvode_active": false,
        "cvode_atol": 0.001,
        "distributeSynsUniformly": true,
        "dt": 0.025,
        "dump_coreneuron_model": false,
        "duration": 1000.0,
        "duration_seconds": 330.0,
        "filename": "model_output",
        "gatherOnlySimData": false,
        "gkbar_E": 0.008706744181313009,
        "gkbar_E_std": 0.23141114639730515,
        "gkbar_I": 1.9170277675824599,
        "gkbar_I_std": 1.0001301655896149,
        "gnabar_E": 6.467916098712451,
        "gnabar_E_std": 1.1761734515076718,
        "gnabar_I": 4.581429811015007,
        "gnabar_I_std": 0.4311330626868173,
        "gpu": false,
        "hParams": {
            "celsius": 6.3,
            "clamp_resist": 0.001,
            "v_init": -65.0
        },
        "includeParamsLabel": true,
        "invertedYCoord": true,
        "networkType": "22May24",
        "oneSynPerNetcon": true,
        "printPopAvgRates": [
            100,
            1000.0
        ],
        "printRunTime": false,
        "printSynsAfterRule": false,
        "probEE": 0.4960926360544323,
        "probEE_std": 0.4351609504401821,
        "probEI": 0.8901263497375127,
        "probEI_std": 0.33961614642336224,
        "probIE": 0.24114387828241815,
        "probIE_std": 0.11994621161842539,
        "probII": 0.10129161189693611,
        "probII_std": 0.011240074185146443,
        "probLengthConst": 200.8105339237855,
        "propVelocity": 1.0,
        "pt3dRelativeToCellLocation": true,
        "rand123GlobalIndex": null,
        "random123": false,
        "recordCells": [
            [
                "E",
                [
                    68,
                    13
                ]
            ],
            [
                "I",
                [
                    4,
                    5
                ]
            ]
        ],
        "recordCellsSpikes": -1,
        "recordDipole": false,
        "recordDipolesHNN": false,
        "recordLFP": [],
        "recordStep": 0.1,
        "recordStim": false,
        "recordTime": true,
        "recordTraces": {
            "soma_voltage": {
                "loc": 0.5,
                "sec": "soma",
                "var": "v"
            }
        },
        "saveCSV": false,
        "saveCellConns": true,
        "saveCellSecs": true,
        "saveDat": false,
        "saveDataInclude": [
            "simData",
            "simConfig",
            "netParams",
            "net"
        ],
        "saveDipoleCells": false,
        "saveDipolePops": false,
        "saveDpk": false,
        "saveFolder": "/pscratch/sd/a/adammwea/2DNetworkSimulations/NERSC/output/240604_Run1_24n24hr/gen_0",
        "saveHDF5": false,
        "saveJson": true,
        "saveLFPCells": false,
        "saveLFPPops": false,
        "saveMat": false,
        "savePickle": false,
        "saveTiming": false,
        "seeds": {
            "cell": 1,
            "conn": 1,
            "loc": 1,
            "stim": 1
        },
        "simLabel": "gen_0_cand_100",
        "tau1_exc": 1.038287885603395,
        "tau1_exc_std": 0.3005100804920299,
        "tau1_inh": 0.7122137978210585,
        "tau1_inh_std": 2.6938546171324513,
        "tau2_exc": 9.293660008760487,
        "tau2_exc_std": 6.63850156166348,
        "tau2_inh": 7.887614323574736,
        "tau2_inh_std": 3.3783405993436078,
        "timestampFilename": false,
        "timing": true,
        "tstop": 1000.0,
        "use_fast_imem": false,
        "validateNetParams": false,
        "verbose": false,
        "weightEE": 0.5845706035855727,
        "weightEE_std": 0.10473058241442718,
        "weightEI": 0.1951345971408851,
        "weightEI_std": 0.31510919088103034,
        "weightIE": 0.7513984526188119,
        "weightIE_std": 0.006016626737272804,
        "weightII": 1.5325413404669928,
        "weightII_std": 0.043493395514697886
    }
}