{
    "simConfig": {
        "E_L_mean": 18.8,
        "E_L_stdev": 0.8261516468803941,
        "E_Ra_mean": 128.0,
        "E_Ra_stdev": 25.539561694813628,
        "E_diam_mean": 18.8,
        "E_diam_stdev": 3.5609911049387657,
        "I_L_mean": 9.0,
        "I_L_stdev": 1.181550214806638,
        "I_Ra_mean": 110.0,
        "I_Ra_stdev": 40.048589173105555,
        "I_diam_mean": 10.0,
        "I_diam_stdev": 3.28415275537088,
        "addSynMechs": true,
        "allowConnsWithWeight0": true,
        "allowSelfConns": false,
        "analysis": {},
        "backupCfgFile": [],
        "cache_efficient": true,
        "checkErrors": false,
        "compactConnFormat": false,
        "connRandomSecFromList": true,
        "coreneuron": false,
        "createNEURONObj": true,
        "createPyStruct": true,
        "cvode_active": false,
        "cvode_atol": 0.001,
        "distributeSynsUniformly": true,
        "dt": 0.025,
        "dump_coreneuron_model": false,
        "duration": 1000.0,
        "duration_seconds": 330.0,
        "filename": "model_output",
        "gatherOnlySimData": false,
        "gkbar_E": 0.2728257733944779,
        "gkbar_E_std": 0.14807092345071865,
        "gkbar_I": 4.731661200200953,
        "gkbar_I_std": 1.5226674299941092,
        "gnabar_E": 1.0573050553036203,
        "gnabar_E_std": 0.641549602289391,
        "gnabar_I": 1.5043927344991215,
        "gnabar_I_std": 0.2966238140898848,
        "gpu": false,
        "hParams": {
            "celsius": 6.3,
            "clamp_resist": 0.001,
            "v_init": -65.0
        },
        "includeParamsLabel": true,
        "invertedYCoord": true,
        "networkType": "22May24",
        "oneSynPerNetcon": true,
        "printPopAvgRates": [
            100,
            1000.0
        ],
        "printRunTime": false,
        "printSynsAfterRule": false,
        "probEE": 0.399240718440799,
        "probEE_std": 0.4579911682645714,
        "probEI": 0.7528412234793104,
        "probEI_std": 0.48556786666853324,
        "probIE": 0.0377984607675485,
        "probIE_std": 0.30005789219420853,
        "probII": 0.5808050964944307,
        "probII_std": 0.20616178331541934,
        "probLengthConst": 2715.9982288897845,
        "propVelocity": 1.0,
        "pt3dRelativeToCellLocation": true,
        "rand123GlobalIndex": null,
        "random123": false,
        "recordCells": [
            [
                "E",
                [
                    68,
                    13
                ]
            ],
            [
                "I",
                [
                    4,
                    5
                ]
            ]
        ],
        "recordCellsSpikes": -1,
        "recordDipole": false,
        "recordDipolesHNN": false,
        "recordLFP": [],
        "recordStep": 0.1,
        "recordStim": false,
        "recordTime": true,
        "recordTraces": {
            "soma_voltage": {
                "loc": 0.5,
                "sec": "soma",
                "var": "v"
            }
        },
        "saveCSV": false,
        "saveCellConns": true,
        "saveCellSecs": true,
        "saveDat": false,
        "saveDataInclude": [
            "simData",
            "simConfig",
            "netParams",
            "net"
        ],
        "saveDipoleCells": false,
        "saveDipolePops": false,
        "saveDpk": false,
        "saveFolder": "/pscratch/sd/a/adammwea/2DNetworkSimulations/NERSC/output/240604_Run1_24n24hr/gen_0",
        "saveHDF5": false,
        "saveJson": true,
        "saveLFPCells": false,
        "saveLFPPops": false,
        "saveMat": false,
        "savePickle": false,
        "saveTiming": false,
        "seeds": {
            "cell": 1,
            "conn": 1,
            "loc": 1,
            "stim": 1
        },
        "simLabel": "gen_0_cand_10",
        "tau1_exc": 5.697493820800341,
        "tau1_exc_std": 2.4424369441066167,
        "tau1_inh": 3.312734087442226,
        "tau1_inh_std": 3.20799784721826,
        "tau2_exc": 16.134116006443346,
        "tau2_exc_std": 8.487846233483873,
        "tau2_inh": 19.28046145927805,
        "tau2_inh_std": 7.2121142265833225,
        "timestampFilename": false,
        "timing": true,
        "tstop": 1000.0,
        "use_fast_imem": false,
        "validateNetParams": false,
        "verbose": false,
        "weightEE": 0.2852419365494181,
        "weightEE_std": 0.4483143700905293,
        "weightEI": 0.889319997409266,
        "weightEI_std": 0.13005026377744103,
        "weightIE": 0.14763951857421875,
        "weightIE_std": 0.09746061346522972,
        "weightII": 1.5603098083844096,
        "weightII_std": 0.19687726527404395
    }
}