{
    "simConfig": {
        "E_L_mean": 18.8,
        "E_L_stdev": 3.666437069184288,
        "E_Ra_mean": 128.0,
        "E_Ra_stdev": 48.015991662157994,
        "E_diam_mean": 18.8,
        "E_diam_stdev": 4.4363830005786316,
        "I_L_mean": 9.0,
        "I_L_stdev": 0.054561625727072016,
        "I_Ra_mean": 110.0,
        "I_Ra_stdev": 29.020819734477282,
        "I_diam_mean": 10.0,
        "I_diam_stdev": 2.8814277700026985,
        "addSynMechs": true,
        "allowConnsWithWeight0": true,
        "allowSelfConns": false,
        "analysis": {},
        "backupCfgFile": [],
        "cache_efficient": true,
        "checkErrors": false,
        "compactConnFormat": false,
        "connRandomSecFromList": true,
        "coreneuron": false,
        "createNEURONObj": true,
        "createPyStruct": true,
        "cvode_active": false,
        "cvode_atol": 0.001,
        "distributeSynsUniformly": true,
        "dt": 0.025,
        "dump_coreneuron_model": false,
        "duration": 1000.0,
        "duration_seconds": 330.0,
        "filename": "model_output",
        "gatherOnlySimData": false,
        "gkbar_E": 0.15652890559530652,
        "gkbar_E_std": 0.4837523578695348,
        "gkbar_I": 6.416615906825624,
        "gkbar_I_std": 0.45900002710568627,
        "gnabar_E": 5.273624891114098,
        "gnabar_E_std": 1.1324578122630236,
        "gnabar_I": 3.5805397184621035,
        "gnabar_I_std": 0.20027708804288014,
        "gpu": false,
        "hParams": {
            "celsius": 6.3,
            "clamp_resist": 0.001,
            "v_init": -65.0
        },
        "includeParamsLabel": true,
        "invertedYCoord": true,
        "networkType": "22May24",
        "oneSynPerNetcon": true,
        "printPopAvgRates": [
            100,
            1000.0
        ],
        "printRunTime": false,
        "printSynsAfterRule": false,
        "probEE": 0.0979375976892847,
        "probEE_std": 0.08996382252060214,
        "probEI": 0.5869269777480095,
        "probEI_std": 0.2941541697563581,
        "probIE": 0.23964315083370105,
        "probIE_std": 0.48165567562987877,
        "probII": 0.07958546916637005,
        "probII_std": 0.32724450306772573,
        "probLengthConst": 504.76919205926106,
        "propVelocity": 1.0,
        "pt3dRelativeToCellLocation": true,
        "rand123GlobalIndex": null,
        "random123": false,
        "recordCells": [
            [
                "E",
                [
                    68,
                    13
                ]
            ],
            [
                "I",
                [
                    4,
                    5
                ]
            ]
        ],
        "recordCellsSpikes": -1,
        "recordDipole": false,
        "recordDipolesHNN": false,
        "recordLFP": [],
        "recordStep": 0.1,
        "recordStim": false,
        "recordTime": true,
        "recordTraces": {
            "soma_voltage": {
                "loc": 0.5,
                "sec": "soma",
                "var": "v"
            }
        },
        "saveCSV": false,
        "saveCellConns": true,
        "saveCellSecs": true,
        "saveDat": false,
        "saveDataInclude": [
            "simData",
            "simConfig",
            "netParams",
            "net"
        ],
        "saveDipoleCells": false,
        "saveDipolePops": false,
        "saveDpk": false,
        "saveFolder": "/pscratch/sd/a/adammwea/2DNetworkSimulations/NERSC/output/240604_Run1_24n24hr/gen_0",
        "saveHDF5": false,
        "saveJson": true,
        "saveLFPCells": false,
        "saveLFPPops": false,
        "saveMat": false,
        "savePickle": false,
        "saveTiming": false,
        "seeds": {
            "cell": 1,
            "conn": 1,
            "loc": 1,
            "stim": 1
        },
        "simLabel": "gen_0_cand_503",
        "tau1_exc": 3.6655086800770014,
        "tau1_exc_std": 2.964169865097322,
        "tau1_inh": 5.732721588431282,
        "tau1_inh_std": 1.052662459965653,
        "tau2_exc": 24.61028063469898,
        "tau2_exc_std": 6.707196237050183,
        "tau2_inh": 18.381745633574646,
        "tau2_inh_std": 6.783057455838853,
        "timestampFilename": false,
        "timing": true,
        "tstop": 1000.0,
        "use_fast_imem": false,
        "validateNetParams": false,
        "verbose": false,
        "weightEE": 1.8036133908916359,
        "weightEE_std": 0.4695684550649885,
        "weightEI": 0.5581000610089857,
        "weightEI_std": 0.09768055053544977,
        "weightIE": 0.10710998654586268,
        "weightIE_std": 0.05143235966564785,
        "weightII": 0.21258559493322338,
        "weightII_std": 0.17689248033992383
    }
}