{
    "simConfig": {
        "E_L_mean": 18.8,
        "E_L_stdev": 6.448551240685677,
        "E_Ra_mean": 128.0,
        "E_Ra_stdev": 53.5527815082466,
        "E_diam_mean": 18.8,
        "E_diam_stdev": 5.660936956507511,
        "I_L_mean": 9.0,
        "I_L_stdev": 2.4496033717689634,
        "I_Ra_mean": 110.0,
        "I_Ra_stdev": 43.561713047450965,
        "I_diam_mean": 10.0,
        "I_diam_stdev": 2.0714399586599743,
        "addSynMechs": true,
        "allowConnsWithWeight0": true,
        "allowSelfConns": false,
        "analysis": {},
        "backupCfgFile": [],
        "cache_efficient": true,
        "checkErrors": false,
        "compactConnFormat": false,
        "connRandomSecFromList": true,
        "coreneuron": false,
        "createNEURONObj": true,
        "createPyStruct": true,
        "cvode_active": false,
        "cvode_atol": 0.001,
        "distributeSynsUniformly": true,
        "dt": 0.025,
        "dump_coreneuron_model": false,
        "duration": 1000.0,
        "duration_seconds": 330.0,
        "filename": "model_output",
        "gatherOnlySimData": false,
        "gkbar_E": 0.27235639761220787,
        "gkbar_E_std": 0.46945227755022,
        "gkbar_I": 5.230035831281979,
        "gkbar_I_std": 1.5989158187256438,
        "gnabar_E": 2.2885097975867366,
        "gnabar_E_std": 1.0903843307381687,
        "gnabar_I": 2.391951513922371,
        "gnabar_I_std": 0.6667708131454172,
        "gpu": false,
        "hParams": {
            "celsius": 6.3,
            "clamp_resist": 0.001,
            "v_init": -65.0
        },
        "includeParamsLabel": true,
        "invertedYCoord": true,
        "networkType": "22May24",
        "oneSynPerNetcon": true,
        "printPopAvgRates": [
            100,
            1000.0
        ],
        "printRunTime": false,
        "printSynsAfterRule": false,
        "probEE": 0.5248134797251762,
        "probEE_std": 0.17042060999442782,
        "probEI": 0.7970932933330667,
        "probEI_std": 0.021195069654140364,
        "probIE": 0.6314927860566157,
        "probIE_std": 0.09908410063808398,
        "probII": 0.24795035340274932,
        "probII_std": 0.17538138646172752,
        "probLengthConst": 86.82809436687758,
        "propVelocity": 1.0,
        "pt3dRelativeToCellLocation": true,
        "rand123GlobalIndex": null,
        "random123": false,
        "recordCells": [
            [
                "E",
                [
                    68,
                    13
                ]
            ],
            [
                "I",
                [
                    4,
                    5
                ]
            ]
        ],
        "recordCellsSpikes": -1,
        "recordDipole": false,
        "recordDipolesHNN": false,
        "recordLFP": [],
        "recordStep": 0.1,
        "recordStim": false,
        "recordTime": true,
        "recordTraces": {
            "soma_voltage": {
                "loc": 0.5,
                "sec": "soma",
                "var": "v"
            }
        },
        "saveCSV": false,
        "saveCellConns": true,
        "saveCellSecs": true,
        "saveDat": false,
        "saveDataInclude": [
            "simData",
            "simConfig",
            "netParams",
            "net"
        ],
        "saveDipoleCells": false,
        "saveDipolePops": false,
        "saveDpk": false,
        "saveFolder": "/pscratch/sd/a/adammwea/2DNetworkSimulations/NERSC/output/240604_Run1_24n24hr/gen_0",
        "saveHDF5": false,
        "saveJson": true,
        "saveLFPCells": false,
        "saveLFPPops": false,
        "saveMat": false,
        "savePickle": false,
        "saveTiming": false,
        "seeds": {
            "cell": 1,
            "conn": 1,
            "loc": 1,
            "stim": 1
        },
        "simLabel": "gen_0_cand_328",
        "tau1_exc": 0.70325994390318,
        "tau1_exc_std": 2.430889953976068,
        "tau1_inh": 3.723329191775565,
        "tau1_inh_std": 1.1307143529196182,
        "tau2_exc": 19.72687125553388,
        "tau2_exc_std": 7.214467638810447,
        "tau2_inh": 14.582958793723424,
        "tau2_inh_std": 5.318374358185411,
        "timestampFilename": false,
        "timing": true,
        "tstop": 1000.0,
        "use_fast_imem": false,
        "validateNetParams": false,
        "verbose": false,
        "weightEE": 0.08831561706451674,
        "weightEE_std": 0.1265162750837428,
        "weightEI": 1.075374962961823,
        "weightEI_std": 0.2856655680981329,
        "weightIE": 0.42087283892643657,
        "weightIE_std": 0.20682209596948012,
        "weightII": 0.37419851896920253,
        "weightII_std": 0.0007768119033809973
    }
}