{
    "simConfig": {
        "E_L_mean": 18.8,
        "E_L_stdev": 4.122331737147534,
        "E_Ra_mean": 128.0,
        "E_Ra_stdev": 11.130447004493675,
        "E_diam_mean": 18.8,
        "E_diam_stdev": 3.705622094891753,
        "I_L_mean": 9.0,
        "I_L_stdev": 2.78216206463328,
        "I_Ra_mean": 110.0,
        "I_Ra_stdev": 6.1657761847073775,
        "I_diam_mean": 10.0,
        "I_diam_stdev": 2.070061210392155,
        "addSynMechs": true,
        "allowConnsWithWeight0": true,
        "allowSelfConns": false,
        "analysis": {},
        "backupCfgFile": [],
        "cache_efficient": true,
        "checkErrors": false,
        "compactConnFormat": false,
        "connRandomSecFromList": true,
        "coreneuron": false,
        "createNEURONObj": true,
        "createPyStruct": true,
        "cvode_active": false,
        "cvode_atol": 0.001,
        "distributeSynsUniformly": true,
        "dt": 0.025,
        "dump_coreneuron_model": false,
        "duration": 1000.0,
        "duration_seconds": 330.0,
        "filename": "model_output",
        "gatherOnlySimData": false,
        "gkbar_E": 0.993030631016127,
        "gkbar_E_std": 0.15282122579252388,
        "gkbar_I": 6.29810992256253,
        "gkbar_I_std": 2.098999914748137,
        "gnabar_E": 0.834145000091636,
        "gnabar_E_std": 0.19678407609487156,
        "gnabar_I": 3.277633385707095,
        "gnabar_I_std": 0.7736785210918107,
        "gpu": false,
        "hParams": {
            "celsius": 6.3,
            "clamp_resist": 0.001,
            "v_init": -65.0
        },
        "includeParamsLabel": true,
        "invertedYCoord": true,
        "networkType": "22May24",
        "oneSynPerNetcon": true,
        "printPopAvgRates": [
            100,
            1000.0
        ],
        "printRunTime": false,
        "printSynsAfterRule": false,
        "probEE": 0.6834067876235708,
        "probEE_std": 0.15251037421025077,
        "probEI": 0.5688374458679903,
        "probEI_std": 0.4501595929308105,
        "probIE": 0.2353208592733899,
        "probIE_std": 0.374361917360515,
        "probII": 0.4113717873688592,
        "probII_std": 0.09190155395975375,
        "probLengthConst": 2282.985773958247,
        "propVelocity": 1.0,
        "pt3dRelativeToCellLocation": true,
        "rand123GlobalIndex": null,
        "random123": false,
        "recordCells": [
            [
                "E",
                [
                    68,
                    13
                ]
            ],
            [
                "I",
                [
                    4,
                    5
                ]
            ]
        ],
        "recordCellsSpikes": -1,
        "recordDipole": false,
        "recordDipolesHNN": false,
        "recordLFP": [],
        "recordStep": 0.1,
        "recordStim": false,
        "recordTime": true,
        "recordTraces": {
            "soma_voltage": {
                "loc": 0.5,
                "sec": "soma",
                "var": "v"
            }
        },
        "saveCSV": false,
        "saveCellConns": true,
        "saveCellSecs": true,
        "saveDat": false,
        "saveDataInclude": [
            "simData",
            "simConfig",
            "netParams",
            "net"
        ],
        "saveDipoleCells": false,
        "saveDipolePops": false,
        "saveDpk": false,
        "saveFolder": "/pscratch/sd/a/adammwea/2DNetworkSimulations/NERSC/output/240604_Run1_24n24hr/gen_0",
        "saveHDF5": false,
        "saveJson": true,
        "saveLFPCells": false,
        "saveLFPPops": false,
        "saveMat": false,
        "savePickle": false,
        "saveTiming": false,
        "seeds": {
            "cell": 1,
            "conn": 1,
            "loc": 1,
            "stim": 1
        },
        "simLabel": "gen_0_cand_347",
        "tau1_exc": 2.857302740195321,
        "tau1_exc_std": 2.6920699018159184,
        "tau1_inh": 4.392073836061238,
        "tau1_inh_std": 1.4335440885217037,
        "tau2_exc": 15.17542808834365,
        "tau2_exc_std": 1.2576677753879295,
        "tau2_inh": 18.37052098078236,
        "tau2_inh_std": 7.528523139994815,
        "timestampFilename": false,
        "timing": true,
        "tstop": 1000.0,
        "use_fast_imem": false,
        "validateNetParams": false,
        "verbose": false,
        "weightEE": 1.2622639419170747,
        "weightEE_std": 0.37517099535482934,
        "weightEI": 0.2199594035014889,
        "weightEI_std": 0.2856214535196605,
        "weightIE": 0.5023898023521712,
        "weightIE_std": 0.29961498382820223,
        "weightII": 0.810811431142811,
        "weightII_std": 0.12127586147678943
    }
}