{"rate_fitness": 1000.0, "BurstVal_fitness": 4.434263833103782, "IBI_fitness": 1000, "baselineFitness": 1000, "slopeFitness": 1.078587551370216, "baseline_diff_fitness": 1000, "burst_peak_frequency": 563.0302368359517, "fitness": 652.6490126029179, "average_scaled_fitness": 652.2739596244817, "maxFitness": 1000}