{
    "simConfig": {
        "E_L_mean": 18.8,
        "E_L_stdev": 3.1932359495294307,
        "E_Ra_mean": 128.0,
        "E_Ra_stdev": 30.7681721955635,
        "E_diam_mean": 18.8,
        "E_diam_stdev": 6.024696559611568,
        "I_L_mean": 9.0,
        "I_L_stdev": 2.3960372285742206,
        "I_Ra_mean": 110.0,
        "I_Ra_stdev": 10.03022013939816,
        "I_diam_mean": 10.0,
        "I_diam_stdev": 2.2114786255063805,
        "addSynMechs": true,
        "allowConnsWithWeight0": true,
        "allowSelfConns": false,
        "analysis": {},
        "backupCfgFile": [],
        "cache_efficient": true,
        "checkErrors": false,
        "compactConnFormat": false,
        "connRandomSecFromList": true,
        "coreneuron": false,
        "createNEURONObj": true,
        "createPyStruct": true,
        "cvode_active": false,
        "cvode_atol": 0.001,
        "distributeSynsUniformly": true,
        "dt": 0.025,
        "dump_coreneuron_model": false,
        "duration": 1000.0,
        "duration_seconds": 330.0,
        "filename": "model_output",
        "gatherOnlySimData": false,
        "gkbar_E": 0.008567156351825034,
        "gkbar_E_std": 0.00022192330888977092,
        "gkbar_I": 9.932130782697445,
        "gkbar_I_std": 2.43993770709053,
        "gnabar_E": 3.6807021237684756,
        "gnabar_E_std": 0.1477084988021381,
        "gnabar_I": 1.7483453240848703,
        "gnabar_I_std": 0.003559874464216687,
        "gpu": false,
        "hParams": {
            "celsius": 6.3,
            "clamp_resist": 0.001,
            "v_init": -65.0
        },
        "includeParamsLabel": true,
        "invertedYCoord": true,
        "networkType": "22May24",
        "oneSynPerNetcon": true,
        "printPopAvgRates": [
            100,
            1000.0
        ],
        "printRunTime": false,
        "printSynsAfterRule": false,
        "probEE": 0.592865019642987,
        "probEE_std": 0.10055664408604459,
        "probEI": 0.2569529032345153,
        "probEI_std": 0.02687148872037233,
        "probIE": 0.2872412778490165,
        "probIE_std": 0.08963424602559633,
        "probII": 0.6944327461930561,
        "probII_std": 0.28104715843024053,
        "probLengthConst": 464.0576013626011,
        "propVelocity": 1.0,
        "pt3dRelativeToCellLocation": true,
        "rand123GlobalIndex": null,
        "random123": false,
        "recordCells": [
            [
                "E",
                [
                    68,
                    13
                ]
            ],
            [
                "I",
                [
                    4,
                    5
                ]
            ]
        ],
        "recordCellsSpikes": -1,
        "recordDipole": false,
        "recordDipolesHNN": false,
        "recordLFP": [],
        "recordStep": 0.1,
        "recordStim": false,
        "recordTime": true,
        "recordTraces": {
            "soma_voltage": {
                "loc": 0.5,
                "sec": "soma",
                "var": "v"
            }
        },
        "saveCSV": false,
        "saveCellConns": true,
        "saveCellSecs": true,
        "saveDat": false,
        "saveDataInclude": [
            "simData",
            "simConfig",
            "netParams",
            "net"
        ],
        "saveDipoleCells": false,
        "saveDipolePops": false,
        "saveDpk": false,
        "saveFolder": "/pscratch/sd/a/adammwea/2DNetworkSimulations/NERSC/output/240604_Run1_24n24hr/gen_2",
        "saveHDF5": false,
        "saveJson": true,
        "saveLFPCells": false,
        "saveLFPPops": false,
        "saveMat": false,
        "savePickle": false,
        "saveTiming": false,
        "seeds": {
            "cell": 1,
            "conn": 1,
            "loc": 1,
            "stim": 1
        },
        "simLabel": "gen_2_cand_8",
        "tau1_exc": 0.3498871901461325,
        "tau1_exc_std": 0.3552638498359415,
        "tau1_inh": 5.476736132739184,
        "tau1_inh_std": 0.009235509074369652,
        "tau2_exc": 9.837287106617286,
        "tau2_exc_std": 1.748149670113687,
        "tau2_inh": 12.215514215222514,
        "tau2_inh_std": 6.119380425122912,
        "timestampFilename": false,
        "timing": true,
        "tstop": 1000.0,
        "use_fast_imem": false,
        "validateNetParams": false,
        "verbose": false,
        "weightEE": 1.9689096789666423,
        "weightEE_std": 0.49877127084142825,
        "weightEI": 0.7757967613833215,
        "weightEI_std": 0.01806065684415331,
        "weightIE": 0.013803452572975345,
        "weightIE_std": 0.22418567526219707,
        "weightII": 0.6581373653426643,
        "weightII_std": 0.17036417098348336
    }
}