{
    "simConfig": {
        "E_L_mean": 18.8,
        "E_L_stdev": 4.193734647884517,
        "E_Ra_mean": 128.0,
        "E_Ra_stdev": 34.21825331814482,
        "E_diam_mean": 18.8,
        "E_diam_stdev": 2.784799621230225,
        "I_L_mean": 9.0,
        "I_L_stdev": 2.6475434372122297,
        "I_Ra_mean": 110.0,
        "I_Ra_stdev": 51.76674844803888,
        "I_diam_mean": 10.0,
        "I_diam_stdev": 2.850858638342524,
        "addSynMechs": true,
        "allowConnsWithWeight0": true,
        "allowSelfConns": false,
        "analysis": {},
        "backupCfgFile": [],
        "cache_efficient": true,
        "checkErrors": false,
        "compactConnFormat": false,
        "connRandomSecFromList": true,
        "coreneuron": false,
        "createNEURONObj": true,
        "createPyStruct": true,
        "cvode_active": false,
        "cvode_atol": 0.001,
        "distributeSynsUniformly": true,
        "dt": 0.025,
        "dump_coreneuron_model": false,
        "duration": 1000.0,
        "duration_seconds": 330.0,
        "filename": "model_output",
        "gatherOnlySimData": false,
        "gkbar_E": 0.014901597434923183,
        "gkbar_E_std": 0.00330890192750867,
        "gkbar_I": 1.7138428517341593,
        "gkbar_I_std": 0.07797503890124069,
        "gnabar_E": 1.904804989538608,
        "gnabar_E_std": 0.8915718721441153,
        "gnabar_I": 2.9014151035648803,
        "gnabar_I_std": 0.401446622256069,
        "gpu": false,
        "hParams": {
            "celsius": 6.3,
            "clamp_resist": 0.001,
            "v_init": -65.0
        },
        "includeParamsLabel": true,
        "invertedYCoord": true,
        "networkType": "22May24",
        "oneSynPerNetcon": true,
        "printPopAvgRates": [
            100,
            1000.0
        ],
        "printRunTime": false,
        "printSynsAfterRule": false,
        "probEE": 0.6088634330807137,
        "probEE_std": 0.16007000845527153,
        "probEI": 0.6677132461933224,
        "probEI_std": 0.4511225673972112,
        "probIE": 0.4808640310387834,
        "probIE_std": 0.037734215476205535,
        "probII": 0.6223437222390898,
        "probII_std": 0.30227084493459094,
        "probLengthConst": 616.6876929432508,
        "propVelocity": 1.0,
        "pt3dRelativeToCellLocation": true,
        "rand123GlobalIndex": null,
        "random123": false,
        "recordCells": [
            [
                "E",
                [
                    68,
                    13
                ]
            ],
            [
                "I",
                [
                    4,
                    5
                ]
            ]
        ],
        "recordCellsSpikes": -1,
        "recordDipole": false,
        "recordDipolesHNN": false,
        "recordLFP": [],
        "recordStep": 0.1,
        "recordStim": false,
        "recordTime": true,
        "recordTraces": {
            "soma_voltage": {
                "loc": 0.5,
                "sec": "soma",
                "var": "v"
            }
        },
        "saveCSV": false,
        "saveCellConns": true,
        "saveCellSecs": true,
        "saveDat": false,
        "saveDataInclude": [
            "simData",
            "simConfig",
            "netParams",
            "net"
        ],
        "saveDipoleCells": false,
        "saveDipolePops": false,
        "saveDpk": false,
        "saveFolder": "/pscratch/sd/a/adammwea/2DNetworkSimulations/NERSC/output/240604_Run1_24n24hr/gen_2",
        "saveHDF5": false,
        "saveJson": true,
        "saveLFPCells": false,
        "saveLFPPops": false,
        "saveMat": false,
        "savePickle": false,
        "saveTiming": false,
        "seeds": {
            "cell": 1,
            "conn": 1,
            "loc": 1,
            "stim": 1
        },
        "simLabel": "gen_2_cand_75",
        "tau1_exc": 5.142242066309579,
        "tau1_exc_std": 2.6993530960708876,
        "tau1_inh": 9.764705869207754,
        "tau1_inh_std": 0.016137686703789456,
        "tau2_exc": 29.60560697770834,
        "tau2_exc_std": 1.0747348965906172,
        "tau2_inh": 14.179108468469515,
        "tau2_inh_std": 0.764439163540068,
        "timestampFilename": false,
        "timing": true,
        "tstop": 1000.0,
        "use_fast_imem": false,
        "validateNetParams": false,
        "verbose": false,
        "weightEE": 0.3186289482700317,
        "weightEE_std": 0.2675114302743238,
        "weightEI": 0.0462367131392519,
        "weightEI_std": 0.2905083188926963,
        "weightIE": 0.062175195834344985,
        "weightIE_std": 0.19361402794205637,
        "weightII": 0.21440159778340523,
        "weightII_std": 0.22429408597122033
    }
}