{
    "simConfig": {
        "E_L_mean": 18.8,
        "E_L_stdev": 0.6932905195815398,
        "E_Ra_mean": 128.0,
        "E_Ra_stdev": 5.817094469253012,
        "E_diam_mean": 18.8,
        "E_diam_stdev": 4.24093240816797,
        "I_L_mean": 9.0,
        "I_L_stdev": 0.2397674038642622,
        "I_Ra_mean": 110.0,
        "I_Ra_stdev": 54.70948348243354,
        "I_diam_mean": 10.0,
        "I_diam_stdev": 1.2473146971482556,
        "addSynMechs": true,
        "allowConnsWithWeight0": true,
        "allowSelfConns": false,
        "analysis": {},
        "backupCfgFile": [],
        "cache_efficient": true,
        "checkErrors": false,
        "compactConnFormat": false,
        "connRandomSecFromList": true,
        "coreneuron": false,
        "createNEURONObj": true,
        "createPyStruct": true,
        "cvode_active": false,
        "cvode_atol": 0.001,
        "distributeSynsUniformly": true,
        "dt": 0.025,
        "dump_coreneuron_model": false,
        "duration": 1000.0,
        "duration_seconds": 330.0,
        "filename": "model_output",
        "gatherOnlySimData": false,
        "gkbar_E": 0.22236738810179585,
        "gkbar_E_std": 0.008364506082954304,
        "gkbar_I": 2.0606860563904394,
        "gkbar_I_std": 0.7702727741959878,
        "gnabar_E": 6.317091052555826,
        "gnabar_E_std": 1.5701006811136358,
        "gnabar_I": 4.740915240349754,
        "gnabar_I_std": 0.9236984758443744,
        "gpu": false,
        "hParams": {
            "celsius": 6.3,
            "clamp_resist": 0.001,
            "v_init": -65.0
        },
        "includeParamsLabel": true,
        "invertedYCoord": true,
        "networkType": "22May24",
        "oneSynPerNetcon": true,
        "printPopAvgRates": [
            100,
            1000.0
        ],
        "printRunTime": false,
        "printSynsAfterRule": false,
        "probEE": 0.05427500324990572,
        "probEE_std": 0.384101713905609,
        "probEI": 0.2525850299139086,
        "probEI_std": 0.4471656342751278,
        "probIE": 0.02265942454530695,
        "probIE_std": 0.014424020238385904,
        "probII": 0.43510913836626575,
        "probII_std": 0.4969206918755825,
        "probLengthConst": 2918.81782764153,
        "propVelocity": 1.0,
        "pt3dRelativeToCellLocation": true,
        "rand123GlobalIndex": null,
        "random123": false,
        "recordCells": [
            [
                "E",
                [
                    68,
                    13
                ]
            ],
            [
                "I",
                [
                    4,
                    5
                ]
            ]
        ],
        "recordCellsSpikes": -1,
        "recordDipole": false,
        "recordDipolesHNN": false,
        "recordLFP": [],
        "recordStep": 0.1,
        "recordStim": false,
        "recordTime": true,
        "recordTraces": {
            "soma_voltage": {
                "loc": 0.5,
                "sec": "soma",
                "var": "v"
            }
        },
        "saveCSV": false,
        "saveCellConns": true,
        "saveCellSecs": true,
        "saveDat": false,
        "saveDataInclude": [
            "simData",
            "simConfig",
            "netParams",
            "net"
        ],
        "saveDipoleCells": false,
        "saveDipolePops": false,
        "saveDpk": false,
        "saveFolder": "/pscratch/sd/a/adammwea/2DNetworkSimulations/NERSC/output/240604_Run1_24n24hr/gen_2",
        "saveHDF5": false,
        "saveJson": true,
        "saveLFPCells": false,
        "saveLFPPops": false,
        "saveMat": false,
        "savePickle": false,
        "saveTiming": false,
        "seeds": {
            "cell": 1,
            "conn": 1,
            "loc": 1,
            "stim": 1
        },
        "simLabel": "gen_2_cand_141",
        "tau1_exc": 3.3332908765602385,
        "tau1_exc_std": 3.046222039776089,
        "tau1_inh": 9.991470617719415,
        "tau1_inh_std": 0.9218327687968972,
        "tau2_exc": 11.815294389589276,
        "tau2_exc_std": 4.785360748772476,
        "tau2_inh": 0.0867427490016146,
        "tau2_inh_std": 0.9436928735418213,
        "timestampFilename": false,
        "timing": true,
        "tstop": 1000.0,
        "use_fast_imem": false,
        "validateNetParams": false,
        "verbose": false,
        "weightEE": 1.3669847437442086,
        "weightEE_std": 0.0014384888488637771,
        "weightEI": 1.824051665797832,
        "weightEI_std": 0.3086372001907155,
        "weightIE": 0.5998610485528146,
        "weightIE_std": 0.11809659883450623,
        "weightII": 1.5861631549417858,
        "weightII_std": 0.17275728320055228
    }
}