{
    "simConfig": {
        "E_L_mean": 18.8,
        "E_L_stdev": 1.3482304899177475,
        "E_Ra_mean": 128.0,
        "E_Ra_stdev": 44.453806804479676,
        "E_diam_mean": 18.8,
        "E_diam_stdev": 1.3895091184521147,
        "I_L_mean": 9.0,
        "I_L_stdev": 1.1657962298728457,
        "I_Ra_mean": 110.0,
        "I_Ra_stdev": 35.5971262356571,
        "I_diam_mean": 10.0,
        "I_diam_stdev": 1.1737208542067372,
        "addSynMechs": true,
        "allowConnsWithWeight0": true,
        "allowSelfConns": false,
        "analysis": {},
        "backupCfgFile": [],
        "cache_efficient": true,
        "checkErrors": false,
        "compactConnFormat": false,
        "connRandomSecFromList": true,
        "coreneuron": false,
        "createNEURONObj": true,
        "createPyStruct": true,
        "cvode_active": false,
        "cvode_atol": 0.001,
        "distributeSynsUniformly": true,
        "dt": 0.025,
        "dump_coreneuron_model": false,
        "duration": 1000.0,
        "duration_seconds": 330.0,
        "filename": "model_output",
        "gatherOnlySimData": false,
        "gkbar_E": 0.6483397644441207,
        "gkbar_E_std": 0.24670314788980485,
        "gkbar_I": 1.0578817159810399,
        "gkbar_I_std": 0.05321846517613115,
        "gnabar_E": 5.983633331743269,
        "gnabar_E_std": 0.005765290611539197,
        "gnabar_I": 4.947835132275377,
        "gnabar_I_std": 0.7568342160212486,
        "gpu": false,
        "hParams": {
            "celsius": 6.3,
            "clamp_resist": 0.001,
            "v_init": -65.0
        },
        "includeParamsLabel": true,
        "invertedYCoord": true,
        "networkType": "22May24",
        "oneSynPerNetcon": true,
        "printPopAvgRates": [
            100,
            1000.0
        ],
        "printRunTime": false,
        "printSynsAfterRule": false,
        "probEE": 0.23302075186827967,
        "probEE_std": 0.4997783340626528,
        "probEI": 0.7852601839044004,
        "probEI_std": 0.32390844178013944,
        "probIE": 0.04466662641300578,
        "probIE_std": 0.4982044323879208,
        "probII": 0.021994006678760385,
        "probII_std": 0.006889364126476497,
        "probLengthConst": 2792.028233911554,
        "propVelocity": 1.0,
        "pt3dRelativeToCellLocation": true,
        "rand123GlobalIndex": null,
        "random123": false,
        "recordCells": [
            [
                "E",
                [
                    68,
                    13
                ]
            ],
            [
                "I",
                [
                    4,
                    5
                ]
            ]
        ],
        "recordCellsSpikes": -1,
        "recordDipole": false,
        "recordDipolesHNN": false,
        "recordLFP": [],
        "recordStep": 0.1,
        "recordStim": false,
        "recordTime": true,
        "recordTraces": {
            "soma_voltage": {
                "loc": 0.5,
                "sec": "soma",
                "var": "v"
            }
        },
        "saveCSV": false,
        "saveCellConns": true,
        "saveCellSecs": true,
        "saveDat": false,
        "saveDataInclude": [
            "simData",
            "simConfig",
            "netParams",
            "net"
        ],
        "saveDipoleCells": false,
        "saveDipolePops": false,
        "saveDpk": false,
        "saveFolder": "/pscratch/sd/a/adammwea/2DNetworkSimulations/NERSC/output/240604_Run1_24n24hr/gen_2",
        "saveHDF5": false,
        "saveJson": true,
        "saveLFPCells": false,
        "saveLFPPops": false,
        "saveMat": false,
        "savePickle": false,
        "saveTiming": false,
        "seeds": {
            "cell": 1,
            "conn": 1,
            "loc": 1,
            "stim": 1
        },
        "simLabel": "gen_2_cand_85",
        "tau1_exc": 3.2245226332885633,
        "tau1_exc_std": 3.099793758197611,
        "tau1_inh": 8.696120330045611,
        "tau1_inh_std": 0.4669413192758485,
        "tau2_exc": 27.082633103729687,
        "tau2_exc_std": 0.7112332409530797,
        "tau2_inh": 13.34690408972181,
        "tau2_inh_std": 0.9776346231111379,
        "timestampFilename": false,
        "timing": true,
        "tstop": 1000.0,
        "use_fast_imem": false,
        "validateNetParams": false,
        "verbose": false,
        "weightEE": 0.7726897218825468,
        "weightEE_std": 0.47276112322563535,
        "weightEI": 0.005518683662742406,
        "weightEI_std": 0.27257883816116146,
        "weightIE": 0.9520255300321055,
        "weightIE_std": 0.15319607697149676,
        "weightII": 1.458535071116788,
        "weightII_std": 0.045405939223050265
    }
}