{
    "simConfig": {
        "E_L_mean": 18.8,
        "E_L_stdev": 1.0741026185617941,
        "E_Ra_mean": 128.0,
        "E_Ra_stdev": 63.917169243200775,
        "E_diam_mean": 18.8,
        "E_diam_stdev": 4.580911976456702,
        "I_L_mean": 9.0,
        "I_L_stdev": 0.025428209933587853,
        "I_Ra_mean": 110.0,
        "I_Ra_stdev": 2.065529568964763,
        "I_diam_mean": 10.0,
        "I_diam_stdev": 1.7693283184564714,
        "addSynMechs": true,
        "allowConnsWithWeight0": true,
        "allowSelfConns": false,
        "analysis": {},
        "backupCfgFile": [],
        "cache_efficient": true,
        "checkErrors": false,
        "compactConnFormat": false,
        "connRandomSecFromList": true,
        "coreneuron": false,
        "createNEURONObj": true,
        "createPyStruct": true,
        "cvode_active": false,
        "cvode_atol": 0.001,
        "distributeSynsUniformly": true,
        "dt": 0.025,
        "dump_coreneuron_model": false,
        "duration": 1000.0,
        "duration_seconds": 330.0,
        "filename": "model_output",
        "gatherOnlySimData": false,
        "gkbar_E": 0.9621778927738589,
        "gkbar_E_std": 0.09266913446054886,
        "gkbar_I": 0.3313036696502496,
        "gkbar_I_std": 2.1437283698631124,
        "gnabar_E": 2.7194087842542833,
        "gnabar_E_std": 0.24755420422744656,
        "gnabar_I": 3.6133887700975795,
        "gnabar_I_std": 0.4112455442018667,
        "gpu": false,
        "hParams": {
            "celsius": 6.3,
            "clamp_resist": 0.001,
            "v_init": -65.0
        },
        "includeParamsLabel": true,
        "invertedYCoord": true,
        "networkType": "22May24",
        "oneSynPerNetcon": true,
        "printPopAvgRates": [
            100,
            1000.0
        ],
        "printRunTime": false,
        "printSynsAfterRule": false,
        "probEE": 0.016956816695837415,
        "probEE_std": 0.4780857771993672,
        "probEI": 0.3000727768179279,
        "probEI_std": 0.002216093709026548,
        "probIE": 0.6489849562655927,
        "probIE_std": 0.3479987001193039,
        "probII": 0.6346434503381511,
        "probII_std": 0.338976727211817,
        "probLengthConst": 973.4546103015439,
        "propVelocity": 1.0,
        "pt3dRelativeToCellLocation": true,
        "rand123GlobalIndex": null,
        "random123": false,
        "recordCells": [
            [
                "E",
                [
                    68,
                    13
                ]
            ],
            [
                "I",
                [
                    4,
                    5
                ]
            ]
        ],
        "recordCellsSpikes": -1,
        "recordDipole": false,
        "recordDipolesHNN": false,
        "recordLFP": [],
        "recordStep": 0.1,
        "recordStim": false,
        "recordTime": true,
        "recordTraces": {
            "soma_voltage": {
                "loc": 0.5,
                "sec": "soma",
                "var": "v"
            }
        },
        "saveCSV": false,
        "saveCellConns": true,
        "saveCellSecs": true,
        "saveDat": false,
        "saveDataInclude": [
            "simData",
            "simConfig",
            "netParams",
            "net"
        ],
        "saveDipoleCells": false,
        "saveDipolePops": false,
        "saveDpk": false,
        "saveFolder": "/pscratch/sd/a/adammwea/2DNetworkSimulations/NERSC/output/240604_Run1_24n24hr/gen_2",
        "saveHDF5": false,
        "saveJson": true,
        "saveLFPCells": false,
        "saveLFPPops": false,
        "saveMat": false,
        "savePickle": false,
        "saveTiming": false,
        "seeds": {
            "cell": 1,
            "conn": 1,
            "loc": 1,
            "stim": 1
        },
        "simLabel": "gen_2_cand_320",
        "tau1_exc": 5.762234852271711,
        "tau1_exc_std": 2.9064344072244843,
        "tau1_inh": 4.125932034429011,
        "tau1_inh_std": 0.08152303692337792,
        "tau2_exc": 29.961426888168905,
        "tau2_exc_std": 2.4066645944336247,
        "tau2_inh": 1.1803788298989968,
        "tau2_inh_std": 9.508833799195436,
        "timestampFilename": false,
        "timing": true,
        "tstop": 1000.0,
        "use_fast_imem": false,
        "validateNetParams": false,
        "verbose": false,
        "weightEE": 1.8955905576756686,
        "weightEE_std": 0.07297410753776079,
        "weightEI": 1.3191486461928539,
        "weightEI_std": 0.2873200713938289,
        "weightIE": 0.9599837222275953,
        "weightIE_std": 0.14733785275299474,
        "weightII": 1.3561998260785,
        "weightII_std": 0.24660081744693832
    }
}