{
    "simConfig": {
        "E_L_mean": 18.8,
        "E_L_stdev": 6.021251294011616,
        "E_Ra_mean": 128.0,
        "E_Ra_stdev": 8.014748666740509,
        "E_diam_mean": 18.8,
        "E_diam_stdev": 3.298574235740417,
        "I_L_mean": 9.0,
        "I_L_stdev": 2.8191987678026567,
        "I_Ra_mean": 110.0,
        "I_Ra_stdev": 19.36887248271313,
        "I_diam_mean": 10.0,
        "I_diam_stdev": 3.2641531218589153,
        "addSynMechs": true,
        "allowConnsWithWeight0": true,
        "allowSelfConns": false,
        "analysis": {},
        "backupCfgFile": [],
        "cache_efficient": true,
        "checkErrors": false,
        "compactConnFormat": false,
        "connRandomSecFromList": true,
        "coreneuron": false,
        "createNEURONObj": true,
        "createPyStruct": true,
        "cvode_active": false,
        "cvode_atol": 0.001,
        "distributeSynsUniformly": true,
        "dt": 0.025,
        "dump_coreneuron_model": false,
        "duration": 1000.0,
        "duration_seconds": 330.0,
        "filename": "model_output",
        "gatherOnlySimData": false,
        "gkbar_E": 0.6704033604344437,
        "gkbar_E_std": 0.4950529501407464,
        "gkbar_I": 6.196296279895789,
        "gkbar_I_std": 2.417259471814648,
        "gnabar_E": 6.861880239175145,
        "gnabar_E_std": 1.543934230196616,
        "gnabar_I": 2.7670857400378472,
        "gnabar_I_std": 0.7868417194969759,
        "gpu": false,
        "hParams": {
            "celsius": 6.3,
            "clamp_resist": 0.001,
            "v_init": -65.0
        },
        "includeParamsLabel": true,
        "invertedYCoord": true,
        "networkType": "22May24",
        "oneSynPerNetcon": true,
        "printPopAvgRates": [
            100,
            1000.0
        ],
        "printRunTime": false,
        "printSynsAfterRule": false,
        "probEE": 0.6976930836376614,
        "probEE_std": 0.4538939395778721,
        "probEI": 0.3546803508781228,
        "probEI_std": 0.3630747751793552,
        "probIE": 0.22381744580284443,
        "probIE_std": 0.48782674267603676,
        "probII": 0.748226327841682,
        "probII_std": 0.37401974738455407,
        "probLengthConst": 2284.6343039274784,
        "propVelocity": 1.0,
        "pt3dRelativeToCellLocation": true,
        "rand123GlobalIndex": null,
        "random123": false,
        "recordCells": [
            [
                "E",
                [
                    68,
                    13
                ]
            ],
            [
                "I",
                [
                    4,
                    5
                ]
            ]
        ],
        "recordCellsSpikes": -1,
        "recordDipole": false,
        "recordDipolesHNN": false,
        "recordLFP": [],
        "recordStep": 0.1,
        "recordStim": false,
        "recordTime": true,
        "recordTraces": {
            "soma_voltage": {
                "loc": 0.5,
                "sec": "soma",
                "var": "v"
            }
        },
        "saveCSV": false,
        "saveCellConns": true,
        "saveCellSecs": true,
        "saveDat": false,
        "saveDataInclude": [
            "simData",
            "simConfig",
            "netParams",
            "net"
        ],
        "saveDipoleCells": false,
        "saveDipolePops": false,
        "saveDpk": false,
        "saveFolder": "/pscratch/sd/a/adammwea/2DNetworkSimulations/NERSC/output/240604_Run1_24n24hr/gen_2",
        "saveHDF5": false,
        "saveJson": true,
        "saveLFPCells": false,
        "saveLFPPops": false,
        "saveMat": false,
        "savePickle": false,
        "saveTiming": false,
        "seeds": {
            "cell": 1,
            "conn": 1,
            "loc": 1,
            "stim": 1
        },
        "simLabel": "gen_2_cand_189",
        "tau1_exc": 2.8854900824385745,
        "tau1_exc_std": 3.0412537536574247,
        "tau1_inh": 9.720177518637488,
        "tau1_inh_std": 0.7450249079738187,
        "tau2_exc": 2.611369728825488,
        "tau2_exc_std": 0.20104628981185235,
        "tau2_inh": 8.904284813780528,
        "tau2_inh_std": 4.3269125850935835,
        "timestampFilename": false,
        "timing": true,
        "tstop": 1000.0,
        "use_fast_imem": false,
        "validateNetParams": false,
        "verbose": false,
        "weightEE": 1.998529939755674,
        "weightEE_std": 0.4522287164895956,
        "weightEI": 0.9416811875783938,
        "weightEI_std": 0.23558322644316135,
        "weightIE": 0.845413197501985,
        "weightIE_std": 0.0016728161679932492,
        "weightII": 1.0679566917410621,
        "weightII_std": 0.17237868345872426
    }
}