{
    "simConfig": {
        "E_L_mean": 18.8,
        "E_L_stdev": 3.262465614403376,
        "E_Ra_mean": 128.0,
        "E_Ra_stdev": 61.52086705231971,
        "E_diam_mean": 18.8,
        "E_diam_stdev": 5.967662209959776,
        "I_L_mean": 9.0,
        "I_L_stdev": 0.1700250467425357,
        "I_Ra_mean": 110.0,
        "I_Ra_stdev": 1.0672846992412726,
        "I_diam_mean": 10.0,
        "I_diam_stdev": 2.6491963078707115,
        "addSynMechs": true,
        "allowConnsWithWeight0": true,
        "allowSelfConns": false,
        "analysis": {},
        "backupCfgFile": [],
        "cache_efficient": true,
        "checkErrors": false,
        "compactConnFormat": false,
        "connRandomSecFromList": true,
        "coreneuron": false,
        "createNEURONObj": true,
        "createPyStruct": true,
        "cvode_active": false,
        "cvode_atol": 0.001,
        "distributeSynsUniformly": true,
        "dt": 0.025,
        "dump_coreneuron_model": false,
        "duration": 1000.0,
        "duration_seconds": 330.0,
        "filename": "model_output",
        "gatherOnlySimData": false,
        "gkbar_E": 0.027704329777620933,
        "gkbar_E_std": 0.05738125673824174,
        "gkbar_I": 5.056964795244584,
        "gkbar_I_std": 2.4972861578542433,
        "gnabar_E": 3.5937407153891128,
        "gnabar_E_std": 1.2462438302300805,
        "gnabar_I": 4.536210718719442,
        "gnabar_I_std": 0.23669291749404364,
        "gpu": false,
        "hParams": {
            "celsius": 6.3,
            "clamp_resist": 0.001,
            "v_init": -65.0
        },
        "includeParamsLabel": true,
        "invertedYCoord": true,
        "networkType": "22May24",
        "oneSynPerNetcon": true,
        "printPopAvgRates": [
            100,
            1000.0
        ],
        "printRunTime": false,
        "printSynsAfterRule": false,
        "probEE": 0.581014628439222,
        "probEE_std": 0.32164604220762566,
        "probEI": 0.2588037624222423,
        "probEI_std": 0.4412752762519716,
        "probIE": 0.11600309491497998,
        "probIE_std": 0.3693140123185811,
        "probII": 0.34880029104753596,
        "probII_std": 0.3636818770777064,
        "probLengthConst": 154.9634651809915,
        "propVelocity": 1.0,
        "pt3dRelativeToCellLocation": true,
        "rand123GlobalIndex": null,
        "random123": false,
        "recordCells": [
            [
                "E",
                [
                    68,
                    13
                ]
            ],
            [
                "I",
                [
                    4,
                    5
                ]
            ]
        ],
        "recordCellsSpikes": -1,
        "recordDipole": false,
        "recordDipolesHNN": false,
        "recordLFP": [],
        "recordStep": 0.1,
        "recordStim": false,
        "recordTime": true,
        "recordTraces": {
            "soma_voltage": {
                "loc": 0.5,
                "sec": "soma",
                "var": "v"
            }
        },
        "saveCSV": false,
        "saveCellConns": true,
        "saveCellSecs": true,
        "saveDat": false,
        "saveDataInclude": [
            "simData",
            "simConfig",
            "netParams",
            "net"
        ],
        "saveDipoleCells": false,
        "saveDipolePops": false,
        "saveDpk": false,
        "saveFolder": "/pscratch/sd/a/adammwea/2DNetworkSimulations/NERSC/output/240604_Run1_24n24hr/gen_2",
        "saveHDF5": false,
        "saveJson": true,
        "saveLFPCells": false,
        "saveLFPPops": false,
        "saveMat": false,
        "savePickle": false,
        "saveTiming": false,
        "seeds": {
            "cell": 1,
            "conn": 1,
            "loc": 1,
            "stim": 1
        },
        "simLabel": "gen_2_cand_37",
        "tau1_exc": 5.791974495883075,
        "tau1_exc_std": 0.03921093149805788,
        "tau1_inh": 3.8619617712874126,
        "tau1_inh_std": 2.0716358750108768,
        "tau2_exc": 24.465234934462046,
        "tau2_exc_std": 1.292335960695607,
        "tau2_inh": 6.109566092841145,
        "tau2_inh_std": 5.136181431713366,
        "timestampFilename": false,
        "timing": true,
        "tstop": 1000.0,
        "use_fast_imem": false,
        "validateNetParams": false,
        "verbose": false,
        "weightEE": 1.8688804293071448,
        "weightEE_std": 0.12749579475530692,
        "weightEI": 0.11107041820813998,
        "weightEI_std": 0.30053837807252093,
        "weightIE": 0.24406135311103982,
        "weightIE_std": 0.07484726551042037,
        "weightII": 1.5148127412053902,
        "weightII_std": 0.08414872910165885
    }
}