{
    "simConfig": {
        "E_L_mean": 18.8,
        "E_L_stdev": 0.6604695856673415,
        "E_Ra_mean": 128.0,
        "E_Ra_stdev": 23.61826911318545,
        "E_diam_mean": 18.8,
        "E_diam_stdev": 3.3552182091517246,
        "I_L_mean": 9.0,
        "I_L_stdev": 2.737339965887289,
        "I_Ra_mean": 110.0,
        "I_Ra_stdev": 13.313437360522473,
        "I_diam_mean": 10.0,
        "I_diam_stdev": 0.19197189245917734,
        "addSynMechs": true,
        "allowConnsWithWeight0": true,
        "allowSelfConns": false,
        "analysis": {},
        "backupCfgFile": [],
        "cache_efficient": true,
        "checkErrors": false,
        "compactConnFormat": false,
        "connRandomSecFromList": true,
        "coreneuron": false,
        "createNEURONObj": true,
        "createPyStruct": true,
        "cvode_active": false,
        "cvode_atol": 0.001,
        "distributeSynsUniformly": true,
        "dt": 0.025,
        "dump_coreneuron_model": false,
        "duration": 1000.0,
        "duration_seconds": 300.0,
        "filename": "model_output",
        "gatherOnlySimData": false,
        "gkbar_E": 0.6149586703353588,
        "gkbar_E_std": 0.23009969347693354,
        "gkbar_I": 7.018995985947991,
        "gkbar_I_std": 2.4597971787349824,
        "gnabar_E": 0.7369809146470292,
        "gnabar_E_std": 1.1647946494471741,
        "gnabar_I": 4.956942071690706,
        "gnabar_I_std": 0.018940606182542175,
        "gpu": false,
        "hParams": {
            "celsius": 6.3,
            "clamp_resist": 0.001,
            "v_init": -65.0
        },
        "includeParamsLabel": true,
        "invertedYCoord": true,
        "networkType": "22May24",
        "oneSynPerNetcon": true,
        "printPopAvgRates": [
            100,
            1000.0
        ],
        "printRunTime": false,
        "printSynsAfterRule": false,
        "probEE": 0.00019454426599023575,
        "probEE_std": 0.2513030591343689,
        "probEI": 0.9990572806549439,
        "probEI_std": 0.29852127486688323,
        "probIE": 0.09884745133651518,
        "probIE_std": 0.4229545693004259,
        "probII": 0.7483078553460498,
        "probII_std": 0.46167083531177644,
        "probLengthConst": 2793.2192502604653,
        "propVelocity": 1.0,
        "pt3dRelativeToCellLocation": true,
        "rand123GlobalIndex": null,
        "random123": false,
        "recordCells": [
            [
                "E",
                [
                    65,
                    58
                ]
            ],
            [
                "I",
                [
                    22,
                    34
                ]
            ]
        ],
        "recordCellsSpikes": -1,
        "recordDipole": false,
        "recordDipolesHNN": false,
        "recordLFP": [],
        "recordStep": 0.1,
        "recordStim": false,
        "recordTime": true,
        "recordTraces": {
            "soma_voltage": {
                "loc": 0.5,
                "sec": "soma",
                "var": "v"
            }
        },
        "saveCSV": false,
        "saveCellConns": true,
        "saveCellSecs": true,
        "saveDat": false,
        "saveDataInclude": [
            "simData",
            "simConfig",
            "netParams",
            "net"
        ],
        "saveDipoleCells": false,
        "saveDipolePops": false,
        "saveDpk": false,
        "saveFolder": "/pscratch/sd/a/adammwea/2DNetworkSimulations/NERSC/output/240530_Run1_8nodes/gen_14",
        "saveHDF5": false,
        "saveJson": true,
        "saveLFPCells": false,
        "saveLFPPops": false,
        "saveMat": false,
        "savePickle": false,
        "saveTiming": false,
        "seeds": {
            "cell": 1,
            "conn": 1,
            "loc": 1,
            "stim": 1
        },
        "simLabel": "gen_14_cand_59",
        "tau1_exc": 7.396884074185893,
        "tau1_exc_std": 0.8500073588162074,
        "tau1_inh": 0.11815232728813971,
        "tau1_inh_std": 1.2232247018693356,
        "tau2_exc": 7.733989671773621,
        "tau2_exc_std": 0.025515850754482663,
        "tau2_inh": 17.96845093090385,
        "tau2_inh_std": 2.517806559842544,
        "timestampFilename": false,
        "timing": true,
        "tstop": 1000.0,
        "use_fast_imem": false,
        "validateNetParams": false,
        "verbose": false,
        "weightEE": 1.9768687598399235,
        "weightEE_std": 0.4912085476437019,
        "weightEI": 0.01236776747207069,
        "weightEI_std": 0.20060078525540298,
        "weightIE": 0.8933767719517159,
        "weightIE_std": 0.20712728299485245,
        "weightII": 0.0554564901071802,
        "weightII_std": 0.07020081694079804
    }
}