{
    "simConfig": {
        "E_L_mean": 18.8,
        "E_L_stdev": 0.9783873868213213,
        "E_Ra_mean": 128.0,
        "E_Ra_stdev": 61.3549795571102,
        "E_diam_mean": 18.8,
        "E_diam_stdev": 6.125013249408115,
        "I_L_mean": 9.0,
        "I_L_stdev": 1.8267775173441536,
        "I_Ra_mean": 110.0,
        "I_Ra_stdev": 0.20802593073206666,
        "I_diam_mean": 10.0,
        "I_diam_stdev": 3.3331972950975577,
        "addSynMechs": true,
        "allowConnsWithWeight0": true,
        "allowSelfConns": false,
        "analysis": {},
        "backupCfgFile": [],
        "cache_efficient": true,
        "checkErrors": false,
        "compactConnFormat": false,
        "connRandomSecFromList": true,
        "coreneuron": false,
        "createNEURONObj": true,
        "createPyStruct": true,
        "cvode_active": false,
        "cvode_atol": 0.001,
        "distributeSynsUniformly": true,
        "dt": 0.025,
        "dump_coreneuron_model": false,
        "duration": 1000.0,
        "duration_seconds": 300.0,
        "filename": "model_output",
        "gatherOnlySimData": false,
        "gkbar_E": 0.13189977780198503,
        "gkbar_E_std": 0.2827431088630211,
        "gkbar_I": 0.21497471682510172,
        "gkbar_I_std": 0.4987468641272891,
        "gnabar_E": 1.4465637316388933,
        "gnabar_E_std": 1.666501997461062,
        "gnabar_I": 0.5546392871777268,
        "gnabar_I_std": 0.18471699222874816,
        "gpu": false,
        "hParams": {
            "celsius": 6.3,
            "clamp_resist": 0.001,
            "v_init": -65.0
        },
        "includeParamsLabel": true,
        "invertedYCoord": true,
        "networkType": "22May24",
        "oneSynPerNetcon": true,
        "printPopAvgRates": [
            100,
            1000.0
        ],
        "printRunTime": false,
        "printSynsAfterRule": false,
        "probEE": 0.7061050509184316,
        "probEE_std": 0.008746980499280459,
        "probEI": 0.8459469302982339,
        "probEI_std": 0.11186810657457841,
        "probIE": 0.24258042035543528,
        "probIE_std": 0.12017192187601847,
        "probII": 0.6526396604131031,
        "probII_std": 0.4652776839119661,
        "probLengthConst": 261.86935247978073,
        "propVelocity": 1.0,
        "pt3dRelativeToCellLocation": true,
        "rand123GlobalIndex": null,
        "random123": false,
        "recordCells": [
            [
                "E",
                [
                    65,
                    58
                ]
            ],
            [
                "I",
                [
                    22,
                    34
                ]
            ]
        ],
        "recordCellsSpikes": -1,
        "recordDipole": false,
        "recordDipolesHNN": false,
        "recordLFP": [],
        "recordStep": 0.1,
        "recordStim": false,
        "recordTime": true,
        "recordTraces": {
            "soma_voltage": {
                "loc": 0.5,
                "sec": "soma",
                "var": "v"
            }
        },
        "saveCSV": false,
        "saveCellConns": true,
        "saveCellSecs": true,
        "saveDat": false,
        "saveDataInclude": [
            "simData",
            "simConfig",
            "netParams",
            "net"
        ],
        "saveDipoleCells": false,
        "saveDipolePops": false,
        "saveDpk": false,
        "saveFolder": "/pscratch/sd/a/adammwea/2DNetworkSimulations/NERSC/output/240530_Run1_8nodes/gen_14",
        "saveHDF5": false,
        "saveJson": true,
        "saveLFPCells": false,
        "saveLFPPops": false,
        "saveMat": false,
        "savePickle": false,
        "saveTiming": false,
        "seeds": {
            "cell": 1,
            "conn": 1,
            "loc": 1,
            "stim": 1
        },
        "simLabel": "gen_14_cand_26",
        "tau1_exc": 1.337613716312159,
        "tau1_exc_std": 2.4736073768902216,
        "tau1_inh": 6.169930218340402,
        "tau1_inh_std": 0.41386647779129154,
        "tau2_exc": 0.0016291406001910013,
        "tau2_exc_std": 9.310728062420978,
        "tau2_inh": 16.41946520991957,
        "tau2_inh_std": 0.31859609246123677,
        "timestampFilename": false,
        "timing": true,
        "tstop": 1000.0,
        "use_fast_imem": false,
        "validateNetParams": false,
        "verbose": false,
        "weightEE": 1.1662663290085273,
        "weightEE_std": 0.026609684413939544,
        "weightEI": 1.9975257990483004,
        "weightEI_std": 0.3274916104514744,
        "weightIE": 0.833492922866258,
        "weightIE_std": 0.02230280542550768,
        "weightII": 0.43404487335755493,
        "weightII_std": 0.07432086138604103
    }
}