{
    "simConfig": {
        "E_L_mean": 18.8,
        "E_L_stdev": 6.011665501875951,
        "E_Ra_mean": 128.0,
        "E_Ra_stdev": 15.307000930505374,
        "E_diam_mean": 18.8,
        "E_diam_stdev": 4.775963313437104,
        "I_L_mean": 9.0,
        "I_L_stdev": 0.04473057068275388,
        "I_Ra_mean": 110.0,
        "I_Ra_stdev": 9.124351716441625,
        "I_diam_mean": 10.0,
        "I_diam_stdev": 3.2317265472227135,
        "addSynMechs": true,
        "allowConnsWithWeight0": true,
        "allowSelfConns": false,
        "analysis": {},
        "backupCfgFile": [],
        "cache_efficient": true,
        "checkErrors": false,
        "compactConnFormat": false,
        "connRandomSecFromList": true,
        "coreneuron": false,
        "createNEURONObj": true,
        "createPyStruct": true,
        "cvode_active": false,
        "cvode_atol": 0.001,
        "distributeSynsUniformly": true,
        "dt": 0.025,
        "dump_coreneuron_model": false,
        "duration": 1000.0,
        "duration_seconds": 60.0,
        "filename": "model_output",
        "gatherOnlySimData": false,
        "gkbar_E": 0.15665161153063922,
        "gkbar_E_std": 0.06898000754745467,
        "gkbar_I": 5.911848016938025,
        "gkbar_I_std": 1.1786027475848184,
        "gnabar_E": 1.033307244756974,
        "gnabar_E_std": 0.39707982709400974,
        "gnabar_I": 0.003345118018470741,
        "gnabar_I_std": 0.021557119326868306,
        "gpu": false,
        "hParams": {
            "celsius": 6.3,
            "clamp_resist": 0.001,
            "v_init": -65.0
        },
        "includeParamsLabel": true,
        "invertedYCoord": true,
        "networkType": "22May24",
        "oneSynPerNetcon": true,
        "printPopAvgRates": [
            100,
            1000.0
        ],
        "printRunTime": false,
        "printSynsAfterRule": false,
        "probEE": 0.7869575949508627,
        "probEE_std": 0.002464594840545645,
        "probEI": 0.01539799478577819,
        "probEI_std": 0.07870248233098023,
        "probIE": 0.17219587578040285,
        "probIE_std": 0.32105991899486197,
        "probII": 0.9465637912851685,
        "probII_std": 0.03661197764807375,
        "probLengthConst": 2956.3922917537607,
        "propVelocity": 1.0,
        "pt3dRelativeToCellLocation": true,
        "rand123GlobalIndex": null,
        "random123": false,
        "recordCells": [
            [
                "E",
                [
                    16,
                    79
                ]
            ],
            [
                "I",
                [
                    28,
                    1
                ]
            ]
        ],
        "recordCellsSpikes": -1,
        "recordDipole": false,
        "recordDipolesHNN": false,
        "recordLFP": [],
        "recordStep": 0.1,
        "recordStim": false,
        "recordTime": true,
        "recordTraces": {
            "soma_voltage": {
                "loc": 0.5,
                "sec": "soma",
                "var": "v"
            }
        },
        "saveCSV": false,
        "saveCellConns": true,
        "saveCellSecs": true,
        "saveDat": false,
        "saveDataInclude": [
            "simData",
            "simConfig",
            "netParams",
            "net"
        ],
        "saveDipoleCells": false,
        "saveDipolePops": false,
        "saveDpk": false,
        "saveFolder": "/pscratch/sd/a/adammwea/2DNetworkSimulations/NERSC/output/240527_Run3_this_should_work/gen_10",
        "saveHDF5": false,
        "saveJson": true,
        "saveLFPCells": false,
        "saveLFPPops": false,
        "saveMat": false,
        "savePickle": false,
        "saveTiming": false,
        "seeds": {
            "cell": 1,
            "conn": 1,
            "loc": 1,
            "stim": 1
        },
        "simLabel": "gen_10_cand_9",
        "tau1_exc": 1.0900030276431492,
        "tau1_exc_std": 3.3023100818865174,
        "tau1_inh": 2.486089578665676,
        "tau1_inh_std": 1.1508305586419094,
        "tau2_exc": 4.898368120048544,
        "tau2_exc_std": 4.22130218090176,
        "tau2_inh": 0.17776782005300773,
        "tau2_inh_std": 1.8229672855637977,
        "timestampFilename": false,
        "timing": true,
        "tstop": 1000.0,
        "use_fast_imem": false,
        "validateNetParams": false,
        "verbose": false,
        "weightEE": 0.45513948356471523,
        "weightEE_std": 0.29274366536545443,
        "weightEI": 0.8920465006509918,
        "weightEI_std": 0.09481922141654678,
        "weightIE": 0.9085058847762285,
        "weightIE_std": 0.03142881620902022,
        "weightII": 0.4978889627551363,
        "weightII_std": 0.051395654524319545
    }
}