{
    "simConfig": {
        "E_L_mean": 18.8,
        "E_L_stdev": 6.261008179770167,
        "E_Ra_mean": 128.0,
        "E_Ra_stdev": 6.174052892540228,
        "E_diam_mean": 18.8,
        "E_diam_stdev": 2.8381286985451775,
        "I_L_mean": 9.0,
        "I_L_stdev": 1.291789693405265,
        "I_Ra_mean": 110.0,
        "I_Ra_stdev": 28.142110018306525,
        "I_diam_mean": 10.0,
        "I_diam_stdev": 0.5429910246883731,
        "addSynMechs": true,
        "allowConnsWithWeight0": true,
        "allowSelfConns": false,
        "analysis": {},
        "backupCfgFile": [],
        "cache_efficient": true,
        "checkErrors": false,
        "compactConnFormat": false,
        "connRandomSecFromList": true,
        "coreneuron": false,
        "createNEURONObj": true,
        "createPyStruct": true,
        "cvode_active": false,
        "cvode_atol": 0.001,
        "distributeSynsUniformly": true,
        "dt": 0.025,
        "dump_coreneuron_model": false,
        "duration": 1000.0,
        "duration_seconds": 60.0,
        "filename": "model_output",
        "gatherOnlySimData": false,
        "gkbar_E": 0.2957298837754433,
        "gkbar_E_std": 0.13085050265510592,
        "gkbar_I": 5.816796801845218,
        "gkbar_I_std": 0.899618699590039,
        "gnabar_E": 4.939789273400985,
        "gnabar_E_std": 0.947202067814823,
        "gnabar_I": 1.5025500175682096,
        "gnabar_I_std": 0.9356840997305923,
        "gpu": false,
        "hParams": {
            "celsius": 6.3,
            "clamp_resist": 0.001,
            "v_init": -65.0
        },
        "includeParamsLabel": true,
        "invertedYCoord": true,
        "networkType": "22May24",
        "oneSynPerNetcon": true,
        "printPopAvgRates": [
            100,
            1000.0
        ],
        "printRunTime": false,
        "printSynsAfterRule": false,
        "probEE": 0.9976493629073457,
        "probEE_std": 0.3088352566076874,
        "probEI": 0.03788626905654546,
        "probEI_std": 0.281090669179739,
        "probIE": 0.9878005097744379,
        "probIE_std": 0.012864654940374642,
        "probII": 0.6709686238614672,
        "probII_std": 0.33292088098846495,
        "probLengthConst": 927.290885443173,
        "propVelocity": 1.0,
        "pt3dRelativeToCellLocation": true,
        "rand123GlobalIndex": null,
        "random123": false,
        "recordCells": [
            [
                "E",
                [
                    16,
                    79
                ]
            ],
            [
                "I",
                [
                    28,
                    1
                ]
            ]
        ],
        "recordCellsSpikes": -1,
        "recordDipole": false,
        "recordDipolesHNN": false,
        "recordLFP": [],
        "recordStep": 0.1,
        "recordStim": false,
        "recordTime": true,
        "recordTraces": {
            "soma_voltage": {
                "loc": 0.5,
                "sec": "soma",
                "var": "v"
            }
        },
        "saveCSV": false,
        "saveCellConns": true,
        "saveCellSecs": true,
        "saveDat": false,
        "saveDataInclude": [
            "simData",
            "simConfig",
            "netParams",
            "net"
        ],
        "saveDipoleCells": false,
        "saveDipolePops": false,
        "saveDpk": false,
        "saveFolder": "/pscratch/sd/a/adammwea/2DNetworkSimulations/NERSC/output/240527_Run3_this_should_work/gen_10",
        "saveHDF5": false,
        "saveJson": true,
        "saveLFPCells": false,
        "saveLFPPops": false,
        "saveMat": false,
        "savePickle": false,
        "saveTiming": false,
        "seeds": {
            "cell": 1,
            "conn": 1,
            "loc": 1,
            "stim": 1
        },
        "simLabel": "gen_10_cand_61",
        "tau1_exc": 4.8041944757834765,
        "tau1_exc_std": 3.122351402344405,
        "tau1_inh": 0.27213271568352526,
        "tau1_inh_std": 1.5854983288647224,
        "tau2_exc": 15.07313309005173,
        "tau2_exc_std": 6.662189049058415,
        "tau2_inh": 6.082089649753374,
        "tau2_inh_std": 6.012854340436459,
        "timestampFilename": false,
        "timing": true,
        "tstop": 1000.0,
        "use_fast_imem": false,
        "validateNetParams": false,
        "verbose": false,
        "weightEE": 0.8632869007005862,
        "weightEE_std": 0.32417867002660666,
        "weightEI": 0.8317592578152485,
        "weightEI_std": 0.22704419043267127,
        "weightIE": 0.5314946262129514,
        "weightIE_std": 0.05753678698756455,
        "weightII": 0.13885250563895213,
        "weightII_std": 0.1650869088622086
    }
}