{
    "rate_fitness": 8.63268478300154,
    "BurstVal_fitness": 3.954404013412969,
    "IBI_fitness": 3.5135420931810963,
    "baselineFitness": 1.222483289333556,
    "slopeFitness": 1.0000035313092128,
    "baseline_diff_fitness": 1000,
    "burst_peak_frequency": 1000,
    "fitness": 288.3318739586055,
    "average_scaled_fitness": 287.61949093390353,
    "maxFitness": 1000
}