{
    "rate_fitness": 14.693532153563877,
    "BurstVal_fitness": 2.859489875892225,
    "IBI_fitness": 1.03099907183345,
    "baselineFitness": 1.5848949895148687,
    "slopeFitness": 1.001790522623166,
    "baseline_diff_fitness": 1000,
    "burst_peak_frequency": 1000,
    "fitness": 288.7386723733468,
    "average_scaled_fitness": 288.0254229897493,
    "maxFitness": 1000
}