{
    "simConfig": {
        "E_L_mean": 18.8,
        "E_L_stdev": 5.033773078161582,
        "E_Ra_mean": 128.0,
        "E_Ra_stdev": 42.606174606740716,
        "E_diam_mean": 18.8,
        "E_diam_stdev": 0.25737125342926714,
        "I_L_mean": 9.0,
        "I_L_stdev": 1.0534259370979846,
        "I_Ra_mean": 110.0,
        "I_Ra_stdev": 22.014836514587294,
        "I_diam_mean": 10.0,
        "I_diam_stdev": 3.1181288429578773,
        "addSynMechs": true,
        "allowConnsWithWeight0": true,
        "allowSelfConns": false,
        "analysis": {},
        "backupCfgFile": [],
        "cache_efficient": true,
        "checkErrors": false,
        "compactConnFormat": false,
        "connRandomSecFromList": true,
        "coreneuron": false,
        "createNEURONObj": true,
        "createPyStruct": true,
        "cvode_active": false,
        "cvode_atol": 0.001,
        "distributeSynsUniformly": true,
        "dt": 0.025,
        "dump_coreneuron_model": false,
        "duration": 1000.0,
        "duration_seconds": 60.0,
        "filename": "model_output",
        "gatherOnlySimData": false,
        "gkbar_E": 0.7831594019566546,
        "gkbar_E_std": 0.011082656015519748,
        "gkbar_I": 7.243735106639543,
        "gkbar_I_std": 0.762465714069804,
        "gnabar_E": 4.974667238566895,
        "gnabar_E_std": 0.1668750245477649,
        "gnabar_I": 0.01681846997860512,
        "gnabar_I_std": 0.31439018326999524,
        "gpu": false,
        "hParams": {
            "celsius": 6.3,
            "clamp_resist": 0.001,
            "v_init": -65.0
        },
        "includeParamsLabel": true,
        "invertedYCoord": true,
        "networkType": "22May24",
        "oneSynPerNetcon": true,
        "printPopAvgRates": [
            100,
            1000.0
        ],
        "printRunTime": false,
        "printSynsAfterRule": false,
        "probEE": 0.354041333032033,
        "probEE_std": 0.10309955283603076,
        "probEI": 0.055865505597202436,
        "probEI_std": 0.19869729009474874,
        "probIE": 0.9228961496734724,
        "probIE_std": 0.057461283025375745,
        "probII": 0.8881223887383938,
        "probII_std": 0.315784782533169,
        "probLengthConst": 352.3062137200135,
        "propVelocity": 1.0,
        "pt3dRelativeToCellLocation": true,
        "rand123GlobalIndex": null,
        "random123": false,
        "recordCells": [
            [
                "E",
                [
                    16,
                    79
                ]
            ],
            [
                "I",
                [
                    28,
                    1
                ]
            ]
        ],
        "recordCellsSpikes": -1,
        "recordDipole": false,
        "recordDipolesHNN": false,
        "recordLFP": [],
        "recordStep": 0.1,
        "recordStim": false,
        "recordTime": true,
        "recordTraces": {
            "soma_voltage": {
                "loc": 0.5,
                "sec": "soma",
                "var": "v"
            }
        },
        "saveCSV": false,
        "saveCellConns": true,
        "saveCellSecs": true,
        "saveDat": false,
        "saveDataInclude": [
            "simData",
            "simConfig",
            "netParams",
            "net"
        ],
        "saveDipoleCells": false,
        "saveDipolePops": false,
        "saveDpk": false,
        "saveFolder": "/pscratch/sd/a/adammwea/2DNetworkSimulations/NERSC/output/240527_Run3_this_should_work/gen_15",
        "saveHDF5": false,
        "saveJson": true,
        "saveLFPCells": false,
        "saveLFPPops": false,
        "saveMat": false,
        "savePickle": false,
        "saveTiming": false,
        "seeds": {
            "cell": 1,
            "conn": 1,
            "loc": 1,
            "stim": 1
        },
        "simLabel": "gen_15_cand_52",
        "tau1_exc": 1.0344035722797842,
        "tau1_exc_std": 3.3031789552926956,
        "tau1_inh": 2.0064240746594995,
        "tau1_inh_std": 1.9201419089473695,
        "tau2_exc": 0.7386711717213867,
        "tau2_exc_std": 6.531858969783784,
        "tau2_inh": 19.827338225328578,
        "tau2_inh_std": 3.574493151924544,
        "timestampFilename": false,
        "timing": true,
        "tstop": 1000.0,
        "use_fast_imem": false,
        "validateNetParams": false,
        "verbose": false,
        "weightEE": 0.43032265702134126,
        "weightEE_std": 0.10944320269857694,
        "weightEI": 0.9583068776808059,
        "weightEI_std": 0.29767702918627514,
        "weightIE": 0.9079886359443754,
        "weightIE_std": 2.1517885594657046e-07,
        "weightII": 0.48778353078868747,
        "weightII_std": 0.03529268777453126
    }
}