{
    "simConfig": {
        "E_L_mean": 18.8,
        "E_L_stdev": 3.416611964093372,
        "E_Ra_mean": 128.0,
        "E_Ra_stdev": 22.055118255258336,
        "E_diam_mean": 18.8,
        "E_diam_stdev": 0.91294197568874,
        "I_L_mean": 9.0,
        "I_L_stdev": 2.6047834367617395,
        "I_Ra_mean": 110.0,
        "I_Ra_stdev": 21.49095817730995,
        "I_diam_mean": 10.0,
        "I_diam_stdev": 1.9111980025588897,
        "addSynMechs": true,
        "allowConnsWithWeight0": true,
        "allowSelfConns": false,
        "analysis": {},
        "backupCfgFile": [],
        "cache_efficient": true,
        "checkErrors": false,
        "compactConnFormat": false,
        "connRandomSecFromList": true,
        "coreneuron": false,
        "createNEURONObj": true,
        "createPyStruct": true,
        "cvode_active": false,
        "cvode_atol": 0.001,
        "distributeSynsUniformly": true,
        "dt": 0.025,
        "dump_coreneuron_model": false,
        "duration": 1000.0,
        "duration_seconds": 60.0,
        "filename": "model_output",
        "gatherOnlySimData": false,
        "gkbar_E": 0.3080499966059029,
        "gkbar_E_std": 0.3146911640115355,
        "gkbar_I": 6.9388873489881275,
        "gkbar_I_std": 0.5403743812649346,
        "gnabar_E": 2.153776186020694,
        "gnabar_E_std": 0.44052362015131213,
        "gnabar_I": 0.09937246569238534,
        "gnabar_I_std": 0.8367284556333758,
        "gpu": false,
        "hParams": {
            "celsius": 6.3,
            "clamp_resist": 0.001,
            "v_init": -65.0
        },
        "includeParamsLabel": true,
        "invertedYCoord": true,
        "networkType": "22May24",
        "oneSynPerNetcon": true,
        "printPopAvgRates": [
            100,
            1000.0
        ],
        "printRunTime": false,
        "printSynsAfterRule": false,
        "probEE": 0.35765064496408727,
        "probEE_std": 0.08216574985973157,
        "probEI": 0.8051511033044958,
        "probEI_std": 0.033416711648163455,
        "probIE": 2.5932698426001875e-06,
        "probIE_std": 0.08212453379144756,
        "probII": 0.0326309979007062,
        "probII_std": 0.07998798725126587,
        "probLengthConst": 69.26912125531656,
        "propVelocity": 1.0,
        "pt3dRelativeToCellLocation": true,
        "rand123GlobalIndex": null,
        "random123": false,
        "recordCells": [
            [
                "E",
                [
                    16,
                    79
                ]
            ],
            [
                "I",
                [
                    28,
                    1
                ]
            ]
        ],
        "recordCellsSpikes": -1,
        "recordDipole": false,
        "recordDipolesHNN": false,
        "recordLFP": [],
        "recordStep": 0.1,
        "recordStim": false,
        "recordTime": true,
        "recordTraces": {
            "soma_voltage": {
                "loc": 0.5,
                "sec": "soma",
                "var": "v"
            }
        },
        "saveCSV": false,
        "saveCellConns": true,
        "saveCellSecs": true,
        "saveDat": false,
        "saveDataInclude": [
            "simData",
            "simConfig",
            "netParams",
            "net"
        ],
        "saveDipoleCells": false,
        "saveDipolePops": false,
        "saveDpk": false,
        "saveFolder": "/pscratch/sd/a/adammwea/2DNetworkSimulations/NERSC/output/240527_Run3_this_should_work/gen_15",
        "saveHDF5": false,
        "saveJson": true,
        "saveLFPCells": false,
        "saveLFPPops": false,
        "saveMat": false,
        "savePickle": false,
        "saveTiming": false,
        "seeds": {
            "cell": 1,
            "conn": 1,
            "loc": 1,
            "stim": 1
        },
        "simLabel": "gen_15_cand_8",
        "tau1_exc": 0.2475617066159312,
        "tau1_exc_std": 0.037239931174786266,
        "tau1_inh": 4.581107970940259,
        "tau1_inh_std": 0.8937317272551801,
        "tau2_exc": 14.242460279236088,
        "tau2_exc_std": 0.12484381733587069,
        "tau2_inh": 0.5207538732490247,
        "tau2_inh_std": 0.7900528518004823,
        "timestampFilename": false,
        "timing": true,
        "tstop": 1000.0,
        "use_fast_imem": false,
        "validateNetParams": false,
        "verbose": false,
        "weightEE": 0.5934280278825966,
        "weightEE_std": 0.2971906003598142,
        "weightEI": 0.9690726772873863,
        "weightEI_std": 0.2365893728684641,
        "weightIE": 0.880994692851316,
        "weightIE_std": 0.05643518021034999,
        "weightII": 0.028541972773807624,
        "weightII_std": 0.039557753964862184
    }
}