{
    "burstAmp_Fitness": 1.3519267295256276,
    "burst_peak_frequency_fitness": 1000,
    "IBI_fitness": 1000,
    "baselineFitness": 1000,
    "slopeFitness": 1.001535483597215,
    "baseline_diff_fitness": 1000,
    "rate_fitness": 1000.0,
    "maxFitness": 1000,
    "average_fitness": 714.6219231733032,
    "average_scaled_fitness": 714.3358203610021
}