{
    "burstAmp_Fitness": 3.8129378971771257,
    "burst_peak_frequency_fitness": 1000,
    "IBI_fitness": 500.5075565323079,
    "baselineFitness": 1.017739991662356,
    "slopeFitness": 1.0004078159165166,
    "baseline_diff_fitness": 1000,
    "rate_fitness": 504.93982057611754,
    "maxFitness": 1000,
    "average_fitness": 430.18263754474026,
    "average_scaled_fitness": 429.6120169483905
}