{
    "simConfig": {
        "E_L_mean": 18.8,
        "E_L_stdev": 2.432095756904925,
        "E_Ra_mean": 128.0,
        "E_Ra_stdev": 39.79046614437932,
        "E_diam_mean": 18.8,
        "E_diam_stdev": 2.825903459194482,
        "I_L_mean": 9.0,
        "I_L_stdev": 2.6291729954753404,
        "I_Ra_mean": 110.0,
        "I_Ra_stdev": 34.21608126491141,
        "I_diam_mean": 10.0,
        "I_diam_stdev": 3.333108375826829,
        "addSynMechs": true,
        "allowConnsWithWeight0": true,
        "allowSelfConns": false,
        "analysis": {},
        "backupCfgFile": [],
        "cache_efficient": true,
        "checkErrors": false,
        "compactConnFormat": false,
        "connRandomSecFromList": true,
        "coreneuron": false,
        "createNEURONObj": true,
        "createPyStruct": true,
        "cvode_active": false,
        "cvode_atol": 0.001,
        "distributeSynsUniformly": true,
        "dt": 0.025,
        "dump_coreneuron_model": false,
        "duration": 1000.0,
        "duration_seconds": 60.0,
        "filename": "model_output",
        "gatherOnlySimData": false,
        "gkbar_E": 0.05350704800556738,
        "gkbar_E_std": 0.11895044651643347,
        "gkbar_I": 6.766060871729333,
        "gkbar_I_std": 0.16932424563005055,
        "gnabar_E": 0.7705880241611858,
        "gnabar_E_std": 0.7279801437321165,
        "gnabar_I": 1.3948767214896325,
        "gnabar_I_std": 0.06055704718458305,
        "gpu": false,
        "hParams": {
            "celsius": 6.3,
            "clamp_resist": 0.001,
            "v_init": -65.0
        },
        "includeParamsLabel": true,
        "invertedYCoord": true,
        "networkType": "22May24",
        "oneSynPerNetcon": true,
        "printPopAvgRates": [
            100,
            1000.0
        ],
        "printRunTime": false,
        "printSynsAfterRule": false,
        "probEE": 0.934151996347858,
        "probEE_std": 0.03163921453046456,
        "probEI": 0.9672952975481425,
        "probEI_std": 0.012703983126600857,
        "probIE": 0.4584954116929475,
        "probIE_std": 0.287918426824943,
        "probII": 0.008545042409214092,
        "probII_std": 0.30881715345816346,
        "probLengthConst": 1834.616284639172,
        "propVelocity": 1.0,
        "pt3dRelativeToCellLocation": true,
        "rand123GlobalIndex": null,
        "random123": false,
        "recordCells": [
            [
                "E",
                [
                    16,
                    79
                ]
            ],
            [
                "I",
                [
                    28,
                    1
                ]
            ]
        ],
        "recordCellsSpikes": -1,
        "recordDipole": false,
        "recordDipolesHNN": false,
        "recordLFP": [],
        "recordStep": 0.1,
        "recordStim": false,
        "recordTime": true,
        "recordTraces": {
            "soma_voltage": {
                "loc": 0.5,
                "sec": "soma",
                "var": "v"
            }
        },
        "saveCSV": false,
        "saveCellConns": true,
        "saveCellSecs": true,
        "saveDat": false,
        "saveDataInclude": [
            "simData",
            "simConfig",
            "netParams",
            "net"
        ],
        "saveDipoleCells": false,
        "saveDipolePops": false,
        "saveDpk": false,
        "saveFolder": "/pscratch/sd/a/adammwea/2DNetworkSimulations/NERSC/output/240527_Run3_this_should_work/gen_3",
        "saveHDF5": false,
        "saveJson": true,
        "saveLFPCells": false,
        "saveLFPPops": false,
        "saveMat": false,
        "savePickle": false,
        "saveTiming": false,
        "seeds": {
            "cell": 1,
            "conn": 1,
            "loc": 1,
            "stim": 1
        },
        "simLabel": "gen_3_cand_34",
        "tau1_exc": 1.6106710060691969,
        "tau1_exc_std": 2.280339961002565,
        "tau1_inh": 3.5824929021384726,
        "tau1_inh_std": 2.9375360558851615,
        "tau2_exc": 0.7429611630881741,
        "tau2_exc_std": 2.4707928094796654,
        "tau2_inh": 12.405027222532912,
        "tau2_inh_std": 2.6861172876436994,
        "timestampFilename": false,
        "timing": true,
        "tstop": 1000.0,
        "use_fast_imem": false,
        "validateNetParams": false,
        "verbose": false,
        "weightEE": 0.16860821407889937,
        "weightEE_std": 0.06134862858541585,
        "weightEI": 0.3457144158434018,
        "weightEI_std": 0.3251583240162875,
        "weightIE": 0.41797852649727474,
        "weightIE_std": 0.28719026915962964,
        "weightII": 0.03525801968024617,
        "weightII_std": 0.15874606841735922
    }
}