{
    "simConfig": {
        "E_L_mean": 18.8,
        "E_L_stdev": 6.210434823153855,
        "E_Ra_mean": 128.0,
        "E_Ra_stdev": 2.712127065320477,
        "E_diam_mean": 18.8,
        "E_diam_stdev": 0.0533223437818644,
        "I_L_mean": 9.0,
        "I_L_stdev": 0.6354108888378507,
        "I_Ra_mean": 110.0,
        "I_Ra_stdev": 13.668593106905705,
        "I_diam_mean": 10.0,
        "I_diam_stdev": 1.7825770487678003,
        "addSynMechs": true,
        "allowConnsWithWeight0": true,
        "allowSelfConns": false,
        "analysis": {},
        "backupCfgFile": [],
        "cache_efficient": true,
        "checkErrors": false,
        "compactConnFormat": false,
        "connRandomSecFromList": true,
        "coreneuron": false,
        "createNEURONObj": true,
        "createPyStruct": true,
        "cvode_active": false,
        "cvode_atol": 0.001,
        "distributeSynsUniformly": true,
        "dt": 0.025,
        "dump_coreneuron_model": false,
        "duration": 1000.0,
        "duration_seconds": 60.0,
        "filename": "model_output",
        "gatherOnlySimData": false,
        "gkbar_E": 0.010267040008539794,
        "gkbar_E_std": 0.33006507350899755,
        "gkbar_I": 0.9911992401412899,
        "gkbar_I_std": 2.4186744462392835,
        "gnabar_E": 3.7929694942420613,
        "gnabar_E_std": 1.1839869777948733,
        "gnabar_I": 2.276680686035079,
        "gnabar_I_std": 0.5182585867523679,
        "gpu": false,
        "hParams": {
            "celsius": 6.3,
            "clamp_resist": 0.001,
            "v_init": -65.0
        },
        "includeParamsLabel": true,
        "invertedYCoord": true,
        "networkType": "22May24",
        "oneSynPerNetcon": true,
        "printPopAvgRates": [
            100,
            1000.0
        ],
        "printRunTime": false,
        "printSynsAfterRule": false,
        "probEE": 0.8083475319140027,
        "probEE_std": 0.1791528350268648,
        "probEI": 0.9904449047157211,
        "probEI_std": 0.3198489822984804,
        "probIE": 0.7657459051426924,
        "probIE_std": 0.00247624029689013,
        "probII": 0.24908237464003075,
        "probII_std": 0.17219981292229558,
        "probLengthConst": 2954.7514526129016,
        "propVelocity": 1.0,
        "pt3dRelativeToCellLocation": true,
        "rand123GlobalIndex": null,
        "random123": false,
        "recordCells": [
            [
                "E",
                [
                    16,
                    79
                ]
            ],
            [
                "I",
                [
                    28,
                    1
                ]
            ]
        ],
        "recordCellsSpikes": -1,
        "recordDipole": false,
        "recordDipolesHNN": false,
        "recordLFP": [],
        "recordStep": 0.1,
        "recordStim": false,
        "recordTime": true,
        "recordTraces": {
            "soma_voltage": {
                "loc": 0.5,
                "sec": "soma",
                "var": "v"
            }
        },
        "saveCSV": false,
        "saveCellConns": true,
        "saveCellSecs": true,
        "saveDat": false,
        "saveDataInclude": [
            "simData",
            "simConfig",
            "netParams",
            "net"
        ],
        "saveDipoleCells": false,
        "saveDipolePops": false,
        "saveDpk": false,
        "saveFolder": "/pscratch/sd/a/adammwea/2DNetworkSimulations/NERSC/output/240527_Run3_this_should_work/gen_9",
        "saveHDF5": false,
        "saveJson": true,
        "saveLFPCells": false,
        "saveLFPPops": false,
        "saveMat": false,
        "savePickle": false,
        "saveTiming": false,
        "seeds": {
            "cell": 1,
            "conn": 1,
            "loc": 1,
            "stim": 1
        },
        "simLabel": "gen_9_cand_6",
        "tau1_exc": 1.9574618413679863,
        "tau1_exc_std": 2.6536405786721,
        "tau1_inh": 9.788367264684393,
        "tau1_inh_std": 0.2949435128193698,
        "tau2_exc": 10.179258296409753,
        "tau2_exc_std": 3.947733667332722,
        "tau2_inh": 0.3270831491346051,
        "tau2_inh_std": 6.122101576342019,
        "timestampFilename": false,
        "timing": true,
        "tstop": 1000.0,
        "use_fast_imem": false,
        "validateNetParams": false,
        "verbose": false,
        "weightEE": 0.6389373924819397,
        "weightEE_std": 0.00644878688849569,
        "weightEI": 0.026292973288172518,
        "weightEI_std": 0.019359629877087392,
        "weightIE": 0.07209300670878305,
        "weightIE_std": 0.3221225689917396,
        "weightII": 0.3987085973289928,
        "weightII_std": 0.13845634391459852
    }
}