{
    "simConfig": {
        "E_L_mean": 18.8,
        "E_L_stdev": 5.05614707898437,
        "E_Ra_mean": 128.0,
        "E_Ra_stdev": 21.75919589469866,
        "E_diam_mean": 18.8,
        "E_diam_stdev": 1.5978324324285167,
        "I_L_mean": 9.0,
        "I_L_stdev": 0.008443039900020183,
        "I_Ra_mean": 110.0,
        "I_Ra_stdev": 34.897561115913476,
        "I_diam_mean": 10.0,
        "I_diam_stdev": 0.38048244601378917,
        "addSynMechs": true,
        "allowConnsWithWeight0": true,
        "allowSelfConns": false,
        "analysis": {},
        "backupCfgFile": [],
        "cache_efficient": true,
        "checkErrors": false,
        "compactConnFormat": false,
        "connRandomSecFromList": true,
        "coreneuron": false,
        "createNEURONObj": true,
        "createPyStruct": true,
        "cvode_active": false,
        "cvode_atol": 0.001,
        "distributeSynsUniformly": true,
        "dt": 0.025,
        "dump_coreneuron_model": false,
        "duration": 1000.0,
        "duration_seconds": 60.0,
        "filename": "model_output",
        "gatherOnlySimData": false,
        "gkbar_E": 0.20797452361983826,
        "gkbar_E_std": 0.0332128757180259,
        "gkbar_I": 2.9412893499548516,
        "gkbar_I_std": 1.5364185339398249,
        "gnabar_E": 0.6868053981867064,
        "gnabar_E_std": 1.1178139369090956,
        "gnabar_I": 1.6049650573718264,
        "gnabar_I_std": 0.016029032322936426,
        "gpu": false,
        "hParams": {
            "celsius": 6.3,
            "clamp_resist": 0.001,
            "v_init": -65.0
        },
        "includeParamsLabel": true,
        "invertedYCoord": true,
        "networkType": "22May24",
        "oneSynPerNetcon": true,
        "printPopAvgRates": [
            100,
            1000.0
        ],
        "printRunTime": false,
        "printSynsAfterRule": false,
        "probEE": 0.016779616536623687,
        "probEE_std": 0.15052651478583615,
        "probEI": 0.08727415322104726,
        "probEI_std": 0.12195563051012032,
        "probIE": 0.25576437831482496,
        "probIE_std": 0.19673573165274452,
        "probII": 0.845631501699877,
        "probII_std": 0.09231372759885972,
        "probLengthConst": 725.3258515346253,
        "propVelocity": 1.0,
        "pt3dRelativeToCellLocation": true,
        "rand123GlobalIndex": null,
        "random123": false,
        "recordCells": [
            [
                "E",
                [
                    16,
                    79
                ]
            ],
            [
                "I",
                [
                    28,
                    1
                ]
            ]
        ],
        "recordCellsSpikes": -1,
        "recordDipole": false,
        "recordDipolesHNN": false,
        "recordLFP": [],
        "recordStep": 0.1,
        "recordStim": false,
        "recordTime": true,
        "recordTraces": {
            "soma_voltage": {
                "loc": 0.5,
                "sec": "soma",
                "var": "v"
            }
        },
        "saveCSV": false,
        "saveCellConns": true,
        "saveCellSecs": true,
        "saveDat": false,
        "saveDataInclude": [
            "simData",
            "simConfig",
            "netParams",
            "net"
        ],
        "saveDipoleCells": false,
        "saveDipolePops": false,
        "saveDpk": false,
        "saveFolder": "/pscratch/sd/a/adammwea/2DNetworkSimulations/NERSC/output/240527_Run3_this_should_work/gen_9",
        "saveHDF5": false,
        "saveJson": true,
        "saveLFPCells": false,
        "saveLFPPops": false,
        "saveMat": false,
        "savePickle": false,
        "saveTiming": false,
        "seeds": {
            "cell": 1,
            "conn": 1,
            "loc": 1,
            "stim": 1
        },
        "simLabel": "gen_9_cand_4",
        "tau1_exc": 9.712339929134723,
        "tau1_exc_std": 1.7650665476583876,
        "tau1_inh": 8.053321764437873,
        "tau1_inh_std": 0.02019944041306522,
        "tau2_exc": 18.416860732840533,
        "tau2_exc_std": 2.379715088209926,
        "tau2_inh": 9.989289500340181,
        "tau2_inh_std": 3.937089927979971,
        "timestampFilename": false,
        "timing": true,
        "tstop": 1000.0,
        "use_fast_imem": false,
        "validateNetParams": false,
        "verbose": false,
        "weightEE": 0.055109564832050484,
        "weightEE_std": 0.0788848108528141,
        "weightEI": 0.3518751921526513,
        "weightEI_std": 0.1112813422978712,
        "weightIE": 0.7102299963063954,
        "weightIE_std": 0.11441076909250897,
        "weightII": 0.3590771548781611,
        "weightII_std": 0.16666478844211205
    }
}