{
    "simConfig": {
        "E_L_mean": 18.8,
        "E_L_stdev": 5.640179726429897,
        "E_Ra_mean": 128.0,
        "E_Ra_stdev": 15.762722332042532,
        "E_diam_mean": 18.8,
        "E_diam_stdev": 0.4222010888139489,
        "I_L_mean": 9.0,
        "I_L_stdev": 0.10615398203873827,
        "I_Ra_mean": 110.0,
        "I_Ra_stdev": 17.75373175830643,
        "I_diam_mean": 10.0,
        "I_diam_stdev": 2.16935062284716,
        "addSynMechs": true,
        "allowConnsWithWeight0": true,
        "allowSelfConns": false,
        "analysis": {},
        "backupCfgFile": [],
        "cache_efficient": true,
        "checkErrors": false,
        "compactConnFormat": false,
        "connRandomSecFromList": true,
        "coreneuron": false,
        "createNEURONObj": true,
        "createPyStruct": true,
        "cvode_active": false,
        "cvode_atol": 0.001,
        "distributeSynsUniformly": true,
        "dt": 0.025,
        "dump_coreneuron_model": false,
        "duration": 1000.0,
        "duration_seconds": 60.0,
        "filename": "model_output",
        "gatherOnlySimData": false,
        "gkbar_E": 0.17612134543529667,
        "gkbar_E_std": 0.3188494227337941,
        "gkbar_I": 6.933258489103418,
        "gkbar_I_std": 2.099560022104128,
        "gnabar_E": 4.577311254816888,
        "gnabar_E_std": 1.0102875248251053,
        "gnabar_I": 0.17001483647617027,
        "gnabar_I_std": 0.7173887480022378,
        "gpu": false,
        "hParams": {
            "celsius": 6.3,
            "clamp_resist": 0.001,
            "v_init": -65.0
        },
        "includeParamsLabel": true,
        "invertedYCoord": true,
        "networkType": "22May24",
        "oneSynPerNetcon": true,
        "printPopAvgRates": [
            100,
            1000.0
        ],
        "printRunTime": false,
        "printSynsAfterRule": false,
        "probEE": 0.7967212872957977,
        "probEE_std": 0.005002767910206351,
        "probEI": 0.7695754826742324,
        "probEI_std": 0.04616850943769851,
        "probIE": 0.5378123361483924,
        "probIE_std": 0.26438004387381797,
        "probII": 0.5579036633559342,
        "probII_std": 0.33178905226406263,
        "probLengthConst": 1543.0262331526615,
        "propVelocity": 1.0,
        "pt3dRelativeToCellLocation": true,
        "rand123GlobalIndex": null,
        "random123": false,
        "recordCells": [
            [
                "E",
                [
                    16,
                    79
                ]
            ],
            [
                "I",
                [
                    28,
                    1
                ]
            ]
        ],
        "recordCellsSpikes": -1,
        "recordDipole": false,
        "recordDipolesHNN": false,
        "recordLFP": [],
        "recordStep": 0.1,
        "recordStim": false,
        "recordTime": true,
        "recordTraces": {
            "soma_voltage": {
                "loc": 0.5,
                "sec": "soma",
                "var": "v"
            }
        },
        "saveCSV": false,
        "saveCellConns": true,
        "saveCellSecs": true,
        "saveDat": false,
        "saveDataInclude": [
            "simData",
            "simConfig",
            "netParams",
            "net"
        ],
        "saveDipoleCells": false,
        "saveDipolePops": false,
        "saveDpk": false,
        "saveFolder": "/pscratch/sd/a/adammwea/2DNetworkSimulations/NERSC/output/240527_Run3_this_should_work/gen_9",
        "saveHDF5": false,
        "saveJson": true,
        "saveLFPCells": false,
        "saveLFPPops": false,
        "saveMat": false,
        "savePickle": false,
        "saveTiming": false,
        "seeds": {
            "cell": 1,
            "conn": 1,
            "loc": 1,
            "stim": 1
        },
        "simLabel": "gen_9_cand_49",
        "tau1_exc": 9.32048112240663,
        "tau1_exc_std": 0.21595374925126665,
        "tau1_inh": 3.3440631826591836,
        "tau1_inh_std": 0.44146758203182435,
        "tau2_exc": 0.1197852511097039,
        "tau2_exc_std": 3.0020917510710334,
        "tau2_inh": 6.793021373249008,
        "tau2_inh_std": 2.8056566698008925,
        "timestampFilename": false,
        "timing": true,
        "tstop": 1000.0,
        "use_fast_imem": false,
        "validateNetParams": false,
        "verbose": false,
        "weightEE": 0.010845654290956547,
        "weightEE_std": 0.10308910946684746,
        "weightEI": 0.9136229029681666,
        "weightEI_std": 0.04082286555962204,
        "weightIE": 0.098310221026087,
        "weightIE_std": 0.1918370070573296,
        "weightII": 0.12127164261675347,
        "weightII_std": 0.1591367362421494
    }
}