{
    "burstAmp_Fitness": {
        "Value": 2.8817764447911522,
        "Fit": 800.8756987904328
    },
    "burst_peak_frequency_fitness": {
        "Value": 1.3386880856760375,
        "Fit": 416.6008270473697
    },
    "IBI_fitness": {
        "Value": 866.25,
        "Fit": 2.971441706769109
    },
    "baseline_fitness": {
        "Value": 13.529378405230277,
        "Fit": 1000
    },
    "slopeFitness": {
        "Value": -0.0074240542193892865,
        "Fit": 1.0149588892167856
    },
    "thresh": {
        "Value": 13.542099595522973,
        "Fit": 1000
    },
    "sustain_oscillation_fitness": {
        "Value": 74.25149700598801,
        "Fit": 1000
    },
    "E_rate_fitness": {
        "Value": 52.96825396825397,
        "Fit": 1000
    },
    "I_rate_fitness": {
        "Value": 1.5925925925925926,
        "Fit": 1000
    },
    "maxFitness": 1000,
    "average_fitness": 691.2736584926432,
    "average_scaled_fitness": 690.9599955930466
}