{
    "simConfig": {
        "E_L_mean": 18.8,
        "E_L_stdev": 8.979502989777568,
        "E_Ra_mean": 128.0,
        "E_Ra_stdev": 29.16032790203674,
        "E_diam_mean": 18.8,
        "E_diam_stdev": 2.776072473595431,
        "I_L_mean": 9.0,
        "I_L_stdev": 1.9545347351482332,
        "I_Ra_mean": 110.0,
        "I_Ra_stdev": 20.818370904556673,
        "I_diam_mean": 10.0,
        "I_diam_stdev": 0.08066957753963604,
        "addSynMechs": true,
        "allowConnsWithWeight0": true,
        "allowSelfConns": false,
        "analysis": {},
        "backupCfgFile": [],
        "cache_efficient": true,
        "checkErrors": false,
        "compactConnFormat": false,
        "connRandomSecFromList": true,
        "coreneuron": false,
        "createNEURONObj": true,
        "createPyStruct": true,
        "cvode_active": false,
        "cvode_atol": 0.001,
        "distributeSynsUniformly": true,
        "dt": 0.025,
        "dump_coreneuron_model": false,
        "duration": 1000.0,
        "duration_seconds": 90.0,
        "filename": "model_output",
        "gatherOnlySimData": false,
        "gkbar_E": 0.24194367795644503,
        "gkbar_E_std": 0.3739231241739598,
        "gkbar_I": 6.140595615998202,
        "gkbar_I_std": 0.6254417412222455,
        "gnabar_E": 2.5844745624600063,
        "gnabar_E_std": 1.3163825021405258,
        "gnabar_I": 1.1257750357066612,
        "gnabar_I_std": 0.023660669202238693,
        "gpu": false,
        "hParams": {
            "celsius": 6.3,
            "clamp_resist": 0.001,
            "v_init": -65.0
        },
        "includeParamsLabel": true,
        "invertedYCoord": true,
        "networkType": "22May24",
        "oneSynPerNetcon": true,
        "printPopAvgRates": [
            100,
            1000.0
        ],
        "printRunTime": false,
        "printSynsAfterRule": false,
        "probEE": 0.030219767108160853,
        "probEE_std": 0.007870549150581718,
        "probEI": 0.2947220891524552,
        "probEI_std": 0.34907677050322655,
        "probIE": 0.16382925321663683,
        "probIE_std": 0.4990231860227398,
        "probII": 0.19932890378350676,
        "probII_std": 0.42005315408215904,
        "probLengthConst": 579.9760106368767,
        "propVelocity": 1.0,
        "pt3dRelativeToCellLocation": true,
        "rand123GlobalIndex": null,
        "random123": false,
        "recordCells": [
            [
                "E",
                [
                    74,
                    47
                ]
            ],
            [
                "I",
                [
                    38,
                    3
                ]
            ]
        ],
        "recordCellsSpikes": -1,
        "recordDipole": false,
        "recordDipolesHNN": false,
        "recordLFP": [],
        "recordStep": 0.1,
        "recordStim": false,
        "recordTime": true,
        "recordTraces": {
            "soma_voltage": {
                "loc": 0.5,
                "sec": "soma",
                "var": "v"
            }
        },
        "saveCSV": false,
        "saveCellConns": true,
        "saveCellSecs": true,
        "saveDat": false,
        "saveDataInclude": [
            "simData",
            "simConfig",
            "netParams",
            "net"
        ],
        "saveDipoleCells": false,
        "saveDipolePops": false,
        "saveDpk": false,
        "saveFolder": "/pscratch/sd/a/adammwea/2DNetworkSimulations/NERSC/output/240528_Run1_this_does_work/gen_16",
        "saveHDF5": false,
        "saveJson": true,
        "saveLFPCells": false,
        "saveLFPPops": false,
        "saveMat": false,
        "savePickle": false,
        "saveTiming": false,
        "seeds": {
            "cell": 1,
            "conn": 1,
            "loc": 1,
            "stim": 1
        },
        "simLabel": "gen_16_cand_57",
        "tau1_exc": 5.650731837324978,
        "tau1_exc_std": 1.544340119096978,
        "tau1_inh": 5.425546462931599,
        "tau1_inh_std": 0.024518620423940707,
        "tau2_exc": 4.494442170017247,
        "tau2_exc_std": 6.476542909300515,
        "tau2_inh": 11.486822633357356,
        "tau2_inh_std": 9.995748108629979,
        "timestampFilename": false,
        "timing": true,
        "tstop": 1000.0,
        "use_fast_imem": false,
        "validateNetParams": false,
        "verbose": false,
        "weightEE": 1.9710805955911266,
        "weightEE_std": 0.03382518594197123,
        "weightEI": 0.9853575894306105,
        "weightEI_std": 0.00010107340942264067,
        "weightIE": 0.05761359784593423,
        "weightIE_std": 0.05292902512583249,
        "weightII": 0.8785246945205785,
        "weightII_std": 0.19481019534073096
    }
}