{
    "simConfig": {
        "E_L_mean": 18.8,
        "E_L_stdev": 2.1819482572683433,
        "E_Ra_mean": 128.0,
        "E_Ra_stdev": 4.8381626785402005,
        "E_diam_mean": 18.8,
        "E_diam_stdev": 0.9098477791300104,
        "I_L_mean": 9.0,
        "I_L_stdev": 0.038991893508524944,
        "I_Ra_mean": 110.0,
        "I_Ra_stdev": 49.89132191180172,
        "I_diam_mean": 10.0,
        "I_diam_stdev": 1.1660979703400765,
        "addSynMechs": true,
        "allowConnsWithWeight0": true,
        "allowSelfConns": false,
        "analysis": {},
        "backupCfgFile": [],
        "cache_efficient": true,
        "checkErrors": false,
        "compactConnFormat": false,
        "connRandomSecFromList": true,
        "coreneuron": false,
        "createNEURONObj": true,
        "createPyStruct": true,
        "cvode_active": false,
        "cvode_atol": 0.001,
        "distributeSynsUniformly": true,
        "dt": 0.025,
        "dump_coreneuron_model": false,
        "duration": 1000.0,
        "duration_seconds": 330.0,
        "filename": "model_output",
        "gatherOnlySimData": false,
        "gkbar_E": 0.7838083195932027,
        "gkbar_E_std": 0.24219665992493772,
        "gkbar_I": 3.6639928962548893,
        "gkbar_I_std": 1.9565669367349638,
        "gnabar_E": 3.2637284896161107,
        "gnabar_E_std": 1.6633738052208284,
        "gnabar_I": 3.296406581416456,
        "gnabar_I_std": 0.8651295526836013,
        "gpu": false,
        "hParams": {
            "celsius": 6.3,
            "clamp_resist": 0.001,
            "v_init": -65.0
        },
        "includeParamsLabel": true,
        "invertedYCoord": true,
        "networkType": "22May24",
        "oneSynPerNetcon": true,
        "printPopAvgRates": [
            100,
            1000.0
        ],
        "printRunTime": false,
        "printSynsAfterRule": false,
        "probEE": 0.21694135130720874,
        "probEE_std": 0.1474510808464713,
        "probEI": 0.7368489383483368,
        "probEI_std": 0.4815040085654272,
        "probIE": 0.46677607251283904,
        "probIE_std": 0.3970856345325906,
        "probII": 0.7147303480520543,
        "probII_std": 0.25638645723058584,
        "probLengthConst": 2545.713645468433,
        "propVelocity": 1.0,
        "pt3dRelativeToCellLocation": true,
        "rand123GlobalIndex": null,
        "random123": false,
        "recordCells": [
            [
                "E",
                [
                    68,
                    13
                ]
            ],
            [
                "I",
                [
                    4,
                    5
                ]
            ]
        ],
        "recordCellsSpikes": -1,
        "recordDipole": false,
        "recordDipolesHNN": false,
        "recordLFP": [],
        "recordStep": 0.1,
        "recordStim": false,
        "recordTime": true,
        "recordTraces": {
            "soma_voltage": {
                "loc": 0.5,
                "sec": "soma",
                "var": "v"
            }
        },
        "saveCSV": false,
        "saveCellConns": true,
        "saveCellSecs": true,
        "saveDat": false,
        "saveDataInclude": [
            "simData",
            "simConfig",
            "netParams",
            "net"
        ],
        "saveDipoleCells": false,
        "saveDipolePops": false,
        "saveDpk": false,
        "saveFolder": "/pscratch/sd/a/adammwea/2DNetworkSimulations/NERSC/output/240604_Run1_24n24hr/gen_0",
        "saveHDF5": false,
        "saveJson": true,
        "saveLFPCells": false,
        "saveLFPPops": false,
        "saveMat": false,
        "savePickle": false,
        "saveTiming": false,
        "seeds": {
            "cell": 1,
            "conn": 1,
            "loc": 1,
            "stim": 1
        },
        "simLabel": "gen_0_cand_102",
        "tau1_exc": 4.848549397059595,
        "tau1_exc_std": 3.1012264577196746,
        "tau1_inh": 3.9393149283327853,
        "tau1_inh_std": 2.3344610317233223,
        "tau2_exc": 17.75512572038942,
        "tau2_exc_std": 9.773534438355496,
        "tau2_inh": 11.398054264126735,
        "tau2_inh_std": 9.87665951756553,
        "timestampFilename": false,
        "timing": true,
        "tstop": 1000.0,
        "use_fast_imem": false,
        "validateNetParams": false,
        "verbose": false,
        "weightEE": 1.4534138494335005,
        "weightEE_std": 0.25300294615637414,
        "weightEI": 0.025238279158226185,
        "weightEI_std": 0.15555900704552364,
        "weightIE": 0.6009753787970711,
        "weightIE_std": 0.17165035996560796,
        "weightII": 0.28354551746016377,
        "weightII_std": 0.07924909665414226
    }
}