{
    "simConfig": {
        "E_L_mean": 18.8,
        "E_L_stdev": 6.1172474616464605,
        "E_Ra_mean": 128.0,
        "E_Ra_stdev": 62.420274282168265,
        "E_diam_mean": 18.8,
        "E_diam_stdev": 6.253105444201683,
        "I_L_mean": 9.0,
        "I_L_stdev": 1.146089242691117,
        "I_Ra_mean": 110.0,
        "I_Ra_stdev": 32.47483961913687,
        "I_diam_mean": 10.0,
        "I_diam_stdev": 1.7059494568899618,
        "addSynMechs": true,
        "allowConnsWithWeight0": true,
        "allowSelfConns": false,
        "analysis": {},
        "backupCfgFile": [],
        "cache_efficient": true,
        "checkErrors": false,
        "compactConnFormat": false,
        "connRandomSecFromList": true,
        "coreneuron": false,
        "createNEURONObj": true,
        "createPyStruct": true,
        "cvode_active": false,
        "cvode_atol": 0.001,
        "distributeSynsUniformly": true,
        "dt": 0.025,
        "dump_coreneuron_model": false,
        "duration": 1000.0,
        "duration_seconds": 330.0,
        "filename": "model_output",
        "gatherOnlySimData": false,
        "gkbar_E": 0.5539972036639673,
        "gkbar_E_std": 0.34208477682859667,
        "gkbar_I": 0.13473049669089243,
        "gkbar_I_std": 1.6673062820095583,
        "gnabar_E": 2.3337125584833123,
        "gnabar_E_std": 1.11640418592596,
        "gnabar_I": 0.5891562173361803,
        "gnabar_I_std": 0.902715059119704,
        "gpu": false,
        "hParams": {
            "celsius": 6.3,
            "clamp_resist": 0.001,
            "v_init": -65.0
        },
        "includeParamsLabel": true,
        "invertedYCoord": true,
        "networkType": "22May24",
        "oneSynPerNetcon": true,
        "printPopAvgRates": [
            100,
            1000.0
        ],
        "printRunTime": false,
        "printSynsAfterRule": false,
        "probEE": 0.1663056310543618,
        "probEE_std": 0.35877839868878525,
        "probEI": 0.3423197151798227,
        "probEI_std": 0.049606768037324334,
        "probIE": 0.543358828520976,
        "probIE_std": 0.48852653893588827,
        "probII": 0.44491778317017383,
        "probII_std": 0.10548934684064915,
        "probLengthConst": 1498.2360280173284,
        "propVelocity": 1.0,
        "pt3dRelativeToCellLocation": true,
        "rand123GlobalIndex": null,
        "random123": false,
        "recordCells": [
            [
                "E",
                [
                    68,
                    13
                ]
            ],
            [
                "I",
                [
                    4,
                    5
                ]
            ]
        ],
        "recordCellsSpikes": -1,
        "recordDipole": false,
        "recordDipolesHNN": false,
        "recordLFP": [],
        "recordStep": 0.1,
        "recordStim": false,
        "recordTime": true,
        "recordTraces": {
            "soma_voltage": {
                "loc": 0.5,
                "sec": "soma",
                "var": "v"
            }
        },
        "saveCSV": false,
        "saveCellConns": true,
        "saveCellSecs": true,
        "saveDat": false,
        "saveDataInclude": [
            "simData",
            "simConfig",
            "netParams",
            "net"
        ],
        "saveDipoleCells": false,
        "saveDipolePops": false,
        "saveDpk": false,
        "saveFolder": "/pscratch/sd/a/adammwea/2DNetworkSimulations/NERSC/output/240604_Run1_24n24hr/gen_0",
        "saveHDF5": false,
        "saveJson": true,
        "saveLFPCells": false,
        "saveLFPPops": false,
        "saveMat": false,
        "savePickle": false,
        "saveTiming": false,
        "seeds": {
            "cell": 1,
            "conn": 1,
            "loc": 1,
            "stim": 1
        },
        "simLabel": "gen_0_cand_509",
        "tau1_exc": 3.5741758454115886,
        "tau1_exc_std": 0.34268274258134135,
        "tau1_inh": 2.013039206002465,
        "tau1_inh_std": 0.45840041093408523,
        "tau2_exc": 2.0698892199784824,
        "tau2_exc_std": 8.865622274710386,
        "tau2_inh": 19.177456941592173,
        "tau2_inh_std": 9.165806793880275,
        "timestampFilename": false,
        "timing": true,
        "tstop": 1000.0,
        "use_fast_imem": false,
        "validateNetParams": false,
        "verbose": false,
        "weightEE": 1.18787516514548,
        "weightEE_std": 0.48668781822060153,
        "weightEI": 0.7690884345695697,
        "weightEI_std": 0.07103782462379478,
        "weightIE": 0.5495532230597397,
        "weightIE_std": 0.00631981278586254,
        "weightII": 0.46874146629352986,
        "weightII_std": 0.07026537405388872
    }
}