{
    "simConfig": {
        "E_L_mean": 18.8,
        "E_L_stdev": 8.505016989066245,
        "E_Ra_mean": 128.0,
        "E_Ra_stdev": 29.46934592323185,
        "E_diam_mean": 18.8,
        "E_diam_stdev": 0.13443509284329294,
        "I_L_mean": 9.0,
        "I_L_stdev": 1.659619300585016,
        "I_Ra_mean": 110.0,
        "I_Ra_stdev": 19.016332623507466,
        "I_diam_mean": 10.0,
        "I_diam_stdev": 0.5113264144014725,
        "addSynMechs": true,
        "allowConnsWithWeight0": true,
        "allowSelfConns": false,
        "analysis": {},
        "backupCfgFile": [],
        "cache_efficient": true,
        "checkErrors": false,
        "compactConnFormat": false,
        "connRandomSecFromList": true,
        "coreneuron": false,
        "createNEURONObj": true,
        "createPyStruct": true,
        "cvode_active": false,
        "cvode_atol": 0.001,
        "distributeSynsUniformly": true,
        "dt": 0.025,
        "dump_coreneuron_model": false,
        "duration": 1000.0,
        "duration_seconds": 300.0,
        "filename": "model_output",
        "gatherOnlySimData": false,
        "gkbar_E": 3.573812663323228e-05,
        "gkbar_E_std": 0.019350945617496368,
        "gkbar_I": 9.977263731665325,
        "gkbar_I_std": 2.044211648073015,
        "gnabar_E": 1.850937935075276,
        "gnabar_E_std": 1.6305742547035407,
        "gnabar_I": 4.999165678885673,
        "gnabar_I_std": 0.9861787670389037,
        "gpu": false,
        "hParams": {
            "celsius": 6.3,
            "clamp_resist": 0.001,
            "v_init": -65.0
        },
        "includeParamsLabel": true,
        "invertedYCoord": true,
        "networkType": "22May24",
        "oneSynPerNetcon": true,
        "printPopAvgRates": [
            100,
            1000.0
        ],
        "printRunTime": false,
        "printSynsAfterRule": false,
        "probEE": 0.21608699756129374,
        "probEE_std": 0.4821573227831244,
        "probEI": 0.6084601000426604,
        "probEI_std": 0.3603823596730853,
        "probIE": 0.673729534278545,
        "probIE_std": 0.010582389777013649,
        "probII": 0.3333166665002373,
        "probII_std": 0.014487927957610058,
        "probLengthConst": 1257.0315692812503,
        "propVelocity": 1.0,
        "pt3dRelativeToCellLocation": true,
        "rand123GlobalIndex": null,
        "random123": false,
        "recordCells": [
            [
                "E",
                [
                    65,
                    58
                ]
            ],
            [
                "I",
                [
                    22,
                    34
                ]
            ]
        ],
        "recordCellsSpikes": -1,
        "recordDipole": false,
        "recordDipolesHNN": false,
        "recordLFP": [],
        "recordStep": 0.1,
        "recordStim": false,
        "recordTime": true,
        "recordTraces": {
            "soma_voltage": {
                "loc": 0.5,
                "sec": "soma",
                "var": "v"
            }
        },
        "saveCSV": false,
        "saveCellConns": true,
        "saveCellSecs": true,
        "saveDat": false,
        "saveDataInclude": [
            "simData",
            "simConfig",
            "netParams",
            "net"
        ],
        "saveDipoleCells": false,
        "saveDipolePops": false,
        "saveDpk": false,
        "saveFolder": "/pscratch/sd/a/adammwea/2DNetworkSimulations/NERSC/output/240530_Run1_8nodes/gen_11",
        "saveHDF5": false,
        "saveJson": true,
        "saveLFPCells": false,
        "saveLFPPops": false,
        "saveMat": false,
        "savePickle": false,
        "saveTiming": false,
        "seeds": {
            "cell": 1,
            "conn": 1,
            "loc": 1,
            "stim": 1
        },
        "simLabel": "gen_11_cand_43",
        "tau1_exc": 6.219829867944471,
        "tau1_exc_std": 3.2279760439982983,
        "tau1_inh": 8.036464104494442,
        "tau1_inh_std": 1.9126127842640206,
        "tau2_exc": 29.89910674140586,
        "tau2_exc_std": 0.12509694257680584,
        "tau2_inh": 15.574503222134284,
        "tau2_inh_std": 9.100958662400943,
        "timestampFilename": false,
        "timing": true,
        "tstop": 1000.0,
        "use_fast_imem": false,
        "validateNetParams": false,
        "verbose": false,
        "weightEE": 0.7084991791260512,
        "weightEE_std": 0.29570701489432466,
        "weightEI": 1.6363976864715783,
        "weightEI_std": 0.035035883308537775,
        "weightIE": 0.07352291486398399,
        "weightIE_std": 0.017685448095539208,
        "weightII": 0.03985596501681617,
        "weightII_std": 0.15507950975512713
    }
}