{
    "burstAmp_Fitness": {
        "Value": 2.1718037339667724,
        "Fit": 1000.0
    },
    "burst_peak_frequency_fitness": {
        "Value": 0.42462845010615713,
        "Fit": 1.7293933817592657
    },
    "IBI_fitness": {
        "Value": 3420.0,
        "Fit": 1.2336780599567432
    },
    "baseline_fitness": {
        "Value": 26.427777695990073,
        "Fit": 1000
    },
    "slopeFitness": {
        "Value": -0.013861721000065155,
        "Fit": 1.0281113126923176
    },
    "thresh": {
        "Value": 25.73783288172947,
        "Fit": 1000
    },
    "sustain_oscillation_fitness": {
        "Value": 88.69047619047619,
        "Fit": 9.601360065270807
    },
    "rate_fitness": {
        "Value": 49.392857142857146,
        "Fit": 506.9022870930335
    },
    "maxFitness": 1000,
    "average_fitness": 440.0618537390891,
    "average_scaled_fitness": 439.48558252555654
}