{"rate_fitness": 1000.0, "BurstVal_fitness": 3.994060532493228, "IBI_fitness": 1000, "baselineFitness": 1.6459829870078126, "slopeFitness": 1.111725849030922, "baseline_diff_fitness": 1000, "burst_peak_frequency": 1000, "fitness": 572.3931099097903, "average_scaled_fitness": 571.9171991946093, "maxFitness": 1000}