{
    "burstAmp_Fitness": {
        "Value": 3.9275481029957717,
        "Fit": 670.3509952509463
    },
    "burst_peak_frequency_fitness": {
        "Value": 0.746268656716418,
        "Fit": 11.912781987915407
    },
    "IBI_fitness": {
        "Value": 1470.0,
        "Fit": 2.1492361410554377
    },
    "baseline_fitness": {
        "Value": 23.651930205738033,
        "Fit": 1000
    },
    "slopeFitness": {
        "Value": -0.04721840427924798,
        "Fit": 1.0990397110350136
    },
    "thresh": {
        "Value": 22.566916276766985,
        "Fit": 1000
    },
    "sustain_oscillation_fitness": {
        "Value": 37.4251497005988,
        "Fit": 1000
    },
    "rate_fitness": {
        "Value": 50.3095238095238,
        "Fit": 505.8915521514086
    },
    "maxFitness": 1000,
    "average_fitness": 523.9254506552951,
    "average_scaled_fitness": 523.401650142588
}