{
    "simConfig": {
        "E_L_mean": 18.8,
        "E_L_stdev": 3.915250981819903,
        "E_Ra_mean": 128.0,
        "E_Ra_stdev": 62.21475420450629,
        "E_diam_mean": 18.8,
        "E_diam_stdev": 0.12460246809548314,
        "I_L_mean": 9.0,
        "I_L_stdev": 1.3117027956413947,
        "I_Ra_mean": 110.0,
        "I_Ra_stdev": 50.21778228772029,
        "I_diam_mean": 10.0,
        "I_diam_stdev": 0.017082567370936275,
        "addSynMechs": true,
        "allowConnsWithWeight0": true,
        "allowSelfConns": false,
        "analysis": {},
        "backupCfgFile": [],
        "cache_efficient": true,
        "checkErrors": false,
        "compactConnFormat": false,
        "connRandomSecFromList": true,
        "coreneuron": false,
        "createNEURONObj": true,
        "createPyStruct": true,
        "cvode_active": false,
        "cvode_atol": 0.001,
        "distributeSynsUniformly": true,
        "dt": 0.025,
        "dump_coreneuron_model": false,
        "duration": 1000.0,
        "duration_seconds": 330.0,
        "filename": "model_output",
        "gatherOnlySimData": false,
        "gkbar_E": 0.45523436346202956,
        "gkbar_E_std": 0.24061284541907427,
        "gkbar_I": 9.240422694240804,
        "gkbar_I_std": 1.7013592304244844,
        "gnabar_E": 6.9883616427462085,
        "gnabar_E_std": 1.618857297802982,
        "gnabar_I": 1.1579867840030589,
        "gnabar_I_std": 0.7391432292206883,
        "gpu": false,
        "hParams": {
            "celsius": 6.3,
            "clamp_resist": 0.001,
            "v_init": -65.0
        },
        "includeParamsLabel": true,
        "invertedYCoord": true,
        "networkType": "22May24",
        "oneSynPerNetcon": true,
        "printPopAvgRates": [
            100,
            1000.0
        ],
        "printRunTime": false,
        "printSynsAfterRule": false,
        "probEE": 0.6056167754425295,
        "probEE_std": 0.30359713382211045,
        "probEI": 0.9757086678686643,
        "probEI_std": 0.2408697917688203,
        "probIE": 0.46072688240746157,
        "probIE_std": 0.4134045580014595,
        "probII": 0.28585163039268224,
        "probII_std": 0.26671744057583147,
        "probLengthConst": 2914.4663250303292,
        "propVelocity": 1.0,
        "pt3dRelativeToCellLocation": true,
        "rand123GlobalIndex": null,
        "random123": false,
        "recordCells": [
            [
                "E",
                [
                    68,
                    13
                ]
            ],
            [
                "I",
                [
                    4,
                    5
                ]
            ]
        ],
        "recordCellsSpikes": -1,
        "recordDipole": false,
        "recordDipolesHNN": false,
        "recordLFP": [],
        "recordStep": 0.1,
        "recordStim": false,
        "recordTime": true,
        "recordTraces": {
            "soma_voltage": {
                "loc": 0.5,
                "sec": "soma",
                "var": "v"
            }
        },
        "saveCSV": false,
        "saveCellConns": true,
        "saveCellSecs": true,
        "saveDat": false,
        "saveDataInclude": [
            "simData",
            "simConfig",
            "netParams",
            "net"
        ],
        "saveDipoleCells": false,
        "saveDipolePops": false,
        "saveDpk": false,
        "saveFolder": "/pscratch/sd/a/adammwea/2DNetworkSimulations/NERSC/output/240604_Run1_24n24hr/gen_3",
        "saveHDF5": false,
        "saveJson": true,
        "saveLFPCells": false,
        "saveLFPPops": false,
        "saveMat": false,
        "savePickle": false,
        "saveTiming": false,
        "seeds": {
            "cell": 1,
            "conn": 1,
            "loc": 1,
            "stim": 1
        },
        "simLabel": "gen_3_cand_456",
        "tau1_exc": 7.462514104562355,
        "tau1_exc_std": 2.1482516481130736,
        "tau1_inh": 7.934025098777067,
        "tau1_inh_std": 3.318300245809145,
        "tau2_exc": 24.92576739598303,
        "tau2_exc_std": 8.655816631060832,
        "tau2_inh": 19.379516508048297,
        "tau2_inh_std": 0.3827037127614122,
        "timestampFilename": false,
        "timing": true,
        "tstop": 1000.0,
        "use_fast_imem": false,
        "validateNetParams": false,
        "verbose": false,
        "weightEE": 0.325758690578179,
        "weightEE_std": 0.08286816052803261,
        "weightEI": 1.6169109818786838,
        "weightEI_std": 0.012115491082923424,
        "weightIE": 0.12927135333631543,
        "weightIE_std": 0.3268049951116184,
        "weightII": 1.353027680242744,
        "weightII_std": 0.13653146510484115
    }
}