{
    "simConfig": {
        "E_L_mean": 18.8,
        "E_L_stdev": 5.615398080115138,
        "E_Ra_mean": 128.0,
        "E_Ra_stdev": 2.780676492095476,
        "E_diam_mean": 18.8,
        "E_diam_stdev": 1.1106534022843277,
        "I_L_mean": 9.0,
        "I_L_stdev": 0.048225801889499875,
        "I_Ra_mean": 110.0,
        "I_Ra_stdev": 18.197532427537556,
        "I_diam_mean": 10.0,
        "I_diam_stdev": 3.31070819251989,
        "addSynMechs": true,
        "allowConnsWithWeight0": true,
        "allowSelfConns": false,
        "analysis": {},
        "backupCfgFile": [],
        "cache_efficient": true,
        "checkErrors": false,
        "compactConnFormat": false,
        "connRandomSecFromList": true,
        "coreneuron": false,
        "createNEURONObj": true,
        "createPyStruct": true,
        "cvode_active": false,
        "cvode_atol": 0.001,
        "distributeSynsUniformly": true,
        "dt": 0.025,
        "dump_coreneuron_model": false,
        "duration": 1000.0,
        "duration_seconds": 330.0,
        "filename": "model_output",
        "gatherOnlySimData": false,
        "gkbar_E": 0.08663261671125037,
        "gkbar_E_std": 0.4826207090252725,
        "gkbar_I": 1.8089954797816619,
        "gkbar_I_std": 0.4270420360225028,
        "gnabar_E": 6.232626061703444,
        "gnabar_E_std": 0.40518893272218964,
        "gnabar_I": 0.04137308107227422,
        "gnabar_I_std": 0.4169920859800539,
        "gpu": false,
        "hParams": {
            "celsius": 6.3,
            "clamp_resist": 0.001,
            "v_init": -65.0
        },
        "includeParamsLabel": true,
        "invertedYCoord": true,
        "networkType": "22May24",
        "oneSynPerNetcon": true,
        "printPopAvgRates": [
            100,
            1000.0
        ],
        "printRunTime": false,
        "printSynsAfterRule": false,
        "probEE": 0.5588055796749476,
        "probEE_std": 0.10955308611539002,
        "probEI": 0.6251562569118234,
        "probEI_std": 0.23061674283349065,
        "probIE": 0.1961282611512356,
        "probIE_std": 0.08155583891902773,
        "probII": 0.42391001377856274,
        "probII_std": 0.011043429299116853,
        "probLengthConst": 2529.6880901373734,
        "propVelocity": 1.0,
        "pt3dRelativeToCellLocation": true,
        "rand123GlobalIndex": null,
        "random123": false,
        "recordCells": [
            [
                "E",
                [
                    68,
                    13
                ]
            ],
            [
                "I",
                [
                    4,
                    5
                ]
            ]
        ],
        "recordCellsSpikes": -1,
        "recordDipole": false,
        "recordDipolesHNN": false,
        "recordLFP": [],
        "recordStep": 0.1,
        "recordStim": false,
        "recordTime": true,
        "recordTraces": {
            "soma_voltage": {
                "loc": 0.5,
                "sec": "soma",
                "var": "v"
            }
        },
        "saveCSV": false,
        "saveCellConns": true,
        "saveCellSecs": true,
        "saveDat": false,
        "saveDataInclude": [
            "simData",
            "simConfig",
            "netParams",
            "net"
        ],
        "saveDipoleCells": false,
        "saveDipolePops": false,
        "saveDpk": false,
        "saveFolder": "/pscratch/sd/a/adammwea/2DNetworkSimulations/NERSC/output/240604_Run1_24n24hr/gen_3",
        "saveHDF5": false,
        "saveJson": true,
        "saveLFPCells": false,
        "saveLFPPops": false,
        "saveMat": false,
        "savePickle": false,
        "saveTiming": false,
        "seeds": {
            "cell": 1,
            "conn": 1,
            "loc": 1,
            "stim": 1
        },
        "simLabel": "gen_3_cand_506",
        "tau1_exc": 6.499759775632171,
        "tau1_exc_std": 0.5042491441808437,
        "tau1_inh": 2.0824761632419806,
        "tau1_inh_std": 1.2649939784279611,
        "tau2_exc": 15.132107611367077,
        "tau2_exc_std": 9.836317765407445,
        "tau2_inh": 1.1229885090769613,
        "tau2_inh_std": 8.162764845119991,
        "timestampFilename": false,
        "timing": true,
        "tstop": 1000.0,
        "use_fast_imem": false,
        "validateNetParams": false,
        "verbose": false,
        "weightEE": 1.9143285664490493,
        "weightEE_std": 0.4976259629228629,
        "weightEI": 0.6669177718184977,
        "weightEI_std": 0.034571177102768635,
        "weightIE": 0.11319566268717521,
        "weightIE_std": 0.3328296541669588,
        "weightII": 1.9557826363087498,
        "weightII_std": 0.20629409373383498
    }
}