{
    "simConfig": {
        "E_L_mean": 18.8,
        "E_L_stdev": 6.8574719374818764,
        "E_Ra_mean": 128.0,
        "E_Ra_stdev": 37.85466659014354,
        "E_diam_mean": 18.8,
        "E_diam_stdev": 0.39367143304213403,
        "I_L_mean": 9.0,
        "I_L_stdev": 1.516795568965179,
        "I_Ra_mean": 110.0,
        "I_Ra_stdev": 0.244160080577716,
        "I_diam_mean": 10.0,
        "I_diam_stdev": 1.6586717956488566,
        "addSynMechs": true,
        "allowConnsWithWeight0": true,
        "allowSelfConns": false,
        "analysis": {},
        "backupCfgFile": [],
        "cache_efficient": true,
        "checkErrors": false,
        "compactConnFormat": false,
        "connRandomSecFromList": true,
        "coreneuron": false,
        "createNEURONObj": true,
        "createPyStruct": true,
        "cvode_active": false,
        "cvode_atol": 0.001,
        "distributeSynsUniformly": true,
        "dt": 0.025,
        "dump_coreneuron_model": false,
        "duration": 1000.0,
        "duration_seconds": 330.0,
        "filename": "model_output",
        "gatherOnlySimData": false,
        "gkbar_E": 0.19551728980550387,
        "gkbar_E_std": 0.013359673967958811,
        "gkbar_I": 0.026550617376578822,
        "gkbar_I_std": 2.0622476566556416,
        "gnabar_E": 6.7197463494328815,
        "gnabar_E_std": 0.07016268240554849,
        "gnabar_I": 2.410497305284044,
        "gnabar_I_std": 0.20740896879146953,
        "gpu": false,
        "hParams": {
            "celsius": 6.3,
            "clamp_resist": 0.001,
            "v_init": -65.0
        },
        "includeParamsLabel": true,
        "invertedYCoord": true,
        "networkType": "22May24",
        "oneSynPerNetcon": true,
        "printPopAvgRates": [
            100,
            1000.0
        ],
        "printRunTime": false,
        "printSynsAfterRule": false,
        "probEE": 0.3987712780893218,
        "probEE_std": 0.129476210157945,
        "probEI": 0.3607945603404204,
        "probEI_std": 0.49501132807703835,
        "probIE": 0.30327574865776474,
        "probIE_std": 0.4141788947495681,
        "probII": 0.058624547193096954,
        "probII_std": 0.3620676115065041,
        "probLengthConst": 2470.64601128083,
        "propVelocity": 1.0,
        "pt3dRelativeToCellLocation": true,
        "rand123GlobalIndex": null,
        "random123": false,
        "recordCells": [
            [
                "E",
                [
                    68,
                    13
                ]
            ],
            [
                "I",
                [
                    4,
                    5
                ]
            ]
        ],
        "recordCellsSpikes": -1,
        "recordDipole": false,
        "recordDipolesHNN": false,
        "recordLFP": [],
        "recordStep": 0.1,
        "recordStim": false,
        "recordTime": true,
        "recordTraces": {
            "soma_voltage": {
                "loc": 0.5,
                "sec": "soma",
                "var": "v"
            }
        },
        "saveCSV": false,
        "saveCellConns": true,
        "saveCellSecs": true,
        "saveDat": false,
        "saveDataInclude": [
            "simData",
            "simConfig",
            "netParams",
            "net"
        ],
        "saveDipoleCells": false,
        "saveDipolePops": false,
        "saveDpk": false,
        "saveFolder": "/pscratch/sd/a/adammwea/2DNetworkSimulations/NERSC/output/240604_Run1_24n24hr/gen_3",
        "saveHDF5": false,
        "saveJson": true,
        "saveLFPCells": false,
        "saveLFPPops": false,
        "saveMat": false,
        "savePickle": false,
        "saveTiming": false,
        "seeds": {
            "cell": 1,
            "conn": 1,
            "loc": 1,
            "stim": 1
        },
        "simLabel": "gen_3_cand_386",
        "tau1_exc": 7.2547299036798165,
        "tau1_exc_std": 0.3386949341334795,
        "tau1_inh": 1.9550470408866856,
        "tau1_inh_std": 3.3115409808207055,
        "tau2_exc": 18.043233489671614,
        "tau2_exc_std": 9.35792883803382,
        "tau2_inh": 15.764949055322617,
        "tau2_inh_std": 5.013931518890605,
        "timestampFilename": false,
        "timing": true,
        "tstop": 1000.0,
        "use_fast_imem": false,
        "validateNetParams": false,
        "verbose": false,
        "weightEE": 1.9501738700843534,
        "weightEE_std": 0.4978023802228272,
        "weightEI": 1.871065907231902,
        "weightEI_std": 0.007997761305931106,
        "weightIE": 0.957217433278782,
        "weightIE_std": 0.2662252019677282,
        "weightII": 0.048714977391586714,
        "weightII_std": 0.20922563576358508
    }
}