{
    "simConfig": {
        "E_L_mean": 18.8,
        "E_L_stdev": 7.0654021418854045,
        "E_Ra_mean": 128.0,
        "E_Ra_stdev": 7.545253774435555,
        "E_diam_mean": 18.8,
        "E_diam_stdev": 3.3598711636372265,
        "I_L_mean": 9.0,
        "I_L_stdev": 0.8150540094668328,
        "I_Ra_mean": 110.0,
        "I_Ra_stdev": 18.619718141334577,
        "I_diam_mean": 10.0,
        "I_diam_stdev": 3.237307679016107,
        "addSynMechs": true,
        "allowConnsWithWeight0": true,
        "allowSelfConns": false,
        "analysis": {},
        "backupCfgFile": [],
        "cache_efficient": true,
        "checkErrors": false,
        "compactConnFormat": false,
        "connRandomSecFromList": true,
        "coreneuron": false,
        "createNEURONObj": true,
        "createPyStruct": true,
        "cvode_active": false,
        "cvode_atol": 0.001,
        "distributeSynsUniformly": true,
        "dt": 0.025,
        "dump_coreneuron_model": false,
        "duration": 1000.0,
        "duration_seconds": 330.0,
        "filename": "model_output",
        "gatherOnlySimData": false,
        "gkbar_E": 0.01768287367721255,
        "gkbar_E_std": 0.4746275578708081,
        "gkbar_I": 4.414008296706402,
        "gkbar_I_std": 1.4985461843105194,
        "gnabar_E": 5.743007352856699,
        "gnabar_E_std": 0.8254802635245304,
        "gnabar_I": 0.21011591757132903,
        "gnabar_I_std": 0.9916715217876522,
        "gpu": false,
        "hParams": {
            "celsius": 6.3,
            "clamp_resist": 0.001,
            "v_init": -65.0
        },
        "includeParamsLabel": true,
        "invertedYCoord": true,
        "networkType": "22May24",
        "oneSynPerNetcon": true,
        "printPopAvgRates": [
            100,
            1000.0
        ],
        "printRunTime": false,
        "printSynsAfterRule": false,
        "probEE": 0.23729891280657003,
        "probEE_std": 0.2672259170405929,
        "probEI": 0.4825478404299411,
        "probEI_std": 0.48428221523477444,
        "probIE": 0.2371474751940733,
        "probIE_std": 0.11312379676697096,
        "probII": 0.49688992428818746,
        "probII_std": 0.21099379168203314,
        "probLengthConst": 258.61199780074617,
        "propVelocity": 1.0,
        "pt3dRelativeToCellLocation": true,
        "rand123GlobalIndex": null,
        "random123": false,
        "recordCells": [
            [
                "E",
                [
                    68,
                    13
                ]
            ],
            [
                "I",
                [
                    4,
                    5
                ]
            ]
        ],
        "recordCellsSpikes": -1,
        "recordDipole": false,
        "recordDipolesHNN": false,
        "recordLFP": [],
        "recordStep": 0.1,
        "recordStim": false,
        "recordTime": true,
        "recordTraces": {
            "soma_voltage": {
                "loc": 0.5,
                "sec": "soma",
                "var": "v"
            }
        },
        "saveCSV": false,
        "saveCellConns": true,
        "saveCellSecs": true,
        "saveDat": false,
        "saveDataInclude": [
            "simData",
            "simConfig",
            "netParams",
            "net"
        ],
        "saveDipoleCells": false,
        "saveDipolePops": false,
        "saveDpk": false,
        "saveFolder": "/pscratch/sd/a/adammwea/2DNetworkSimulations/NERSC/output/240604_Run1_24n24hr/gen_3",
        "saveHDF5": false,
        "saveJson": true,
        "saveLFPCells": false,
        "saveLFPPops": false,
        "saveMat": false,
        "savePickle": false,
        "saveTiming": false,
        "seeds": {
            "cell": 1,
            "conn": 1,
            "loc": 1,
            "stim": 1
        },
        "simLabel": "gen_3_cand_47",
        "tau1_exc": 2.211095219990487,
        "tau1_exc_std": 0.05778016148975111,
        "tau1_inh": 9.662576578879827,
        "tau1_inh_std": 3.050049176989386,
        "tau2_exc": 16.85137918486463,
        "tau2_exc_std": 0.2145589163577384,
        "tau2_inh": 19.792057525862454,
        "tau2_inh_std": 0.22087370422960095,
        "timestampFilename": false,
        "timing": true,
        "tstop": 1000.0,
        "use_fast_imem": false,
        "validateNetParams": false,
        "verbose": false,
        "weightEE": 1.220429388509562,
        "weightEE_std": 0.014251463816581045,
        "weightEI": 1.6933547815187455,
        "weightEI_std": 0.24741591395615603,
        "weightIE": 0.009611704234855668,
        "weightIE_std": 0.034611041380205154,
        "weightII": 0.13401845676909763,
        "weightII_std": 0.1877240580918883
    }
}