{
    "simConfig": {
        "E_L_mean": 18.8,
        "E_L_stdev": 1.3647908268922544,
        "E_Ra_mean": 128.0,
        "E_Ra_stdev": 4.509913464740022,
        "E_diam_mean": 18.8,
        "E_diam_stdev": 3.4730871813977346,
        "I_L_mean": 9.0,
        "I_L_stdev": 0.09130304518353238,
        "I_Ra_mean": 110.0,
        "I_Ra_stdev": 3.396522144656415,
        "I_diam_mean": 10.0,
        "I_diam_stdev": 1.1730153150001126,
        "addSynMechs": true,
        "allowConnsWithWeight0": true,
        "allowSelfConns": false,
        "analysis": {},
        "backupCfgFile": [],
        "cache_efficient": true,
        "checkErrors": false,
        "compactConnFormat": false,
        "connRandomSecFromList": true,
        "coreneuron": false,
        "createNEURONObj": true,
        "createPyStruct": true,
        "cvode_active": false,
        "cvode_atol": 0.001,
        "distributeSynsUniformly": true,
        "dt": 0.025,
        "dump_coreneuron_model": false,
        "duration": 1000.0,
        "duration_seconds": 330.0,
        "filename": "model_output",
        "gatherOnlySimData": false,
        "gkbar_E": 0.7580192654297684,
        "gkbar_E_std": 0.42075411326762097,
        "gkbar_I": 9.1049323800233,
        "gkbar_I_std": 0.3235276766525886,
        "gnabar_E": 1.1409578846229884,
        "gnabar_E_std": 1.5158593780008665,
        "gnabar_I": 0.8485377378943073,
        "gnabar_I_std": 0.6611931264283064,
        "gpu": false,
        "hParams": {
            "celsius": 6.3,
            "clamp_resist": 0.001,
            "v_init": -65.0
        },
        "includeParamsLabel": true,
        "invertedYCoord": true,
        "networkType": "22May24",
        "oneSynPerNetcon": true,
        "printPopAvgRates": [
            100,
            1000.0
        ],
        "printRunTime": false,
        "printSynsAfterRule": false,
        "probEE": 0.20513622698882378,
        "probEE_std": 0.04013687929222035,
        "probEI": 0.42880096873375384,
        "probEI_std": 0.48535433732720784,
        "probIE": 0.2623089371852627,
        "probIE_std": 0.03222041993913306,
        "probII": 0.0657303553218182,
        "probII_std": 0.0187927046863392,
        "probLengthConst": 908.9253570933608,
        "propVelocity": 1.0,
        "pt3dRelativeToCellLocation": true,
        "rand123GlobalIndex": null,
        "random123": false,
        "recordCells": [
            [
                "E",
                [
                    68,
                    13
                ]
            ],
            [
                "I",
                [
                    4,
                    5
                ]
            ]
        ],
        "recordCellsSpikes": -1,
        "recordDipole": false,
        "recordDipolesHNN": false,
        "recordLFP": [],
        "recordStep": 0.1,
        "recordStim": false,
        "recordTime": true,
        "recordTraces": {
            "soma_voltage": {
                "loc": 0.5,
                "sec": "soma",
                "var": "v"
            }
        },
        "saveCSV": false,
        "saveCellConns": true,
        "saveCellSecs": true,
        "saveDat": false,
        "saveDataInclude": [
            "simData",
            "simConfig",
            "netParams",
            "net"
        ],
        "saveDipoleCells": false,
        "saveDipolePops": false,
        "saveDpk": false,
        "saveFolder": "/pscratch/sd/a/adammwea/2DNetworkSimulations/NERSC/output/240604_Run1_24n24hr/gen_3",
        "saveHDF5": false,
        "saveJson": true,
        "saveLFPCells": false,
        "saveLFPPops": false,
        "saveMat": false,
        "savePickle": false,
        "saveTiming": false,
        "seeds": {
            "cell": 1,
            "conn": 1,
            "loc": 1,
            "stim": 1
        },
        "simLabel": "gen_3_cand_92",
        "tau1_exc": 4.83230721503676,
        "tau1_exc_std": 1.189415261302852,
        "tau1_inh": 9.489411839232966,
        "tau1_inh_std": 0.013467996554536916,
        "tau2_exc": 2.5750403588336805,
        "tau2_exc_std": 9.570060185987263,
        "tau2_inh": 6.377421482112815,
        "tau2_inh_std": 5.140989615034939,
        "timestampFilename": false,
        "timing": true,
        "tstop": 1000.0,
        "use_fast_imem": false,
        "validateNetParams": false,
        "verbose": false,
        "weightEE": 1.216603746857961,
        "weightEE_std": 0.41087153006176086,
        "weightEI": 0.9708878897030454,
        "weightEI_std": 0.14713730477638265,
        "weightIE": 0.9996063928514649,
        "weightIE_std": 0.20022897781082827,
        "weightII": 1.9146677684392241,
        "weightII_std": 0.03204170741722562
    }
}