{
    "simConfig": {
        "E_L_mean": 18.8,
        "E_L_stdev": 7.481015465874567,
        "E_Ra_mean": 128.0,
        "E_Ra_stdev": 8.264043059291996,
        "E_diam_mean": 18.8,
        "E_diam_stdev": 5.9543452571865325,
        "I_L_mean": 9.0,
        "I_L_stdev": 0.8932250220613203,
        "I_Ra_mean": 110.0,
        "I_Ra_stdev": 36.08967119561308,
        "I_diam_mean": 10.0,
        "I_diam_stdev": 2.325765141633198,
        "addSynMechs": true,
        "allowConnsWithWeight0": true,
        "allowSelfConns": false,
        "analysis": {},
        "backupCfgFile": [],
        "cache_efficient": true,
        "checkErrors": false,
        "compactConnFormat": false,
        "connRandomSecFromList": true,
        "coreneuron": false,
        "createNEURONObj": true,
        "createPyStruct": true,
        "cvode_active": false,
        "cvode_atol": 0.001,
        "distributeSynsUniformly": true,
        "dt": 0.025,
        "dump_coreneuron_model": false,
        "duration": 1000.0,
        "duration_seconds": 330.0,
        "filename": "model_output",
        "gatherOnlySimData": false,
        "gkbar_E": 0.6482979440347337,
        "gkbar_E_std": 0.034377066909354534,
        "gkbar_I": 8.13519784598204,
        "gkbar_I_std": 0.030767046795244835,
        "gnabar_E": 0.5729299709485939,
        "gnabar_E_std": 0.7572090717357437,
        "gnabar_I": 3.9607666220927022,
        "gnabar_I_std": 0.13734565826002543,
        "gpu": false,
        "hParams": {
            "celsius": 6.3,
            "clamp_resist": 0.001,
            "v_init": -65.0
        },
        "includeParamsLabel": true,
        "invertedYCoord": true,
        "networkType": "22May24",
        "oneSynPerNetcon": true,
        "printPopAvgRates": [
            100,
            1000.0
        ],
        "printRunTime": false,
        "printSynsAfterRule": false,
        "probEE": 0.17689669960625373,
        "probEE_std": 0.07651594000423213,
        "probEI": 0.35460581773789646,
        "probEI_std": 0.4995661895926896,
        "probIE": 0.038847328797433966,
        "probIE_std": 0.11561525554711113,
        "probII": 0.7468108729974056,
        "probII_std": 0.16728147827219425,
        "probLengthConst": 1360.853822921627,
        "propVelocity": 1.0,
        "pt3dRelativeToCellLocation": true,
        "rand123GlobalIndex": null,
        "random123": false,
        "recordCells": [
            [
                "E",
                [
                    68,
                    13
                ]
            ],
            [
                "I",
                [
                    4,
                    5
                ]
            ]
        ],
        "recordCellsSpikes": -1,
        "recordDipole": false,
        "recordDipolesHNN": false,
        "recordLFP": [],
        "recordStep": 0.1,
        "recordStim": false,
        "recordTime": true,
        "recordTraces": {
            "soma_voltage": {
                "loc": 0.5,
                "sec": "soma",
                "var": "v"
            }
        },
        "saveCSV": false,
        "saveCellConns": true,
        "saveCellSecs": true,
        "saveDat": false,
        "saveDataInclude": [
            "simData",
            "simConfig",
            "netParams",
            "net"
        ],
        "saveDipoleCells": false,
        "saveDipolePops": false,
        "saveDpk": false,
        "saveFolder": "/pscratch/sd/a/adammwea/2DNetworkSimulations/NERSC/output/240604_Run1_24n24hr/gen_3",
        "saveHDF5": false,
        "saveJson": true,
        "saveLFPCells": false,
        "saveLFPPops": false,
        "saveMat": false,
        "savePickle": false,
        "saveTiming": false,
        "seeds": {
            "cell": 1,
            "conn": 1,
            "loc": 1,
            "stim": 1
        },
        "simLabel": "gen_3_cand_130",
        "tau1_exc": 0.5223824108146684,
        "tau1_exc_std": 2.9135786329619853,
        "tau1_inh": 8.635248396182662,
        "tau1_inh_std": 0.9575039149862543,
        "tau2_exc": 6.706363897493905,
        "tau2_exc_std": 7.596459058460457,
        "tau2_inh": 8.767685215732476,
        "tau2_inh_std": 5.09233940024623,
        "timestampFilename": false,
        "timing": true,
        "tstop": 1000.0,
        "use_fast_imem": false,
        "validateNetParams": false,
        "verbose": false,
        "weightEE": 1.3502524222350756,
        "weightEE_std": 0.4970166568132679,
        "weightEI": 0.00020248213264625892,
        "weightEI_std": 0.12233956419443248,
        "weightIE": 0.028362245316803647,
        "weightIE_std": 0.11671869520262675,
        "weightII": 1.7428051332183807,
        "weightII_std": 0.16628601339963692
    }
}