{
    "simConfig": {
        "E_L_mean": 18.8,
        "E_L_stdev": 5.728546156388244,
        "E_Ra_mean": 128.0,
        "E_Ra_stdev": 11.471898040240989,
        "E_diam_mean": 18.8,
        "E_diam_stdev": 1.6548066544026376,
        "I_L_mean": 9.0,
        "I_L_stdev": 0.8341273291275355,
        "I_Ra_mean": 110.0,
        "I_Ra_stdev": 6.537558089087835,
        "I_diam_mean": 10.0,
        "I_diam_stdev": 1.987751505594026,
        "addSynMechs": true,
        "allowConnsWithWeight0": true,
        "allowSelfConns": false,
        "analysis": {},
        "backupCfgFile": [],
        "cache_efficient": true,
        "checkErrors": false,
        "compactConnFormat": false,
        "connRandomSecFromList": true,
        "coreneuron": false,
        "createNEURONObj": true,
        "createPyStruct": true,
        "cvode_active": false,
        "cvode_atol": 0.001,
        "distributeSynsUniformly": true,
        "dt": 0.025,
        "dump_coreneuron_model": false,
        "duration": 1000.0,
        "duration_seconds": 60.0,
        "filename": "model_output",
        "gatherOnlySimData": false,
        "gkbar_E": 0.0540089017359727,
        "gkbar_E_std": 0.04563929541579148,
        "gkbar_I": 0.4935999312906558,
        "gkbar_I_std": 2.4063269006817274,
        "gnabar_E": 0.5796644407008263,
        "gnabar_E_std": 1.1636913930386248,
        "gnabar_I": 0.1683638899229282,
        "gnabar_I_std": 0.5732941923031586,
        "gpu": false,
        "hParams": {
            "celsius": 6.3,
            "clamp_resist": 0.001,
            "v_init": -65.0
        },
        "includeParamsLabel": true,
        "invertedYCoord": true,
        "networkType": "22May24",
        "oneSynPerNetcon": true,
        "printPopAvgRates": [
            100,
            1000.0
        ],
        "printRunTime": false,
        "printSynsAfterRule": false,
        "probEE": 0.5292762490432551,
        "probEE_std": 0.10995958283420725,
        "probEI": 0.25454066919945073,
        "probEI_std": 0.2127310006245673,
        "probIE": 0.6221788121693744,
        "probIE_std": 0.2990962957142931,
        "probII": 0.043656158774762754,
        "probII_std": 0.27458346834635483,
        "probLengthConst": 2671.3366731935907,
        "propVelocity": 1.0,
        "pt3dRelativeToCellLocation": true,
        "rand123GlobalIndex": null,
        "random123": false,
        "recordCells": [
            [
                "E",
                [
                    16,
                    79
                ]
            ],
            [
                "I",
                [
                    28,
                    1
                ]
            ]
        ],
        "recordCellsSpikes": -1,
        "recordDipole": false,
        "recordDipolesHNN": false,
        "recordLFP": [],
        "recordStep": 0.1,
        "recordStim": false,
        "recordTime": true,
        "recordTraces": {
            "soma_voltage": {
                "loc": 0.5,
                "sec": "soma",
                "var": "v"
            }
        },
        "saveCSV": false,
        "saveCellConns": true,
        "saveCellSecs": true,
        "saveDat": false,
        "saveDataInclude": [
            "simData",
            "simConfig",
            "netParams",
            "net"
        ],
        "saveDipoleCells": false,
        "saveDipolePops": false,
        "saveDpk": false,
        "saveFolder": "/pscratch/sd/a/adammwea/2DNetworkSimulations/NERSC/output/240527_Run3_this_should_work/gen_20",
        "saveHDF5": false,
        "saveJson": true,
        "saveLFPCells": false,
        "saveLFPPops": false,
        "saveMat": false,
        "savePickle": false,
        "saveTiming": false,
        "seeds": {
            "cell": 1,
            "conn": 1,
            "loc": 1,
            "stim": 1
        },
        "simLabel": "gen_20_cand_14",
        "tau1_exc": 6.349802752529963,
        "tau1_exc_std": 1.7301872698110057,
        "tau1_inh": 5.454131943116182,
        "tau1_inh_std": 2.037100170412281,
        "tau2_exc": 11.101453346020026,
        "tau2_exc_std": 2.035397877188273,
        "tau2_inh": 0.3213936242733237,
        "tau2_inh_std": 3.80458891944699,
        "timestampFilename": false,
        "timing": true,
        "tstop": 1000.0,
        "use_fast_imem": false,
        "validateNetParams": false,
        "verbose": false,
        "weightEE": 0.08837517680676416,
        "weightEE_std": 0.07992706531247637,
        "weightEI": 0.23274330590639636,
        "weightEI_std": 0.12699193674728507,
        "weightIE": 0.01099573275638159,
        "weightIE_std": 0.000287819550941381,
        "weightII": 0.31486877813469843,
        "weightII_std": 0.0007252757181222917
    }
}