{
    "simConfig": {
        "E_L_mean": 18.8,
        "E_L_stdev": 0.494071821506028,
        "E_Ra_mean": 128.0,
        "E_Ra_stdev": 42.30824786714508,
        "E_diam_mean": 18.8,
        "E_diam_stdev": 1.3832370891541932,
        "I_L_mean": 9.0,
        "I_L_stdev": 0.03897628651863494,
        "I_Ra_mean": 110.0,
        "I_Ra_stdev": 13.225489817773347,
        "I_diam_mean": 10.0,
        "I_diam_stdev": 3.3147061814840293,
        "addSynMechs": true,
        "allowConnsWithWeight0": true,
        "allowSelfConns": false,
        "analysis": {},
        "backupCfgFile": [],
        "cache_efficient": true,
        "checkErrors": false,
        "compactConnFormat": false,
        "connRandomSecFromList": true,
        "coreneuron": false,
        "createNEURONObj": true,
        "createPyStruct": true,
        "cvode_active": false,
        "cvode_atol": 0.001,
        "distributeSynsUniformly": true,
        "dt": 0.025,
        "dump_coreneuron_model": false,
        "duration": 1000.0,
        "duration_seconds": 60.0,
        "filename": "model_output",
        "gatherOnlySimData": false,
        "gkbar_E": 0.9835149192509691,
        "gkbar_E_std": 0.04516161018637757,
        "gkbar_I": 7.165485423876551,
        "gkbar_I_std": 0.007584977092220724,
        "gnabar_E": 4.969418676729719,
        "gnabar_E_std": 0.04050886213527699,
        "gnabar_I": 2.9571268268969924,
        "gnabar_I_std": 0.36035013041200215,
        "gpu": false,
        "hParams": {
            "celsius": 6.3,
            "clamp_resist": 0.001,
            "v_init": -65.0
        },
        "includeParamsLabel": true,
        "invertedYCoord": true,
        "networkType": "22May24",
        "oneSynPerNetcon": true,
        "printPopAvgRates": [
            100,
            1000.0
        ],
        "printRunTime": false,
        "printSynsAfterRule": false,
        "probEE": 0.615391461189414,
        "probEE_std": 0.12196825450247499,
        "probEI": 0.24071888080310916,
        "probEI_std": 0.07075967888242529,
        "probIE": 0.0008383356723046589,
        "probIE_std": 0.0002642856466006597,
        "probII": 0.2738300177591404,
        "probII_std": 0.19042992568237668,
        "probLengthConst": 1593.6945106723933,
        "propVelocity": 1.0,
        "pt3dRelativeToCellLocation": true,
        "rand123GlobalIndex": null,
        "random123": false,
        "recordCells": [
            [
                "E",
                [
                    16,
                    79
                ]
            ],
            [
                "I",
                [
                    28,
                    1
                ]
            ]
        ],
        "recordCellsSpikes": -1,
        "recordDipole": false,
        "recordDipolesHNN": false,
        "recordLFP": [],
        "recordStep": 0.1,
        "recordStim": false,
        "recordTime": true,
        "recordTraces": {
            "soma_voltage": {
                "loc": 0.5,
                "sec": "soma",
                "var": "v"
            }
        },
        "saveCSV": false,
        "saveCellConns": true,
        "saveCellSecs": true,
        "saveDat": false,
        "saveDataInclude": [
            "simData",
            "simConfig",
            "netParams",
            "net"
        ],
        "saveDipoleCells": false,
        "saveDipolePops": false,
        "saveDpk": false,
        "saveFolder": "/pscratch/sd/a/adammwea/2DNetworkSimulations/NERSC/output/240527_Run3_this_should_work/gen_20",
        "saveHDF5": false,
        "saveJson": true,
        "saveLFPCells": false,
        "saveLFPPops": false,
        "saveMat": false,
        "savePickle": false,
        "saveTiming": false,
        "seeds": {
            "cell": 1,
            "conn": 1,
            "loc": 1,
            "stim": 1
        },
        "simLabel": "gen_20_cand_30",
        "tau1_exc": 5.548920727361299,
        "tau1_exc_std": 0.0026904675096888694,
        "tau1_inh": 0.7951638020235645,
        "tau1_inh_std": 1.5844392130651932,
        "tau2_exc": 11.689125713777354,
        "tau2_exc_std": 1.41037915653705,
        "tau2_inh": 14.252952458051723,
        "tau2_inh_std": 3.8753264510692693,
        "timestampFilename": false,
        "timing": true,
        "tstop": 1000.0,
        "use_fast_imem": false,
        "validateNetParams": false,
        "verbose": false,
        "weightEE": 0.4548951805354555,
        "weightEE_std": 0.02679751065626217,
        "weightEI": 0.8147255182820365,
        "weightEI_std": 0.19252363410090798,
        "weightIE": 0.19253887859289903,
        "weightIE_std": 0.08060218699980407,
        "weightII": 0.3344599301382293,
        "weightII_std": 0.16585926820278313
    }
}