{
    "simConfig": {
        "E_L_mean": 18.8,
        "E_L_stdev": 0.18076788722137427,
        "E_Ra_mean": 128.0,
        "E_Ra_stdev": 39.152851118116935,
        "E_diam_mean": 18.8,
        "E_diam_stdev": 2.0482519491413647,
        "I_L_mean": 9.0,
        "I_L_stdev": 1.8298077751975932,
        "I_Ra_mean": 110.0,
        "I_Ra_stdev": 17.699355833065233,
        "I_diam_mean": 10.0,
        "I_diam_stdev": 0.032938396450491014,
        "addSynMechs": true,
        "allowConnsWithWeight0": true,
        "allowSelfConns": false,
        "analysis": {},
        "backupCfgFile": [],
        "cache_efficient": true,
        "checkErrors": false,
        "compactConnFormat": false,
        "connRandomSecFromList": true,
        "coreneuron": false,
        "createNEURONObj": true,
        "createPyStruct": true,
        "cvode_active": false,
        "cvode_atol": 0.001,
        "distributeSynsUniformly": true,
        "dt": 0.025,
        "dump_coreneuron_model": false,
        "duration": 1000.0,
        "duration_seconds": 60.0,
        "filename": "model_output",
        "gatherOnlySimData": false,
        "gkbar_E": 0.7260851280602915,
        "gkbar_E_std": 0.26131742381878453,
        "gkbar_I": 5.915348739002361,
        "gkbar_I_std": 2.3361947716510643,
        "gnabar_E": 0.4968774946899419,
        "gnabar_E_std": 0.16787711871569921,
        "gnabar_I": 2.865249890206197,
        "gnabar_I_std": 0.00030757053618719096,
        "gpu": false,
        "hParams": {
            "celsius": 6.3,
            "clamp_resist": 0.001,
            "v_init": -65.0
        },
        "includeParamsLabel": true,
        "invertedYCoord": true,
        "networkType": "22May24",
        "oneSynPerNetcon": true,
        "printPopAvgRates": [
            100,
            1000.0
        ],
        "printRunTime": false,
        "printSynsAfterRule": false,
        "probEE": 0.3114869427257179,
        "probEE_std": 0.2242857883905896,
        "probEI": 0.9977970917703441,
        "probEI_std": 0.05373505698795734,
        "probIE": 0.8255941939034818,
        "probIE_std": 0.2766131008310243,
        "probII": 0.4448526778257492,
        "probII_std": 0.1967667135345503,
        "probLengthConst": 2268.75136488994,
        "propVelocity": 1.0,
        "pt3dRelativeToCellLocation": true,
        "rand123GlobalIndex": null,
        "random123": false,
        "recordCells": [
            [
                "E",
                [
                    16,
                    79
                ]
            ],
            [
                "I",
                [
                    28,
                    1
                ]
            ]
        ],
        "recordCellsSpikes": -1,
        "recordDipole": false,
        "recordDipolesHNN": false,
        "recordLFP": [],
        "recordStep": 0.1,
        "recordStim": false,
        "recordTime": true,
        "recordTraces": {
            "soma_voltage": {
                "loc": 0.5,
                "sec": "soma",
                "var": "v"
            }
        },
        "saveCSV": false,
        "saveCellConns": true,
        "saveCellSecs": true,
        "saveDat": false,
        "saveDataInclude": [
            "simData",
            "simConfig",
            "netParams",
            "net"
        ],
        "saveDipoleCells": false,
        "saveDipolePops": false,
        "saveDpk": false,
        "saveFolder": "/pscratch/sd/a/adammwea/2DNetworkSimulations/NERSC/output/240527_Run3_this_should_work/gen_20",
        "saveHDF5": false,
        "saveJson": true,
        "saveLFPCells": false,
        "saveLFPPops": false,
        "saveMat": false,
        "savePickle": false,
        "saveTiming": false,
        "seeds": {
            "cell": 1,
            "conn": 1,
            "loc": 1,
            "stim": 1
        },
        "simLabel": "gen_20_cand_34",
        "tau1_exc": 9.655858176281967,
        "tau1_exc_std": 1.1236961571127635,
        "tau1_inh": 9.159120109195836,
        "tau1_inh_std": 2.431607375263935,
        "tau2_exc": 17.364293689089283,
        "tau2_exc_std": 0.7447982738078454,
        "tau2_inh": 19.58894657762207,
        "tau2_inh_std": 5.315205826951644,
        "timestampFilename": false,
        "timing": true,
        "tstop": 1000.0,
        "use_fast_imem": false,
        "validateNetParams": false,
        "verbose": false,
        "weightEE": 0.11921965936568313,
        "weightEE_std": 0.2676232575515659,
        "weightEI": 0.034474239631346854,
        "weightEI_std": 0.1407006880457265,
        "weightIE": 0.5409122700168637,
        "weightIE_std": 0.05195274230129144,
        "weightII": 0.3841679325912024,
        "weightII_std": 0.06773176399349598
    }
}