{
    "simConfig": {
        "E_L_mean": 18.8,
        "E_L_stdev": 1.8286057080462341,
        "E_Ra_mean": 128.0,
        "E_Ra_stdev": 23.042166661910507,
        "E_diam_mean": 18.8,
        "E_diam_stdev": 2.479073845291914,
        "I_L_mean": 9.0,
        "I_L_stdev": 2.396447763214623,
        "I_Ra_mean": 110.0,
        "I_Ra_stdev": 54.169856856559775,
        "I_diam_mean": 10.0,
        "I_diam_stdev": 3.0486536419821424,
        "addSynMechs": true,
        "allowConnsWithWeight0": true,
        "allowSelfConns": false,
        "analysis": {},
        "backupCfgFile": [],
        "cache_efficient": true,
        "checkErrors": false,
        "compactConnFormat": false,
        "connRandomSecFromList": true,
        "coreneuron": false,
        "createNEURONObj": true,
        "createPyStruct": true,
        "cvode_active": false,
        "cvode_atol": 0.001,
        "distributeSynsUniformly": true,
        "dt": 0.025,
        "dump_coreneuron_model": false,
        "duration": 1000.0,
        "duration_seconds": 330.0,
        "filename": "model_output",
        "gatherOnlySimData": false,
        "gkbar_E": 0.0002229957040842393,
        "gkbar_E_std": 0.009694162465981947,
        "gkbar_I": 1.2676991312091985,
        "gkbar_I_std": 2.1817845885049785,
        "gnabar_E": 5.865428546022742,
        "gnabar_E_std": 0.0029131644307617954,
        "gnabar_I": 0.38607188595151243,
        "gnabar_I_std": 0.18131522586046755,
        "gpu": false,
        "hParams": {
            "celsius": 6.3,
            "clamp_resist": 0.001,
            "v_init": -65.0
        },
        "includeParamsLabel": true,
        "invertedYCoord": true,
        "networkType": "22May24",
        "oneSynPerNetcon": true,
        "printPopAvgRates": [
            100,
            1000.0
        ],
        "printRunTime": false,
        "printSynsAfterRule": false,
        "probEE": 0.29322981861857256,
        "probEE_std": 0.2282508474832746,
        "probEI": 0.9627079920033128,
        "probEI_std": 0.0020156479753921097,
        "probIE": 0.6074338473510893,
        "probIE_std": 0.49984358639759197,
        "probII": 0.5890594024607049,
        "probII_std": 0.08380129399543512,
        "probLengthConst": 2697.9447483089343,
        "propVelocity": 1.0,
        "pt3dRelativeToCellLocation": true,
        "rand123GlobalIndex": null,
        "random123": false,
        "recordCells": [
            [
                "E",
                [
                    68,
                    13
                ]
            ],
            [
                "I",
                [
                    4,
                    5
                ]
            ]
        ],
        "recordCellsSpikes": -1,
        "recordDipole": false,
        "recordDipolesHNN": false,
        "recordLFP": [],
        "recordStep": 0.1,
        "recordStim": false,
        "recordTime": true,
        "recordTraces": {
            "soma_voltage": {
                "loc": 0.5,
                "sec": "soma",
                "var": "v"
            }
        },
        "saveCSV": false,
        "saveCellConns": true,
        "saveCellSecs": true,
        "saveDat": false,
        "saveDataInclude": [
            "simData",
            "simConfig",
            "netParams",
            "net"
        ],
        "saveDipoleCells": false,
        "saveDipolePops": false,
        "saveDpk": false,
        "saveFolder": "/pscratch/sd/a/adammwea/2DNetworkSimulations/NERSC/output/240604_Run1_24n24hr/gen_2",
        "saveHDF5": false,
        "saveJson": true,
        "saveLFPCells": false,
        "saveLFPPops": false,
        "saveMat": false,
        "savePickle": false,
        "saveTiming": false,
        "seeds": {
            "cell": 1,
            "conn": 1,
            "loc": 1,
            "stim": 1
        },
        "simLabel": "gen_2_cand_277",
        "tau1_exc": 4.954149854249694,
        "tau1_exc_std": 2.37723404045074,
        "tau1_inh": 9.1856124258451,
        "tau1_inh_std": 3.1902162377689014,
        "tau2_exc": 1.7885934624275102,
        "tau2_exc_std": 9.877535306175941,
        "tau2_inh": 0.7992515512152298,
        "tau2_inh_std": 8.277513450596533,
        "timestampFilename": false,
        "timing": true,
        "tstop": 1000.0,
        "use_fast_imem": false,
        "validateNetParams": false,
        "verbose": false,
        "weightEE": 0.11266875899298123,
        "weightEE_std": 0.39177025663205955,
        "weightEI": 0.1373718793476626,
        "weightEI_std": 0.13928521531936078,
        "weightIE": 0.06801841181617371,
        "weightIE_std": 0.06915556273247686,
        "weightII": 1.8955122554792037,
        "weightII_std": 0.012700602344579981
    }
}