{
    "simConfig": {
        "E_L_mean": 18.8,
        "E_L_stdev": 0.10847992202767026,
        "E_Ra_mean": 128.0,
        "E_Ra_stdev": 22.099508066522386,
        "E_diam_mean": 18.8,
        "E_diam_stdev": 4.101609071676514,
        "I_L_mean": 9.0,
        "I_L_stdev": 2.185477203615529,
        "I_Ra_mean": 110.0,
        "I_Ra_stdev": 4.236956950735353,
        "I_diam_mean": 10.0,
        "I_diam_stdev": 2.544285553239058,
        "addSynMechs": true,
        "allowConnsWithWeight0": true,
        "allowSelfConns": false,
        "analysis": {},
        "backupCfgFile": [],
        "cache_efficient": true,
        "checkErrors": false,
        "compactConnFormat": false,
        "connRandomSecFromList": true,
        "coreneuron": false,
        "createNEURONObj": true,
        "createPyStruct": true,
        "cvode_active": false,
        "cvode_atol": 0.001,
        "distributeSynsUniformly": true,
        "dt": 0.025,
        "dump_coreneuron_model": false,
        "duration": 1000.0,
        "duration_seconds": 330.0,
        "filename": "model_output",
        "gatherOnlySimData": false,
        "gkbar_E": 0.022066426319175436,
        "gkbar_E_std": 0.31057136952632197,
        "gkbar_I": 5.144642457265936,
        "gkbar_I_std": 0.35182085568182364,
        "gnabar_E": 5.731489769134377,
        "gnabar_E_std": 1.194371573435721,
        "gnabar_I": 2.639503484433458,
        "gnabar_I_std": 0.0008531189089960867,
        "gpu": false,
        "hParams": {
            "celsius": 6.3,
            "clamp_resist": 0.001,
            "v_init": -65.0
        },
        "includeParamsLabel": true,
        "invertedYCoord": true,
        "networkType": "22May24",
        "oneSynPerNetcon": true,
        "printPopAvgRates": [
            100,
            1000.0
        ],
        "printRunTime": false,
        "printSynsAfterRule": false,
        "probEE": 0.749350288197602,
        "probEE_std": 0.4903124382620035,
        "probEI": 0.7060622777229844,
        "probEI_std": 0.3596656551487797,
        "probIE": 0.006891373531289879,
        "probIE_std": 0.47336484223550357,
        "probII": 0.2585178165295408,
        "probII_std": 0.05444515421998326,
        "probLengthConst": 2902.486765990371,
        "propVelocity": 1.0,
        "pt3dRelativeToCellLocation": true,
        "rand123GlobalIndex": null,
        "random123": false,
        "recordCells": [
            [
                "E",
                [
                    68,
                    13
                ]
            ],
            [
                "I",
                [
                    4,
                    5
                ]
            ]
        ],
        "recordCellsSpikes": -1,
        "recordDipole": false,
        "recordDipolesHNN": false,
        "recordLFP": [],
        "recordStep": 0.1,
        "recordStim": false,
        "recordTime": true,
        "recordTraces": {
            "soma_voltage": {
                "loc": 0.5,
                "sec": "soma",
                "var": "v"
            }
        },
        "saveCSV": false,
        "saveCellConns": true,
        "saveCellSecs": true,
        "saveDat": false,
        "saveDataInclude": [
            "simData",
            "simConfig",
            "netParams",
            "net"
        ],
        "saveDipoleCells": false,
        "saveDipolePops": false,
        "saveDpk": false,
        "saveFolder": "/pscratch/sd/a/adammwea/2DNetworkSimulations/NERSC/output/240604_Run1_24n24hr/gen_2",
        "saveHDF5": false,
        "saveJson": true,
        "saveLFPCells": false,
        "saveLFPPops": false,
        "saveMat": false,
        "savePickle": false,
        "saveTiming": false,
        "seeds": {
            "cell": 1,
            "conn": 1,
            "loc": 1,
            "stim": 1
        },
        "simLabel": "gen_2_cand_191",
        "tau1_exc": 3.5508173779200525,
        "tau1_exc_std": 2.4959891256910582,
        "tau1_inh": 0.6465607327862085,
        "tau1_inh_std": 3.102316930085248,
        "tau2_exc": 3.1201108673122384,
        "tau2_exc_std": 2.8957019936743436,
        "tau2_inh": 10.387137820163865,
        "tau2_inh_std": 9.80037295659413,
        "timestampFilename": false,
        "timing": true,
        "tstop": 1000.0,
        "use_fast_imem": false,
        "validateNetParams": false,
        "verbose": false,
        "weightEE": 1.5735500904601507,
        "weightEE_std": 0.4793139678783341,
        "weightEI": 1.9440482067346556,
        "weightEI_std": 0.006681828378251889,
        "weightIE": 0.964054523274078,
        "weightIE_std": 0.16675120025333112,
        "weightII": 1.9627879857718633,
        "weightII_std": 0.06795441278731204
    }
}