{
    "simConfig": {
        "E_L_mean": 18.8,
        "E_L_stdev": 9.015163577682852,
        "E_Ra_mean": 128.0,
        "E_Ra_stdev": 63.80611452155645,
        "E_diam_mean": 18.8,
        "E_diam_stdev": 6.144340332768847,
        "I_L_mean": 9.0,
        "I_L_stdev": 2.2893049996333326,
        "I_Ra_mean": 110.0,
        "I_Ra_stdev": 3.869016646219052,
        "I_diam_mean": 10.0,
        "I_diam_stdev": 0.607859999866355,
        "addSynMechs": true,
        "allowConnsWithWeight0": true,
        "allowSelfConns": false,
        "analysis": {},
        "backupCfgFile": [],
        "cache_efficient": true,
        "checkErrors": false,
        "compactConnFormat": false,
        "connRandomSecFromList": true,
        "coreneuron": false,
        "createNEURONObj": true,
        "createPyStruct": true,
        "cvode_active": false,
        "cvode_atol": 0.001,
        "distributeSynsUniformly": true,
        "dt": 0.025,
        "dump_coreneuron_model": false,
        "duration": 1000.0,
        "duration_seconds": 300.0,
        "filename": "model_output",
        "gatherOnlySimData": false,
        "gkbar_E": 0.20303985791622584,
        "gkbar_E_std": 0.2189873141829009,
        "gkbar_I": 3.9442075830424095,
        "gkbar_I_std": 0.5715359137220829,
        "gnabar_E": 0.7483394938299239,
        "gnabar_E_std": 1.3802301194379376,
        "gnabar_I": 3.504484859609688,
        "gnabar_I_std": 0.47560952846990895,
        "gpu": false,
        "hParams": {
            "celsius": 6.3,
            "clamp_resist": 0.001,
            "v_init": -65.0
        },
        "includeParamsLabel": true,
        "invertedYCoord": true,
        "networkType": "22May24",
        "oneSynPerNetcon": true,
        "printPopAvgRates": [
            100,
            1000.0
        ],
        "printRunTime": false,
        "printSynsAfterRule": false,
        "probEE": 0.33236831566541075,
        "probEE_std": 0.0053516520567239035,
        "probEI": 0.45498793071080623,
        "probEI_std": 0.406972047972619,
        "probIE": 0.5308216285434092,
        "probIE_std": 0.3977972120705887,
        "probII": 0.30602130828575214,
        "probII_std": 0.49210025600817514,
        "probLengthConst": 2973.804050377078,
        "propVelocity": 1.0,
        "pt3dRelativeToCellLocation": true,
        "rand123GlobalIndex": null,
        "random123": false,
        "recordCells": [
            [
                "E",
                [
                    24,
                    73
                ]
            ],
            [
                "I",
                [
                    41,
                    25
                ]
            ]
        ],
        "recordCellsSpikes": -1,
        "recordDipole": false,
        "recordDipolesHNN": false,
        "recordLFP": [],
        "recordStep": 0.1,
        "recordStim": false,
        "recordTime": true,
        "recordTraces": {
            "soma_voltage": {
                "loc": 0.5,
                "sec": "soma",
                "var": "v"
            }
        },
        "saveCSV": false,
        "saveCellConns": true,
        "saveCellSecs": true,
        "saveDat": false,
        "saveDataInclude": [
            "simData",
            "simConfig",
            "netParams",
            "net"
        ],
        "saveDipoleCells": false,
        "saveDipolePops": false,
        "saveDpk": false,
        "saveFolder": "/pscratch/sd/a/adammwea/2DNetworkSimulations/NERSC/output/240529_Run1_8nodes/gen_7",
        "saveHDF5": false,
        "saveJson": true,
        "saveLFPCells": false,
        "saveLFPPops": false,
        "saveMat": false,
        "savePickle": false,
        "saveTiming": false,
        "seeds": {
            "cell": 1,
            "conn": 1,
            "loc": 1,
            "stim": 1
        },
        "simLabel": "gen_7_cand_18",
        "tau1_exc": 0.1387197510465178,
        "tau1_exc_std": 2.0469030408816242,
        "tau1_inh": 0.7192066101960455,
        "tau1_inh_std": 0.16700649770212095,
        "tau2_exc": 2.133328722253051,
        "tau2_exc_std": 0.26973810536935394,
        "tau2_inh": 14.63323115455892,
        "tau2_inh_std": 1.3284395635486757,
        "timestampFilename": false,
        "timing": true,
        "tstop": 1000.0,
        "use_fast_imem": false,
        "validateNetParams": false,
        "verbose": false,
        "weightEE": 1.659900401339637,
        "weightEE_std": 0.002770250589073816,
        "weightEI": 0.8881840218036805,
        "weightEI_std": 0.31045171146407696,
        "weightIE": 0.15420380135499917,
        "weightIE_std": 0.005915923071624783,
        "weightII": 1.9996766009551834,
        "weightII_std": 0.24556934812360234
    }
}