{
    "burstAmp_Fitness": {
        "Value": 1.223188305753581,
        "Fit": 1000.0
    },
    "burst_peak_frequency_fitness": {
        "Value": 0.10256410256410256,
        "Fit": 1000
    },
    "IBI_fitness": {
        "Value": null,
        "Fit": 1000
    },
    "baseline_fitness": {
        "Value": 33.89115423701693,
        "Fit": 1000
    },
    "slopeFitness": {
        "Value": 0.0006417473742091521,
        "Fit": 1.001284318780312
    },
    "thresh": {
        "Value": 32.84639547939275,
        "Fit": 1000
    },
    "sustain_oscillation_fitness": {
        "Value": 86.22754491017965,
        "Fit": 15.713041211420268
    },
    "rate_fitness": {
        "Value": 49.023148148148145,
        "Fit": 501.6989339524862
    },
    "maxFitness": 1000,
    "average_fitness": 689.8016574353358,
    "average_scaled_fitness": 689.4907493918657
}