{
    "burstAmp_Fitness": 2.6409424687176277,
    "IBI_fitness": 1000,
    "baselineFitness": 1000,
    "slopeFitness": 1.0007430345101578,
    "baseline_diff_fitness": 1000,
    "burst_peak_frequency_fitness": 1000,
    "rate_fitness": 10.415506563968961,
    "maxFitness": 1000,
    "average_fitness": 573.4367417238852,
    "average_scaled_fitness": 573.0094338890482
}