{
    "burstAmp_Fitness": {
        "Value": 1.4988776540949793,
        "Fit": 1000.0
    },
    "burst_peak_frequency_fitness": {
        "Value": 0.10288065843621398,
        "Fit": 1000
    },
    "IBI_fitness": {
        "Value": null,
        "Fit": 1000
    },
    "baseline_fitness": {
        "Value": 26.63184857913219,
        "Fit": 1000
    },
    "slopeFitness": {
        "Value": 5.8358059402336666e-05,
        "Fit": 1.0001167229303958
    },
    "thresh": {
        "Value": 25.71065254637743,
        "Fit": 1000
    },
    "sustain_oscillation_fitness": {
        "Value": 86.56716417910447,
        "Fit": 14.68119119810023
    },
    "rate_fitness": {
        "Value": 32.257936507936506,
        "Fit": 1000.0
    },
    "maxFitness": 1000,
    "average_fitness": 751.9601634901288,
    "average_scaled_fitness": 751.7118463555635
}