{
    "simConfig": {
        "E_L_mean": 18.8,
        "E_L_stdev": 7.2707673687490715,
        "E_Ra_mean": 128.0,
        "E_Ra_stdev": 24.12532041429374,
        "E_diam_mean": 18.8,
        "E_diam_stdev": 4.062608136166522,
        "I_L_mean": 9.0,
        "I_L_stdev": 2.2195006998005824,
        "I_Ra_mean": 110.0,
        "I_Ra_stdev": 31.278023431902206,
        "I_diam_mean": 10.0,
        "I_diam_stdev": 1.175288445723998,
        "addSynMechs": true,
        "allowConnsWithWeight0": true,
        "allowSelfConns": false,
        "analysis": {},
        "backupCfgFile": [],
        "cache_efficient": true,
        "checkErrors": false,
        "compactConnFormat": false,
        "connRandomSecFromList": true,
        "coreneuron": false,
        "createNEURONObj": true,
        "createPyStruct": true,
        "cvode_active": false,
        "cvode_atol": 0.001,
        "distributeSynsUniformly": true,
        "dt": 0.025,
        "dump_coreneuron_model": false,
        "duration": 1000.0,
        "duration_seconds": 90.0,
        "filename": "model_output",
        "gatherOnlySimData": false,
        "gkbar_E": 0.9905971586160758,
        "gkbar_E_std": 0.4891420438453395,
        "gkbar_I": 6.170550280788168,
        "gkbar_I_std": 1.613836540372777,
        "gnabar_E": 0.5997002896324835,
        "gnabar_E_std": 1.14250306967954,
        "gnabar_I": 4.747044333968985,
        "gnabar_I_std": 0.915607014216826,
        "gpu": false,
        "hParams": {
            "celsius": 6.3,
            "clamp_resist": 0.001,
            "v_init": -65.0
        },
        "includeParamsLabel": true,
        "invertedYCoord": true,
        "networkType": "22May24",
        "oneSynPerNetcon": true,
        "printPopAvgRates": [
            100,
            1000.0
        ],
        "printRunTime": false,
        "printSynsAfterRule": false,
        "probEE": 0.7417328729086504,
        "probEE_std": 0.35076558502826716,
        "probEI": 0.3029822619902298,
        "probEI_std": 0.14831007209109817,
        "probIE": 0.7465562518867963,
        "probIE_std": 0.17535144192294377,
        "probII": 0.16295696076903532,
        "probII_std": 0.06846185760760881,
        "probLengthConst": 710.6016275662257,
        "propVelocity": 1.0,
        "pt3dRelativeToCellLocation": true,
        "rand123GlobalIndex": null,
        "random123": false,
        "recordCells": [
            [
                "E",
                [
                    74,
                    47
                ]
            ],
            [
                "I",
                [
                    38,
                    3
                ]
            ]
        ],
        "recordCellsSpikes": -1,
        "recordDipole": false,
        "recordDipolesHNN": false,
        "recordLFP": [],
        "recordStep": 0.1,
        "recordStim": false,
        "recordTime": true,
        "recordTraces": {
            "soma_voltage": {
                "loc": 0.5,
                "sec": "soma",
                "var": "v"
            }
        },
        "saveCSV": false,
        "saveCellConns": true,
        "saveCellSecs": true,
        "saveDat": false,
        "saveDataInclude": [
            "simData",
            "simConfig",
            "netParams",
            "net"
        ],
        "saveDipoleCells": false,
        "saveDipolePops": false,
        "saveDpk": false,
        "saveFolder": "/pscratch/sd/a/adammwea/2DNetworkSimulations/NERSC/output/240528_Run1_this_does_work/gen_5",
        "saveHDF5": false,
        "saveJson": true,
        "saveLFPCells": false,
        "saveLFPPops": false,
        "saveMat": false,
        "savePickle": false,
        "saveTiming": false,
        "seeds": {
            "cell": 1,
            "conn": 1,
            "loc": 1,
            "stim": 1
        },
        "simLabel": "gen_5_cand_5",
        "tau1_exc": 6.827644111012292,
        "tau1_exc_std": 0.019208902183582843,
        "tau1_inh": 0.07845112838849522,
        "tau1_inh_std": 0.269621854003411,
        "tau2_exc": 25.052390284719685,
        "tau2_exc_std": 5.6019778515977094,
        "tau2_inh": 0.8341112627213478,
        "tau2_inh_std": 0.5861266498950866,
        "timestampFilename": false,
        "timing": true,
        "tstop": 1000.0,
        "use_fast_imem": false,
        "validateNetParams": false,
        "verbose": false,
        "weightEE": 0.5439947568816286,
        "weightEE_std": 0.23867049483095934,
        "weightEI": 1.6405175790668594,
        "weightEI_std": 0.097644277945162,
        "weightIE": 0.5018065225855743,
        "weightIE_std": 0.01184777897311131,
        "weightII": 0.4383080160678215,
        "weightII_std": 0.1297371429254175
    }
}