{
    "simConfig": {
        "E_L_mean": 18.8,
        "E_L_stdev": 0.5202452870852019,
        "E_Ra_mean": 128.0,
        "E_Ra_stdev": 41.489362115159096,
        "E_diam_mean": 18.8,
        "E_diam_stdev": 5.1905865157466735,
        "I_L_mean": 9.0,
        "I_L_stdev": 1.3525302387875326,
        "I_Ra_mean": 110.0,
        "I_Ra_stdev": 25.611263726516285,
        "I_diam_mean": 10.0,
        "I_diam_stdev": 0.11206673101866982,
        "addSynMechs": true,
        "allowConnsWithWeight0": true,
        "allowSelfConns": false,
        "analysis": {},
        "backupCfgFile": [],
        "cache_efficient": true,
        "checkErrors": false,
        "compactConnFormat": false,
        "connRandomSecFromList": true,
        "coreneuron": false,
        "createNEURONObj": true,
        "createPyStruct": true,
        "cvode_active": false,
        "cvode_atol": 0.001,
        "distributeSynsUniformly": true,
        "dt": 0.025,
        "dump_coreneuron_model": false,
        "duration": 1000.0,
        "duration_seconds": 90.0,
        "filename": "model_output",
        "gatherOnlySimData": false,
        "gkbar_E": 0.2345093579220525,
        "gkbar_E_std": 0.49978778971774496,
        "gkbar_I": 6.16429130191066,
        "gkbar_I_std": 1.2045599846913069,
        "gnabar_E": 6.851975848282801,
        "gnabar_E_std": 0.017248810401136162,
        "gnabar_I": 2.321474754171305,
        "gnabar_I_std": 0.42954947252854764,
        "gpu": false,
        "hParams": {
            "celsius": 6.3,
            "clamp_resist": 0.001,
            "v_init": -65.0
        },
        "includeParamsLabel": true,
        "invertedYCoord": true,
        "networkType": "22May24",
        "oneSynPerNetcon": true,
        "printPopAvgRates": [
            100,
            1000.0
        ],
        "printRunTime": false,
        "printSynsAfterRule": false,
        "probEE": 0.29705788593644067,
        "probEE_std": 0.49980279700983743,
        "probEI": 0.7508263182474465,
        "probEI_std": 0.10896761200172841,
        "probIE": 0.7439479746445381,
        "probIE_std": 0.39560075124905547,
        "probII": 0.5416145351348791,
        "probII_std": 0.2234318842253713,
        "probLengthConst": 181.54795751861974,
        "propVelocity": 1.0,
        "pt3dRelativeToCellLocation": true,
        "rand123GlobalIndex": null,
        "random123": false,
        "recordCells": [
            [
                "E",
                [
                    74,
                    47
                ]
            ],
            [
                "I",
                [
                    38,
                    3
                ]
            ]
        ],
        "recordCellsSpikes": -1,
        "recordDipole": false,
        "recordDipolesHNN": false,
        "recordLFP": [],
        "recordStep": 0.1,
        "recordStim": false,
        "recordTime": true,
        "recordTraces": {
            "soma_voltage": {
                "loc": 0.5,
                "sec": "soma",
                "var": "v"
            }
        },
        "saveCSV": false,
        "saveCellConns": true,
        "saveCellSecs": true,
        "saveDat": false,
        "saveDataInclude": [
            "simData",
            "simConfig",
            "netParams",
            "net"
        ],
        "saveDipoleCells": false,
        "saveDipolePops": false,
        "saveDpk": false,
        "saveFolder": "/pscratch/sd/a/adammwea/2DNetworkSimulations/NERSC/output/240528_Run1_this_does_work/gen_5",
        "saveHDF5": false,
        "saveJson": true,
        "saveLFPCells": false,
        "saveLFPPops": false,
        "saveMat": false,
        "savePickle": false,
        "saveTiming": false,
        "seeds": {
            "cell": 1,
            "conn": 1,
            "loc": 1,
            "stim": 1
        },
        "simLabel": "gen_5_cand_21",
        "tau1_exc": 2.383327957087076,
        "tau1_exc_std": 3.1369333281699165,
        "tau1_inh": 3.7020108984845956,
        "tau1_inh_std": 0.666985710139913,
        "tau2_exc": 0.05391768064418412,
        "tau2_exc_std": 8.339764639258416,
        "tau2_inh": 18.021322321110254,
        "tau2_inh_std": 6.142283430658589,
        "timestampFilename": false,
        "timing": true,
        "tstop": 1000.0,
        "use_fast_imem": false,
        "validateNetParams": false,
        "verbose": false,
        "weightEE": 1.4452320196632245,
        "weightEE_std": 0.4955778766228611,
        "weightEI": 1.188695950308043,
        "weightEI_std": 0.3315703474426678,
        "weightIE": 0.03046258280503588,
        "weightIE_std": 0.01001110997618372,
        "weightII": 0.2812761913265034,
        "weightII_std": 0.14769847761487187
    }
}