{
    "simConfig": {
        "E_L_mean": 18.8,
        "E_L_stdev": 5.464728266510473,
        "E_Ra_mean": 128.0,
        "E_Ra_stdev": 4.8787070559845915,
        "E_diam_mean": 18.8,
        "E_diam_stdev": 1.6832879979294038,
        "I_L_mean": 9.0,
        "I_L_stdev": 0.01955806200361679,
        "I_Ra_mean": 110.0,
        "I_Ra_stdev": 5.717853349685471,
        "I_diam_mean": 10.0,
        "I_diam_stdev": 0.06380228573990943,
        "addSynMechs": true,
        "allowConnsWithWeight0": true,
        "allowSelfConns": false,
        "analysis": {},
        "backupCfgFile": [],
        "cache_efficient": true,
        "checkErrors": false,
        "compactConnFormat": false,
        "connRandomSecFromList": true,
        "coreneuron": false,
        "createNEURONObj": true,
        "createPyStruct": true,
        "cvode_active": false,
        "cvode_atol": 0.001,
        "distributeSynsUniformly": true,
        "dt": 0.025,
        "dump_coreneuron_model": false,
        "duration": 1000.0,
        "duration_seconds": 60.0,
        "filename": "model_output",
        "gatherOnlySimData": false,
        "gkbar_E": 0.21090321223379338,
        "gkbar_E_std": 0.19894121893371666,
        "gkbar_I": 0.13403142321053596,
        "gkbar_I_std": 1.2266797473469322,
        "gnabar_E": 1.4644683052806815,
        "gnabar_E_std": 0.35309208571217,
        "gnabar_I": 2.430273391214084,
        "gnabar_I_std": 0.9460596929840616,
        "gpu": false,
        "hParams": {
            "celsius": 6.3,
            "clamp_resist": 0.001,
            "v_init": -65.0
        },
        "includeParamsLabel": true,
        "invertedYCoord": true,
        "networkType": "22May24",
        "oneSynPerNetcon": true,
        "printPopAvgRates": [
            100,
            1000.0
        ],
        "printRunTime": false,
        "printSynsAfterRule": false,
        "probEE": 0.5567279024852766,
        "probEE_std": 0.0015219956453463778,
        "probEI": 0.97675767080065,
        "probEI_std": 0.3274728727590095,
        "probIE": 0.19750105287224884,
        "probIE_std": 0.2193940573738586,
        "probII": 0.43405443537533195,
        "probII_std": 0.26247880430442955,
        "probLengthConst": 1948.0264448150742,
        "propVelocity": 1.0,
        "pt3dRelativeToCellLocation": true,
        "rand123GlobalIndex": null,
        "random123": false,
        "recordCells": [
            [
                "E",
                [
                    16,
                    79
                ]
            ],
            [
                "I",
                [
                    28,
                    1
                ]
            ]
        ],
        "recordCellsSpikes": -1,
        "recordDipole": false,
        "recordDipolesHNN": false,
        "recordLFP": [],
        "recordStep": 0.1,
        "recordStim": false,
        "recordTime": true,
        "recordTraces": {
            "soma_voltage": {
                "loc": 0.5,
                "sec": "soma",
                "var": "v"
            }
        },
        "saveCSV": false,
        "saveCellConns": true,
        "saveCellSecs": true,
        "saveDat": false,
        "saveDataInclude": [
            "simData",
            "simConfig",
            "netParams",
            "net"
        ],
        "saveDipoleCells": false,
        "saveDipolePops": false,
        "saveDpk": false,
        "saveFolder": "/pscratch/sd/a/adammwea/2DNetworkSimulations/NERSC/output/240527_Run3_this_should_work/gen_1",
        "saveHDF5": false,
        "saveJson": true,
        "saveLFPCells": false,
        "saveLFPPops": false,
        "saveMat": false,
        "savePickle": false,
        "saveTiming": false,
        "seeds": {
            "cell": 1,
            "conn": 1,
            "loc": 1,
            "stim": 1
        },
        "simLabel": "gen_1_cand_0",
        "tau1_exc": 8.462945832193148,
        "tau1_exc_std": 3.226577562140732,
        "tau1_inh": 7.603936757129903,
        "tau1_inh_std": 2.962784025676938,
        "tau2_exc": 1.7959518036477151,
        "tau2_exc_std": 6.109651292922287,
        "tau2_inh": 19.812381413114878,
        "tau2_inh_std": 0.7607247010356883,
        "timestampFilename": false,
        "timing": true,
        "tstop": 1000.0,
        "use_fast_imem": false,
        "validateNetParams": false,
        "verbose": false,
        "weightEE": 0.39867541884912616,
        "weightEE_std": 0.03170845428256186,
        "weightEI": 0.6592982453032038,
        "weightEI_std": 0.3304888601840396,
        "weightIE": 0.40688505358204874,
        "weightIE_std": 0.0012202485526166262,
        "weightII": 0.35354003952759944,
        "weightII_std": 0.07455360773347054
    }
}