{
    "simConfig": {
        "E_L_mean": 18.8,
        "E_L_stdev": 1.355466849995187,
        "E_Ra_mean": 128.0,
        "E_Ra_stdev": 5.964429142041782,
        "E_diam_mean": 18.8,
        "E_diam_stdev": 5.339768382218717,
        "I_L_mean": 9.0,
        "I_L_stdev": 0.6380481344992295,
        "I_Ra_mean": 110.0,
        "I_Ra_stdev": 25.220510130400775,
        "I_diam_mean": 10.0,
        "I_diam_stdev": 3.3031626337803437,
        "addSynMechs": true,
        "allowConnsWithWeight0": true,
        "allowSelfConns": false,
        "analysis": {},
        "backupCfgFile": [],
        "cache_efficient": true,
        "checkErrors": false,
        "compactConnFormat": false,
        "connRandomSecFromList": true,
        "coreneuron": false,
        "createNEURONObj": true,
        "createPyStruct": true,
        "cvode_active": false,
        "cvode_atol": 0.001,
        "distributeSynsUniformly": true,
        "dt": 0.025,
        "dump_coreneuron_model": false,
        "duration": 1000.0,
        "duration_seconds": 60.0,
        "filename": "model_output",
        "gatherOnlySimData": false,
        "gkbar_E": 0.05988885339900574,
        "gkbar_E_std": 0.2973141851584219,
        "gkbar_I": 5.484833537366628,
        "gkbar_I_std": 0.265255687300867,
        "gnabar_E": 3.053920911289579,
        "gnabar_E_std": 0.16129592968623863,
        "gnabar_I": 0.060208235030875745,
        "gnabar_I_std": 0.6633959332196395,
        "gpu": false,
        "hParams": {
            "celsius": 6.3,
            "clamp_resist": 0.001,
            "v_init": -65.0
        },
        "includeParamsLabel": true,
        "invertedYCoord": true,
        "networkType": "22May24",
        "oneSynPerNetcon": true,
        "printPopAvgRates": [
            100,
            1000.0
        ],
        "printRunTime": false,
        "printSynsAfterRule": false,
        "probEE": 0.1703172575935032,
        "probEE_std": 0.032289325401981345,
        "probEI": 0.12002584516233208,
        "probEI_std": 0.06799378256077643,
        "probIE": 0.06048933283937952,
        "probIE_std": 0.3165014397230575,
        "probII": 0.8172447952362856,
        "probII_std": 0.1716279649861796,
        "probLengthConst": 2724.964073308411,
        "propVelocity": 1.0,
        "pt3dRelativeToCellLocation": true,
        "rand123GlobalIndex": null,
        "random123": false,
        "recordCells": [
            [
                "E",
                [
                    16,
                    79
                ]
            ],
            [
                "I",
                [
                    28,
                    1
                ]
            ]
        ],
        "recordCellsSpikes": -1,
        "recordDipole": false,
        "recordDipolesHNN": false,
        "recordLFP": [],
        "recordStep": 0.1,
        "recordStim": false,
        "recordTime": true,
        "recordTraces": {
            "soma_voltage": {
                "loc": 0.5,
                "sec": "soma",
                "var": "v"
            }
        },
        "saveCSV": false,
        "saveCellConns": true,
        "saveCellSecs": true,
        "saveDat": false,
        "saveDataInclude": [
            "simData",
            "simConfig",
            "netParams",
            "net"
        ],
        "saveDipoleCells": false,
        "saveDipolePops": false,
        "saveDpk": false,
        "saveFolder": "/pscratch/sd/a/adammwea/2DNetworkSimulations/NERSC/output/240527_Run3_this_should_work/gen_1",
        "saveHDF5": false,
        "saveJson": true,
        "saveLFPCells": false,
        "saveLFPPops": false,
        "saveMat": false,
        "savePickle": false,
        "saveTiming": false,
        "seeds": {
            "cell": 1,
            "conn": 1,
            "loc": 1,
            "stim": 1
        },
        "simLabel": "gen_1_cand_17",
        "tau1_exc": 0.08240754491789437,
        "tau1_exc_std": 3.216980816552667,
        "tau1_inh": 8.596879572454547,
        "tau1_inh_std": 0.8593869473180781,
        "tau2_exc": 2.000969585727999,
        "tau2_exc_std": 6.090944977143454,
        "tau2_inh": 19.964506666530287,
        "tau2_inh_std": 5.550675934494076,
        "timestampFilename": false,
        "timing": true,
        "tstop": 1000.0,
        "use_fast_imem": false,
        "validateNetParams": false,
        "verbose": false,
        "weightEE": 0.3563326439625253,
        "weightEE_std": 0.010655945358782726,
        "weightEI": 0.897958476813824,
        "weightEI_std": 0.16722976698765651,
        "weightIE": 0.08152208730047486,
        "weightIE_std": 0.3211255887610005,
        "weightII": 0.45963624520449303,
        "weightII_std": 0.0020331894448253496
    }
}