{
    "burstAmp_Fitness": 753.8195838940524,
    "burst_peak_frequency_fitness": 22.09919983426494,
    "IBI_fitness": 2.438491663618062,
    "baselineFitness": 1000,
    "slopeFitness": 1.0732520183535867,
    "thresh": 1000,
    "sustain_fit": 40.063920472981096,
    "rate_fitness": 504.4543887961254,
    "maxFitness": 1000,
    "average_fitness": 415.4936045849244,
    "average_scaled_fitness": 414.86560791761394
}