{
    "burstAmp_Fitness": 1.1111951183707784,
    "burst_peak_frequency_fitness": 17.779547511906234,
    "IBI_fitness": 1000,
    "baselineFitness": 1000,
    "slopeFitness": 1.4881859279678553,
    "thresh": 1000,
    "sustain_fit": 1000,
    "rate_fitness": 505.630223366713,
    "maxFitness": 1000,
    "average_fitness": 565.7511439906198,
    "average_scaled_fitness": 565.2680719944201
}