{
    "burstAmp_Fitness": {
        "Value": 1.0675104913148168,
        "Fit": 1000.0
    },
    "burst_peak_frequency_fitness": {
        "Value": 0.9575104727707959,
        "Fit": 42.311665857578134
    },
    "IBI_fitness": {
        "Value": 1080.0,
        "Fit": 2.7504942046771332
    },
    "baseline_fitness": {
        "Value": 5.089996574480452,
        "Fit": 1000
    },
    "slopeFitness": {
        "Value": -0.0064977021759366205,
        "Fit": 1.0130802115889344
    },
    "thresh": {
        "Value": 4.184952003875537,
        "Fit": 2.2592841066286464
    },
    "sustain_oscillation_fitness": {
        "Value": 38.05243445692884,
        "Fit": 1000
    },
    "E_rate_fitness": {
        "Value": 17.97222222222222,
        "Fit": 65.94947304350626
    },
    "I_rate_fitness": {
        "Value": 2.601851851851852,
        "Fit": 15.484117401672387
    },
    "maxFitness": 1000,
    "average_fitness": 347.7520127584057,
    "average_scaled_fitness": 347.090563127951
}