{
    "burstAmp_Fitness": {
        "Value": 0.28505309784951033,
        "Fit": 1000.0
    },
    "burst_peak_frequency_fitness": {
        "Value": 3.117144293614882,
        "Fit": 1000
    },
    "IBI_fitness": {
        "Value": 320.75,
        "Fit": 3.8328382342859117
    },
    "baseline_fitness": {
        "Value": 4.0580745918374586,
        "Fit": 1000
    },
    "slopeFitness": {
        "Value": 0.0002788022713104814,
        "Fit": 1.0005577600329334
    },
    "thresh": {
        "Value": 4.040075077813346,
        "Fit": 2.611500400323232
    },
    "sustain_oscillation_fitness": {
        "Value": 96.92883895131087,
        "Fit": 1.8482369962813463
    },
    "E_rate_fitness": {
        "Value": 11.84920634920635,
        "Fit": 5.695535029282108
    },
    "I_rate_fitness": {
        "Value": 0.0,
        "Fit": 1000
    },
    "maxFitness": 1000,
    "average_fitness": 446.10985204668947,
    "average_scaled_fitness": 445.55509789738
}