{
    "burstAmp_Fitness": 21.20647129023835,
    "burst_peak_frequency_fitness": 1000,
    "IBI_fitness": 1000,
    "baselineFitness": 1000,
    "slopeFitness": 1.0369838839330079,
    "baseline_diff_fitness": 1000,
    "rate_fitness": 3.530507735262909,
    "maxFitness": 1000,
    "average_fitness": 575.1105661299191,
    "average_scaled_fitness": 574.6695052615302
}