{
    "burstAmp_Fitness": 12.278907249272264,
    "burst_peak_frequency_fitness": 1000,
    "IBI_fitness": 1000,
    "baselineFitness": 1.3267475756299436,
    "slopeFitness": 1.0221147474853542,
    "baseline_diff_fitness": 1000,
    "rate_fitness": 505.52034368997477,
    "maxFitness": 1000,
    "average_fitness": 502.8783018946232,
    "average_scaled_fitness": 502.3696665920509
}