{
    "burstAmp_Fitness": 1000.0,
    "burst_peak_frequency_fitness": 20.72719364716638,
    "IBI_fitness": 2.210624152731373,
    "baselineFitness": 2.480865217132823,
    "slopeFitness": 1.0003581283583247,
    "baseline_diff_fitness": 1000,
    "rate_fitness": 1000.0,
    "maxFitness": 1000,
    "average_fitness": 432.3455773064842,
    "average_scaled_fitness": 431.77715096072876
}