{
    "burstAmp_Fitness": 1000.0,
    "burst_peak_frequency_fitness": 902.376146090572,
    "IBI_fitness": 3.1147972758170237,
    "baselineFitness": 2.531101647684433,
    "slopeFitness": 1.000181470559071,
    "baseline_diff_fitness": 1000,
    "rate_fitness": 1000.0,
    "maxFitness": 1000,
    "average_fitness": 558.4317466406618,
    "average_scaled_fitness": 557.9896560848824
}