{
    "burstAmp_Fitness": 2.879279360668625,
    "burst_peak_frequency_fitness": 1000,
    "IBI_fitness": 1000,
    "baselineFitness": 1000,
    "slopeFitness": 1.039774054006722,
    "baseline_diff_fitness": 1000,
    "rate_fitness": 502.5523424608405,
    "maxFitness": 1000,
    "average_fitness": 643.7816279822165,
    "average_scaled_fitness": 643.4108558421807
}