{
    "simConfig": {
        "E_L_mean": 18.8,
        "E_L_stdev": 8.464314299768981,
        "E_Ra_mean": 128.0,
        "E_Ra_stdev": 30.82237332247111,
        "E_diam_mean": 18.8,
        "E_diam_stdev": 5.108308847198254,
        "I_L_mean": 9.0,
        "I_L_stdev": 0.11643717373932609,
        "I_Ra_mean": 110.0,
        "I_Ra_stdev": 42.841215846590025,
        "I_diam_mean": 10.0,
        "I_diam_stdev": 2.615352152017251,
        "addSynMechs": true,
        "allowConnsWithWeight0": true,
        "allowSelfConns": false,
        "analysis": {},
        "backupCfgFile": [],
        "cache_efficient": true,
        "checkErrors": false,
        "compactConnFormat": false,
        "connRandomSecFromList": true,
        "coreneuron": false,
        "createNEURONObj": true,
        "createPyStruct": true,
        "cvode_active": false,
        "cvode_atol": 0.001,
        "distributeSynsUniformly": true,
        "dt": 0.025,
        "dump_coreneuron_model": false,
        "duration": 1000.0,
        "duration_seconds": 330.0,
        "filename": "model_output",
        "gatherOnlySimData": false,
        "gkbar_E": 1.829667250655823e-05,
        "gkbar_E_std": 0.37707435088872693,
        "gkbar_I": 0.9943320347758187,
        "gkbar_I_std": 0.281879959161512,
        "gnabar_E": 0.9472290402857548,
        "gnabar_E_std": 0.08355742274859318,
        "gnabar_I": 2.443695681873515,
        "gnabar_I_std": 0.4491623854349869,
        "gpu": false,
        "hParams": {
            "celsius": 6.3,
            "clamp_resist": 0.001,
            "v_init": -65.0
        },
        "includeParamsLabel": true,
        "invertedYCoord": true,
        "networkType": "22May24",
        "oneSynPerNetcon": true,
        "printPopAvgRates": [
            100,
            1000.0
        ],
        "printRunTime": false,
        "printSynsAfterRule": false,
        "probEE": 0.11474234457886474,
        "probEE_std": 0.49476670783936316,
        "probEI": 0.9225835069417966,
        "probEI_std": 0.1092219724513054,
        "probIE": 0.16677138876941627,
        "probIE_std": 0.015456648875299388,
        "probII": 0.6979213622133021,
        "probII_std": 0.14195153340412908,
        "probLengthConst": 927.2649633383965,
        "propVelocity": 1.0,
        "pt3dRelativeToCellLocation": true,
        "rand123GlobalIndex": null,
        "random123": false,
        "recordCells": [
            [
                "E",
                [
                    68,
                    13
                ]
            ],
            [
                "I",
                [
                    4,
                    5
                ]
            ]
        ],
        "recordCellsSpikes": -1,
        "recordDipole": false,
        "recordDipolesHNN": false,
        "recordLFP": [],
        "recordStep": 0.1,
        "recordStim": false,
        "recordTime": true,
        "recordTraces": {
            "soma_voltage": {
                "loc": 0.5,
                "sec": "soma",
                "var": "v"
            }
        },
        "saveCSV": false,
        "saveCellConns": true,
        "saveCellSecs": true,
        "saveDat": false,
        "saveDataInclude": [
            "simData",
            "simConfig",
            "netParams",
            "net"
        ],
        "saveDipoleCells": false,
        "saveDipolePops": false,
        "saveDpk": false,
        "saveFolder": "/pscratch/sd/a/adammwea/2DNetworkSimulations/NERSC/output/240604_Run1_24n24hr/gen_6",
        "saveHDF5": false,
        "saveJson": true,
        "saveLFPCells": false,
        "saveLFPPops": false,
        "saveMat": false,
        "savePickle": false,
        "saveTiming": false,
        "seeds": {
            "cell": 1,
            "conn": 1,
            "loc": 1,
            "stim": 1
        },
        "simLabel": "gen_6_cand_155",
        "tau1_exc": 6.797563973290547,
        "tau1_exc_std": 0.6560717438089644,
        "tau1_inh": 7.468893355910209,
        "tau1_inh_std": 1.2510093083595017,
        "tau2_exc": 7.921666197564747,
        "tau2_exc_std": 9.328325222155659,
        "tau2_inh": 9.813230697333896,
        "tau2_inh_std": 8.507540889206764,
        "timestampFilename": false,
        "timing": true,
        "tstop": 1000.0,
        "use_fast_imem": false,
        "validateNetParams": false,
        "verbose": false,
        "weightEE": 1.3922277449897582,
        "weightEE_std": 0.4811484465592524,
        "weightEI": 1.5379112559366388,
        "weightEI_std": 0.17578119634631292,
        "weightIE": 0.26793791053312976,
        "weightIE_std": 0.2765686911124676,
        "weightII": 0.5919772066050366,
        "weightII_std": 0.0055904295200023026
    }
}