{
    "simConfig": {
        "E_L_mean": 18.8,
        "E_L_stdev": 0.1846143668265688,
        "E_Ra_mean": 128.0,
        "E_Ra_stdev": 1.473468546805293,
        "E_diam_mean": 18.8,
        "E_diam_stdev": 0.4065479760900037,
        "I_L_mean": 9.0,
        "I_L_stdev": 2.779085253861966,
        "I_Ra_mean": 110.0,
        "I_Ra_stdev": 42.183392593915016,
        "I_diam_mean": 10.0,
        "I_diam_stdev": 2.6355036096198408,
        "addSynMechs": true,
        "allowConnsWithWeight0": true,
        "allowSelfConns": false,
        "analysis": {},
        "backupCfgFile": [],
        "cache_efficient": true,
        "checkErrors": false,
        "compactConnFormat": false,
        "connRandomSecFromList": true,
        "coreneuron": false,
        "createNEURONObj": true,
        "createPyStruct": true,
        "cvode_active": false,
        "cvode_atol": 0.001,
        "distributeSynsUniformly": true,
        "dt": 0.025,
        "dump_coreneuron_model": false,
        "duration": 1000.0,
        "duration_seconds": 330.0,
        "filename": "model_output",
        "gatherOnlySimData": false,
        "gkbar_E": 0.0005049732039289741,
        "gkbar_E_std": 0.038875508572592435,
        "gkbar_I": 9.005637480326099,
        "gkbar_I_std": 1.169428005480578,
        "gnabar_E": 2.6118392130456334,
        "gnabar_E_std": 0.21723026868307774,
        "gnabar_I": 0.9454595900174625,
        "gnabar_I_std": 0.07088197237571037,
        "gpu": false,
        "hParams": {
            "celsius": 6.3,
            "clamp_resist": 0.001,
            "v_init": -65.0
        },
        "includeParamsLabel": true,
        "invertedYCoord": true,
        "networkType": "22May24",
        "oneSynPerNetcon": true,
        "printPopAvgRates": [
            100,
            1000.0
        ],
        "printRunTime": false,
        "printSynsAfterRule": false,
        "probEE": 0.35720322038883445,
        "probEE_std": 0.49750918092063795,
        "probEI": 0.7746671057985951,
        "probEI_std": 0.3448683141031729,
        "probIE": 0.07357621883704026,
        "probIE_std": 0.05310194989249703,
        "probII": 0.007172885758117082,
        "probII_std": 0.1615613504953907,
        "probLengthConst": 2908.455840724643,
        "propVelocity": 1.0,
        "pt3dRelativeToCellLocation": true,
        "rand123GlobalIndex": null,
        "random123": false,
        "recordCells": [
            [
                "E",
                [
                    68,
                    13
                ]
            ],
            [
                "I",
                [
                    4,
                    5
                ]
            ]
        ],
        "recordCellsSpikes": -1,
        "recordDipole": false,
        "recordDipolesHNN": false,
        "recordLFP": [],
        "recordStep": 0.1,
        "recordStim": false,
        "recordTime": true,
        "recordTraces": {
            "soma_voltage": {
                "loc": 0.5,
                "sec": "soma",
                "var": "v"
            }
        },
        "saveCSV": false,
        "saveCellConns": true,
        "saveCellSecs": true,
        "saveDat": false,
        "saveDataInclude": [
            "simData",
            "simConfig",
            "netParams",
            "net"
        ],
        "saveDipoleCells": false,
        "saveDipolePops": false,
        "saveDpk": false,
        "saveFolder": "/pscratch/sd/a/adammwea/2DNetworkSimulations/NERSC/output/240604_Run1_24n24hr/gen_6",
        "saveHDF5": false,
        "saveJson": true,
        "saveLFPCells": false,
        "saveLFPPops": false,
        "saveMat": false,
        "savePickle": false,
        "saveTiming": false,
        "seeds": {
            "cell": 1,
            "conn": 1,
            "loc": 1,
            "stim": 1
        },
        "simLabel": "gen_6_cand_342",
        "tau1_exc": 4.8525450981615705,
        "tau1_exc_std": 0.45948009817572744,
        "tau1_inh": 5.431925914928467,
        "tau1_inh_std": 3.1709688911855594,
        "tau2_exc": 14.647654181040194,
        "tau2_exc_std": 9.988738306110209,
        "tau2_inh": 0.042233001950963356,
        "tau2_inh_std": 0.7433190407792121,
        "timestampFilename": false,
        "timing": true,
        "tstop": 1000.0,
        "use_fast_imem": false,
        "validateNetParams": false,
        "verbose": false,
        "weightEE": 0.1546987407038126,
        "weightEE_std": 0.07545836271362574,
        "weightEI": 0.03956716643557168,
        "weightEI_std": 0.33192873341642537,
        "weightIE": 0.3063651769080579,
        "weightIE_std": 0.02038014950183407,
        "weightII": 1.1654384318353044,
        "weightII_std": 0.23748640080170652
    }
}