{
    "simConfig": {
        "E_L_mean": 18.8,
        "E_L_stdev": 6.314073558805038,
        "E_Ra_mean": 128.0,
        "E_Ra_stdev": 17.048484170910424,
        "E_diam_mean": 18.8,
        "E_diam_stdev": 5.9401704335891745,
        "I_L_mean": 9.0,
        "I_L_stdev": 1.6775168261759965,
        "I_Ra_mean": 110.0,
        "I_Ra_stdev": 24.58231268285888,
        "I_diam_mean": 10.0,
        "I_diam_stdev": 2.5594037702409578,
        "addSynMechs": true,
        "allowConnsWithWeight0": true,
        "allowSelfConns": false,
        "analysis": {},
        "backupCfgFile": [],
        "cache_efficient": true,
        "checkErrors": false,
        "compactConnFormat": false,
        "connRandomSecFromList": true,
        "coreneuron": false,
        "createNEURONObj": true,
        "createPyStruct": true,
        "cvode_active": false,
        "cvode_atol": 0.001,
        "distributeSynsUniformly": true,
        "dt": 0.025,
        "dump_coreneuron_model": false,
        "duration": 1000.0,
        "duration_seconds": 330.0,
        "filename": "model_output",
        "gatherOnlySimData": false,
        "gkbar_E": 0.5899988261951752,
        "gkbar_E_std": 0.027732690856452625,
        "gkbar_I": 9.673715270663925,
        "gkbar_I_std": 1.8292477936037046,
        "gnabar_E": 5.243541613906087,
        "gnabar_E_std": 0.16291857213072136,
        "gnabar_I": 0.19361422099965742,
        "gnabar_I_std": 0.26278482288314564,
        "gpu": false,
        "hParams": {
            "celsius": 6.3,
            "clamp_resist": 0.001,
            "v_init": -65.0
        },
        "includeParamsLabel": true,
        "invertedYCoord": true,
        "networkType": "22May24",
        "oneSynPerNetcon": true,
        "printPopAvgRates": [
            100,
            1000.0
        ],
        "printRunTime": false,
        "printSynsAfterRule": false,
        "probEE": 0.005117041028628743,
        "probEE_std": 0.04021795205700235,
        "probEI": 0.9480390576441136,
        "probEI_std": 0.09704866489116082,
        "probIE": 0.7284616415427184,
        "probIE_std": 0.4892416150750389,
        "probII": 0.584218527017224,
        "probII_std": 0.11009252610843862,
        "probLengthConst": 2995.9239138558605,
        "propVelocity": 1.0,
        "pt3dRelativeToCellLocation": true,
        "rand123GlobalIndex": null,
        "random123": false,
        "recordCells": [
            [
                "E",
                [
                    68,
                    13
                ]
            ],
            [
                "I",
                [
                    4,
                    5
                ]
            ]
        ],
        "recordCellsSpikes": -1,
        "recordDipole": false,
        "recordDipolesHNN": false,
        "recordLFP": [],
        "recordStep": 0.1,
        "recordStim": false,
        "recordTime": true,
        "recordTraces": {
            "soma_voltage": {
                "loc": 0.5,
                "sec": "soma",
                "var": "v"
            }
        },
        "saveCSV": false,
        "saveCellConns": true,
        "saveCellSecs": true,
        "saveDat": false,
        "saveDataInclude": [
            "simData",
            "simConfig",
            "netParams",
            "net"
        ],
        "saveDipoleCells": false,
        "saveDipolePops": false,
        "saveDpk": false,
        "saveFolder": "/pscratch/sd/a/adammwea/2DNetworkSimulations/NERSC/output/240604_Run1_24n24hr/gen_6",
        "saveHDF5": false,
        "saveJson": true,
        "saveLFPCells": false,
        "saveLFPPops": false,
        "saveMat": false,
        "savePickle": false,
        "saveTiming": false,
        "seeds": {
            "cell": 1,
            "conn": 1,
            "loc": 1,
            "stim": 1
        },
        "simLabel": "gen_6_cand_142",
        "tau1_exc": 7.294279893055945,
        "tau1_exc_std": 0.4960994241652685,
        "tau1_inh": 9.601703458453057,
        "tau1_inh_std": 3.2523790256244904,
        "tau2_exc": 9.514267114417144,
        "tau2_exc_std": 4.368225060416697,
        "tau2_inh": 15.341364520318091,
        "tau2_inh_std": 0.2633099838459443,
        "timestampFilename": false,
        "timing": true,
        "tstop": 1000.0,
        "use_fast_imem": false,
        "validateNetParams": false,
        "verbose": false,
        "weightEE": 1.2040280285863747,
        "weightEE_std": 0.005746354108392813,
        "weightEI": 1.5259094120342673,
        "weightEI_std": 0.33329318456708007,
        "weightIE": 0.8280461374814501,
        "weightIE_std": 0.10833507032199036,
        "weightII": 1.2196054846511997,
        "weightII_std": 0.1285469641628526
    }
}