{
    "simConfig": {
        "E_L_mean": 18.8,
        "E_L_stdev": 0.1510214600908124,
        "E_Ra_mean": 128.0,
        "E_Ra_stdev": 63.73513863632294,
        "E_diam_mean": 18.8,
        "E_diam_stdev": 0.21075061685849653,
        "I_L_mean": 9.0,
        "I_L_stdev": 2.84398009397433,
        "I_Ra_mean": 110.0,
        "I_Ra_stdev": 0.2057676448277963,
        "I_diam_mean": 10.0,
        "I_diam_stdev": 0.6290689522960369,
        "addSynMechs": true,
        "allowConnsWithWeight0": true,
        "allowSelfConns": false,
        "analysis": {},
        "backupCfgFile": [],
        "cache_efficient": true,
        "checkErrors": false,
        "compactConnFormat": false,
        "connRandomSecFromList": true,
        "coreneuron": false,
        "createNEURONObj": true,
        "createPyStruct": true,
        "cvode_active": false,
        "cvode_atol": 0.001,
        "distributeSynsUniformly": true,
        "dt": 0.025,
        "dump_coreneuron_model": false,
        "duration": 1000.0,
        "duration_seconds": 90.0,
        "filename": "model_output",
        "gatherOnlySimData": false,
        "gkbar_E": 0.09204279598778033,
        "gkbar_E_std": 0.06546894445684981,
        "gkbar_I": 0.030124407548044463,
        "gkbar_I_std": 2.4706233022115667,
        "gnabar_E": 4.086824307728487,
        "gnabar_E_std": 0.6726876117733617,
        "gnabar_I": 1.2568309636087323,
        "gnabar_I_std": 0.05573804053325809,
        "gpu": false,
        "hParams": {
            "celsius": 6.3,
            "clamp_resist": 0.001,
            "v_init": -65.0
        },
        "includeParamsLabel": true,
        "invertedYCoord": true,
        "networkType": "22May24",
        "oneSynPerNetcon": true,
        "printPopAvgRates": [
            100,
            1000.0
        ],
        "printRunTime": false,
        "printSynsAfterRule": false,
        "probEE": 0.2793339023246185,
        "probEE_std": 0.4974581908718644,
        "probEI": 0.5014122545031974,
        "probEI_std": 0.42222395913958616,
        "probIE": 0.6140051629984034,
        "probIE_std": 0.46954212249159466,
        "probII": 0.07412019550058678,
        "probII_std": 0.43645833358245756,
        "probLengthConst": 247.84334979137586,
        "propVelocity": 1.0,
        "pt3dRelativeToCellLocation": true,
        "rand123GlobalIndex": null,
        "random123": false,
        "recordCells": [
            [
                "E",
                [
                    74,
                    47
                ]
            ],
            [
                "I",
                [
                    38,
                    3
                ]
            ]
        ],
        "recordCellsSpikes": -1,
        "recordDipole": false,
        "recordDipolesHNN": false,
        "recordLFP": [],
        "recordStep": 0.1,
        "recordStim": false,
        "recordTime": true,
        "recordTraces": {
            "soma_voltage": {
                "loc": 0.5,
                "sec": "soma",
                "var": "v"
            }
        },
        "saveCSV": false,
        "saveCellConns": true,
        "saveCellSecs": true,
        "saveDat": false,
        "saveDataInclude": [
            "simData",
            "simConfig",
            "netParams",
            "net"
        ],
        "saveDipoleCells": false,
        "saveDipolePops": false,
        "saveDpk": false,
        "saveFolder": "/pscratch/sd/a/adammwea/2DNetworkSimulations/NERSC/output/240528_Run1_this_does_work/gen_8",
        "saveHDF5": false,
        "saveJson": true,
        "saveLFPCells": false,
        "saveLFPPops": false,
        "saveMat": false,
        "savePickle": false,
        "saveTiming": false,
        "seeds": {
            "cell": 1,
            "conn": 1,
            "loc": 1,
            "stim": 1
        },
        "simLabel": "gen_8_cand_4",
        "tau1_exc": 6.081933643420096,
        "tau1_exc_std": 3.3274051893357233,
        "tau1_inh": 6.0081736849168985,
        "tau1_inh_std": 0.03047469591393605,
        "tau2_exc": 22.12063990998095,
        "tau2_exc_std": 1.3502970160464631,
        "tau2_inh": 1.9096749561884927,
        "tau2_inh_std": 0.03474099042648349,
        "timestampFilename": false,
        "timing": true,
        "tstop": 1000.0,
        "use_fast_imem": false,
        "validateNetParams": false,
        "verbose": false,
        "weightEE": 1.8658635828290746,
        "weightEE_std": 0.002308874791729462,
        "weightEI": 0.16313537995840072,
        "weightEI_std": 0.11161471599721154,
        "weightIE": 0.33594340600193456,
        "weightIE_std": 0.16738568932937162,
        "weightII": 1.2484927333942206,
        "weightII_std": 0.004497637486103151
    }
}