{
    "simConfig": {
        "E_L_mean": 18.8,
        "E_L_stdev": 5.1257433835735915,
        "E_Ra_mean": 128.0,
        "E_Ra_stdev": 63.07751496901615,
        "E_diam_mean": 18.8,
        "E_diam_stdev": 1.1451938876536278,
        "I_L_mean": 9.0,
        "I_L_stdev": 0.8184863716998674,
        "I_Ra_mean": 110.0,
        "I_Ra_stdev": 35.17195170444168,
        "I_diam_mean": 10.0,
        "I_diam_stdev": 0.345279838528319,
        "addSynMechs": true,
        "allowConnsWithWeight0": true,
        "allowSelfConns": false,
        "analysis": {},
        "backupCfgFile": [],
        "cache_efficient": true,
        "checkErrors": false,
        "compactConnFormat": false,
        "connRandomSecFromList": true,
        "coreneuron": false,
        "createNEURONObj": true,
        "createPyStruct": true,
        "cvode_active": false,
        "cvode_atol": 0.001,
        "distributeSynsUniformly": true,
        "dt": 0.025,
        "dump_coreneuron_model": false,
        "duration": 1000.0,
        "duration_seconds": 90.0,
        "filename": "model_output",
        "gatherOnlySimData": false,
        "gkbar_E": 0.9814777371414327,
        "gkbar_E_std": 0.46599761652871,
        "gkbar_I": 8.938861900993174,
        "gkbar_I_std": 0.31150195749623233,
        "gnabar_E": 4.82041798795747,
        "gnabar_E_std": 1.2603677938680216,
        "gnabar_I": 0.01800510005663991,
        "gnabar_I_std": 0.5365773324327845,
        "gpu": false,
        "hParams": {
            "celsius": 6.3,
            "clamp_resist": 0.001,
            "v_init": -65.0
        },
        "includeParamsLabel": true,
        "invertedYCoord": true,
        "networkType": "22May24",
        "oneSynPerNetcon": true,
        "printPopAvgRates": [
            100,
            1000.0
        ],
        "printRunTime": false,
        "printSynsAfterRule": false,
        "probEE": 0.434238310937689,
        "probEE_std": 0.41478296246019425,
        "probEI": 0.29987877607621505,
        "probEI_std": 0.37213784620779583,
        "probIE": 0.25885777845297303,
        "probIE_std": 0.4340096374843987,
        "probII": 0.6274226550226247,
        "probII_std": 0.11970584058273359,
        "probLengthConst": 99.70929357330651,
        "propVelocity": 1.0,
        "pt3dRelativeToCellLocation": true,
        "rand123GlobalIndex": null,
        "random123": false,
        "recordCells": [
            [
                "E",
                [
                    74,
                    47
                ]
            ],
            [
                "I",
                [
                    38,
                    3
                ]
            ]
        ],
        "recordCellsSpikes": -1,
        "recordDipole": false,
        "recordDipolesHNN": false,
        "recordLFP": [],
        "recordStep": 0.1,
        "recordStim": false,
        "recordTime": true,
        "recordTraces": {
            "soma_voltage": {
                "loc": 0.5,
                "sec": "soma",
                "var": "v"
            }
        },
        "saveCSV": false,
        "saveCellConns": true,
        "saveCellSecs": true,
        "saveDat": false,
        "saveDataInclude": [
            "simData",
            "simConfig",
            "netParams",
            "net"
        ],
        "saveDipoleCells": false,
        "saveDipolePops": false,
        "saveDpk": false,
        "saveFolder": "/pscratch/sd/a/adammwea/2DNetworkSimulations/NERSC/output/240528_Run1_this_does_work/gen_8",
        "saveHDF5": false,
        "saveJson": true,
        "saveLFPCells": false,
        "saveLFPPops": false,
        "saveMat": false,
        "savePickle": false,
        "saveTiming": false,
        "seeds": {
            "cell": 1,
            "conn": 1,
            "loc": 1,
            "stim": 1
        },
        "simLabel": "gen_8_cand_41",
        "tau1_exc": 4.521151380715164,
        "tau1_exc_std": 3.1475169228072177,
        "tau1_inh": 3.3729217556104962,
        "tau1_inh_std": 2.5767972221395,
        "tau2_exc": 22.687909809911044,
        "tau2_exc_std": 4.874138700300396,
        "tau2_inh": 1.5253974397179269,
        "tau2_inh_std": 8.127513738511997,
        "timestampFilename": false,
        "timing": true,
        "tstop": 1000.0,
        "use_fast_imem": false,
        "validateNetParams": false,
        "verbose": false,
        "weightEE": 0.31726737015454054,
        "weightEE_std": 0.0002146481921968482,
        "weightEI": 1.6566470176191415,
        "weightEI_std": 0.2768011313146274,
        "weightIE": 0.9859855991920161,
        "weightIE_std": 0.1906919126806283,
        "weightII": 0.03349030597604541,
        "weightII_std": 0.07779352886274012
    }
}