{
    "simConfig": {
        "E_L_mean": 18.8,
        "E_L_stdev": 2.3187621099992324,
        "E_Ra_mean": 128.0,
        "E_Ra_stdev": 32.92019290938809,
        "E_diam_mean": 18.8,
        "E_diam_stdev": 6.151032149492791,
        "I_L_mean": 9.0,
        "I_L_stdev": 1.9062496993117413,
        "I_Ra_mean": 110.0,
        "I_Ra_stdev": 31.93380032073661,
        "I_diam_mean": 10.0,
        "I_diam_stdev": 3.235025895410825,
        "addSynMechs": true,
        "allowConnsWithWeight0": true,
        "allowSelfConns": false,
        "analysis": {},
        "backupCfgFile": [],
        "cache_efficient": true,
        "checkErrors": false,
        "compactConnFormat": false,
        "connRandomSecFromList": true,
        "coreneuron": false,
        "createNEURONObj": true,
        "createPyStruct": true,
        "cvode_active": false,
        "cvode_atol": 0.001,
        "distributeSynsUniformly": true,
        "dt": 0.025,
        "dump_coreneuron_model": false,
        "duration": 1000.0,
        "duration_seconds": 90.0,
        "filename": "model_output",
        "gatherOnlySimData": false,
        "gkbar_E": 0.1988330927367979,
        "gkbar_E_std": 0.2069674299725404,
        "gkbar_I": 4.113031636230337,
        "gkbar_I_std": 2.3633501243538664,
        "gnabar_E": 6.01538673210472,
        "gnabar_E_std": 0.772427725677284,
        "gnabar_I": 0.0035255641251063508,
        "gnabar_I_std": 0.8301013384056749,
        "gpu": false,
        "hParams": {
            "celsius": 6.3,
            "clamp_resist": 0.001,
            "v_init": -65.0
        },
        "includeParamsLabel": true,
        "invertedYCoord": true,
        "networkType": "22May24",
        "oneSynPerNetcon": true,
        "printPopAvgRates": [
            100,
            1000.0
        ],
        "printRunTime": false,
        "printSynsAfterRule": false,
        "probEE": 0.16754128567712667,
        "probEE_std": 0.07872736566261701,
        "probEI": 0.26578348937175744,
        "probEI_std": 0.00960319861946256,
        "probIE": 0.16448442519261253,
        "probIE_std": 0.025942222757320173,
        "probII": 0.0012052675684714963,
        "probII_std": 0.47620796835650436,
        "probLengthConst": 486.5845989822833,
        "propVelocity": 1.0,
        "pt3dRelativeToCellLocation": true,
        "rand123GlobalIndex": null,
        "random123": false,
        "recordCells": [
            [
                "E",
                [
                    74,
                    47
                ]
            ],
            [
                "I",
                [
                    38,
                    3
                ]
            ]
        ],
        "recordCellsSpikes": -1,
        "recordDipole": false,
        "recordDipolesHNN": false,
        "recordLFP": [],
        "recordStep": 0.1,
        "recordStim": false,
        "recordTime": true,
        "recordTraces": {
            "soma_voltage": {
                "loc": 0.5,
                "sec": "soma",
                "var": "v"
            }
        },
        "saveCSV": false,
        "saveCellConns": true,
        "saveCellSecs": true,
        "saveDat": false,
        "saveDataInclude": [
            "simData",
            "simConfig",
            "netParams",
            "net"
        ],
        "saveDipoleCells": false,
        "saveDipolePops": false,
        "saveDpk": false,
        "saveFolder": "/pscratch/sd/a/adammwea/2DNetworkSimulations/NERSC/output/240528_Run1_this_does_work/gen_14",
        "saveHDF5": false,
        "saveJson": true,
        "saveLFPCells": false,
        "saveLFPPops": false,
        "saveMat": false,
        "savePickle": false,
        "saveTiming": false,
        "seeds": {
            "cell": 1,
            "conn": 1,
            "loc": 1,
            "stim": 1
        },
        "simLabel": "gen_14_cand_15",
        "tau1_exc": 3.3669514896082515,
        "tau1_exc_std": 3.333296943273379,
        "tau1_inh": 0.8192788305623577,
        "tau1_inh_std": 3.3249419171291485,
        "tau2_exc": 27.301197549914242,
        "tau2_exc_std": 9.163770947234353,
        "tau2_inh": 15.851353451491761,
        "tau2_inh_std": 7.458811936107027,
        "timestampFilename": false,
        "timing": true,
        "tstop": 1000.0,
        "use_fast_imem": false,
        "validateNetParams": false,
        "verbose": false,
        "weightEE": 0.7531763470988396,
        "weightEE_std": 3.460131589559236e-05,
        "weightEI": 1.7182249178614848,
        "weightEI_std": 0.01312013369605632,
        "weightIE": 0.5092313326967299,
        "weightIE_std": 0.3249309229201124,
        "weightII": 0.27266494063147534,
        "weightII_std": 0.22332193301386644
    }
}