{
    "rate_fitness": 9.848326943461567,
    "BurstVal_fitness": 1000.0,
    "IBI_fitness": 1000,
    "baselineFitness": 2.0425831805883727,
    "slopeFitness": 1.0275974991133645,
    "baseline_diff_fitness": 1000,
    "burst_peak_frequency": 70.10541234668791,
    "fitness": 440.4319885671216,
    "average_scaled_fitness": 439.8563863906323,
    "maxFitness": 1000
}