{
    "simConfig": {
        "E_L_mean": 18.8,
        "E_L_stdev": 0.012022192178690924,
        "E_Ra_mean": 128.0,
        "E_Ra_stdev": 14.207337513304914,
        "E_diam_mean": 18.8,
        "E_diam_stdev": 4.515266233867111,
        "I_L_mean": 9.0,
        "I_L_stdev": 0.24153335339970772,
        "I_Ra_mean": 110.0,
        "I_Ra_stdev": 35.20823582739396,
        "I_diam_mean": 10.0,
        "I_diam_stdev": 0.624015468400644,
        "addSynMechs": true,
        "allowConnsWithWeight0": true,
        "allowSelfConns": false,
        "analysis": {},
        "backupCfgFile": [],
        "cache_efficient": true,
        "checkErrors": false,
        "compactConnFormat": false,
        "connRandomSecFromList": true,
        "coreneuron": false,
        "createNEURONObj": true,
        "createPyStruct": true,
        "cvode_active": false,
        "cvode_atol": 0.001,
        "distributeSynsUniformly": true,
        "dt": 0.025,
        "dump_coreneuron_model": false,
        "duration": 1000.0,
        "duration_seconds": 330.0,
        "filename": "model_output",
        "gatherOnlySimData": false,
        "gkbar_E": 5.9211584131127595e-05,
        "gkbar_E_std": 0.2297293349618389,
        "gkbar_I": 9.183984720649823,
        "gkbar_I_std": 2.3296486864081953,
        "gnabar_E": 6.999084468390029,
        "gnabar_E_std": 1.0299211191839055,
        "gnabar_I": 1.3211748143201083,
        "gnabar_I_std": 0.17013145577480082,
        "gpu": false,
        "hParams": {
            "celsius": 6.3,
            "clamp_resist": 0.001,
            "v_init": -65.0
        },
        "includeParamsLabel": true,
        "invertedYCoord": true,
        "networkType": "22May24",
        "oneSynPerNetcon": true,
        "printPopAvgRates": [
            100,
            1000.0
        ],
        "printRunTime": false,
        "printSynsAfterRule": false,
        "probEE": 0.7127279871699423,
        "probEE_std": 0.01301894009741733,
        "probEI": 0.6034422301209955,
        "probEI_std": 0.3498849439900383,
        "probIE": 0.7383933495950561,
        "probIE_std": 0.49361702181380757,
        "probII": 0.14169680599691398,
        "probII_std": 0.052640126445448965,
        "probLengthConst": 524.5341643573333,
        "propVelocity": 1.0,
        "pt3dRelativeToCellLocation": true,
        "rand123GlobalIndex": null,
        "random123": false,
        "recordCells": [
            [
                "E",
                [
                    68,
                    13
                ]
            ],
            [
                "I",
                [
                    4,
                    5
                ]
            ]
        ],
        "recordCellsSpikes": -1,
        "recordDipole": false,
        "recordDipolesHNN": false,
        "recordLFP": [],
        "recordStep": 0.1,
        "recordStim": false,
        "recordTime": true,
        "recordTraces": {
            "soma_voltage": {
                "loc": 0.5,
                "sec": "soma",
                "var": "v"
            }
        },
        "saveCSV": false,
        "saveCellConns": true,
        "saveCellSecs": true,
        "saveDat": false,
        "saveDataInclude": [
            "simData",
            "simConfig",
            "netParams",
            "net"
        ],
        "saveDipoleCells": false,
        "saveDipolePops": false,
        "saveDpk": false,
        "saveFolder": "/pscratch/sd/a/adammwea/2DNetworkSimulations/NERSC/output/240604_Run1_24n24hr/gen_5",
        "saveHDF5": false,
        "saveJson": true,
        "saveLFPCells": false,
        "saveLFPPops": false,
        "saveMat": false,
        "savePickle": false,
        "saveTiming": false,
        "seeds": {
            "cell": 1,
            "conn": 1,
            "loc": 1,
            "stim": 1
        },
        "simLabel": "gen_5_cand_481",
        "tau1_exc": 4.825332870644164,
        "tau1_exc_std": 2.2875836284341458,
        "tau1_inh": 6.833834372664279,
        "tau1_inh_std": 1.8616276802020923,
        "tau2_exc": 3.8665765402080723,
        "tau2_exc_std": 6.784723380936652,
        "tau2_inh": 0.1434303620749491,
        "tau2_inh_std": 0.09127662045726836,
        "timestampFilename": false,
        "timing": true,
        "tstop": 1000.0,
        "use_fast_imem": false,
        "validateNetParams": false,
        "verbose": false,
        "weightEE": 1.999711369716437,
        "weightEE_std": 0.06033137905188841,
        "weightEI": 1.9979428045307266,
        "weightEI_std": 0.013694892646793744,
        "weightIE": 0.6499319309323248,
        "weightIE_std": 0.32981925989859406,
        "weightII": 0.004685258430111479,
        "weightII_std": 0.13126556358162267
    }
}