{
    "simConfig": {
        "E_L_mean": 18.8,
        "E_L_stdev": 2.731621022733892,
        "E_Ra_mean": 128.0,
        "E_Ra_stdev": 36.76863417180598,
        "E_diam_mean": 18.8,
        "E_diam_stdev": 0.016142938529167206,
        "I_L_mean": 9.0,
        "I_L_stdev": 2.0998830266023027,
        "I_Ra_mean": 110.0,
        "I_Ra_stdev": 24.51722788472039,
        "I_diam_mean": 10.0,
        "I_diam_stdev": 2.7566722901886753,
        "addSynMechs": true,
        "allowConnsWithWeight0": true,
        "allowSelfConns": false,
        "analysis": {},
        "backupCfgFile": [],
        "cache_efficient": true,
        "checkErrors": false,
        "compactConnFormat": false,
        "connRandomSecFromList": true,
        "coreneuron": false,
        "createNEURONObj": true,
        "createPyStruct": true,
        "cvode_active": false,
        "cvode_atol": 0.001,
        "distributeSynsUniformly": true,
        "dt": 0.025,
        "dump_coreneuron_model": false,
        "duration": 1000.0,
        "duration_seconds": 330.0,
        "filename": "model_output",
        "gatherOnlySimData": false,
        "gkbar_E": 0.2749365028913451,
        "gkbar_E_std": 0.012664141261535172,
        "gkbar_I": 8.974380956257669,
        "gkbar_I_std": 2.4743815715031676,
        "gnabar_E": 5.3711257259851,
        "gnabar_E_std": 1.3891831378052724,
        "gnabar_I": 0.16909450914326507,
        "gnabar_I_std": 0.42250945216222136,
        "gpu": false,
        "hParams": {
            "celsius": 6.3,
            "clamp_resist": 0.001,
            "v_init": -65.0
        },
        "includeParamsLabel": true,
        "invertedYCoord": true,
        "networkType": "22May24",
        "oneSynPerNetcon": true,
        "printPopAvgRates": [
            100,
            1000.0
        ],
        "printRunTime": false,
        "printSynsAfterRule": false,
        "probEE": 0.6926832844045511,
        "probEE_std": 0.48740307332059907,
        "probEI": 0.2992148612270936,
        "probEI_std": 0.3436835003690493,
        "probIE": 0.48786452314982454,
        "probIE_std": 0.36163142135286513,
        "probII": 0.647808006029091,
        "probII_std": 0.22196716429439795,
        "probLengthConst": 1712.8073206790643,
        "propVelocity": 1.0,
        "pt3dRelativeToCellLocation": true,
        "rand123GlobalIndex": null,
        "random123": false,
        "recordCells": [
            [
                "E",
                [
                    68,
                    13
                ]
            ],
            [
                "I",
                [
                    4,
                    5
                ]
            ]
        ],
        "recordCellsSpikes": -1,
        "recordDipole": false,
        "recordDipolesHNN": false,
        "recordLFP": [],
        "recordStep": 0.1,
        "recordStim": false,
        "recordTime": true,
        "recordTraces": {
            "soma_voltage": {
                "loc": 0.5,
                "sec": "soma",
                "var": "v"
            }
        },
        "saveCSV": false,
        "saveCellConns": true,
        "saveCellSecs": true,
        "saveDat": false,
        "saveDataInclude": [
            "simData",
            "simConfig",
            "netParams",
            "net"
        ],
        "saveDipoleCells": false,
        "saveDipolePops": false,
        "saveDpk": false,
        "saveFolder": "/pscratch/sd/a/adammwea/2DNetworkSimulations/NERSC/output/240604_Run1_24n24hr/gen_5",
        "saveHDF5": false,
        "saveJson": true,
        "saveLFPCells": false,
        "saveLFPPops": false,
        "saveMat": false,
        "savePickle": false,
        "saveTiming": false,
        "seeds": {
            "cell": 1,
            "conn": 1,
            "loc": 1,
            "stim": 1
        },
        "simLabel": "gen_5_cand_132",
        "tau1_exc": 7.424030483718456,
        "tau1_exc_std": 0.34357336944408345,
        "tau1_inh": 0.7838298234043721,
        "tau1_inh_std": 2.8200895674696524,
        "tau2_exc": 16.762500627904018,
        "tau2_exc_std": 0.7225918015385608,
        "tau2_inh": 8.703708999142028,
        "tau2_inh_std": 1.4531996413450141,
        "timestampFilename": false,
        "timing": true,
        "tstop": 1000.0,
        "use_fast_imem": false,
        "validateNetParams": false,
        "verbose": false,
        "weightEE": 0.21632471175872564,
        "weightEE_std": 0.036593522355845565,
        "weightEI": 1.9787569444145958,
        "weightEI_std": 0.15027113287844554,
        "weightIE": 0.7388089959267226,
        "weightIE_std": 0.33308944674516805,
        "weightII": 1.2297324978137625,
        "weightII_std": 0.15439274345337045
    }
}