{
    "simConfig": {
        "E_L_mean": 18.8,
        "E_L_stdev": 2.0464644611620546,
        "E_Ra_mean": 128.0,
        "E_Ra_stdev": 42.05021869036446,
        "E_diam_mean": 18.8,
        "E_diam_stdev": 6.158889981713581,
        "I_L_mean": 9.0,
        "I_L_stdev": 2.979392784966576,
        "I_Ra_mean": 110.0,
        "I_Ra_stdev": 0.20720802598848787,
        "I_diam_mean": 10.0,
        "I_diam_stdev": 0.4021307358332822,
        "addSynMechs": true,
        "allowConnsWithWeight0": true,
        "allowSelfConns": false,
        "analysis": {},
        "backupCfgFile": [],
        "cache_efficient": true,
        "checkErrors": false,
        "compactConnFormat": false,
        "connRandomSecFromList": true,
        "coreneuron": false,
        "createNEURONObj": true,
        "createPyStruct": true,
        "cvode_active": false,
        "cvode_atol": 0.001,
        "distributeSynsUniformly": true,
        "dt": 0.025,
        "dump_coreneuron_model": false,
        "duration": 1000.0,
        "duration_seconds": 330.0,
        "filename": "model_output",
        "gatherOnlySimData": false,
        "gkbar_E": 0.4021760002988928,
        "gkbar_E_std": 0.031170622203742532,
        "gkbar_I": 9.892415038550562,
        "gkbar_I_std": 0.35772171338437486,
        "gnabar_E": 6.957679031113175,
        "gnabar_E_std": 1.5055372557919127,
        "gnabar_I": 0.011260265804556635,
        "gnabar_I_std": 0.8431449373160843,
        "gpu": false,
        "hParams": {
            "celsius": 6.3,
            "clamp_resist": 0.001,
            "v_init": -65.0
        },
        "includeParamsLabel": true,
        "invertedYCoord": true,
        "networkType": "22May24",
        "oneSynPerNetcon": true,
        "printPopAvgRates": [
            100,
            1000.0
        ],
        "printRunTime": false,
        "printSynsAfterRule": false,
        "probEE": 0.6378446878812537,
        "probEE_std": 0.44472203099061436,
        "probEI": 0.6508035843106628,
        "probEI_std": 0.1490064162581283,
        "probIE": 0.7408091219334262,
        "probIE_std": 0.49997178453110946,
        "probII": 0.7445383976231037,
        "probII_std": 0.12655046423680896,
        "probLengthConst": 304.9142151050907,
        "propVelocity": 1.0,
        "pt3dRelativeToCellLocation": true,
        "rand123GlobalIndex": null,
        "random123": false,
        "recordCells": [
            [
                "E",
                [
                    68,
                    13
                ]
            ],
            [
                "I",
                [
                    4,
                    5
                ]
            ]
        ],
        "recordCellsSpikes": -1,
        "recordDipole": false,
        "recordDipolesHNN": false,
        "recordLFP": [],
        "recordStep": 0.1,
        "recordStim": false,
        "recordTime": true,
        "recordTraces": {
            "soma_voltage": {
                "loc": 0.5,
                "sec": "soma",
                "var": "v"
            }
        },
        "saveCSV": false,
        "saveCellConns": true,
        "saveCellSecs": true,
        "saveDat": false,
        "saveDataInclude": [
            "simData",
            "simConfig",
            "netParams",
            "net"
        ],
        "saveDipoleCells": false,
        "saveDipolePops": false,
        "saveDpk": false,
        "saveFolder": "/pscratch/sd/a/adammwea/2DNetworkSimulations/NERSC/output/240604_Run1_24n24hr/gen_5",
        "saveHDF5": false,
        "saveJson": true,
        "saveLFPCells": false,
        "saveLFPPops": false,
        "saveMat": false,
        "savePickle": false,
        "saveTiming": false,
        "seeds": {
            "cell": 1,
            "conn": 1,
            "loc": 1,
            "stim": 1
        },
        "simLabel": "gen_5_cand_295",
        "tau1_exc": 7.28333866211737,
        "tau1_exc_std": 0.5904081107790404,
        "tau1_inh": 0.9216772139061504,
        "tau1_inh_std": 0.1762958397702691,
        "tau2_exc": 27.111844571303646,
        "tau2_exc_std": 9.987096274328028,
        "tau2_inh": 13.683573018653927,
        "tau2_inh_std": 1.004416972347704,
        "timestampFilename": false,
        "timing": true,
        "tstop": 1000.0,
        "use_fast_imem": false,
        "validateNetParams": false,
        "verbose": false,
        "weightEE": 1.770234953302035,
        "weightEE_std": 0.42464561735025486,
        "weightEI": 0.02948352306391608,
        "weightEI_std": 0.32400510531609505,
        "weightIE": 0.03380000527857023,
        "weightIE_std": 0.19984874229859095,
        "weightII": 1.2956827248082985,
        "weightII_std": 0.2005574230836579
    }
}