{
    "simConfig": {
        "E_L_mean": 18.8,
        "E_L_stdev": 0.06376049262637848,
        "E_Ra_mean": 128.0,
        "E_Ra_stdev": 7.321470518245384,
        "E_diam_mean": 18.8,
        "E_diam_stdev": 0.01966754446161979,
        "I_L_mean": 9.0,
        "I_L_stdev": 0.9301290526022294,
        "I_Ra_mean": 110.0,
        "I_Ra_stdev": 53.640895984081695,
        "I_diam_mean": 10.0,
        "I_diam_stdev": 0.3351968177493423,
        "addSynMechs": true,
        "allowConnsWithWeight0": true,
        "allowSelfConns": false,
        "analysis": {},
        "backupCfgFile": [],
        "cache_efficient": true,
        "checkErrors": false,
        "compactConnFormat": false,
        "connRandomSecFromList": true,
        "coreneuron": false,
        "createNEURONObj": true,
        "createPyStruct": true,
        "cvode_active": false,
        "cvode_atol": 0.001,
        "distributeSynsUniformly": true,
        "dt": 0.025,
        "dump_coreneuron_model": false,
        "duration": 1000.0,
        "duration_seconds": 330.0,
        "filename": "model_output",
        "gatherOnlySimData": false,
        "gkbar_E": 0.5087739847986985,
        "gkbar_E_std": 0.015089341109042559,
        "gkbar_I": 9.965721718297297,
        "gkbar_I_std": 1.3767114663841151,
        "gnabar_E": 1.3843121928732067,
        "gnabar_E_std": 0.06398691019887504,
        "gnabar_I": 1.7327720492637129,
        "gnabar_I_std": 0.24706283025476647,
        "gpu": false,
        "hParams": {
            "celsius": 6.3,
            "clamp_resist": 0.001,
            "v_init": -65.0
        },
        "includeParamsLabel": true,
        "invertedYCoord": true,
        "networkType": "22May24",
        "oneSynPerNetcon": true,
        "printPopAvgRates": [
            100,
            1000.0
        ],
        "printRunTime": false,
        "printSynsAfterRule": false,
        "probEE": 0.06316453859984408,
        "probEE_std": 0.004863600383570921,
        "probEI": 0.633930333908131,
        "probEI_std": 0.339667570061655,
        "probIE": 0.6189429753776221,
        "probIE_std": 0.4030256648559187,
        "probII": 0.38905636755853634,
        "probII_std": 0.478380545636901,
        "probLengthConst": 101.87135641750524,
        "propVelocity": 1.0,
        "pt3dRelativeToCellLocation": true,
        "rand123GlobalIndex": null,
        "random123": false,
        "recordCells": [
            [
                "E",
                [
                    68,
                    13
                ]
            ],
            [
                "I",
                [
                    4,
                    5
                ]
            ]
        ],
        "recordCellsSpikes": -1,
        "recordDipole": false,
        "recordDipolesHNN": false,
        "recordLFP": [],
        "recordStep": 0.1,
        "recordStim": false,
        "recordTime": true,
        "recordTraces": {
            "soma_voltage": {
                "loc": 0.5,
                "sec": "soma",
                "var": "v"
            }
        },
        "saveCSV": false,
        "saveCellConns": true,
        "saveCellSecs": true,
        "saveDat": false,
        "saveDataInclude": [
            "simData",
            "simConfig",
            "netParams",
            "net"
        ],
        "saveDipoleCells": false,
        "saveDipolePops": false,
        "saveDpk": false,
        "saveFolder": "/pscratch/sd/a/adammwea/2DNetworkSimulations/NERSC/output/240604_Run1_24n24hr/gen_5",
        "saveHDF5": false,
        "saveJson": true,
        "saveLFPCells": false,
        "saveLFPPops": false,
        "saveMat": false,
        "savePickle": false,
        "saveTiming": false,
        "seeds": {
            "cell": 1,
            "conn": 1,
            "loc": 1,
            "stim": 1
        },
        "simLabel": "gen_5_cand_274",
        "tau1_exc": 1.9554056360263756,
        "tau1_exc_std": 1.5271940979616296,
        "tau1_inh": 9.885420813232978,
        "tau1_inh_std": 0.6868947161545682,
        "tau2_exc": 0.20356733170839014,
        "tau2_exc_std": 1.5720955459687445,
        "tau2_inh": 14.480175888304165,
        "tau2_inh_std": 8.347911889383258,
        "timestampFilename": false,
        "timing": true,
        "tstop": 1000.0,
        "use_fast_imem": false,
        "validateNetParams": false,
        "verbose": false,
        "weightEE": 1.1753090570112317,
        "weightEE_std": 0.39765502506834943,
        "weightEI": 0.9008237165567972,
        "weightEI_std": 0.08385911758194207,
        "weightIE": 0.09344620660413916,
        "weightIE_std": 0.04313350094037539,
        "weightII": 0.42337582318112416,
        "weightII_std": 0.0005546324507877895
    }
}