{
    "burstAmp_Fitness": {
        "Value": 1.9723776132388195,
        "Fit": 1000.0
    },
    "burst_peak_frequency_fitness": {
        "Value": 0.20833333333333334,
        "Fit": 1000
    },
    "IBI_fitness": {
        "Value": null,
        "Fit": 1000
    },
    "baseline_fitness": {
        "Value": 20.450413912178742,
        "Fit": 1000
    },
    "slopeFitness": {
        "Value": 0.006522871872883662,
        "Fit": 1.0131312107163737
    },
    "thresh": {
        "Value": 18.763728143017662,
        "Fit": 1000
    },
    "sustain_oscillation_fitness": {
        "Value": 75.0,
        "Fit": 1000
    },
    "rate_fitness": {
        "Value": 23.367724867724867,
        "Fit": 502.0770048780898
    },
    "maxFitness": 1000,
    "average_fitness": 812.8862670111008,
    "average_scaled_fitness": 812.6965039934203
}