{
    "BigBurstVal_Fitness": {
        "Value": 22593.75925331697,
        "Fit": 1000.0
    },
    "numBig_Fitness": {
        "Value": 6,
        "Percent": 100.0,
        "Fit": 1000
    },
    "SmallBurstVal_Fitness": {
        "Value": null,
        "Fit": 1000
    },
    "numSmall_Fitness": {
        "Value": 0,
        "Percent": 0.0,
        "Fit": 1000
    },
    "burst_peak_frequency_fitness": {
        "Value": 0.45454545454545453,
        "Fit": 1.402395461219584
    },
    "IBI_fitness": {
        "Value": 2.5,
        "Fit": 1.0005683697990686
    },
    "baseline_fitness": {
        "Value": 20649.689489249206,
        "Fit": 1000
    },
    "slopeFitness": {
        "Value": -20.53722149149881,
        "Fit": 1000
    },
    "thresh": {
        "Value": 20476.965014019035,
        "Fit": 1000
    },
    "sustain_oscillation_fitness": {
        "Value": 86.09271523178808,
        "Fit": 122.77054075127252
    },
    "E_rate_fitness": {
        "Value": 98.37301587301587,
        "Fit": 1000
    },
    "I_rate_fitness": {
        "Value": 0.7962962962962963,
        "Fit": 1000
    },
    "maxFitness": 1000,
    "average_fitness": 760.4311253818574,
    "average_scaled_fitness": 0.7601911802620288
}