{
    "simConfig": {
        "E_L_mean": 18.8,
        "E_L_stdev": 0.7305483933093883,
        "E_Ra_mean": 128.0,
        "E_Ra_stdev": 6.124409136701364,
        "E_diam_mean": 18.8,
        "E_diam_stdev": 2.6266623109969474,
        "I_L_mean": 9.0,
        "I_L_stdev": 2.557377903980368,
        "I_Ra_mean": 110.0,
        "I_Ra_stdev": 19.33320469787871,
        "I_diam_mean": 10.0,
        "I_diam_stdev": 0.22219934301412522,
        "addSynMechs": true,
        "allowConnsWithWeight0": true,
        "allowSelfConns": false,
        "analysis": {},
        "backupCfgFile": [],
        "cache_efficient": true,
        "checkErrors": false,
        "compactConnFormat": false,
        "connRandomSecFromList": true,
        "coreneuron": false,
        "createNEURONObj": true,
        "createPyStruct": true,
        "cvode_active": false,
        "cvode_atol": 0.001,
        "distributeSynsUniformly": true,
        "dt": 0.025,
        "dump_coreneuron_model": false,
        "duration": 1000.0,
        "duration_seconds": 60.0,
        "filename": "model_output",
        "gatherOnlySimData": false,
        "gkbar_E": 0.32317457079166567,
        "gkbar_E_std": 0.1372866232930524,
        "gkbar_I": 6.102802101478988,
        "gkbar_I_std": 1.9246745862862444,
        "gnabar_E": 2.717980772995853,
        "gnabar_E_std": 0.5608523984552651,
        "gnabar_I": 1.719131964391263,
        "gnabar_I_std": 0.15276086366303832,
        "gpu": false,
        "hParams": {
            "celsius": 6.3,
            "clamp_resist": 0.001,
            "v_init": -65.0
        },
        "includeParamsLabel": true,
        "invertedYCoord": true,
        "networkType": "22May24",
        "oneSynPerNetcon": true,
        "printPopAvgRates": [
            100,
            1000.0
        ],
        "printRunTime": false,
        "printSynsAfterRule": false,
        "probEE": 0.756862956734645,
        "probEE_std": 0.15837796713641986,
        "probEI": 0.5750707326285348,
        "probEI_std": 0.0613997886992826,
        "probIE": 0.9297245536808694,
        "probIE_std": 0.2122389817594286,
        "probII": 0.6845421074145014,
        "probII_std": 0.30986197994939746,
        "probLengthConst": 2926.2485335849033,
        "propVelocity": 1.0,
        "pt3dRelativeToCellLocation": true,
        "rand123GlobalIndex": null,
        "random123": false,
        "recordCells": [
            [
                "E",
                [
                    16,
                    79
                ]
            ],
            [
                "I",
                [
                    28,
                    1
                ]
            ]
        ],
        "recordCellsSpikes": -1,
        "recordDipole": false,
        "recordDipolesHNN": false,
        "recordLFP": [],
        "recordStep": 0.1,
        "recordStim": false,
        "recordTime": true,
        "recordTraces": {
            "soma_voltage": {
                "loc": 0.5,
                "sec": "soma",
                "var": "v"
            }
        },
        "saveCSV": false,
        "saveCellConns": true,
        "saveCellSecs": true,
        "saveDat": false,
        "saveDataInclude": [
            "simData",
            "simConfig",
            "netParams",
            "net"
        ],
        "saveDipoleCells": false,
        "saveDipolePops": false,
        "saveDpk": false,
        "saveFolder": "/pscratch/sd/a/adammwea/2DNetworkSimulations/NERSC/output/240527_Run3_this_should_work/gen_0",
        "saveHDF5": false,
        "saveJson": true,
        "saveLFPCells": false,
        "saveLFPPops": false,
        "saveMat": false,
        "savePickle": false,
        "saveTiming": false,
        "seeds": {
            "cell": 1,
            "conn": 1,
            "loc": 1,
            "stim": 1
        },
        "simLabel": "gen_0_cand_25",
        "tau1_exc": 0.7385844133632247,
        "tau1_exc_std": 0.6250937213424705,
        "tau1_inh": 7.4909880048864865,
        "tau1_inh_std": 1.993681017537515,
        "tau2_exc": 0.23009888962748581,
        "tau2_exc_std": 2.1786951258677667,
        "tau2_inh": 18.760506355544685,
        "tau2_inh_std": 5.831533400089638,
        "timestampFilename": false,
        "timing": true,
        "tstop": 1000.0,
        "use_fast_imem": false,
        "validateNetParams": false,
        "verbose": false,
        "weightEE": 0.8842060031844401,
        "weightEE_std": 0.12805822518259702,
        "weightEI": 0.14689821020835092,
        "weightEI_std": 0.018090370468998824,
        "weightIE": 0.012253197701730612,
        "weightIE_std": 0.31209544878628076,
        "weightII": 0.16596902651445328,
        "weightII_std": 0.053665678096175395
    }
}