{
    "burstAmp_Fitness": 1000.0,
    "burst_peak_frequency_fitness": 8.987225640591554,
    "IBI_fitness": 2.2162605320971176,
    "baselineFitness": 2.5034588389675516,
    "slopeFitness": 1.0011045336159952,
    "baseline_diff_fitness": 1000,
    "rate_fitness": 1000.0,
    "maxFitness": 1000,
    "average_fitness": 430.6725785064674,
    "average_scaled_fitness": 430.1020510861113
}