{
    "simConfig": {
        "E_L_mean": 18.8,
        "E_L_stdev": 0.3692140494226521,
        "E_Ra_mean": 128.0,
        "E_Ra_stdev": 50.39986083199052,
        "E_diam_mean": 18.8,
        "E_diam_stdev": 5.102073111029236,
        "I_L_mean": 9.0,
        "I_L_stdev": 1.8088343742636903,
        "I_Ra_mean": 110.0,
        "I_Ra_stdev": 38.074142190181426,
        "I_diam_mean": 10.0,
        "I_diam_stdev": 1.5254874109500132,
        "addSynMechs": true,
        "allowConnsWithWeight0": true,
        "allowSelfConns": false,
        "analysis": {},
        "backupCfgFile": [],
        "cache_efficient": true,
        "checkErrors": false,
        "compactConnFormat": false,
        "connRandomSecFromList": true,
        "coreneuron": false,
        "createNEURONObj": true,
        "createPyStruct": true,
        "cvode_active": false,
        "cvode_atol": 0.001,
        "distributeSynsUniformly": true,
        "dt": 0.025,
        "dump_coreneuron_model": false,
        "duration": 1000.0,
        "duration_seconds": 90.0,
        "filename": "model_output",
        "gatherOnlySimData": false,
        "gkbar_E": 0.5651592250011381,
        "gkbar_E_std": 0.4999277316135384,
        "gkbar_I": 9.147406626066163,
        "gkbar_I_std": 0.8502528390921533,
        "gnabar_E": 5.208955049652737,
        "gnabar_E_std": 1.6335756269621535,
        "gnabar_I": 3.778599251718597,
        "gnabar_I_std": 0.028138108890552405,
        "gpu": false,
        "hParams": {
            "celsius": 6.3,
            "clamp_resist": 0.001,
            "v_init": -65.0
        },
        "includeParamsLabel": true,
        "invertedYCoord": true,
        "networkType": "22May24",
        "oneSynPerNetcon": true,
        "printPopAvgRates": [
            100,
            1000.0
        ],
        "printRunTime": false,
        "printSynsAfterRule": false,
        "probEE": 0.20800831324093905,
        "probEE_std": 0.06665172955594159,
        "probEI": 0.27327439026516426,
        "probEI_std": 0.21932850740410859,
        "probIE": 0.19333436967606316,
        "probIE_std": 0.43490690557723244,
        "probII": 0.7285376461577836,
        "probII_std": 0.3610941849156609,
        "probLengthConst": 285.65648085572445,
        "propVelocity": 1.0,
        "pt3dRelativeToCellLocation": true,
        "rand123GlobalIndex": null,
        "random123": false,
        "recordCells": [
            [
                "E",
                [
                    74,
                    47
                ]
            ],
            [
                "I",
                [
                    38,
                    3
                ]
            ]
        ],
        "recordCellsSpikes": -1,
        "recordDipole": false,
        "recordDipolesHNN": false,
        "recordLFP": [],
        "recordStep": 0.1,
        "recordStim": false,
        "recordTime": true,
        "recordTraces": {
            "soma_voltage": {
                "loc": 0.5,
                "sec": "soma",
                "var": "v"
            }
        },
        "saveCSV": false,
        "saveCellConns": true,
        "saveCellSecs": true,
        "saveDat": false,
        "saveDataInclude": [
            "simData",
            "simConfig",
            "netParams",
            "net"
        ],
        "saveDipoleCells": false,
        "saveDipolePops": false,
        "saveDpk": false,
        "saveFolder": "/pscratch/sd/a/adammwea/2DNetworkSimulations/NERSC/output/240528_Run1_this_does_work/gen_7",
        "saveHDF5": false,
        "saveJson": true,
        "saveLFPCells": false,
        "saveLFPPops": false,
        "saveMat": false,
        "savePickle": false,
        "saveTiming": false,
        "seeds": {
            "cell": 1,
            "conn": 1,
            "loc": 1,
            "stim": 1
        },
        "simLabel": "gen_7_cand_1",
        "tau1_exc": 6.606292318148297,
        "tau1_exc_std": 1.7334964518036953,
        "tau1_inh": 5.81868033523567,
        "tau1_inh_std": 1.6837461690864692,
        "tau2_exc": 18.571918678286373,
        "tau2_exc_std": 3.344916938033607,
        "tau2_inh": 16.524291697698267,
        "tau2_inh_std": 2.575360415154257,
        "timestampFilename": false,
        "timing": true,
        "tstop": 1000.0,
        "use_fast_imem": false,
        "validateNetParams": false,
        "verbose": false,
        "weightEE": 0.0004620763303855483,
        "weightEE_std": 0.020201219865731174,
        "weightEI": 0.051449789768601484,
        "weightEI_std": 0.014769462475073505,
        "weightIE": 0.02033955271478141,
        "weightIE_std": 0.27194722363543866,
        "weightII": 1.1489697971008872,
        "weightII_std": 0.1265869587587207
    }
}