{
    "simConfig": {
        "E_L_mean": 18.8,
        "E_L_stdev": 7.8164204785448215,
        "E_Ra_mean": 128.0,
        "E_Ra_stdev": 11.492068641501014,
        "E_diam_mean": 18.8,
        "E_diam_stdev": 5.55644502115368,
        "I_L_mean": 9.0,
        "I_L_stdev": 2.4738398199174316,
        "I_Ra_mean": 110.0,
        "I_Ra_stdev": 52.67702703717114,
        "I_diam_mean": 10.0,
        "I_diam_stdev": 1.2752178254795234,
        "addSynMechs": true,
        "allowConnsWithWeight0": true,
        "allowSelfConns": false,
        "analysis": {},
        "backupCfgFile": [],
        "cache_efficient": true,
        "checkErrors": false,
        "compactConnFormat": false,
        "connRandomSecFromList": true,
        "coreneuron": false,
        "createNEURONObj": true,
        "createPyStruct": true,
        "cvode_active": false,
        "cvode_atol": 0.001,
        "distributeSynsUniformly": true,
        "dt": 0.025,
        "dump_coreneuron_model": false,
        "duration": 1000.0,
        "duration_seconds": 90.0,
        "filename": "model_output",
        "gatherOnlySimData": false,
        "gkbar_E": 0.25024905460979147,
        "gkbar_E_std": 0.09264494381240225,
        "gkbar_I": 3.336491030238471,
        "gkbar_I_std": 0.0026910683527611046,
        "gnabar_E": 6.997437439491384,
        "gnabar_E_std": 0.17597291480319632,
        "gnabar_I": 3.605285833001758,
        "gnabar_I_std": 0.8743759162270646,
        "gpu": false,
        "hParams": {
            "celsius": 6.3,
            "clamp_resist": 0.001,
            "v_init": -65.0
        },
        "includeParamsLabel": true,
        "invertedYCoord": true,
        "networkType": "22May24",
        "oneSynPerNetcon": true,
        "printPopAvgRates": [
            100,
            1000.0
        ],
        "printRunTime": false,
        "printSynsAfterRule": false,
        "probEE": 0.7449029819279114,
        "probEE_std": 0.2789518588899071,
        "probEI": 0.8459281592672491,
        "probEI_std": 0.004582476986446831,
        "probIE": 0.4462019732618688,
        "probIE_std": 0.1230343689155016,
        "probII": 0.0030442705977075457,
        "probII_std": 0.40293474610966756,
        "probLengthConst": 2590.9425989026304,
        "propVelocity": 1.0,
        "pt3dRelativeToCellLocation": true,
        "rand123GlobalIndex": null,
        "random123": false,
        "recordCells": [
            [
                "E",
                [
                    74,
                    47
                ]
            ],
            [
                "I",
                [
                    38,
                    3
                ]
            ]
        ],
        "recordCellsSpikes": -1,
        "recordDipole": false,
        "recordDipolesHNN": false,
        "recordLFP": [],
        "recordStep": 0.1,
        "recordStim": false,
        "recordTime": true,
        "recordTraces": {
            "soma_voltage": {
                "loc": 0.5,
                "sec": "soma",
                "var": "v"
            }
        },
        "saveCSV": false,
        "saveCellConns": true,
        "saveCellSecs": true,
        "saveDat": false,
        "saveDataInclude": [
            "simData",
            "simConfig",
            "netParams",
            "net"
        ],
        "saveDipoleCells": false,
        "saveDipolePops": false,
        "saveDpk": false,
        "saveFolder": "/pscratch/sd/a/adammwea/2DNetworkSimulations/NERSC/output/240528_Run1_this_does_work/gen_7",
        "saveHDF5": false,
        "saveJson": true,
        "saveLFPCells": false,
        "saveLFPPops": false,
        "saveMat": false,
        "savePickle": false,
        "saveTiming": false,
        "seeds": {
            "cell": 1,
            "conn": 1,
            "loc": 1,
            "stim": 1
        },
        "simLabel": "gen_7_cand_9",
        "tau1_exc": 3.9970742156950054,
        "tau1_exc_std": 0.8263459675755706,
        "tau1_inh": 1.184599935149948,
        "tau1_inh_std": 0.31664573154390774,
        "tau2_exc": 2.9325453700734023,
        "tau2_exc_std": 9.900882777555985,
        "tau2_inh": 17.811776536064045,
        "tau2_inh_std": 5.242543379185899,
        "timestampFilename": false,
        "timing": true,
        "tstop": 1000.0,
        "use_fast_imem": false,
        "validateNetParams": false,
        "verbose": false,
        "weightEE": 1.2843849641782468,
        "weightEE_std": 0.10230214834687687,
        "weightEI": 1.9412362255353697,
        "weightEI_std": 0.009973353096788973,
        "weightIE": 0.8176966283312691,
        "weightIE_std": 0.2980654157458454,
        "weightII": 1.3477734492406648,
        "weightII_std": 0.08087212876055291
    }
}