{"rate_fitness": 1000.0, "BurstVal_fitness": 3.9061292803284733, "IBI_fitness": 1000, "baselineFitness": 1.4271868174947377, "slopeFitness": 1.0997310385273595, "baseline_diff_fitness": 1000, "burst_peak_frequency": 1000, "fitness": 572.3475781623358, "average_scaled_fitness": 571.8767577445125, "maxFitness": 1000}