{
    "simConfig": {
        "E_L_mean": 18.8,
        "E_L_stdev": 6.262684433184161,
        "E_Ra_mean": 128.0,
        "E_Ra_stdev": 35.90669770767626,
        "E_diam_mean": 18.8,
        "E_diam_stdev": 5.936773913531468,
        "I_L_mean": 9.0,
        "I_L_stdev": 0.3696880585216854,
        "I_Ra_mean": 110.0,
        "I_Ra_stdev": 17.612084154442464,
        "I_diam_mean": 10.0,
        "I_diam_stdev": 3.205432429784124,
        "addSynMechs": true,
        "allowConnsWithWeight0": true,
        "allowSelfConns": false,
        "analysis": {},
        "backupCfgFile": [],
        "cache_efficient": true,
        "checkErrors": false,
        "compactConnFormat": false,
        "connRandomSecFromList": true,
        "coreneuron": false,
        "createNEURONObj": true,
        "createPyStruct": true,
        "cvode_active": false,
        "cvode_atol": 0.001,
        "distributeSynsUniformly": true,
        "dt": 0.025,
        "dump_coreneuron_model": false,
        "duration": 1000.0,
        "duration_seconds": 60.0,
        "filename": "model_output",
        "gatherOnlySimData": false,
        "gkbar_E": 0.238584899103719,
        "gkbar_E_std": 0.2974356209633841,
        "gkbar_I": 3.0812089111962093,
        "gkbar_I_std": 2.3180514833092225,
        "gnabar_E": 3.929050527961546,
        "gnabar_E_std": 1.1058357802319165,
        "gnabar_I": 2.369628355539166,
        "gnabar_I_std": 0.19568454609428357,
        "gpu": false,
        "hParams": {
            "celsius": 6.3,
            "clamp_resist": 0.001,
            "v_init": -65.0
        },
        "includeParamsLabel": true,
        "invertedYCoord": true,
        "networkType": "22May24",
        "oneSynPerNetcon": true,
        "printPopAvgRates": [
            100,
            1000.0
        ],
        "printRunTime": false,
        "printSynsAfterRule": false,
        "probEE": 0.03295854208316487,
        "probEE_std": 0.0006775131084447238,
        "probEI": 0.4526685418635287,
        "probEI_std": 0.10913267297842502,
        "probIE": 0.0007912839437061981,
        "probIE_std": 0.018999084980493776,
        "probII": 0.5190192895977026,
        "probII_std": 0.17564218948037924,
        "probLengthConst": 543.8379505280204,
        "propVelocity": 1.0,
        "pt3dRelativeToCellLocation": true,
        "rand123GlobalIndex": null,
        "random123": false,
        "recordCells": [
            [
                "E",
                [
                    16,
                    79
                ]
            ],
            [
                "I",
                [
                    28,
                    1
                ]
            ]
        ],
        "recordCellsSpikes": -1,
        "recordDipole": false,
        "recordDipolesHNN": false,
        "recordLFP": [],
        "recordStep": 0.1,
        "recordStim": false,
        "recordTime": true,
        "recordTraces": {
            "soma_voltage": {
                "loc": 0.5,
                "sec": "soma",
                "var": "v"
            }
        },
        "saveCSV": false,
        "saveCellConns": true,
        "saveCellSecs": true,
        "saveDat": false,
        "saveDataInclude": [
            "simData",
            "simConfig",
            "netParams",
            "net"
        ],
        "saveDipoleCells": false,
        "saveDipolePops": false,
        "saveDpk": false,
        "saveFolder": "/pscratch/sd/a/adammwea/2DNetworkSimulations/NERSC/output/240527_Run3_this_should_work/gen_13",
        "saveHDF5": false,
        "saveJson": true,
        "saveLFPCells": false,
        "saveLFPPops": false,
        "saveMat": false,
        "savePickle": false,
        "saveTiming": false,
        "seeds": {
            "cell": 1,
            "conn": 1,
            "loc": 1,
            "stim": 1
        },
        "simLabel": "gen_13_cand_32",
        "tau1_exc": 2.3135981480802146,
        "tau1_exc_std": 1.5967233357488153,
        "tau1_inh": 2.61943783934798,
        "tau1_inh_std": 1.332153837417759,
        "tau2_exc": 0.5352369425159165,
        "tau2_exc_std": 6.381263687449136,
        "tau2_inh": 16.587979698859666,
        "tau2_inh_std": 1.7614170589815656,
        "timestampFilename": false,
        "timing": true,
        "tstop": 1000.0,
        "use_fast_imem": false,
        "validateNetParams": false,
        "verbose": false,
        "weightEE": 0.9165816205213715,
        "weightEE_std": 0.16477922900281228,
        "weightEI": 0.05556228883197264,
        "weightEI_std": 0.0007336539186846005,
        "weightIE": 0.9487254580362172,
        "weightIE_std": 0.12970160128973107,
        "weightII": 0.1009768993543319,
        "weightII_std": 0.0002816865952830613
    }
}