{
    "simConfig": {
        "E_L_mean": 18.8,
        "E_L_stdev": 3.966032221099134,
        "E_Ra_mean": 128.0,
        "E_Ra_stdev": 11.92208918798789,
        "E_diam_mean": 18.8,
        "E_diam_stdev": 3.922638988194265,
        "I_L_mean": 9.0,
        "I_L_stdev": 0.24302194535061847,
        "I_Ra_mean": 110.0,
        "I_Ra_stdev": 30.71378533902271,
        "I_diam_mean": 10.0,
        "I_diam_stdev": 3.3150759926379996,
        "addSynMechs": true,
        "allowConnsWithWeight0": true,
        "allowSelfConns": false,
        "analysis": {},
        "backupCfgFile": [],
        "cache_efficient": true,
        "checkErrors": false,
        "compactConnFormat": false,
        "connRandomSecFromList": true,
        "coreneuron": false,
        "createNEURONObj": true,
        "createPyStruct": true,
        "cvode_active": false,
        "cvode_atol": 0.001,
        "distributeSynsUniformly": true,
        "dt": 0.025,
        "dump_coreneuron_model": false,
        "duration": 1000.0,
        "duration_seconds": 60.0,
        "filename": "model_output",
        "gatherOnlySimData": false,
        "gkbar_E": 0.002187858330878325,
        "gkbar_E_std": 0.0704763870146978,
        "gkbar_I": 7.48884827258851,
        "gkbar_I_std": 0.5651249363676846,
        "gnabar_E": 3.538083233166517,
        "gnabar_E_std": 0.3524603785061623,
        "gnabar_I": 2.8070478658967204,
        "gnabar_I_std": 0.9262311079866893,
        "gpu": false,
        "hParams": {
            "celsius": 6.3,
            "clamp_resist": 0.001,
            "v_init": -65.0
        },
        "includeParamsLabel": true,
        "invertedYCoord": true,
        "networkType": "22May24",
        "oneSynPerNetcon": true,
        "printPopAvgRates": [
            100,
            1000.0
        ],
        "printRunTime": false,
        "printSynsAfterRule": false,
        "probEE": 0.3528061606722872,
        "probEE_std": 0.05291700709378505,
        "probEI": 0.6262909575964293,
        "probEI_std": 0.24177969615405953,
        "probIE": 1.4756769859112746e-05,
        "probIE_std": 0.0015773927977805607,
        "probII": 0.0032813040750941103,
        "probII_std": 0.3214305603782919,
        "probLengthConst": 207.33961654911218,
        "propVelocity": 1.0,
        "pt3dRelativeToCellLocation": true,
        "rand123GlobalIndex": null,
        "random123": false,
        "recordCells": [
            [
                "E",
                [
                    16,
                    79
                ]
            ],
            [
                "I",
                [
                    28,
                    1
                ]
            ]
        ],
        "recordCellsSpikes": -1,
        "recordDipole": false,
        "recordDipolesHNN": false,
        "recordLFP": [],
        "recordStep": 0.1,
        "recordStim": false,
        "recordTime": true,
        "recordTraces": {
            "soma_voltage": {
                "loc": 0.5,
                "sec": "soma",
                "var": "v"
            }
        },
        "saveCSV": false,
        "saveCellConns": true,
        "saveCellSecs": true,
        "saveDat": false,
        "saveDataInclude": [
            "simData",
            "simConfig",
            "netParams",
            "net"
        ],
        "saveDipoleCells": false,
        "saveDipolePops": false,
        "saveDpk": false,
        "saveFolder": "/pscratch/sd/a/adammwea/2DNetworkSimulations/NERSC/output/240527_Run3_this_should_work/gen_13",
        "saveHDF5": false,
        "saveJson": true,
        "saveLFPCells": false,
        "saveLFPPops": false,
        "saveMat": false,
        "savePickle": false,
        "saveTiming": false,
        "seeds": {
            "cell": 1,
            "conn": 1,
            "loc": 1,
            "stim": 1
        },
        "simLabel": "gen_13_cand_50",
        "tau1_exc": 0.7688569063216941,
        "tau1_exc_std": 3.332193425045059,
        "tau1_inh": 7.605584496876844,
        "tau1_inh_std": 2.4100026661667986,
        "tau2_exc": 10.960818424621834,
        "tau2_exc_std": 3.3153199675069134,
        "tau2_inh": 18.909620933253514,
        "tau2_inh_std": 4.193946408294018,
        "timestampFilename": false,
        "timing": true,
        "tstop": 1000.0,
        "use_fast_imem": false,
        "validateNetParams": false,
        "verbose": false,
        "weightEE": 0.7993645042329214,
        "weightEE_std": 0.0017423198600607314,
        "weightEI": 0.05780599612620092,
        "weightEI_std": 0.24838464047783199,
        "weightIE": 0.9625723238640087,
        "weightIE_std": 0.062232929005024876,
        "weightII": 0.4932470866721536,
        "weightII_std": 5.7516105734501744e-05
    }
}