{
    "simConfig": {
        "E_L_mean": 18.8,
        "E_L_stdev": 0.222132855627857,
        "E_Ra_mean": 128.0,
        "E_Ra_stdev": 38.226143224915404,
        "E_diam_mean": 18.8,
        "E_diam_stdev": 3.8311541627825347,
        "I_L_mean": 9.0,
        "I_L_stdev": 0.3342205323546974,
        "I_Ra_mean": 110.0,
        "I_Ra_stdev": 26.983885203317737,
        "I_diam_mean": 10.0,
        "I_diam_stdev": 3.06910644842965,
        "addSynMechs": true,
        "allowConnsWithWeight0": true,
        "allowSelfConns": false,
        "analysis": {},
        "backupCfgFile": [],
        "cache_efficient": true,
        "checkErrors": false,
        "compactConnFormat": false,
        "connRandomSecFromList": true,
        "coreneuron": false,
        "createNEURONObj": true,
        "createPyStruct": true,
        "cvode_active": false,
        "cvode_atol": 0.001,
        "distributeSynsUniformly": true,
        "dt": 0.025,
        "dump_coreneuron_model": false,
        "duration": 1000.0,
        "duration_seconds": 60.0,
        "filename": "model_output",
        "gatherOnlySimData": false,
        "gkbar_E": 0.9527596014497385,
        "gkbar_E_std": 0.28672288700249177,
        "gkbar_I": 0.05201595516947238,
        "gkbar_I_std": 0.2411927051252781,
        "gnabar_E": 0.7775566699561522,
        "gnabar_E_std": 0.3250562859792135,
        "gnabar_I": 2.3492371904874285,
        "gnabar_I_std": 0.9857094264061043,
        "gpu": false,
        "hParams": {
            "celsius": 6.3,
            "clamp_resist": 0.001,
            "v_init": -65.0
        },
        "includeParamsLabel": true,
        "invertedYCoord": true,
        "networkType": "22May24",
        "oneSynPerNetcon": true,
        "printPopAvgRates": [
            100,
            1000.0
        ],
        "printRunTime": false,
        "printSynsAfterRule": false,
        "probEE": 0.14982031040262733,
        "probEE_std": 8.88024684165753e-06,
        "probEI": 0.4936854841248888,
        "probEI_std": 0.13748951502461815,
        "probIE": 0.019697692872662098,
        "probIE_std": 0.11309001632256846,
        "probII": 0.9205892897518885,
        "probII_std": 0.3283242884775013,
        "probLengthConst": 1081.113669885633,
        "propVelocity": 1.0,
        "pt3dRelativeToCellLocation": true,
        "rand123GlobalIndex": null,
        "random123": false,
        "recordCells": [
            [
                "E",
                [
                    16,
                    79
                ]
            ],
            [
                "I",
                [
                    28,
                    1
                ]
            ]
        ],
        "recordCellsSpikes": -1,
        "recordDipole": false,
        "recordDipolesHNN": false,
        "recordLFP": [],
        "recordStep": 0.1,
        "recordStim": false,
        "recordTime": true,
        "recordTraces": {
            "soma_voltage": {
                "loc": 0.5,
                "sec": "soma",
                "var": "v"
            }
        },
        "saveCSV": false,
        "saveCellConns": true,
        "saveCellSecs": true,
        "saveDat": false,
        "saveDataInclude": [
            "simData",
            "simConfig",
            "netParams",
            "net"
        ],
        "saveDipoleCells": false,
        "saveDipolePops": false,
        "saveDpk": false,
        "saveFolder": "/pscratch/sd/a/adammwea/2DNetworkSimulations/NERSC/output/240527_Run3_this_should_work/gen_13",
        "saveHDF5": false,
        "saveJson": true,
        "saveLFPCells": false,
        "saveLFPPops": false,
        "saveMat": false,
        "savePickle": false,
        "saveTiming": false,
        "seeds": {
            "cell": 1,
            "conn": 1,
            "loc": 1,
            "stim": 1
        },
        "simLabel": "gen_13_cand_60",
        "tau1_exc": 1.354739499557968,
        "tau1_exc_std": 3.3333234346983076,
        "tau1_inh": 0.245763421633594,
        "tau1_inh_std": 0.14587711717591478,
        "tau2_exc": 4.551648555910131,
        "tau2_exc_std": 3.3339007476910782,
        "tau2_inh": 10.643284677635098,
        "tau2_inh_std": 1.5153047488759377,
        "timestampFilename": false,
        "timing": true,
        "tstop": 1000.0,
        "use_fast_imem": false,
        "validateNetParams": false,
        "verbose": false,
        "weightEE": 0.8412124479049627,
        "weightEE_std": 0.01676210929511844,
        "weightEI": 0.7285749544392034,
        "weightEI_std": 0.17254333718210782,
        "weightIE": 0.8468110519431692,
        "weightIE_std": 0.08801007514248052,
        "weightII": 0.35332202910351584,
        "weightII_std": 0.056619326674283196
    }
}