{
    "simConfig": {
        "E_L_mean": 18.8,
        "E_L_stdev": 0.28227704623953903,
        "E_Ra_mean": 128.0,
        "E_Ra_stdev": 1.6724236551056322,
        "E_diam_mean": 18.8,
        "E_diam_stdev": 5.09294939728445,
        "I_L_mean": 9.0,
        "I_L_stdev": 2.370661646346733,
        "I_Ra_mean": 110.0,
        "I_Ra_stdev": 47.09090860693108,
        "I_diam_mean": 10.0,
        "I_diam_stdev": 0.03537379596174475,
        "addSynMechs": true,
        "allowConnsWithWeight0": true,
        "allowSelfConns": false,
        "analysis": {},
        "backupCfgFile": [],
        "cache_efficient": true,
        "checkErrors": false,
        "compactConnFormat": false,
        "connRandomSecFromList": true,
        "coreneuron": false,
        "createNEURONObj": true,
        "createPyStruct": true,
        "cvode_active": false,
        "cvode_atol": 0.001,
        "distributeSynsUniformly": true,
        "dt": 0.025,
        "dump_coreneuron_model": false,
        "duration": 1000.0,
        "duration_seconds": 90.0,
        "filename": "model_output",
        "gatherOnlySimData": false,
        "gkbar_E": 0.966816580624875,
        "gkbar_E_std": 0.26125961945408194,
        "gkbar_I": 0.8806641986036229,
        "gkbar_I_std": 2.326951776461047,
        "gnabar_E": 4.219935042557021,
        "gnabar_E_std": 0.6865073791694145,
        "gnabar_I": 2.55431799839642,
        "gnabar_I_std": 0.9412780893986683,
        "gpu": false,
        "hParams": {
            "celsius": 6.3,
            "clamp_resist": 0.001,
            "v_init": -65.0
        },
        "includeParamsLabel": true,
        "invertedYCoord": true,
        "networkType": "22May24",
        "oneSynPerNetcon": true,
        "printPopAvgRates": [
            100,
            1000.0
        ],
        "printRunTime": false,
        "printSynsAfterRule": false,
        "probEE": 0.578643664731702,
        "probEE_std": 0.49834904842595895,
        "probEI": 0.6655407708251123,
        "probEI_std": 0.49862985758108025,
        "probIE": 0.4216606508856801,
        "probIE_std": 0.17666252854674275,
        "probII": 0.06897286310689975,
        "probII_std": 0.4422772651044594,
        "probLengthConst": 2956.5088128515426,
        "propVelocity": 1.0,
        "pt3dRelativeToCellLocation": true,
        "rand123GlobalIndex": null,
        "random123": false,
        "recordCells": [
            [
                "E",
                [
                    74,
                    47
                ]
            ],
            [
                "I",
                [
                    38,
                    3
                ]
            ]
        ],
        "recordCellsSpikes": -1,
        "recordDipole": false,
        "recordDipolesHNN": false,
        "recordLFP": [],
        "recordStep": 0.1,
        "recordStim": false,
        "recordTime": true,
        "recordTraces": {
            "soma_voltage": {
                "loc": 0.5,
                "sec": "soma",
                "var": "v"
            }
        },
        "saveCSV": false,
        "saveCellConns": true,
        "saveCellSecs": true,
        "saveDat": false,
        "saveDataInclude": [
            "simData",
            "simConfig",
            "netParams",
            "net"
        ],
        "saveDipoleCells": false,
        "saveDipolePops": false,
        "saveDpk": false,
        "saveFolder": "/pscratch/sd/a/adammwea/2DNetworkSimulations/NERSC/output/240528_Run1_this_does_work/gen_9",
        "saveHDF5": false,
        "saveJson": true,
        "saveLFPCells": false,
        "saveLFPPops": false,
        "saveMat": false,
        "savePickle": false,
        "saveTiming": false,
        "seeds": {
            "cell": 1,
            "conn": 1,
            "loc": 1,
            "stim": 1
        },
        "simLabel": "gen_9_cand_37",
        "tau1_exc": 6.585462775950292,
        "tau1_exc_std": 0.029947587010944916,
        "tau1_inh": 9.560072717251701,
        "tau1_inh_std": 1.355733129661315,
        "tau2_exc": 0.37350113250397143,
        "tau2_exc_std": 9.400259612333564,
        "tau2_inh": 15.198829884437504,
        "tau2_inh_std": 8.458960618611705,
        "timestampFilename": false,
        "timing": true,
        "tstop": 1000.0,
        "use_fast_imem": false,
        "validateNetParams": false,
        "verbose": false,
        "weightEE": 1.9596150170814783,
        "weightEE_std": 0.024977141768809996,
        "weightEI": 0.07238934214481163,
        "weightEI_std": 0.010290051391006576,
        "weightIE": 0.3125800474984347,
        "weightIE_std": 0.32029852416341953,
        "weightII": 1.9672769945604411,
        "weightII_std": 0.24806169518616064
    }
}