{
    "simConfig": {
        "E_L_mean": 18.8,
        "E_L_stdev": 5.838200427385464,
        "E_Ra_mean": 128.0,
        "E_Ra_stdev": 2.189384702870326,
        "E_diam_mean": 18.8,
        "E_diam_stdev": 2.5345497121199205,
        "I_L_mean": 9.0,
        "I_L_stdev": 2.9171062936798884,
        "I_Ra_mean": 110.0,
        "I_Ra_stdev": 16.71660973524246,
        "I_diam_mean": 10.0,
        "I_diam_stdev": 1.5461046729663561,
        "addSynMechs": true,
        "allowConnsWithWeight0": true,
        "allowSelfConns": false,
        "analysis": {},
        "backupCfgFile": [],
        "cache_efficient": true,
        "checkErrors": false,
        "compactConnFormat": false,
        "connRandomSecFromList": true,
        "coreneuron": false,
        "createNEURONObj": true,
        "createPyStruct": true,
        "cvode_active": false,
        "cvode_atol": 0.001,
        "distributeSynsUniformly": true,
        "dt": 0.025,
        "dump_coreneuron_model": false,
        "duration": 1000.0,
        "duration_seconds": 60.0,
        "filename": "model_output",
        "gatherOnlySimData": false,
        "gkbar_E": 0.342122136000095,
        "gkbar_E_std": 0.07493875513570247,
        "gkbar_I": 1.0741477759467526,
        "gkbar_I_std": 2.171770585267916,
        "gnabar_E": 2.1460019289795933,
        "gnabar_E_std": 1.6657779146719265,
        "gnabar_I": 2.526677916147741,
        "gnabar_I_std": 0.0734322133050368,
        "gpu": false,
        "hParams": {
            "celsius": 6.3,
            "clamp_resist": 0.001,
            "v_init": -65.0
        },
        "includeParamsLabel": true,
        "invertedYCoord": true,
        "networkType": "22May24",
        "oneSynPerNetcon": true,
        "printPopAvgRates": [
            100,
            1000.0
        ],
        "printRunTime": false,
        "printSynsAfterRule": false,
        "probEE": 5.070825912037338e-05,
        "probEE_std": 0.25119631555155586,
        "probEI": 0.9634612506746173,
        "probEI_std": 0.2605102467238245,
        "probIE": 0.5252767520976247,
        "probIE_std": 0.2817679263905901,
        "probII": 0.991130448258266,
        "probII_std": 0.036967191116823575,
        "probLengthConst": 53.9171464245909,
        "propVelocity": 1.0,
        "pt3dRelativeToCellLocation": true,
        "rand123GlobalIndex": null,
        "random123": false,
        "recordCells": [
            [
                "E",
                [
                    16,
                    79
                ]
            ],
            [
                "I",
                [
                    28,
                    1
                ]
            ]
        ],
        "recordCellsSpikes": -1,
        "recordDipole": false,
        "recordDipolesHNN": false,
        "recordLFP": [],
        "recordStep": 0.1,
        "recordStim": false,
        "recordTime": true,
        "recordTraces": {
            "soma_voltage": {
                "loc": 0.5,
                "sec": "soma",
                "var": "v"
            }
        },
        "saveCSV": false,
        "saveCellConns": true,
        "saveCellSecs": true,
        "saveDat": false,
        "saveDataInclude": [
            "simData",
            "simConfig",
            "netParams",
            "net"
        ],
        "saveDipoleCells": false,
        "saveDipolePops": false,
        "saveDpk": false,
        "saveFolder": "/pscratch/sd/a/adammwea/2DNetworkSimulations/NERSC/output/240527_Run3_this_should_work/gen_16",
        "saveHDF5": false,
        "saveJson": true,
        "saveLFPCells": false,
        "saveLFPPops": false,
        "saveMat": false,
        "savePickle": false,
        "saveTiming": false,
        "seeds": {
            "cell": 1,
            "conn": 1,
            "loc": 1,
            "stim": 1
        },
        "simLabel": "gen_16_cand_35",
        "tau1_exc": 5.963806905697689,
        "tau1_exc_std": 2.3244432233262726,
        "tau1_inh": 6.613606934590353,
        "tau1_inh_std": 0.24086455892423753,
        "tau2_exc": 18.273548231337045,
        "tau2_exc_std": 3.0423764926742334,
        "tau2_inh": 1.59498122356805,
        "tau2_inh_std": 0.03307466490820096,
        "timestampFilename": false,
        "timing": true,
        "tstop": 1000.0,
        "use_fast_imem": false,
        "validateNetParams": false,
        "verbose": false,
        "weightEE": 0.8516955485637925,
        "weightEE_std": 0.2745556257387192,
        "weightEI": 0.2016706718445624,
        "weightEI_std": 0.28610258476769485,
        "weightIE": 0.006102883359308763,
        "weightIE_std": 0.22917246817120324,
        "weightII": 0.10714327006064939,
        "weightII_std": 0.012351730225395333
    }
}