{
    "simConfig": {
        "E_L_mean": 18.8,
        "E_L_stdev": 3.014467898128365,
        "E_Ra_mean": 128.0,
        "E_Ra_stdev": 41.190610020563646,
        "E_diam_mean": 18.8,
        "E_diam_stdev": 0.08833078567738066,
        "I_L_mean": 9.0,
        "I_L_stdev": 0.06523522236182855,
        "I_Ra_mean": 110.0,
        "I_Ra_stdev": 23.1997543535382,
        "I_diam_mean": 10.0,
        "I_diam_stdev": 0.7396001139207027,
        "addSynMechs": true,
        "allowConnsWithWeight0": true,
        "allowSelfConns": false,
        "analysis": {},
        "backupCfgFile": [],
        "cache_efficient": true,
        "checkErrors": false,
        "compactConnFormat": false,
        "connRandomSecFromList": true,
        "coreneuron": false,
        "createNEURONObj": true,
        "createPyStruct": true,
        "cvode_active": false,
        "cvode_atol": 0.001,
        "distributeSynsUniformly": true,
        "dt": 0.025,
        "dump_coreneuron_model": false,
        "duration": 1000.0,
        "duration_seconds": 60.0,
        "filename": "model_output",
        "gatherOnlySimData": false,
        "gkbar_E": 0.9980722205160464,
        "gkbar_E_std": 0.28564218375665174,
        "gkbar_I": 2.569626400351998,
        "gkbar_I_std": 2.083379965965248,
        "gnabar_E": 3.4461245859720924,
        "gnabar_E_std": 0.36980500971398556,
        "gnabar_I": 9.68119061614789e-06,
        "gnabar_I_std": 0.007163083784387347,
        "gpu": false,
        "hParams": {
            "celsius": 6.3,
            "clamp_resist": 0.001,
            "v_init": -65.0
        },
        "includeParamsLabel": true,
        "invertedYCoord": true,
        "networkType": "22May24",
        "oneSynPerNetcon": true,
        "printPopAvgRates": [
            100,
            1000.0
        ],
        "printRunTime": false,
        "printSynsAfterRule": false,
        "probEE": 0.8686476483216389,
        "probEE_std": 0.11106540437472612,
        "probEI": 0.7624932001477969,
        "probEI_std": 0.11738096769871477,
        "probIE": 0.9948785366098838,
        "probIE_std": 0.1574170941908612,
        "probII": 0.39140920824700376,
        "probII_std": 0.15640138675854226,
        "probLengthConst": 2404.443308456186,
        "propVelocity": 1.0,
        "pt3dRelativeToCellLocation": true,
        "rand123GlobalIndex": null,
        "random123": false,
        "recordCells": [
            [
                "E",
                [
                    16,
                    79
                ]
            ],
            [
                "I",
                [
                    28,
                    1
                ]
            ]
        ],
        "recordCellsSpikes": -1,
        "recordDipole": false,
        "recordDipolesHNN": false,
        "recordLFP": [],
        "recordStep": 0.1,
        "recordStim": false,
        "recordTime": true,
        "recordTraces": {
            "soma_voltage": {
                "loc": 0.5,
                "sec": "soma",
                "var": "v"
            }
        },
        "saveCSV": false,
        "saveCellConns": true,
        "saveCellSecs": true,
        "saveDat": false,
        "saveDataInclude": [
            "simData",
            "simConfig",
            "netParams",
            "net"
        ],
        "saveDipoleCells": false,
        "saveDipolePops": false,
        "saveDpk": false,
        "saveFolder": "/pscratch/sd/a/adammwea/2DNetworkSimulations/NERSC/output/240527_Run3_this_should_work/gen_16",
        "saveHDF5": false,
        "saveJson": true,
        "saveLFPCells": false,
        "saveLFPPops": false,
        "saveMat": false,
        "savePickle": false,
        "saveTiming": false,
        "seeds": {
            "cell": 1,
            "conn": 1,
            "loc": 1,
            "stim": 1
        },
        "simLabel": "gen_16_cand_1",
        "tau1_exc": 0.4479482751628927,
        "tau1_exc_std": 1.9454526243728494,
        "tau1_inh": 8.08160076425944,
        "tau1_inh_std": 2.8711313445114923,
        "tau2_exc": 19.401059293058122,
        "tau2_exc_std": 6.607350566169568,
        "tau2_inh": 16.945607311208917,
        "tau2_inh_std": 3.4121148911642285,
        "timestampFilename": false,
        "timing": true,
        "tstop": 1000.0,
        "use_fast_imem": false,
        "validateNetParams": false,
        "verbose": false,
        "weightEE": 0.007996356626615464,
        "weightEE_std": 0.06991137048181784,
        "weightEI": 0.9191022657340915,
        "weightEI_std": 0.010763958439610463,
        "weightIE": 0.9301632587380345,
        "weightIE_std": 0.0066785101998178414,
        "weightII": 0.06930781990706066,
        "weightII_std": 0.010214789064502692
    }
}