{
    "simConfig": {
        "E_L_mean": 18.8,
        "E_L_stdev": 6.154472422021334,
        "E_Ra_mean": 128.0,
        "E_Ra_stdev": 14.74869916220996,
        "E_diam_mean": 18.8,
        "E_diam_stdev": 5.606056240277008,
        "I_L_mean": 9.0,
        "I_L_stdev": 2.7402208467397005,
        "I_Ra_mean": 110.0,
        "I_Ra_stdev": 28.347005844758744,
        "I_diam_mean": 10.0,
        "I_diam_stdev": 2.718396671160942,
        "addSynMechs": true,
        "allowConnsWithWeight0": true,
        "allowSelfConns": false,
        "analysis": {},
        "backupCfgFile": [],
        "cache_efficient": true,
        "checkErrors": false,
        "compactConnFormat": false,
        "connRandomSecFromList": true,
        "coreneuron": false,
        "createNEURONObj": true,
        "createPyStruct": true,
        "cvode_active": false,
        "cvode_atol": 0.001,
        "distributeSynsUniformly": true,
        "dt": 0.025,
        "dump_coreneuron_model": false,
        "duration": 1000.0,
        "duration_seconds": 60.0,
        "filename": "model_output",
        "gatherOnlySimData": false,
        "gkbar_E": 0.03966884606110692,
        "gkbar_E_std": 0.002229518862853254,
        "gkbar_I": 4.759512864540813,
        "gkbar_I_std": 1.6722070917546914,
        "gnabar_E": 4.9454447158381,
        "gnabar_E_std": 0.5845121778979308,
        "gnabar_I": 2.9952056480190654,
        "gnabar_I_std": 0.39846772713609657,
        "gpu": false,
        "hParams": {
            "celsius": 6.3,
            "clamp_resist": 0.001,
            "v_init": -65.0
        },
        "includeParamsLabel": true,
        "invertedYCoord": true,
        "networkType": "22May24",
        "oneSynPerNetcon": true,
        "printPopAvgRates": [
            100,
            1000.0
        ],
        "printRunTime": false,
        "printSynsAfterRule": false,
        "probEE": 0.7166463736074906,
        "probEE_std": 0.2705373762370087,
        "probEI": 0.28412619375879145,
        "probEI_std": 0.2858993256148458,
        "probIE": 0.7224042891521512,
        "probIE_std": 0.030681372275293994,
        "probII": 0.34667659869152073,
        "probII_std": 0.23819375089063322,
        "probLengthConst": 50.907784639529496,
        "propVelocity": 1.0,
        "pt3dRelativeToCellLocation": true,
        "rand123GlobalIndex": null,
        "random123": false,
        "recordCells": [
            [
                "E",
                [
                    16,
                    79
                ]
            ],
            [
                "I",
                [
                    28,
                    1
                ]
            ]
        ],
        "recordCellsSpikes": -1,
        "recordDipole": false,
        "recordDipolesHNN": false,
        "recordLFP": [],
        "recordStep": 0.1,
        "recordStim": false,
        "recordTime": true,
        "recordTraces": {
            "soma_voltage": {
                "loc": 0.5,
                "sec": "soma",
                "var": "v"
            }
        },
        "saveCSV": false,
        "saveCellConns": true,
        "saveCellSecs": true,
        "saveDat": false,
        "saveDataInclude": [
            "simData",
            "simConfig",
            "netParams",
            "net"
        ],
        "saveDipoleCells": false,
        "saveDipolePops": false,
        "saveDpk": false,
        "saveFolder": "/pscratch/sd/a/adammwea/2DNetworkSimulations/NERSC/output/240527_Run3_this_should_work/gen_16",
        "saveHDF5": false,
        "saveJson": true,
        "saveLFPCells": false,
        "saveLFPPops": false,
        "saveMat": false,
        "savePickle": false,
        "saveTiming": false,
        "seeds": {
            "cell": 1,
            "conn": 1,
            "loc": 1,
            "stim": 1
        },
        "simLabel": "gen_16_cand_0",
        "tau1_exc": 9.97718174524058,
        "tau1_exc_std": 1.535436714731991,
        "tau1_inh": 7.644353563671515,
        "tau1_inh_std": 0.13607328802723462,
        "tau2_exc": 3.13998220569208,
        "tau2_exc_std": 4.75056443226806,
        "tau2_inh": 13.643831796769867,
        "tau2_inh_std": 2.0919032749075797,
        "timestampFilename": false,
        "timing": true,
        "tstop": 1000.0,
        "use_fast_imem": false,
        "validateNetParams": false,
        "verbose": false,
        "weightEE": 0.5326969368344132,
        "weightEE_std": 0.04021321879638719,
        "weightEI": 0.7736143012972572,
        "weightEI_std": 0.04453420336176667,
        "weightIE": 0.32169470570050784,
        "weightIE_std": 0.10951460564001213,
        "weightII": 0.4616526379888129,
        "weightII_std": 0.15455469655534826
    }
}