{
    "simConfig": {
        "E_L_mean": 18.8,
        "E_L_stdev": 0.0032363441292060386,
        "E_Ra_mean": 128.0,
        "E_Ra_stdev": 32.25469359695593,
        "E_diam_mean": 18.8,
        "E_diam_stdev": 0.1131501488764988,
        "I_L_mean": 9.0,
        "I_L_stdev": 1.8582949370423179,
        "I_Ra_mean": 110.0,
        "I_Ra_stdev": 22.559437004682522,
        "I_diam_mean": 10.0,
        "I_diam_stdev": 0.3150533710300518,
        "addSynMechs": true,
        "allowConnsWithWeight0": true,
        "allowSelfConns": false,
        "analysis": {},
        "backupCfgFile": [],
        "cache_efficient": true,
        "checkErrors": false,
        "compactConnFormat": false,
        "connRandomSecFromList": true,
        "coreneuron": false,
        "createNEURONObj": true,
        "createPyStruct": true,
        "cvode_active": false,
        "cvode_atol": 0.001,
        "distributeSynsUniformly": true,
        "dt": 0.025,
        "dump_coreneuron_model": false,
        "duration": 1000.0,
        "duration_seconds": 60.0,
        "filename": "model_output",
        "gatherOnlySimData": false,
        "gkbar_E": 0.16971730777342742,
        "gkbar_E_std": 0.2724268692153865,
        "gkbar_I": 1.5077822275300896,
        "gkbar_I_std": 1.8482541609209537,
        "gnabar_E": 4.98211095475602,
        "gnabar_E_std": 0.2851650743649288,
        "gnabar_I": 2.9781328562390077,
        "gnabar_I_std": 0.11372605680501863,
        "gpu": false,
        "hParams": {
            "celsius": 6.3,
            "clamp_resist": 0.001,
            "v_init": -65.0
        },
        "includeParamsLabel": true,
        "invertedYCoord": true,
        "networkType": "22May24",
        "oneSynPerNetcon": true,
        "printPopAvgRates": [
            100,
            1000.0
        ],
        "printRunTime": false,
        "printSynsAfterRule": false,
        "probEE": 0.07266536982250377,
        "probEE_std": 0.0013972558845890678,
        "probEI": 0.9899740918719433,
        "probEI_std": 0.3141167885801424,
        "probIE": 0.01181501961139586,
        "probIE_std": 0.03946366222842945,
        "probII": 0.30817446381427993,
        "probII_std": 0.1605702176837542,
        "probLengthConst": 2472.8698871541856,
        "propVelocity": 1.0,
        "pt3dRelativeToCellLocation": true,
        "rand123GlobalIndex": null,
        "random123": false,
        "recordCells": [
            [
                "E",
                [
                    16,
                    79
                ]
            ],
            [
                "I",
                [
                    28,
                    1
                ]
            ]
        ],
        "recordCellsSpikes": -1,
        "recordDipole": false,
        "recordDipolesHNN": false,
        "recordLFP": [],
        "recordStep": 0.1,
        "recordStim": false,
        "recordTime": true,
        "recordTraces": {
            "soma_voltage": {
                "loc": 0.5,
                "sec": "soma",
                "var": "v"
            }
        },
        "saveCSV": false,
        "saveCellConns": true,
        "saveCellSecs": true,
        "saveDat": false,
        "saveDataInclude": [
            "simData",
            "simConfig",
            "netParams",
            "net"
        ],
        "saveDipoleCells": false,
        "saveDipolePops": false,
        "saveDpk": false,
        "saveFolder": "/pscratch/sd/a/adammwea/2DNetworkSimulations/NERSC/output/240527_Run3_this_should_work/gen_16",
        "saveHDF5": false,
        "saveJson": true,
        "saveLFPCells": false,
        "saveLFPPops": false,
        "saveMat": false,
        "savePickle": false,
        "saveTiming": false,
        "seeds": {
            "cell": 1,
            "conn": 1,
            "loc": 1,
            "stim": 1
        },
        "simLabel": "gen_16_cand_12",
        "tau1_exc": 9.693851012865887,
        "tau1_exc_std": 2.0879144883910117,
        "tau1_inh": 0.03462979236536379,
        "tau1_inh_std": 3.3207989626373777,
        "tau2_exc": 0.9664335212249824,
        "tau2_exc_std": 6.026062375277984,
        "tau2_inh": 3.124856840169893,
        "tau2_inh_std": 3.5566892095198277,
        "timestampFilename": false,
        "timing": true,
        "tstop": 1000.0,
        "use_fast_imem": false,
        "validateNetParams": false,
        "verbose": false,
        "weightEE": 0.0067546492363436406,
        "weightEE_std": 0.22819447970160034,
        "weightEI": 0.10832440337658052,
        "weightEI_std": 0.1340656835321004,
        "weightIE": 1.1553787286047392e-05,
        "weightIE_std": 0.24834867993882181,
        "weightII": 0.010267147123136172,
        "weightII_std": 0.0008470073761428846
    }
}