{
    "burstAmp_Fitness": {
        "Value": 0.9164293840067516,
        "Fit": 1000.0
    },
    "burst_peak_frequency_fitness": {
        "Value": 0.8710217755443885,
        "Fit": 25.182030210531693
    },
    "IBI_fitness": {
        "Value": 1183.125,
        "Fit": 2.636904994864351
    },
    "baseline_fitness": {
        "Value": 20.530636570389277,
        "Fit": 1000
    },
    "slopeFitness": {
        "Value": -0.0005815425153307403,
        "Fit": 1.0011637616763625
    },
    "thresh": {
        "Value": 20.430498199415076,
        "Fit": 1000
    },
    "sustain_oscillation_fitness": {
        "Value": 97.20139930034982,
        "Fit": 1.7501826255190762
    },
    "E_rate_fitness": {
        "Value": 81.3611111111111,
        "Fit": 1000
    },
    "I_rate_fitness": {
        "Value": 0.0,
        "Fit": 1000
    },
    "maxFitness": 1000,
    "average_fitness": 558.952253510288,
    "average_scaled_fitness": 558.5102499714077
}