{
    "burstAmp_Fitness": {
        "Value": 2.0083706685720615,
        "Fit": 889.0896663657612
    },
    "burst_peak_frequency_fitness": {
        "Value": 0.7677543186180422,
        "Fit": 13.551888518976552
    },
    "IBI_fitness": {
        "Value": 1397.8125,
        "Fit": 2.5082478084944895
    },
    "baseline_fitness": {
        "Value": 17.252227630095337,
        "Fit": 1000
    },
    "slopeFitness": {
        "Value": -0.0025967271491369936,
        "Fit": 1.0052069636586718
    },
    "thresh": {
        "Value": 17.30115644495994,
        "Fit": 1000
    },
    "sustain_oscillation_fitness": {
        "Value": 77.16141929035483,
        "Fit": 96.32386832437236
    },
    "E_rate_fitness": {
        "Value": 86.86507936507937,
        "Fit": 1000
    },
    "I_rate_fitness": {
        "Value": 25.13888888888889,
        "Fit": 1.625980650691539
    },
    "maxFitness": 1000,
    "average_fitness": 444.90053984799493,
    "average_scaled_fitness": 444.34198854546815
}