{
    "BigBurstVal_Fitness": {
        "Value": 2688.724114572598,
        "Fit": 1000.0
    },
    "numBig_Fitness": {
        "Value": 6,
        "Percent": 100.0,
        "Fit": 1000
    },
    "SmallBurstVal_Fitness": {
        "Value": null,
        "Fit": 1000
    },
    "numSmall_Fitness": {
        "Value": 0,
        "Percent": 0.0,
        "Fit": 1000
    },
    "burst_peak_frequency_fitness": {
        "Value": 0.4411764705882352,
        "Fit": 1.383771627052213
    },
    "IBI_fitness": {
        "Value": 2.5599999999999996,
        "Fit": 1.0005629475869036
    },
    "baseline_fitness": {
        "Value": 2255.599443763981,
        "Fit": 1000
    },
    "slopeFitness": {
        "Value": -2.3723835574272174,
        "Fit": 10.74973464557324
    },
    "thresh": {
        "Value": 2256.5377962183006,
        "Fit": 1000
    },
    "sustain_oscillation_fitness": {
        "Value": 88.74172185430463,
        "Fit": 8.682508357938584
    },
    "E_rate_fitness": {
        "Value": 11.749999999999998,
        "Fit": 1000
    },
    "I_rate_fitness": {
        "Value": 1.4074074074074072,
        "Fit": 1000
    },
    "maxFitness": 1000,
    "average_fitness": 668.4847147981792,
    "average_scaled_fitness": 0.6681526806661978
}