{
    "simConfig": {
        "E_L_mean": 18.8,
        "E_L_stdev": 9.216017779693157,
        "E_Ra_mean": 128.0,
        "E_Ra_stdev": 0.6733762465366208,
        "E_diam_mean": 18.8,
        "E_diam_stdev": 0.5457128895227064,
        "I_L_mean": 9.0,
        "I_L_stdev": 0.7628275401151718,
        "I_Ra_mean": 110.0,
        "I_Ra_stdev": 51.90384979932635,
        "I_diam_mean": 10.0,
        "I_diam_stdev": 0.2823973909022197,
        "addSynMechs": true,
        "allowConnsWithWeight0": true,
        "allowSelfConns": false,
        "analysis": {},
        "backupCfgFile": [],
        "cache_efficient": true,
        "checkErrors": false,
        "compactConnFormat": false,
        "connRandomSecFromList": true,
        "coreneuron": false,
        "createNEURONObj": true,
        "createPyStruct": true,
        "cvode_active": false,
        "cvode_atol": 0.001,
        "distributeSynsUniformly": true,
        "dt": 0.025,
        "dump_coreneuron_model": false,
        "duration": 1000.0,
        "duration_seconds": 330.0,
        "filename": "model_output",
        "gatherOnlySimData": false,
        "gkbar_E": 0.6542466305872795,
        "gkbar_E_std": 0.49351330153001494,
        "gkbar_I": 8.2891401200897,
        "gkbar_I_std": 1.463774353145152,
        "gnabar_E": 4.443999058478662,
        "gnabar_E_std": 1.576778145059104,
        "gnabar_I": 4.7088936328860775,
        "gnabar_I_std": 0.1251299349471023,
        "gpu": false,
        "hParams": {
            "celsius": 6.3,
            "clamp_resist": 0.001,
            "v_init": -65.0
        },
        "includeParamsLabel": true,
        "invertedYCoord": true,
        "networkType": "22May24",
        "oneSynPerNetcon": true,
        "printPopAvgRates": [
            100,
            1000.0
        ],
        "printRunTime": false,
        "printSynsAfterRule": false,
        "probEE": 0.482167383156342,
        "probEE_std": 0.22892939288324843,
        "probEI": 0.9819345309999767,
        "probEI_std": 0.4039202653597974,
        "probIE": 0.06812630055484092,
        "probIE_std": 0.42466206727542233,
        "probII": 0.732340931356737,
        "probII_std": 0.016755734206619414,
        "probLengthConst": 2932.976405844282,
        "propVelocity": 1.0,
        "pt3dRelativeToCellLocation": true,
        "rand123GlobalIndex": null,
        "random123": false,
        "recordCells": [
            [
                "E",
                [
                    68,
                    13
                ]
            ],
            [
                "I",
                [
                    4,
                    5
                ]
            ]
        ],
        "recordCellsSpikes": -1,
        "recordDipole": false,
        "recordDipolesHNN": false,
        "recordLFP": [],
        "recordStep": 0.1,
        "recordStim": false,
        "recordTime": true,
        "recordTraces": {
            "soma_voltage": {
                "loc": 0.5,
                "sec": "soma",
                "var": "v"
            }
        },
        "saveCSV": false,
        "saveCellConns": true,
        "saveCellSecs": true,
        "saveDat": false,
        "saveDataInclude": [
            "simData",
            "simConfig",
            "netParams",
            "net"
        ],
        "saveDipoleCells": false,
        "saveDipolePops": false,
        "saveDpk": false,
        "saveFolder": "/pscratch/sd/a/adammwea/2DNetworkSimulations/NERSC/output/240604_Run1_24n24hr/gen_6",
        "saveHDF5": false,
        "saveJson": true,
        "saveLFPCells": false,
        "saveLFPPops": false,
        "saveMat": false,
        "savePickle": false,
        "saveTiming": false,
        "seeds": {
            "cell": 1,
            "conn": 1,
            "loc": 1,
            "stim": 1
        },
        "simLabel": "gen_6_cand_39",
        "tau1_exc": 0.22599302689795214,
        "tau1_exc_std": 0.5363975324299984,
        "tau1_inh": 3.215610887298656,
        "tau1_inh_std": 2.421033506230512,
        "tau2_exc": 1.7223457589794444,
        "tau2_exc_std": 9.71858532503801,
        "tau2_inh": 13.37099283042286,
        "tau2_inh_std": 6.825598335877341,
        "timestampFilename": false,
        "timing": true,
        "tstop": 1000.0,
        "use_fast_imem": false,
        "validateNetParams": false,
        "verbose": false,
        "weightEE": 0.5997792867522432,
        "weightEE_std": 0.05769194069972233,
        "weightEI": 1.9103175741184586,
        "weightEI_std": 0.1349606234747909,
        "weightIE": 0.6495692340943462,
        "weightIE_std": 0.1829993722269035,
        "weightII": 1.8625959279428643,
        "weightII_std": 0.1893966528980504
    }
}