{
    "simConfig": {
        "E_L_mean": 18.8,
        "E_L_stdev": 7.363306952802579,
        "E_Ra_mean": 128.0,
        "E_Ra_stdev": 2.8813915676834085,
        "E_diam_mean": 18.8,
        "E_diam_stdev": 5.972063242034551,
        "I_L_mean": 9.0,
        "I_L_stdev": 1.6412193115491023,
        "I_Ra_mean": 110.0,
        "I_Ra_stdev": 35.695746388281,
        "I_diam_mean": 10.0,
        "I_diam_stdev": 1.7434942106986915,
        "addSynMechs": true,
        "allowConnsWithWeight0": true,
        "allowSelfConns": false,
        "analysis": {},
        "backupCfgFile": [],
        "cache_efficient": true,
        "checkErrors": false,
        "compactConnFormat": false,
        "connRandomSecFromList": true,
        "coreneuron": false,
        "createNEURONObj": true,
        "createPyStruct": true,
        "cvode_active": false,
        "cvode_atol": 0.001,
        "distributeSynsUniformly": true,
        "dt": 0.025,
        "dump_coreneuron_model": false,
        "duration": 1000.0,
        "duration_seconds": 330.0,
        "filename": "model_output",
        "gatherOnlySimData": false,
        "gkbar_E": 0.002037555994001135,
        "gkbar_E_std": 0.008081453191528854,
        "gkbar_I": 0.8115954237303202,
        "gkbar_I_std": 0.22857172221187894,
        "gnabar_E": 6.998028072527376,
        "gnabar_E_std": 1.10573162250895,
        "gnabar_I": 1.0848414043315258,
        "gnabar_I_std": 0.7758198501331435,
        "gpu": false,
        "hParams": {
            "celsius": 6.3,
            "clamp_resist": 0.001,
            "v_init": -65.0
        },
        "includeParamsLabel": true,
        "invertedYCoord": true,
        "networkType": "22May24",
        "oneSynPerNetcon": true,
        "printPopAvgRates": [
            100,
            1000.0
        ],
        "printRunTime": false,
        "printSynsAfterRule": false,
        "probEE": 0.7430487091665273,
        "probEE_std": 0.3323384718441716,
        "probEI": 0.305911912080966,
        "probEI_std": 0.0010838449320450826,
        "probIE": 0.6965771420444182,
        "probIE_std": 0.05159485440896723,
        "probII": 0.7409337550690714,
        "probII_std": 0.033229728041336656,
        "probLengthConst": 1016.4513248915187,
        "propVelocity": 1.0,
        "pt3dRelativeToCellLocation": true,
        "rand123GlobalIndex": null,
        "random123": false,
        "recordCells": [
            [
                "E",
                [
                    68,
                    13
                ]
            ],
            [
                "I",
                [
                    4,
                    5
                ]
            ]
        ],
        "recordCellsSpikes": -1,
        "recordDipole": false,
        "recordDipolesHNN": false,
        "recordLFP": [],
        "recordStep": 0.1,
        "recordStim": false,
        "recordTime": true,
        "recordTraces": {
            "soma_voltage": {
                "loc": 0.5,
                "sec": "soma",
                "var": "v"
            }
        },
        "saveCSV": false,
        "saveCellConns": true,
        "saveCellSecs": true,
        "saveDat": false,
        "saveDataInclude": [
            "simData",
            "simConfig",
            "netParams",
            "net"
        ],
        "saveDipoleCells": false,
        "saveDipolePops": false,
        "saveDpk": false,
        "saveFolder": "/pscratch/sd/a/adammwea/2DNetworkSimulations/NERSC/output/240604_Run1_24n24hr/gen_6",
        "saveHDF5": false,
        "saveJson": true,
        "saveLFPCells": false,
        "saveLFPPops": false,
        "saveMat": false,
        "savePickle": false,
        "saveTiming": false,
        "seeds": {
            "cell": 1,
            "conn": 1,
            "loc": 1,
            "stim": 1
        },
        "simLabel": "gen_6_cand_379",
        "tau1_exc": 1.2943387535119077,
        "tau1_exc_std": 2.422979698938504,
        "tau1_inh": 8.654730364683244,
        "tau1_inh_std": 1.0208226089414927,
        "tau2_exc": 26.26260422939806,
        "tau2_exc_std": 9.10591661720205,
        "tau2_inh": 10.55820680716943,
        "tau2_inh_std": 8.789856442256298,
        "timestampFilename": false,
        "timing": true,
        "tstop": 1000.0,
        "use_fast_imem": false,
        "validateNetParams": false,
        "verbose": false,
        "weightEE": 1.8372808090447692,
        "weightEE_std": 0.06612097410614148,
        "weightEI": 0.019664424973814418,
        "weightEI_std": 9.689583501078632e-05,
        "weightIE": 0.9893426432551273,
        "weightIE_std": 0.29031867600395383,
        "weightII": 0.014439124829719291,
        "weightII_std": 0.2477166140558319
    }
}