{
    "simConfig": {
        "E_L_mean": 18.8,
        "E_L_stdev": 0.2967313459589401,
        "E_Ra_mean": 128.0,
        "E_Ra_stdev": 58.6361312339738,
        "E_diam_mean": 18.8,
        "E_diam_stdev": 5.551173829109974,
        "I_L_mean": 9.0,
        "I_L_stdev": 0.7443100405584749,
        "I_Ra_mean": 110.0,
        "I_Ra_stdev": 34.133345793281634,
        "I_diam_mean": 10.0,
        "I_diam_stdev": 1.486095212680437,
        "addSynMechs": true,
        "allowConnsWithWeight0": true,
        "allowSelfConns": false,
        "analysis": {},
        "backupCfgFile": [],
        "cache_efficient": true,
        "checkErrors": false,
        "compactConnFormat": false,
        "connRandomSecFromList": true,
        "coreneuron": false,
        "createNEURONObj": true,
        "createPyStruct": true,
        "cvode_active": false,
        "cvode_atol": 0.001,
        "distributeSynsUniformly": true,
        "dt": 0.025,
        "dump_coreneuron_model": false,
        "duration": 1000.0,
        "duration_seconds": 330.0,
        "filename": "model_output",
        "gatherOnlySimData": false,
        "gkbar_E": 0.02465449724772853,
        "gkbar_E_std": 0.4702904132509862,
        "gkbar_I": 8.837382309063162,
        "gkbar_I_std": 0.2294167234817489,
        "gnabar_E": 1.433403089975548,
        "gnabar_E_std": 0.3458226800183802,
        "gnabar_I": 0.7976586871508189,
        "gnabar_I_std": 0.09076325860776496,
        "gpu": false,
        "hParams": {
            "celsius": 6.3,
            "clamp_resist": 0.001,
            "v_init": -65.0
        },
        "includeParamsLabel": true,
        "invertedYCoord": true,
        "networkType": "22May24",
        "oneSynPerNetcon": true,
        "printPopAvgRates": [
            100,
            1000.0
        ],
        "printRunTime": false,
        "printSynsAfterRule": false,
        "probEE": 0.7040765151396868,
        "probEE_std": 0.4980110352075296,
        "probEI": 0.40748237128079445,
        "probEI_std": 0.03872021138491516,
        "probIE": 0.030129694920838418,
        "probIE_std": 0.26798129938358595,
        "probII": 0.003190324513565601,
        "probII_std": 0.036595729629190825,
        "probLengthConst": 1821.8247386095338,
        "propVelocity": 1.0,
        "pt3dRelativeToCellLocation": true,
        "rand123GlobalIndex": null,
        "random123": false,
        "recordCells": [
            [
                "E",
                [
                    68,
                    13
                ]
            ],
            [
                "I",
                [
                    4,
                    5
                ]
            ]
        ],
        "recordCellsSpikes": -1,
        "recordDipole": false,
        "recordDipolesHNN": false,
        "recordLFP": [],
        "recordStep": 0.1,
        "recordStim": false,
        "recordTime": true,
        "recordTraces": {
            "soma_voltage": {
                "loc": 0.5,
                "sec": "soma",
                "var": "v"
            }
        },
        "saveCSV": false,
        "saveCellConns": true,
        "saveCellSecs": true,
        "saveDat": false,
        "saveDataInclude": [
            "simData",
            "simConfig",
            "netParams",
            "net"
        ],
        "saveDipoleCells": false,
        "saveDipolePops": false,
        "saveDpk": false,
        "saveFolder": "/pscratch/sd/a/adammwea/2DNetworkSimulations/NERSC/output/240604_Run1_24n24hr/gen_6",
        "saveHDF5": false,
        "saveJson": true,
        "saveLFPCells": false,
        "saveLFPPops": false,
        "saveMat": false,
        "savePickle": false,
        "saveTiming": false,
        "seeds": {
            "cell": 1,
            "conn": 1,
            "loc": 1,
            "stim": 1
        },
        "simLabel": "gen_6_cand_168",
        "tau1_exc": 2.3479251759094213,
        "tau1_exc_std": 2.4751254408708077,
        "tau1_inh": 2.6200993138654116,
        "tau1_inh_std": 0.37950970723801225,
        "tau2_exc": 29.469564062576744,
        "tau2_exc_std": 7.2142100698827045,
        "tau2_inh": 4.863745827195736,
        "tau2_inh_std": 6.640393715450531,
        "timestampFilename": false,
        "timing": true,
        "tstop": 1000.0,
        "use_fast_imem": false,
        "validateNetParams": false,
        "verbose": false,
        "weightEE": 1.7368148099481868,
        "weightEE_std": 0.3762116707109756,
        "weightEI": 1.9070808983840628,
        "weightEI_std": 0.01736339954062063,
        "weightIE": 0.6795547978429133,
        "weightIE_std": 0.025809999547529532,
        "weightII": 1.9695377574852337,
        "weightII_std": 0.042381991100436986
    }
}