{
    "simConfig": {
        "E_L_mean": 18.8,
        "E_L_stdev": 6.985218926772982,
        "E_Ra_mean": 128.0,
        "E_Ra_stdev": 63.93042459328534,
        "E_diam_mean": 18.8,
        "E_diam_stdev": 6.17498900624706,
        "I_L_mean": 9.0,
        "I_L_stdev": 0.9543556619063023,
        "I_Ra_mean": 110.0,
        "I_Ra_stdev": 28.256877056297583,
        "I_diam_mean": 10.0,
        "I_diam_stdev": 3.329704410103745,
        "addSynMechs": true,
        "allowConnsWithWeight0": true,
        "allowSelfConns": false,
        "analysis": {},
        "backupCfgFile": [],
        "cache_efficient": true,
        "checkErrors": false,
        "compactConnFormat": false,
        "connRandomSecFromList": true,
        "coreneuron": false,
        "createNEURONObj": true,
        "createPyStruct": true,
        "cvode_active": false,
        "cvode_atol": 0.001,
        "distributeSynsUniformly": true,
        "dt": 0.025,
        "dump_coreneuron_model": false,
        "duration": 1000.0,
        "duration_seconds": 330.0,
        "filename": "model_output",
        "gatherOnlySimData": false,
        "gkbar_E": 0.785926605365501,
        "gkbar_E_std": 0.01511556466976096,
        "gkbar_I": 0.2537807766815374,
        "gkbar_I_std": 2.48801292924689,
        "gnabar_E": 2.179376181202519,
        "gnabar_E_std": 0.10262760616540867,
        "gnabar_I": 1.688581588507015,
        "gnabar_I_std": 0.897495697214963,
        "gpu": false,
        "hParams": {
            "celsius": 6.3,
            "clamp_resist": 0.001,
            "v_init": -65.0
        },
        "includeParamsLabel": true,
        "invertedYCoord": true,
        "networkType": "22May24",
        "oneSynPerNetcon": true,
        "printPopAvgRates": [
            100,
            1000.0
        ],
        "printRunTime": false,
        "printSynsAfterRule": false,
        "probEE": 0.6857443335429042,
        "probEE_std": 0.4897721100516245,
        "probEI": 0.30004793644413885,
        "probEI_std": 0.30392639925066256,
        "probIE": 0.10571948826844996,
        "probIE_std": 0.1336246478172901,
        "probII": 0.1558040063712477,
        "probII_std": 0.03922067309015269,
        "probLengthConst": 2998.889594695228,
        "propVelocity": 1.0,
        "pt3dRelativeToCellLocation": true,
        "rand123GlobalIndex": null,
        "random123": false,
        "recordCells": [
            [
                "E",
                [
                    68,
                    13
                ]
            ],
            [
                "I",
                [
                    4,
                    5
                ]
            ]
        ],
        "recordCellsSpikes": -1,
        "recordDipole": false,
        "recordDipolesHNN": false,
        "recordLFP": [],
        "recordStep": 0.1,
        "recordStim": false,
        "recordTime": true,
        "recordTraces": {
            "soma_voltage": {
                "loc": 0.5,
                "sec": "soma",
                "var": "v"
            }
        },
        "saveCSV": false,
        "saveCellConns": true,
        "saveCellSecs": true,
        "saveDat": false,
        "saveDataInclude": [
            "simData",
            "simConfig",
            "netParams",
            "net"
        ],
        "saveDipoleCells": false,
        "saveDipolePops": false,
        "saveDpk": false,
        "saveFolder": "/pscratch/sd/a/adammwea/2DNetworkSimulations/NERSC/output/240604_Run1_24n24hr/gen_6",
        "saveHDF5": false,
        "saveJson": true,
        "saveLFPCells": false,
        "saveLFPPops": false,
        "saveMat": false,
        "savePickle": false,
        "saveTiming": false,
        "seeds": {
            "cell": 1,
            "conn": 1,
            "loc": 1,
            "stim": 1
        },
        "simLabel": "gen_6_cand_192",
        "tau1_exc": 2.3247457326627186,
        "tau1_exc_std": 0.6530685692851884,
        "tau1_inh": 4.607355153353804,
        "tau1_inh_std": 0.5873092361011703,
        "tau2_exc": 3.651518946751019,
        "tau2_exc_std": 9.460296329035916,
        "tau2_inh": 6.2814371948077845,
        "tau2_inh_std": 0.4530486315362798,
        "timestampFilename": false,
        "timing": true,
        "tstop": 1000.0,
        "use_fast_imem": false,
        "validateNetParams": false,
        "verbose": false,
        "weightEE": 0.519270378309151,
        "weightEE_std": 0.4959237669002151,
        "weightEI": 0.5213129397017833,
        "weightEI_std": 0.2943336902364773,
        "weightIE": 0.8808479377430891,
        "weightIE_std": 0.025963493283179116,
        "weightII": 1.9628076261835645,
        "weightII_std": 0.15778556651385642
    }
}