{
    "simConfig": {
        "E_L_mean": 18.8,
        "E_L_stdev": 0.017529130140697673,
        "E_Ra_mean": 128.0,
        "E_Ra_stdev": 14.838460821096607,
        "E_diam_mean": 18.8,
        "E_diam_stdev": 0.42405753427658865,
        "I_L_mean": 9.0,
        "I_L_stdev": 1.8317938458173633,
        "I_Ra_mean": 110.0,
        "I_Ra_stdev": 4.062949869145175,
        "I_diam_mean": 10.0,
        "I_diam_stdev": 1.3634630611879952,
        "addSynMechs": true,
        "allowConnsWithWeight0": true,
        "allowSelfConns": false,
        "analysis": {},
        "backupCfgFile": [],
        "cache_efficient": true,
        "checkErrors": false,
        "compactConnFormat": false,
        "connRandomSecFromList": true,
        "coreneuron": false,
        "createNEURONObj": true,
        "createPyStruct": true,
        "cvode_active": false,
        "cvode_atol": 0.001,
        "distributeSynsUniformly": true,
        "dt": 0.025,
        "dump_coreneuron_model": false,
        "duration": 1000.0,
        "duration_seconds": 330.0,
        "filename": "model_output",
        "gatherOnlySimData": false,
        "gkbar_E": 0.0006444306331719036,
        "gkbar_E_std": 0.12067811587752209,
        "gkbar_I": 7.178688228903158,
        "gkbar_I_std": 2.260247958055591,
        "gnabar_E": 2.559746169995596,
        "gnabar_E_std": 0.0092644426786383,
        "gnabar_I": 2.5287559033487614,
        "gnabar_I_std": 0.581028963348591,
        "gpu": false,
        "hParams": {
            "celsius": 6.3,
            "clamp_resist": 0.001,
            "v_init": -65.0
        },
        "includeParamsLabel": true,
        "invertedYCoord": true,
        "networkType": "22May24",
        "oneSynPerNetcon": true,
        "printPopAvgRates": [
            100,
            1000.0
        ],
        "printRunTime": false,
        "printSynsAfterRule": false,
        "probEE": 0.04934940004619481,
        "probEE_std": 0.3280770437890512,
        "probEI": 0.9186256538567242,
        "probEI_std": 0.3072829423908652,
        "probIE": 0.7192925043572345,
        "probIE_std": 0.11750090584361911,
        "probII": 0.013936011429864531,
        "probII_std": 0.20968510867523724,
        "probLengthConst": 971.6269770628014,
        "propVelocity": 1.0,
        "pt3dRelativeToCellLocation": true,
        "rand123GlobalIndex": null,
        "random123": false,
        "recordCells": [
            [
                "E",
                [
                    68,
                    13
                ]
            ],
            [
                "I",
                [
                    4,
                    5
                ]
            ]
        ],
        "recordCellsSpikes": -1,
        "recordDipole": false,
        "recordDipolesHNN": false,
        "recordLFP": [],
        "recordStep": 0.1,
        "recordStim": false,
        "recordTime": true,
        "recordTraces": {
            "soma_voltage": {
                "loc": 0.5,
                "sec": "soma",
                "var": "v"
            }
        },
        "saveCSV": false,
        "saveCellConns": true,
        "saveCellSecs": true,
        "saveDat": false,
        "saveDataInclude": [
            "simData",
            "simConfig",
            "netParams",
            "net"
        ],
        "saveDipoleCells": false,
        "saveDipolePops": false,
        "saveDpk": false,
        "saveFolder": "/pscratch/sd/a/adammwea/2DNetworkSimulations/NERSC/output/240604_Run1_24n24hr/gen_6",
        "saveHDF5": false,
        "saveJson": true,
        "saveLFPCells": false,
        "saveLFPPops": false,
        "saveMat": false,
        "savePickle": false,
        "saveTiming": false,
        "seeds": {
            "cell": 1,
            "conn": 1,
            "loc": 1,
            "stim": 1
        },
        "simLabel": "gen_6_cand_118",
        "tau1_exc": 0.9216896048059591,
        "tau1_exc_std": 0.4218030337872193,
        "tau1_inh": 9.724023474616038,
        "tau1_inh_std": 3.0781297104265826,
        "tau2_exc": 1.468997865352281,
        "tau2_exc_std": 4.7320984650628235,
        "tau2_inh": 9.381173713794302,
        "tau2_inh_std": 9.6248506921953,
        "timestampFilename": false,
        "timing": true,
        "tstop": 1000.0,
        "use_fast_imem": false,
        "validateNetParams": false,
        "verbose": false,
        "weightEE": 0.42590556307256955,
        "weightEE_std": 0.2006808431996909,
        "weightEI": 1.9831913075306185,
        "weightEI_std": 0.3208691000281685,
        "weightIE": 0.08621740752159357,
        "weightIE_std": 0.32841122038682097,
        "weightII": 1.6064746362633575,
        "weightII_std": 0.11660237063044837
    }
}