{
    "simConfig": {
        "E_L_mean": 18.8,
        "E_L_stdev": 0.948657091921405,
        "E_Ra_mean": 128.0,
        "E_Ra_stdev": 60.706955041445624,
        "E_diam_mean": 18.8,
        "E_diam_stdev": 4.903022690674677,
        "I_L_mean": 9.0,
        "I_L_stdev": 0.9607310603867407,
        "I_Ra_mean": 110.0,
        "I_Ra_stdev": 50.944137088438396,
        "I_diam_mean": 10.0,
        "I_diam_stdev": 1.9304248144900906,
        "addSynMechs": true,
        "allowConnsWithWeight0": true,
        "allowSelfConns": false,
        "analysis": {},
        "backupCfgFile": [],
        "cache_efficient": true,
        "checkErrors": false,
        "compactConnFormat": false,
        "connRandomSecFromList": true,
        "coreneuron": false,
        "createNEURONObj": true,
        "createPyStruct": true,
        "cvode_active": false,
        "cvode_atol": 0.001,
        "distributeSynsUniformly": true,
        "dt": 0.025,
        "dump_coreneuron_model": false,
        "duration": 1000.0,
        "duration_seconds": 330.0,
        "filename": "model_output",
        "gatherOnlySimData": false,
        "gkbar_E": 0.11041717075335265,
        "gkbar_E_std": 0.077047528353543,
        "gkbar_I": 6.029925870175209,
        "gkbar_I_std": 2.2981742747712426,
        "gnabar_E": 2.818723709392325,
        "gnabar_E_std": 0.019510429112659988,
        "gnabar_I": 4.76103080614366,
        "gnabar_I_std": 0.027220123413155606,
        "gpu": false,
        "hParams": {
            "celsius": 6.3,
            "clamp_resist": 0.001,
            "v_init": -65.0
        },
        "includeParamsLabel": true,
        "invertedYCoord": true,
        "networkType": "22May24",
        "oneSynPerNetcon": true,
        "printPopAvgRates": [
            100,
            1000.0
        ],
        "printRunTime": false,
        "printSynsAfterRule": false,
        "probEE": 0.0005593509889349062,
        "probEE_std": 0.23234163316349188,
        "probEI": 0.9999857491241392,
        "probEI_std": 0.15072224618083796,
        "probIE": 0.744406755685662,
        "probIE_std": 0.00280043854274592,
        "probII": 0.22313334353656694,
        "probII_std": 0.43366319811997633,
        "probLengthConst": 339.0656933252685,
        "propVelocity": 1.0,
        "pt3dRelativeToCellLocation": true,
        "rand123GlobalIndex": null,
        "random123": false,
        "recordCells": [
            [
                "E",
                [
                    68,
                    13
                ]
            ],
            [
                "I",
                [
                    4,
                    5
                ]
            ]
        ],
        "recordCellsSpikes": -1,
        "recordDipole": false,
        "recordDipolesHNN": false,
        "recordLFP": [],
        "recordStep": 0.1,
        "recordStim": false,
        "recordTime": true,
        "recordTraces": {
            "soma_voltage": {
                "loc": 0.5,
                "sec": "soma",
                "var": "v"
            }
        },
        "saveCSV": false,
        "saveCellConns": true,
        "saveCellSecs": true,
        "saveDat": false,
        "saveDataInclude": [
            "simData",
            "simConfig",
            "netParams",
            "net"
        ],
        "saveDipoleCells": false,
        "saveDipolePops": false,
        "saveDpk": false,
        "saveFolder": "/pscratch/sd/a/adammwea/2DNetworkSimulations/NERSC/output/240604_Run1_24n24hr/gen_6",
        "saveHDF5": false,
        "saveJson": true,
        "saveLFPCells": false,
        "saveLFPPops": false,
        "saveMat": false,
        "savePickle": false,
        "saveTiming": false,
        "seeds": {
            "cell": 1,
            "conn": 1,
            "loc": 1,
            "stim": 1
        },
        "simLabel": "gen_6_cand_218",
        "tau1_exc": 4.33272640505302,
        "tau1_exc_std": 0.13902104217713632,
        "tau1_inh": 8.239188644418997,
        "tau1_inh_std": 2.017281894724137,
        "tau2_exc": 8.276119062945687,
        "tau2_exc_std": 9.366972961502972,
        "tau2_inh": 16.281586940673485,
        "tau2_inh_std": 0.49510363424888126,
        "timestampFilename": false,
        "timing": true,
        "tstop": 1000.0,
        "use_fast_imem": false,
        "validateNetParams": false,
        "verbose": false,
        "weightEE": 0.9398592738789926,
        "weightEE_std": 0.44520298606462927,
        "weightEI": 1.6773693127772993,
        "weightEI_std": 0.0949793256876797,
        "weightIE": 0.9894153252955108,
        "weightIE_std": 0.31919859757357577,
        "weightII": 1.7814095593391623,
        "weightII_std": 0.03778083636491547
    }
}