{
    "simConfig": {
        "E_L_mean": 18.8,
        "E_L_stdev": 0.42910165611730183,
        "E_Ra_mean": 128.0,
        "E_Ra_stdev": 3.3092523843226216,
        "E_diam_mean": 18.8,
        "E_diam_stdev": 4.9253983245733934e-05,
        "I_L_mean": 9.0,
        "I_L_stdev": 2.3187250256889125,
        "I_Ra_mean": 110.0,
        "I_Ra_stdev": 37.66763647529302,
        "I_diam_mean": 10.0,
        "I_diam_stdev": 0.19382505311073928,
        "addSynMechs": true,
        "allowConnsWithWeight0": true,
        "allowSelfConns": false,
        "analysis": {},
        "backupCfgFile": [],
        "cache_efficient": true,
        "checkErrors": false,
        "compactConnFormat": false,
        "connRandomSecFromList": true,
        "coreneuron": false,
        "createNEURONObj": true,
        "createPyStruct": true,
        "cvode_active": false,
        "cvode_atol": 0.001,
        "distributeSynsUniformly": true,
        "dt": 0.025,
        "dump_coreneuron_model": false,
        "duration": 1000.0,
        "duration_seconds": 330.0,
        "filename": "model_output",
        "gatherOnlySimData": false,
        "gkbar_E": 0.48886591968472864,
        "gkbar_E_std": 0.10452549536029787,
        "gkbar_I": 9.924615099348447,
        "gkbar_I_std": 0.7251012463053436,
        "gnabar_E": 1.3144835201255463,
        "gnabar_E_std": 0.14370083281333276,
        "gnabar_I": 0.9164509658448351,
        "gnabar_I_std": 0.013071985709027593,
        "gpu": false,
        "hParams": {
            "celsius": 6.3,
            "clamp_resist": 0.001,
            "v_init": -65.0
        },
        "includeParamsLabel": true,
        "invertedYCoord": true,
        "networkType": "22May24",
        "oneSynPerNetcon": true,
        "printPopAvgRates": [
            100,
            1000.0
        ],
        "printRunTime": false,
        "printSynsAfterRule": false,
        "probEE": 0.1618346359517585,
        "probEE_std": 0.4999481016488498,
        "probEI": 0.3284458476514868,
        "probEI_std": 0.17896330036406655,
        "probIE": 0.02943842450311568,
        "probIE_std": 0.3828439304508249,
        "probII": 0.332233464617461,
        "probII_std": 0.4810897844791856,
        "probLengthConst": 316.5463038123625,
        "propVelocity": 1.0,
        "pt3dRelativeToCellLocation": true,
        "rand123GlobalIndex": null,
        "random123": false,
        "recordCells": [
            [
                "E",
                [
                    68,
                    13
                ]
            ],
            [
                "I",
                [
                    4,
                    5
                ]
            ]
        ],
        "recordCellsSpikes": -1,
        "recordDipole": false,
        "recordDipolesHNN": false,
        "recordLFP": [],
        "recordStep": 0.1,
        "recordStim": false,
        "recordTime": true,
        "recordTraces": {
            "soma_voltage": {
                "loc": 0.5,
                "sec": "soma",
                "var": "v"
            }
        },
        "saveCSV": false,
        "saveCellConns": true,
        "saveCellSecs": true,
        "saveDat": false,
        "saveDataInclude": [
            "simData",
            "simConfig",
            "netParams",
            "net"
        ],
        "saveDipoleCells": false,
        "saveDipolePops": false,
        "saveDpk": false,
        "saveFolder": "/pscratch/sd/a/adammwea/2DNetworkSimulations/NERSC/output/240604_Run1_24n24hr/gen_6",
        "saveHDF5": false,
        "saveJson": true,
        "saveLFPCells": false,
        "saveLFPPops": false,
        "saveMat": false,
        "savePickle": false,
        "saveTiming": false,
        "seeds": {
            "cell": 1,
            "conn": 1,
            "loc": 1,
            "stim": 1
        },
        "simLabel": "gen_6_cand_270",
        "tau1_exc": 0.6276198508304871,
        "tau1_exc_std": 0.4800578593396852,
        "tau1_inh": 9.946311129530322,
        "tau1_inh_std": 1.1352161752259746,
        "tau2_exc": 9.402669287153085,
        "tau2_exc_std": 2.8239271874841245,
        "tau2_inh": 2.133294865423008,
        "tau2_inh_std": 7.866634048097235,
        "timestampFilename": false,
        "timing": true,
        "tstop": 1000.0,
        "use_fast_imem": false,
        "validateNetParams": false,
        "verbose": false,
        "weightEE": 0.10063092834573498,
        "weightEE_std": 0.10184925776058028,
        "weightEI": 1.9059593249990194,
        "weightEI_std": 0.3043472052789554,
        "weightIE": 0.7424289613357808,
        "weightIE_std": 0.005702243494465486,
        "weightII": 0.11341549811296803,
        "weightII_std": 0.17314525744279866
    }
}