{
    "BigBurstVal_Fitness": {
        "Value": 4148.802257126275,
        "Fit": 1000.0
    },
    "numBig_Fitness": {
        "Value": 2,
        "Percent": 100.0,
        "Fit": 1000
    },
    "SmallBurstVal_Fitness": {
        "Value": null,
        "Fit": 1000
    },
    "numSmall_Fitness": {
        "Value": 0,
        "Percent": 0.0,
        "Fit": 1000
    },
    "burst_peak_frequency_fitness": {
        "Value": 0.2222222222222222,
        "Fit": 1.1116646602870195
    },
    "IBI_fitness": {
        "Value": 8.1,
        "Fit": 1.0000623325659
    },
    "baseline_fitness": {
        "Value": 2763.466033027611,
        "Fit": 1000
    },
    "slopeFitness": {
        "Value": -15.200041409240173,
        "Fit": 1000
    },
    "thresh": {
        "Value": 2727.783256701465,
        "Fit": 1000
    },
    "sustain_oscillation_fitness": {
        "Value": 59.60264900662252,
        "Fit": 1000
    },
    "E_rate_fitness": {
        "Value": 6.841269841269842,
        "Fit": 389.1259906388259
    },
    "I_rate_fitness": {
        "Value": 24.611111111111107,
        "Fit": 1000
    },
    "maxFitness": 1000,
    "average_fitness": 782.6031431359733,
    "average_scaled_fitness": 0.7823855150865907
}