{
    "simConfig": {
        "E_L_mean": 18.8,
        "E_L_stdev": 9.373537066227941,
        "E_Ra_mean": 128.0,
        "E_Ra_stdev": 60.466344311118405,
        "E_diam_mean": 18.8,
        "E_diam_stdev": 2.0342391657435446,
        "I_L_mean": 9.0,
        "I_L_stdev": 1.0903034277827262,
        "I_Ra_mean": 110.0,
        "I_Ra_stdev": 1.2099483126701145,
        "I_diam_mean": 10.0,
        "I_diam_stdev": 2.9120519738599935,
        "addSynMechs": true,
        "allowConnsWithWeight0": true,
        "allowSelfConns": false,
        "analysis": {},
        "backupCfgFile": [],
        "cache_efficient": true,
        "checkErrors": false,
        "compactConnFormat": false,
        "connRandomSecFromList": true,
        "coreneuron": false,
        "createNEURONObj": true,
        "createPyStruct": true,
        "cvode_active": false,
        "cvode_atol": 0.001,
        "distributeSynsUniformly": true,
        "dt": 0.025,
        "dump_coreneuron_model": false,
        "duration": 1000.0,
        "duration_seconds": 330.0,
        "filename": "model_output",
        "gatherOnlySimData": false,
        "gkbar_E": 0.27613293551693513,
        "gkbar_E_std": 0.06104948554108373,
        "gkbar_I": 0.0008941912292053423,
        "gkbar_I_std": 1.725450093885004,
        "gnabar_E": 3.5615742842683336,
        "gnabar_E_std": 1.535288333180663,
        "gnabar_I": 1.9053581319002864,
        "gnabar_I_std": 0.021700282796646375,
        "gpu": false,
        "hParams": {
            "celsius": 6.3,
            "clamp_resist": 0.001,
            "v_init": -65.0
        },
        "includeParamsLabel": true,
        "invertedYCoord": true,
        "networkType": "22May24",
        "oneSynPerNetcon": true,
        "printPopAvgRates": [
            100,
            1000.0
        ],
        "printRunTime": false,
        "printSynsAfterRule": false,
        "probEE": 0.0783874995106062,
        "probEE_std": 0.09251451347462837,
        "probEI": 0.5220839125813006,
        "probEI_std": 0.028492626706875922,
        "probIE": 0.7437335001304339,
        "probIE_std": 0.007431197585764493,
        "probII": 0.5677754056575742,
        "probII_std": 0.21662851080309348,
        "probLengthConst": 77.61475841354249,
        "propVelocity": 1.0,
        "pt3dRelativeToCellLocation": true,
        "rand123GlobalIndex": null,
        "random123": false,
        "recordCells": [
            [
                "E",
                [
                    68,
                    13
                ]
            ],
            [
                "I",
                [
                    4,
                    5
                ]
            ]
        ],
        "recordCellsSpikes": -1,
        "recordDipole": false,
        "recordDipolesHNN": false,
        "recordLFP": [],
        "recordStep": 0.1,
        "recordStim": false,
        "recordTime": true,
        "recordTraces": {
            "soma_voltage": {
                "loc": 0.5,
                "sec": "soma",
                "var": "v"
            }
        },
        "saveCSV": false,
        "saveCellConns": true,
        "saveCellSecs": true,
        "saveDat": false,
        "saveDataInclude": [
            "simData",
            "simConfig",
            "netParams",
            "net"
        ],
        "saveDipoleCells": false,
        "saveDipolePops": false,
        "saveDpk": false,
        "saveFolder": "/pscratch/sd/a/adammwea/2DNetworkSimulations/NERSC/output/240604_Run1_24n24hr/gen_5",
        "saveHDF5": false,
        "saveJson": true,
        "saveLFPCells": false,
        "saveLFPPops": false,
        "saveMat": false,
        "savePickle": false,
        "saveTiming": false,
        "seeds": {
            "cell": 1,
            "conn": 1,
            "loc": 1,
            "stim": 1
        },
        "simLabel": "gen_5_cand_252",
        "tau1_exc": 4.4460644141698555,
        "tau1_exc_std": 2.841160278108231,
        "tau1_inh": 5.972130540967511,
        "tau1_inh_std": 1.5931081291497131,
        "tau2_exc": 22.838487975543295,
        "tau2_exc_std": 9.116212059127285,
        "tau2_inh": 8.508319105319737,
        "tau2_inh_std": 0.6195508295589232,
        "timestampFilename": false,
        "timing": true,
        "tstop": 1000.0,
        "use_fast_imem": false,
        "validateNetParams": false,
        "verbose": false,
        "weightEE": 1.98732165957965,
        "weightEE_std": 0.46994039509571306,
        "weightEI": 1.4226873098435848,
        "weightEI_std": 0.23804574121995897,
        "weightIE": 0.9505634230609498,
        "weightIE_std": 0.009570080616047971,
        "weightII": 1.9665810519420757,
        "weightII_std": 0.24823168397249715
    }
}