{
    "simConfig": {
        "E_L_mean": 18.8,
        "E_L_stdev": 7.988645761200529,
        "E_Ra_mean": 128.0,
        "E_Ra_stdev": 63.99395852059685,
        "E_diam_mean": 18.8,
        "E_diam_stdev": 4.119575303677513,
        "I_L_mean": 9.0,
        "I_L_stdev": 0.8175951467186737,
        "I_Ra_mean": 110.0,
        "I_Ra_stdev": 44.77900940212105,
        "I_diam_mean": 10.0,
        "I_diam_stdev": 3.048734785393412,
        "addSynMechs": true,
        "allowConnsWithWeight0": true,
        "allowSelfConns": false,
        "analysis": {},
        "backupCfgFile": [],
        "cache_efficient": true,
        "checkErrors": false,
        "compactConnFormat": false,
        "connRandomSecFromList": true,
        "coreneuron": false,
        "createNEURONObj": true,
        "createPyStruct": true,
        "cvode_active": false,
        "cvode_atol": 0.001,
        "distributeSynsUniformly": true,
        "dt": 0.025,
        "dump_coreneuron_model": false,
        "duration": 1000.0,
        "duration_seconds": 330.0,
        "filename": "model_output",
        "gatherOnlySimData": false,
        "gkbar_E": 0.8411937461195749,
        "gkbar_E_std": 0.4191185155462608,
        "gkbar_I": 2.1925962642129635,
        "gkbar_I_std": 2.4905081264624322,
        "gnabar_E": 6.6779094699808965,
        "gnabar_E_std": 1.169951726787134,
        "gnabar_I": 2.0028386911676153,
        "gnabar_I_std": 0.29547654887408764,
        "gpu": false,
        "hParams": {
            "celsius": 6.3,
            "clamp_resist": 0.001,
            "v_init": -65.0
        },
        "includeParamsLabel": true,
        "invertedYCoord": true,
        "networkType": "22May24",
        "oneSynPerNetcon": true,
        "printPopAvgRates": [
            100,
            1000.0
        ],
        "printRunTime": false,
        "printSynsAfterRule": false,
        "probEE": 0.4353250633109404,
        "probEE_std": 0.4391468464234007,
        "probEI": 0.32489894641693207,
        "probEI_std": 0.42518927585438904,
        "probIE": 0.6366019610629594,
        "probIE_std": 0.36878533578641204,
        "probII": 0.14862995005874233,
        "probII_std": 0.03282977195763455,
        "probLengthConst": 1547.2831685626838,
        "propVelocity": 1.0,
        "pt3dRelativeToCellLocation": true,
        "rand123GlobalIndex": null,
        "random123": false,
        "recordCells": [
            [
                "E",
                [
                    68,
                    13
                ]
            ],
            [
                "I",
                [
                    4,
                    5
                ]
            ]
        ],
        "recordCellsSpikes": -1,
        "recordDipole": false,
        "recordDipolesHNN": false,
        "recordLFP": [],
        "recordStep": 0.1,
        "recordStim": false,
        "recordTime": true,
        "recordTraces": {
            "soma_voltage": {
                "loc": 0.5,
                "sec": "soma",
                "var": "v"
            }
        },
        "saveCSV": false,
        "saveCellConns": true,
        "saveCellSecs": true,
        "saveDat": false,
        "saveDataInclude": [
            "simData",
            "simConfig",
            "netParams",
            "net"
        ],
        "saveDipoleCells": false,
        "saveDipolePops": false,
        "saveDpk": false,
        "saveFolder": "/pscratch/sd/a/adammwea/2DNetworkSimulations/NERSC/output/240604_Run1_24n24hr/gen_5",
        "saveHDF5": false,
        "saveJson": true,
        "saveLFPCells": false,
        "saveLFPPops": false,
        "saveMat": false,
        "savePickle": false,
        "saveTiming": false,
        "seeds": {
            "cell": 1,
            "conn": 1,
            "loc": 1,
            "stim": 1
        },
        "simLabel": "gen_5_cand_120",
        "tau1_exc": 0.08174317655666652,
        "tau1_exc_std": 0.034581708807621334,
        "tau1_inh": 0.0162105804962418,
        "tau1_inh_std": 2.808959981234918,
        "tau2_exc": 29.958609957892865,
        "tau2_exc_std": 5.527855545301268,
        "tau2_inh": 2.905764381304439,
        "tau2_inh_std": 8.01375908029786,
        "timestampFilename": false,
        "timing": true,
        "tstop": 1000.0,
        "use_fast_imem": false,
        "validateNetParams": false,
        "verbose": false,
        "weightEE": 0.00457739593403203,
        "weightEE_std": 0.1683936669182061,
        "weightEI": 1.1359847639594745,
        "weightEI_std": 0.32072583804091515,
        "weightIE": 0.28187750497250164,
        "weightIE_std": 0.24685891374811475,
        "weightII": 1.5564256712633426,
        "weightII_std": 0.2073856390519308
    }
}