{
    "simConfig": {
        "E_L_mean": 18.8,
        "E_L_stdev": 8.48672909929002,
        "E_Ra_mean": 128.0,
        "E_Ra_stdev": 56.235331972742706,
        "E_diam_mean": 18.8,
        "E_diam_stdev": 1.838129282115117,
        "I_L_mean": 9.0,
        "I_L_stdev": 2.9622539135370656,
        "I_Ra_mean": 110.0,
        "I_Ra_stdev": 0.9923361954663117,
        "I_diam_mean": 10.0,
        "I_diam_stdev": 1.9267822188802781,
        "addSynMechs": true,
        "allowConnsWithWeight0": true,
        "allowSelfConns": false,
        "analysis": {},
        "backupCfgFile": [],
        "cache_efficient": true,
        "checkErrors": false,
        "compactConnFormat": false,
        "connRandomSecFromList": true,
        "coreneuron": false,
        "createNEURONObj": true,
        "createPyStruct": true,
        "cvode_active": false,
        "cvode_atol": 0.001,
        "distributeSynsUniformly": true,
        "dt": 0.025,
        "dump_coreneuron_model": false,
        "duration": 1000.0,
        "duration_seconds": 330.0,
        "filename": "model_output",
        "gatherOnlySimData": false,
        "gkbar_E": 0.44167850624827915,
        "gkbar_E_std": 0.044375749321764156,
        "gkbar_I": 0.00024310156840927512,
        "gkbar_I_std": 2.3255353346564553,
        "gnabar_E": 1.841680638295081,
        "gnabar_E_std": 0.05976159803648627,
        "gnabar_I": 2.649704584831532,
        "gnabar_I_std": 0.7641629063048996,
        "gpu": false,
        "hParams": {
            "celsius": 6.3,
            "clamp_resist": 0.001,
            "v_init": -65.0
        },
        "includeParamsLabel": true,
        "invertedYCoord": true,
        "networkType": "22May24",
        "oneSynPerNetcon": true,
        "printPopAvgRates": [
            100,
            1000.0
        ],
        "printRunTime": false,
        "printSynsAfterRule": false,
        "probEE": 0.06357666692942887,
        "probEE_std": 0.3241625904802182,
        "probEI": 0.8946905639456058,
        "probEI_std": 0.3962845502423601,
        "probIE": 0.06117787602240708,
        "probIE_std": 0.4692992378137544,
        "probII": 0.5979139947814003,
        "probII_std": 0.4988275945334717,
        "probLengthConst": 2845.558609688009,
        "propVelocity": 1.0,
        "pt3dRelativeToCellLocation": true,
        "rand123GlobalIndex": null,
        "random123": false,
        "recordCells": [
            [
                "E",
                [
                    68,
                    13
                ]
            ],
            [
                "I",
                [
                    4,
                    5
                ]
            ]
        ],
        "recordCellsSpikes": -1,
        "recordDipole": false,
        "recordDipolesHNN": false,
        "recordLFP": [],
        "recordStep": 0.1,
        "recordStim": false,
        "recordTime": true,
        "recordTraces": {
            "soma_voltage": {
                "loc": 0.5,
                "sec": "soma",
                "var": "v"
            }
        },
        "saveCSV": false,
        "saveCellConns": true,
        "saveCellSecs": true,
        "saveDat": false,
        "saveDataInclude": [
            "simData",
            "simConfig",
            "netParams",
            "net"
        ],
        "saveDipoleCells": false,
        "saveDipolePops": false,
        "saveDpk": false,
        "saveFolder": "/pscratch/sd/a/adammwea/2DNetworkSimulations/NERSC/output/240604_Run1_24n24hr/gen_5",
        "saveHDF5": false,
        "saveJson": true,
        "saveLFPCells": false,
        "saveLFPPops": false,
        "saveMat": false,
        "savePickle": false,
        "saveTiming": false,
        "seeds": {
            "cell": 1,
            "conn": 1,
            "loc": 1,
            "stim": 1
        },
        "simLabel": "gen_5_cand_187",
        "tau1_exc": 2.812094105834851,
        "tau1_exc_std": 0.018339586011733244,
        "tau1_inh": 8.412507677716501,
        "tau1_inh_std": 1.1829487182797565,
        "tau2_exc": 29.63531974038832,
        "tau2_exc_std": 9.835979394485932,
        "tau2_inh": 0.7579742027274576,
        "tau2_inh_std": 7.151450616581721,
        "timestampFilename": false,
        "timing": true,
        "tstop": 1000.0,
        "use_fast_imem": false,
        "validateNetParams": false,
        "verbose": false,
        "weightEE": 0.18071501815609103,
        "weightEE_std": 0.48467965977593896,
        "weightEI": 1.9978403192239242,
        "weightEI_std": 0.012841061959157782,
        "weightIE": 0.8007859778666676,
        "weightIE_std": 0.0937638922202244,
        "weightII": 0.24979704241030354,
        "weightII_std": 0.12488995004021733
    }
}