{
    "burstAmp_Fitness": {
        "Value": 6.62439072516376,
        "Fit": 1000.0
    },
    "burst_peak_frequency_fitness": {
        "Value": 0.20576131687242796,
        "Fit": 1000
    },
    "IBI_fitness": {
        "Value": null,
        "Fit": 1000
    },
    "baseline_fitness": {
        "Value": 27.914122830772296,
        "Fit": 1000
    },
    "slopeFitness": {
        "Value": 0.03035110879802457,
        "Fit": 1.062582448714635
    },
    "thresh": {
        "Value": 22.39926934640152,
        "Fit": 1000
    },
    "sustain_oscillation_fitness": {
        "Value": 57.14285714285714,
        "Fit": 1000
    },
    "rate_fitness": {
        "Value": 4.757275132275132,
        "Fit": 7.931130076920783
    },
    "maxFitness": 1000,
    "average_fitness": 751.1242140657043,
    "average_scaled_fitness": 750.8594817237204
}