{
    "simConfig": {
        "E_L_mean": 18.8,
        "E_L_stdev": 5.531755165629194,
        "E_Ra_mean": 128.0,
        "E_Ra_stdev": 0.5550726972490101,
        "E_diam_mean": 18.8,
        "E_diam_stdev": 2.337436923634957,
        "I_L_mean": 9.0,
        "I_L_stdev": 1.9803320301085638,
        "I_Ra_mean": 110.0,
        "I_Ra_stdev": 0.06545928524936412,
        "I_diam_mean": 10.0,
        "I_diam_stdev": 3.2867195002332794,
        "addSynMechs": true,
        "allowConnsWithWeight0": true,
        "allowSelfConns": false,
        "analysis": {},
        "backupCfgFile": [],
        "cache_efficient": true,
        "checkErrors": false,
        "compactConnFormat": false,
        "connRandomSecFromList": true,
        "coreneuron": false,
        "createNEURONObj": true,
        "createPyStruct": true,
        "cvode_active": false,
        "cvode_atol": 0.001,
        "distributeSynsUniformly": true,
        "dt": 0.025,
        "dump_coreneuron_model": false,
        "duration": 1000.0,
        "duration_seconds": 330.0,
        "filename": "model_output",
        "gatherOnlySimData": false,
        "gkbar_E": 0.007963226938724177,
        "gkbar_E_std": 0.49871408561222047,
        "gkbar_I": 1.70907068628628,
        "gkbar_I_std": 2.4767749401678616,
        "gnabar_E": 0.5431277208971803,
        "gnabar_E_std": 0.06322533543958497,
        "gnabar_I": 3.1403955589217323,
        "gnabar_I_std": 0.9343935705492106,
        "gpu": false,
        "hParams": {
            "celsius": 6.3,
            "clamp_resist": 0.001,
            "v_init": -65.0
        },
        "includeParamsLabel": true,
        "invertedYCoord": true,
        "networkType": "22May24",
        "oneSynPerNetcon": true,
        "printPopAvgRates": [
            100,
            1000.0
        ],
        "printRunTime": false,
        "printSynsAfterRule": false,
        "probEE": 0.48665423792220835,
        "probEE_std": 0.02992884026668293,
        "probEI": 0.3586214378300961,
        "probEI_std": 0.03129981735079798,
        "probIE": 0.35793971932873625,
        "probIE_std": 0.07185968063732191,
        "probII": 0.37471730410402215,
        "probII_std": 0.4233877381273412,
        "probLengthConst": 2828.243454977609,
        "propVelocity": 1.0,
        "pt3dRelativeToCellLocation": true,
        "rand123GlobalIndex": null,
        "random123": false,
        "recordCells": [
            [
                "E",
                [
                    68,
                    13
                ]
            ],
            [
                "I",
                [
                    4,
                    5
                ]
            ]
        ],
        "recordCellsSpikes": -1,
        "recordDipole": false,
        "recordDipolesHNN": false,
        "recordLFP": [],
        "recordStep": 0.1,
        "recordStim": false,
        "recordTime": true,
        "recordTraces": {
            "soma_voltage": {
                "loc": 0.5,
                "sec": "soma",
                "var": "v"
            }
        },
        "saveCSV": false,
        "saveCellConns": true,
        "saveCellSecs": true,
        "saveDat": false,
        "saveDataInclude": [
            "simData",
            "simConfig",
            "netParams",
            "net"
        ],
        "saveDipoleCells": false,
        "saveDipolePops": false,
        "saveDpk": false,
        "saveFolder": "/pscratch/sd/a/adammwea/2DNetworkSimulations/NERSC/output/240604_Run1_24n24hr/gen_4",
        "saveHDF5": false,
        "saveJson": true,
        "saveLFPCells": false,
        "saveLFPPops": false,
        "saveMat": false,
        "savePickle": false,
        "saveTiming": false,
        "seeds": {
            "cell": 1,
            "conn": 1,
            "loc": 1,
            "stim": 1
        },
        "simLabel": "gen_4_cand_454",
        "tau1_exc": 0.7733007823822403,
        "tau1_exc_std": 0.3650345598760139,
        "tau1_inh": 3.3639529142543676,
        "tau1_inh_std": 1.3127618758542372,
        "tau2_exc": 13.54480627700986,
        "tau2_exc_std": 1.1561314005587593,
        "tau2_inh": 2.716172891540637,
        "tau2_inh_std": 9.549573109380717,
        "timestampFilename": false,
        "timing": true,
        "tstop": 1000.0,
        "use_fast_imem": false,
        "validateNetParams": false,
        "verbose": false,
        "weightEE": 1.8102135499426308,
        "weightEE_std": 0.015165941199169003,
        "weightEI": 0.39615930894530615,
        "weightEI_std": 0.2489708408987529,
        "weightIE": 0.9380045724500963,
        "weightIE_std": 0.3194164046051593,
        "weightII": 0.00270705617961442,
        "weightII_std": 0.044655795086725125
    }
}