{
    "simConfig": {
        "E_L_mean": 18.8,
        "E_L_stdev": 6.5121400903150315,
        "E_Ra_mean": 128.0,
        "E_Ra_stdev": 62.76248336256781,
        "E_diam_mean": 18.8,
        "E_diam_stdev": 0.15217323117679626,
        "I_L_mean": 9.0,
        "I_L_stdev": 0.006826277292890821,
        "I_Ra_mean": 110.0,
        "I_Ra_stdev": 36.005967390222295,
        "I_diam_mean": 10.0,
        "I_diam_stdev": 1.4194200892455453,
        "addSynMechs": true,
        "allowConnsWithWeight0": true,
        "allowSelfConns": false,
        "analysis": {},
        "backupCfgFile": [],
        "cache_efficient": true,
        "checkErrors": false,
        "compactConnFormat": false,
        "connRandomSecFromList": true,
        "coreneuron": false,
        "createNEURONObj": true,
        "createPyStruct": true,
        "cvode_active": false,
        "cvode_atol": 0.001,
        "distributeSynsUniformly": true,
        "dt": 0.025,
        "dump_coreneuron_model": false,
        "duration": 1000.0,
        "duration_seconds": 330.0,
        "filename": "model_output",
        "gatherOnlySimData": false,
        "gkbar_E": 0.48248659208558986,
        "gkbar_E_std": 0.460843324026127,
        "gkbar_I": 2.9835643589989784,
        "gkbar_I_std": 0.6764582419324973,
        "gnabar_E": 2.2064896460048793,
        "gnabar_E_std": 1.6639246885884793,
        "gnabar_I": 3.4872971209673245,
        "gnabar_I_std": 0.5452524697042512,
        "gpu": false,
        "hParams": {
            "celsius": 6.3,
            "clamp_resist": 0.001,
            "v_init": -65.0
        },
        "includeParamsLabel": true,
        "invertedYCoord": true,
        "networkType": "22May24",
        "oneSynPerNetcon": true,
        "printPopAvgRates": [
            100,
            1000.0
        ],
        "printRunTime": false,
        "printSynsAfterRule": false,
        "probEE": 0.6023121797605867,
        "probEE_std": 0.3627228973586117,
        "probEI": 0.8683442562912348,
        "probEI_std": 0.1987637938538197,
        "probIE": 0.006852630117300085,
        "probIE_std": 0.009730654537428524,
        "probII": 0.7211328056684776,
        "probII_std": 0.27074106474984366,
        "probLengthConst": 2312.629857449721,
        "propVelocity": 1.0,
        "pt3dRelativeToCellLocation": true,
        "rand123GlobalIndex": null,
        "random123": false,
        "recordCells": [
            [
                "E",
                [
                    68,
                    13
                ]
            ],
            [
                "I",
                [
                    4,
                    5
                ]
            ]
        ],
        "recordCellsSpikes": -1,
        "recordDipole": false,
        "recordDipolesHNN": false,
        "recordLFP": [],
        "recordStep": 0.1,
        "recordStim": false,
        "recordTime": true,
        "recordTraces": {
            "soma_voltage": {
                "loc": 0.5,
                "sec": "soma",
                "var": "v"
            }
        },
        "saveCSV": false,
        "saveCellConns": true,
        "saveCellSecs": true,
        "saveDat": false,
        "saveDataInclude": [
            "simData",
            "simConfig",
            "netParams",
            "net"
        ],
        "saveDipoleCells": false,
        "saveDipolePops": false,
        "saveDpk": false,
        "saveFolder": "/pscratch/sd/a/adammwea/2DNetworkSimulations/NERSC/output/240604_Run1_24n24hr/gen_4",
        "saveHDF5": false,
        "saveJson": true,
        "saveLFPCells": false,
        "saveLFPPops": false,
        "saveMat": false,
        "savePickle": false,
        "saveTiming": false,
        "seeds": {
            "cell": 1,
            "conn": 1,
            "loc": 1,
            "stim": 1
        },
        "simLabel": "gen_4_cand_288",
        "tau1_exc": 4.270588839304352,
        "tau1_exc_std": 0.8417609363007408,
        "tau1_inh": 3.125339127233956,
        "tau1_inh_std": 3.015475145826407,
        "tau2_exc": 12.180092054700992,
        "tau2_exc_std": 9.076271026260658,
        "tau2_inh": 18.753966180613386,
        "tau2_inh_std": 9.158597007449542,
        "timestampFilename": false,
        "timing": true,
        "tstop": 1000.0,
        "use_fast_imem": false,
        "validateNetParams": false,
        "verbose": false,
        "weightEE": 0.3864065757790942,
        "weightEE_std": 0.13074862341658156,
        "weightEI": 0.015217985951614187,
        "weightEI_std": 0.33008480224007536,
        "weightIE": 0.6822664142766005,
        "weightIE_std": 0.009040948102048474,
        "weightII": 0.04697094782601215,
        "weightII_std": 0.1119312783374256
    }
}