{
    "simConfig": {
        "E_L_mean": 18.8,
        "E_L_stdev": 3.1889101549863,
        "E_Ra_mean": 128.0,
        "E_Ra_stdev": 6.082262107260318,
        "E_diam_mean": 18.8,
        "E_diam_stdev": 0.5325805808421462,
        "I_L_mean": 9.0,
        "I_L_stdev": 2.8617702400696046,
        "I_Ra_mean": 110.0,
        "I_Ra_stdev": 35.21899367301182,
        "I_diam_mean": 10.0,
        "I_diam_stdev": 2.307509113231453,
        "addSynMechs": true,
        "allowConnsWithWeight0": true,
        "allowSelfConns": false,
        "analysis": {},
        "backupCfgFile": [],
        "cache_efficient": true,
        "checkErrors": false,
        "compactConnFormat": false,
        "connRandomSecFromList": true,
        "coreneuron": false,
        "createNEURONObj": true,
        "createPyStruct": true,
        "cvode_active": false,
        "cvode_atol": 0.001,
        "distributeSynsUniformly": true,
        "dt": 0.025,
        "dump_coreneuron_model": false,
        "duration": 1000.0,
        "duration_seconds": 60.0,
        "filename": "model_output",
        "gatherOnlySimData": false,
        "gkbar_E": 0.9874837849412998,
        "gkbar_E_std": 0.33172213519002935,
        "gkbar_I": 7.237596011925885,
        "gkbar_I_std": 2.155870618370456,
        "gnabar_E": 0.922061395099036,
        "gnabar_E_std": 1.6321135585381947,
        "gnabar_I": 0.026298521263350444,
        "gnabar_I_std": 0.0031660249126875097,
        "gpu": false,
        "hParams": {
            "celsius": 6.3,
            "clamp_resist": 0.001,
            "v_init": -65.0
        },
        "includeParamsLabel": true,
        "invertedYCoord": true,
        "networkType": "22May24",
        "oneSynPerNetcon": true,
        "printPopAvgRates": [
            100,
            1000.0
        ],
        "printRunTime": false,
        "printSynsAfterRule": false,
        "probEE": 0.17665091048720724,
        "probEE_std": 0.10040783913949924,
        "probEI": 0.27707758412822414,
        "probEI_std": 0.09292029399718432,
        "probIE": 5.027555604483866e-05,
        "probIE_std": 0.31494925575798394,
        "probII": 0.07608107052933354,
        "probII_std": 0.16745883950923843,
        "probLengthConst": 715.814225636022,
        "propVelocity": 1.0,
        "pt3dRelativeToCellLocation": true,
        "rand123GlobalIndex": null,
        "random123": false,
        "recordCells": [
            [
                "E",
                [
                    16,
                    79
                ]
            ],
            [
                "I",
                [
                    28,
                    1
                ]
            ]
        ],
        "recordCellsSpikes": -1,
        "recordDipole": false,
        "recordDipolesHNN": false,
        "recordLFP": [],
        "recordStep": 0.1,
        "recordStim": false,
        "recordTime": true,
        "recordTraces": {
            "soma_voltage": {
                "loc": 0.5,
                "sec": "soma",
                "var": "v"
            }
        },
        "saveCSV": false,
        "saveCellConns": true,
        "saveCellSecs": true,
        "saveDat": false,
        "saveDataInclude": [
            "simData",
            "simConfig",
            "netParams",
            "net"
        ],
        "saveDipoleCells": false,
        "saveDipolePops": false,
        "saveDpk": false,
        "saveFolder": "/pscratch/sd/a/adammwea/2DNetworkSimulations/NERSC/output/240527_Run3_this_should_work/gen_7",
        "saveHDF5": false,
        "saveJson": true,
        "saveLFPCells": false,
        "saveLFPPops": false,
        "saveMat": false,
        "savePickle": false,
        "saveTiming": false,
        "seeds": {
            "cell": 1,
            "conn": 1,
            "loc": 1,
            "stim": 1
        },
        "simLabel": "gen_7_cand_63",
        "tau1_exc": 8.906770415078858,
        "tau1_exc_std": 1.4358815534493135,
        "tau1_inh": 4.814984956556849,
        "tau1_inh_std": 1.4663660085939967,
        "tau2_exc": 19.218008379247234,
        "tau2_exc_std": 0.5197801924363094,
        "tau2_inh": 16.298136133332317,
        "tau2_inh_std": 1.4221427495247334,
        "timestampFilename": false,
        "timing": true,
        "tstop": 1000.0,
        "use_fast_imem": false,
        "validateNetParams": false,
        "verbose": false,
        "weightEE": 0.8276742042155978,
        "weightEE_std": 0.003383565413587506,
        "weightEI": 0.25828783701242597,
        "weightEI_std": 0.19302016840786715,
        "weightIE": 0.15215328174679324,
        "weightIE_std": 0.2357464581877123,
        "weightII": 0.49837985757895453,
        "weightII_std": 0.10343111296501653
    }
}