{
    "simConfig": {
        "E_L_mean": 18.8,
        "E_L_stdev": 6.122136749600569,
        "E_Ra_mean": 128.0,
        "E_Ra_stdev": 28.17568501646386,
        "E_diam_mean": 18.8,
        "E_diam_stdev": 2.5443455723718826,
        "I_L_mean": 9.0,
        "I_L_stdev": 2.1662669413822964,
        "I_Ra_mean": 110.0,
        "I_Ra_stdev": 30.456052267121198,
        "I_diam_mean": 10.0,
        "I_diam_stdev": 2.950297273046754,
        "addSynMechs": true,
        "allowConnsWithWeight0": true,
        "allowSelfConns": false,
        "analysis": {},
        "backupCfgFile": [],
        "cache_efficient": true,
        "checkErrors": false,
        "compactConnFormat": false,
        "connRandomSecFromList": true,
        "coreneuron": false,
        "createNEURONObj": true,
        "createPyStruct": true,
        "cvode_active": false,
        "cvode_atol": 0.001,
        "distributeSynsUniformly": true,
        "dt": 0.025,
        "dump_coreneuron_model": false,
        "duration": 1000.0,
        "duration_seconds": 60.0,
        "filename": "model_output",
        "gatherOnlySimData": false,
        "gkbar_E": 0.5896066794533699,
        "gkbar_E_std": 0.3176681258019762,
        "gkbar_I": 0.9013621104728573,
        "gkbar_I_std": 0.04767267020108238,
        "gnabar_E": 3.4569859085171375,
        "gnabar_E_std": 0.5890752686851964,
        "gnabar_I": 2.8695653625209787,
        "gnabar_I_std": 0.1019196137709456,
        "gpu": false,
        "hParams": {
            "celsius": 6.3,
            "clamp_resist": 0.001,
            "v_init": -65.0
        },
        "includeParamsLabel": true,
        "invertedYCoord": true,
        "networkType": "22May24",
        "oneSynPerNetcon": true,
        "printPopAvgRates": [
            100,
            1000.0
        ],
        "printRunTime": false,
        "printSynsAfterRule": false,
        "probEE": 0.05363539985313026,
        "probEE_std": 0.11161745717113422,
        "probEI": 0.9429407986087153,
        "probEI_std": 0.23374282339175567,
        "probIE": 0.7140658346030344,
        "probIE_std": 0.0015494193262117362,
        "probII": 0.9530413022949186,
        "probII_std": 0.13156064728373443,
        "probLengthConst": 2875.758953576191,
        "propVelocity": 1.0,
        "pt3dRelativeToCellLocation": true,
        "rand123GlobalIndex": null,
        "random123": false,
        "recordCells": [
            [
                "E",
                [
                    16,
                    79
                ]
            ],
            [
                "I",
                [
                    28,
                    1
                ]
            ]
        ],
        "recordCellsSpikes": -1,
        "recordDipole": false,
        "recordDipolesHNN": false,
        "recordLFP": [],
        "recordStep": 0.1,
        "recordStim": false,
        "recordTime": true,
        "recordTraces": {
            "soma_voltage": {
                "loc": 0.5,
                "sec": "soma",
                "var": "v"
            }
        },
        "saveCSV": false,
        "saveCellConns": true,
        "saveCellSecs": true,
        "saveDat": false,
        "saveDataInclude": [
            "simData",
            "simConfig",
            "netParams",
            "net"
        ],
        "saveDipoleCells": false,
        "saveDipolePops": false,
        "saveDpk": false,
        "saveFolder": "/pscratch/sd/a/adammwea/2DNetworkSimulations/NERSC/output/240527_Run3_this_should_work/gen_7",
        "saveHDF5": false,
        "saveJson": true,
        "saveLFPCells": false,
        "saveLFPPops": false,
        "saveMat": false,
        "savePickle": false,
        "saveTiming": false,
        "seeds": {
            "cell": 1,
            "conn": 1,
            "loc": 1,
            "stim": 1
        },
        "simLabel": "gen_7_cand_6",
        "tau1_exc": 5.87883295938701,
        "tau1_exc_std": 0.006984581208192939,
        "tau1_inh": 9.209719137479464,
        "tau1_inh_std": 0.9578040107654868,
        "tau2_exc": 0.6412134799880872,
        "tau2_exc_std": 0.06822954359070312,
        "tau2_inh": 5.357219679927532,
        "tau2_inh_std": 6.643095202957541,
        "timestampFilename": false,
        "timing": true,
        "tstop": 1000.0,
        "use_fast_imem": false,
        "validateNetParams": false,
        "verbose": false,
        "weightEE": 0.31046218460086383,
        "weightEE_std": 0.17269423548817933,
        "weightEI": 0.011553298538067844,
        "weightEI_std": 0.021099644964687136,
        "weightIE": 0.6043672450666495,
        "weightIE_std": 0.005769952839687174,
        "weightII": 0.41897213316852044,
        "weightII_std": 0.012724682127674218
    }
}