{
    "simConfig": {
        "E_L_mean": 18.8,
        "E_L_stdev": 5.78511254394801,
        "E_Ra_mean": 128.0,
        "E_Ra_stdev": 0.8768029241379806,
        "E_diam_mean": 18.8,
        "E_diam_stdev": 0.5670189695971493,
        "I_L_mean": 9.0,
        "I_L_stdev": 1.1333647473919886,
        "I_Ra_mean": 110.0,
        "I_Ra_stdev": 0.6854928746919926,
        "I_diam_mean": 10.0,
        "I_diam_stdev": 2.2319177738634224,
        "addSynMechs": true,
        "allowConnsWithWeight0": true,
        "allowSelfConns": false,
        "analysis": {},
        "backupCfgFile": [],
        "cache_efficient": true,
        "checkErrors": false,
        "compactConnFormat": false,
        "connRandomSecFromList": true,
        "coreneuron": false,
        "createNEURONObj": true,
        "createPyStruct": true,
        "cvode_active": false,
        "cvode_atol": 0.001,
        "distributeSynsUniformly": true,
        "dt": 0.025,
        "dump_coreneuron_model": false,
        "duration": 1000.0,
        "duration_seconds": 60.0,
        "filename": "model_output",
        "gatherOnlySimData": false,
        "gkbar_E": 0.4346358367812557,
        "gkbar_E_std": 0.25006136160673315,
        "gkbar_I": 0.3254997943058302,
        "gkbar_I_std": 2.4956910937050965,
        "gnabar_E": 4.973439192542018,
        "gnabar_E_std": 1.0508015798580495,
        "gnabar_I": 0.050237910490807176,
        "gnabar_I_std": 0.6780731164738457,
        "gpu": false,
        "hParams": {
            "celsius": 6.3,
            "clamp_resist": 0.001,
            "v_init": -65.0
        },
        "includeParamsLabel": true,
        "invertedYCoord": true,
        "networkType": "22May24",
        "oneSynPerNetcon": true,
        "printPopAvgRates": [
            100,
            1000.0
        ],
        "printRunTime": false,
        "printSynsAfterRule": false,
        "probEE": 0.9327761604117535,
        "probEE_std": 0.3230027152974003,
        "probEI": 0.9971057227385259,
        "probEI_std": 0.1113494729520951,
        "probIE": 0.8347515862051929,
        "probIE_std": 0.004641300346390029,
        "probII": 0.37217257002674337,
        "probII_std": 0.26742228557751735,
        "probLengthConst": 979.4418878680628,
        "propVelocity": 1.0,
        "pt3dRelativeToCellLocation": true,
        "rand123GlobalIndex": null,
        "random123": false,
        "recordCells": [
            [
                "E",
                [
                    16,
                    79
                ]
            ],
            [
                "I",
                [
                    28,
                    1
                ]
            ]
        ],
        "recordCellsSpikes": -1,
        "recordDipole": false,
        "recordDipolesHNN": false,
        "recordLFP": [],
        "recordStep": 0.1,
        "recordStim": false,
        "recordTime": true,
        "recordTraces": {
            "soma_voltage": {
                "loc": 0.5,
                "sec": "soma",
                "var": "v"
            }
        },
        "saveCSV": false,
        "saveCellConns": true,
        "saveCellSecs": true,
        "saveDat": false,
        "saveDataInclude": [
            "simData",
            "simConfig",
            "netParams",
            "net"
        ],
        "saveDipoleCells": false,
        "saveDipolePops": false,
        "saveDpk": false,
        "saveFolder": "/pscratch/sd/a/adammwea/2DNetworkSimulations/NERSC/output/240527_Run3_this_should_work/gen_7",
        "saveHDF5": false,
        "saveJson": true,
        "saveLFPCells": false,
        "saveLFPPops": false,
        "saveMat": false,
        "savePickle": false,
        "saveTiming": false,
        "seeds": {
            "cell": 1,
            "conn": 1,
            "loc": 1,
            "stim": 1
        },
        "simLabel": "gen_7_cand_34",
        "tau1_exc": 1.3838844210143835,
        "tau1_exc_std": 0.01927700611132086,
        "tau1_inh": 7.003577897429063,
        "tau1_inh_std": 2.881469617921426,
        "tau2_exc": 19.442603161941243,
        "tau2_exc_std": 0.5166461291145868,
        "tau2_inh": 4.364212282073234,
        "tau2_inh_std": 1.1306643385809698,
        "timestampFilename": false,
        "timing": true,
        "tstop": 1000.0,
        "use_fast_imem": false,
        "validateNetParams": false,
        "verbose": false,
        "weightEE": 0.010584786757893814,
        "weightEE_std": 0.26376174280933706,
        "weightEI": 0.9999497671217092,
        "weightEI_std": 0.33082525939003776,
        "weightIE": 0.013705937782691524,
        "weightIE_std": 0.079417829923277,
        "weightII": 0.34293450522493274,
        "weightII_std": 0.058202317582884064
    }
}