{
    "simConfig": {
        "E_L_mean": 18.8,
        "E_L_stdev": 7.981522113025549,
        "E_Ra_mean": 128.0,
        "E_Ra_stdev": 1.3222245769528809,
        "E_diam_mean": 18.8,
        "E_diam_stdev": 0.022059095909623825,
        "I_L_mean": 9.0,
        "I_L_stdev": 0.2524216391395593,
        "I_Ra_mean": 110.0,
        "I_Ra_stdev": 0.9694490643714788,
        "I_diam_mean": 10.0,
        "I_diam_stdev": 0.3239987016593149,
        "addSynMechs": true,
        "allowConnsWithWeight0": true,
        "allowSelfConns": false,
        "analysis": {},
        "backupCfgFile": [],
        "cache_efficient": true,
        "checkErrors": false,
        "compactConnFormat": false,
        "connRandomSecFromList": true,
        "coreneuron": false,
        "createNEURONObj": true,
        "createPyStruct": true,
        "cvode_active": false,
        "cvode_atol": 0.001,
        "distributeSynsUniformly": true,
        "dt": 0.025,
        "dump_coreneuron_model": false,
        "duration": 1000.0,
        "duration_seconds": 300.0,
        "filename": "model_output",
        "gatherOnlySimData": false,
        "gkbar_E": 0.9695537150423175,
        "gkbar_E_std": 0.487483753031618,
        "gkbar_I": 0.003259211575852317,
        "gkbar_I_std": 1.0323294267960623,
        "gnabar_E": 6.766151005497805,
        "gnabar_E_std": 0.016663340747749736,
        "gnabar_I": 4.9772402392009,
        "gnabar_I_std": 0.9201391416599928,
        "gpu": false,
        "hParams": {
            "celsius": 6.3,
            "clamp_resist": 0.001,
            "v_init": -65.0
        },
        "includeParamsLabel": true,
        "invertedYCoord": true,
        "networkType": "22May24",
        "oneSynPerNetcon": true,
        "printPopAvgRates": [
            100,
            1000.0
        ],
        "printRunTime": false,
        "printSynsAfterRule": false,
        "probEE": 0.6576621923531963,
        "probEE_std": 0.18006801322377414,
        "probEI": 0.9732747986643198,
        "probEI_std": 0.4954460317482252,
        "probIE": 0.620007864096153,
        "probIE_std": 0.18639901328471425,
        "probII": 0.6178804711038499,
        "probII_std": 0.185635466014717,
        "probLengthConst": 2296.664190592393,
        "propVelocity": 1.0,
        "pt3dRelativeToCellLocation": true,
        "rand123GlobalIndex": null,
        "random123": false,
        "recordCells": [
            [
                "E",
                [
                    65,
                    58
                ]
            ],
            [
                "I",
                [
                    22,
                    34
                ]
            ]
        ],
        "recordCellsSpikes": -1,
        "recordDipole": false,
        "recordDipolesHNN": false,
        "recordLFP": [],
        "recordStep": 0.1,
        "recordStim": false,
        "recordTime": true,
        "recordTraces": {
            "soma_voltage": {
                "loc": 0.5,
                "sec": "soma",
                "var": "v"
            }
        },
        "saveCSV": false,
        "saveCellConns": true,
        "saveCellSecs": true,
        "saveDat": false,
        "saveDataInclude": [
            "simData",
            "simConfig",
            "netParams",
            "net"
        ],
        "saveDipoleCells": false,
        "saveDipolePops": false,
        "saveDpk": false,
        "saveFolder": "/pscratch/sd/a/adammwea/2DNetworkSimulations/NERSC/output/240530_Run1_8nodes/gen_6",
        "saveHDF5": false,
        "saveJson": true,
        "saveLFPCells": false,
        "saveLFPPops": false,
        "saveMat": false,
        "savePickle": false,
        "saveTiming": false,
        "seeds": {
            "cell": 1,
            "conn": 1,
            "loc": 1,
            "stim": 1
        },
        "simLabel": "gen_6_cand_5",
        "tau1_exc": 0.6180206328900564,
        "tau1_exc_std": 3.0667157647179057,
        "tau1_inh": 3.7702276150473746,
        "tau1_inh_std": 3.330698357287186,
        "tau2_exc": 15.193281091859696,
        "tau2_exc_std": 9.911344643668054,
        "tau2_inh": 0.0035312324336059693,
        "tau2_inh_std": 7.963947787561426,
        "timestampFilename": false,
        "timing": true,
        "tstop": 1000.0,
        "use_fast_imem": false,
        "validateNetParams": false,
        "verbose": false,
        "weightEE": 1.046945593099918,
        "weightEE_std": 0.1546720887242658,
        "weightEI": 0.098163002764591,
        "weightEI_std": 0.0009701959956545684,
        "weightIE": 0.432654347320588,
        "weightIE_std": 0.013100433649456417,
        "weightII": 0.942236812288866,
        "weightII_std": 0.24839408282551118
    }
}