{
    "simConfig": {
        "E_L_mean": 18.8,
        "E_L_stdev": 7.825115537858775,
        "E_Ra_mean": 128.0,
        "E_Ra_stdev": 46.80878243281482,
        "E_diam_mean": 18.8,
        "E_diam_stdev": 2.137410666689343,
        "I_L_mean": 9.0,
        "I_L_stdev": 2.803234218976458,
        "I_Ra_mean": 110.0,
        "I_Ra_stdev": 4.790833532344811,
        "I_diam_mean": 10.0,
        "I_diam_stdev": 2.466627978490595,
        "addSynMechs": true,
        "allowConnsWithWeight0": true,
        "allowSelfConns": false,
        "analysis": {},
        "backupCfgFile": [],
        "cache_efficient": true,
        "checkErrors": false,
        "compactConnFormat": false,
        "connRandomSecFromList": true,
        "coreneuron": false,
        "createNEURONObj": true,
        "createPyStruct": true,
        "cvode_active": false,
        "cvode_atol": 0.001,
        "distributeSynsUniformly": true,
        "dt": 0.025,
        "dump_coreneuron_model": false,
        "duration": 1000.0,
        "duration_seconds": 90.0,
        "filename": "model_output",
        "gatherOnlySimData": false,
        "gkbar_E": 0.04156616539456237,
        "gkbar_E_std": 0.059049569496355925,
        "gkbar_I": 4.894835250866873,
        "gkbar_I_std": 1.7147278826424126,
        "gnabar_E": 5.959302808170537,
        "gnabar_E_std": 1.0445705828066576,
        "gnabar_I": 4.012892919796761,
        "gnabar_I_std": 0.6082492861923956,
        "gpu": false,
        "hParams": {
            "celsius": 6.3,
            "clamp_resist": 0.001,
            "v_init": -65.0
        },
        "includeParamsLabel": true,
        "invertedYCoord": true,
        "networkType": "22May24",
        "oneSynPerNetcon": true,
        "printPopAvgRates": [
            100,
            1000.0
        ],
        "printRunTime": false,
        "printSynsAfterRule": false,
        "probEE": 0.1336957666887249,
        "probEE_std": 0.2260155640886718,
        "probEI": 0.5189502530773017,
        "probEI_std": 0.4725070965391627,
        "probIE": 0.33361027054262893,
        "probIE_std": 0.08276894551947606,
        "probII": 0.16485886725356974,
        "probII_std": 0.3754475734012918,
        "probLengthConst": 305.2405889940852,
        "propVelocity": 1.0,
        "pt3dRelativeToCellLocation": true,
        "rand123GlobalIndex": null,
        "random123": false,
        "recordCells": [
            [
                "E",
                [
                    74,
                    47
                ]
            ],
            [
                "I",
                [
                    38,
                    3
                ]
            ]
        ],
        "recordCellsSpikes": -1,
        "recordDipole": false,
        "recordDipolesHNN": false,
        "recordLFP": [],
        "recordStep": 0.1,
        "recordStim": false,
        "recordTime": true,
        "recordTraces": {
            "soma_voltage": {
                "loc": 0.5,
                "sec": "soma",
                "var": "v"
            }
        },
        "saveCSV": false,
        "saveCellConns": true,
        "saveCellSecs": true,
        "saveDat": false,
        "saveDataInclude": [
            "simData",
            "simConfig",
            "netParams",
            "net"
        ],
        "saveDipoleCells": false,
        "saveDipolePops": false,
        "saveDpk": false,
        "saveFolder": "/pscratch/sd/a/adammwea/2DNetworkSimulations/NERSC/output/240528_Run1_this_does_work/gen_0",
        "saveHDF5": false,
        "saveJson": true,
        "saveLFPCells": false,
        "saveLFPPops": false,
        "saveMat": false,
        "savePickle": false,
        "saveTiming": false,
        "seeds": {
            "cell": 1,
            "conn": 1,
            "loc": 1,
            "stim": 1
        },
        "simLabel": "gen_0_cand_41",
        "tau1_exc": 1.5976141767351022,
        "tau1_exc_std": 0.012376691005688464,
        "tau1_inh": 9.253227889231944,
        "tau1_inh_std": 0.5971705946107361,
        "tau2_exc": 1.5129324207039674,
        "tau2_exc_std": 8.121588065802474,
        "tau2_inh": 11.300746656389416,
        "tau2_inh_std": 5.844932467541705,
        "timestampFilename": false,
        "timing": true,
        "tstop": 1000.0,
        "use_fast_imem": false,
        "validateNetParams": false,
        "verbose": false,
        "weightEE": 0.8377858973845482,
        "weightEE_std": 0.06892907175582869,
        "weightEI": 1.1908373676514687,
        "weightEI_std": 0.31654356122756944,
        "weightIE": 0.7459822212740342,
        "weightIE_std": 0.16626071972609102,
        "weightII": 0.5057922999776046,
        "weightII_std": 0.0899334638522194
    }
}