{
    "simConfig": {
        "E_L_mean": 18.8,
        "E_L_stdev": 5.524656349363397,
        "E_Ra_mean": 128.0,
        "E_Ra_stdev": 54.89951202169928,
        "E_diam_mean": 18.8,
        "E_diam_stdev": 1.8625789945818834,
        "I_L_mean": 9.0,
        "I_L_stdev": 2.437027402422009,
        "I_Ra_mean": 110.0,
        "I_Ra_stdev": 41.99118429440575,
        "I_diam_mean": 10.0,
        "I_diam_stdev": 0.6898406709012606,
        "addSynMechs": true,
        "allowConnsWithWeight0": true,
        "allowSelfConns": false,
        "analysis": {},
        "backupCfgFile": [],
        "cache_efficient": true,
        "checkErrors": false,
        "compactConnFormat": false,
        "connRandomSecFromList": true,
        "coreneuron": false,
        "createNEURONObj": true,
        "createPyStruct": true,
        "cvode_active": false,
        "cvode_atol": 0.001,
        "distributeSynsUniformly": true,
        "dt": 0.025,
        "dump_coreneuron_model": false,
        "duration": 1000.0,
        "duration_seconds": 90.0,
        "filename": "model_output",
        "gatherOnlySimData": false,
        "gkbar_E": 0.45525166506251846,
        "gkbar_E_std": 0.25565510591549095,
        "gkbar_I": 4.183080290696476,
        "gkbar_I_std": 1.030211059492228,
        "gnabar_E": 3.1081574803223764,
        "gnabar_E_std": 1.2600207219574173,
        "gnabar_I": 3.950148654625503,
        "gnabar_I_std": 0.39628010232769206,
        "gpu": false,
        "hParams": {
            "celsius": 6.3,
            "clamp_resist": 0.001,
            "v_init": -65.0
        },
        "includeParamsLabel": true,
        "invertedYCoord": true,
        "networkType": "22May24",
        "oneSynPerNetcon": true,
        "printPopAvgRates": [
            100,
            1000.0
        ],
        "printRunTime": false,
        "printSynsAfterRule": false,
        "probEE": 0.15210865687193545,
        "probEE_std": 0.4623205400036546,
        "probEI": 0.6989466709855388,
        "probEI_std": 0.26826112101622035,
        "probIE": 0.11567978238019494,
        "probIE_std": 0.21334682498384888,
        "probII": 0.5928693513789405,
        "probII_std": 0.3161984469212553,
        "probLengthConst": 2798.19706036277,
        "propVelocity": 1.0,
        "pt3dRelativeToCellLocation": true,
        "rand123GlobalIndex": null,
        "random123": false,
        "recordCells": [
            [
                "E",
                [
                    74,
                    47
                ]
            ],
            [
                "I",
                [
                    38,
                    3
                ]
            ]
        ],
        "recordCellsSpikes": -1,
        "recordDipole": false,
        "recordDipolesHNN": false,
        "recordLFP": [],
        "recordStep": 0.1,
        "recordStim": false,
        "recordTime": true,
        "recordTraces": {
            "soma_voltage": {
                "loc": 0.5,
                "sec": "soma",
                "var": "v"
            }
        },
        "saveCSV": false,
        "saveCellConns": true,
        "saveCellSecs": true,
        "saveDat": false,
        "saveDataInclude": [
            "simData",
            "simConfig",
            "netParams",
            "net"
        ],
        "saveDipoleCells": false,
        "saveDipolePops": false,
        "saveDpk": false,
        "saveFolder": "/pscratch/sd/a/adammwea/2DNetworkSimulations/NERSC/output/240528_Run1_this_does_work/gen_0",
        "saveHDF5": false,
        "saveJson": true,
        "saveLFPCells": false,
        "saveLFPPops": false,
        "saveMat": false,
        "savePickle": false,
        "saveTiming": false,
        "seeds": {
            "cell": 1,
            "conn": 1,
            "loc": 1,
            "stim": 1
        },
        "simLabel": "gen_0_cand_18",
        "tau1_exc": 5.656813686944923,
        "tau1_exc_std": 0.016591963674584452,
        "tau1_inh": 7.252358715164736,
        "tau1_inh_std": 2.8780547098050726,
        "tau2_exc": 0.8722520410544876,
        "tau2_exc_std": 8.318365578546205,
        "tau2_inh": 4.659342961823068,
        "tau2_inh_std": 7.90161131368256,
        "timestampFilename": false,
        "timing": true,
        "tstop": 1000.0,
        "use_fast_imem": false,
        "validateNetParams": false,
        "verbose": false,
        "weightEE": 1.0409292783508575,
        "weightEE_std": 0.09252428599555984,
        "weightEI": 0.9793317164172366,
        "weightEI_std": 0.24946562435001313,
        "weightIE": 0.8935297474369975,
        "weightIE_std": 0.1484300344504679,
        "weightII": 1.1869859613046418,
        "weightII_std": 0.19078305579914187
    }
}