{
    "BigBurstVal_Fitness": {
        "Value": 16782.841386234195,
        "Fit": 1000.0
    },
    "numBig_Fitness": {
        "Value": 1,
        "Percent": 100.0,
        "Fit": 1000
    },
    "SmallBurstVal_Fitness": {
        "Value": null,
        "Fit": 1000
    },
    "numSmall_Fitness": {
        "Value": 0,
        "Percent": 0.0,
        "Fit": 1000
    },
    "burst_peak_frequency_fitness": {
        "Value": 0.9090909090909091,
        "Fit": 2.2094138911407355
    },
    "IBI_fitness": {
        "Value": null,
        "Fit": 1000
    },
    "baseline_fitness": {
        "Value": 11929.146526517146,
        "Fit": 1000
    },
    "slopeFitness": {
        "Value": -244.17525354314574,
        "Fit": 1000
    },
    "thresh": {
        "Value": 6431.509817705377,
        "Fit": 1000
    },
    "sustain_oscillation_fitness": {
        "Value": 6.622516556291391,
        "Fit": 1000
    },
    "E_rate_fitness": {
        "Value": 45.13492063492064,
        "Fit": 1000
    },
    "I_rate_fitness": {
        "Value": 1.2592592592592593,
        "Fit": 1000
    },
    "maxFitness": 1000,
    "average_fitness": 916.8507844909285,
    "average_scaled_fitness": 0.9166666666666666
}