{
    "BigBurstVal_Fitness": {
        "Value": 24663.75472982465,
        "Fit": 1000.0
    },
    "numBig_Fitness": {
        "Value": 1,
        "Percent": 100.0,
        "Fit": 1000
    },
    "SmallBurstVal_Fitness": {
        "Value": null,
        "Fit": 1000
    },
    "numSmall_Fitness": {
        "Value": 0,
        "Percent": 0.0,
        "Fit": 1000
    },
    "burst_peak_frequency_fitness": {
        "Value": 0.06802721088435373,
        "Fit": 1.0495236824453669
    },
    "IBI_fitness": {
        "Value": null,
        "Fit": 1000
    },
    "baseline_fitness": {
        "Value": 24386.88412889477,
        "Fit": 1000
    },
    "slopeFitness": {
        "Value": 6.007772953162498,
        "Fit": 405.5626817212562
    },
    "thresh": {
        "Value": 22824.20844706198,
        "Fit": 1000
    },
    "sustain_oscillation_fitness": {
        "Value": 78.80794701986756,
        "Fit": 1000
    },
    "E_rate_fitness": {
        "Value": 18.37301587301587,
        "Fit": 1000
    },
    "I_rate_fitness": {
        "Value": 4.083333333333333,
        "Fit": 1.8722329004805727
    },
    "maxFitness": 1000,
    "average_fitness": 784.0403698586819,
    "average_scaled_fitness": 0.78381347698295
}