{
    "simConfig": {
        "E_L_mean": 18.8,
        "E_L_stdev": 2.4153120599779725,
        "E_Ra_mean": 128.0,
        "E_Ra_stdev": 6.6991405193039135,
        "E_diam_mean": 18.8,
        "E_diam_stdev": 5.617313001578148,
        "I_L_mean": 9.0,
        "I_L_stdev": 0.7987741244035047,
        "I_Ra_mean": 110.0,
        "I_Ra_stdev": 0.20707611964460426,
        "I_diam_mean": 10.0,
        "I_diam_stdev": 0.2685520259904721,
        "addSynMechs": true,
        "allowConnsWithWeight0": true,
        "allowSelfConns": false,
        "analysis": {},
        "backupCfgFile": [],
        "cache_efficient": true,
        "checkErrors": false,
        "compactConnFormat": false,
        "connRandomSecFromList": true,
        "coreneuron": false,
        "createNEURONObj": true,
        "createPyStruct": true,
        "cvode_active": false,
        "cvode_atol": 0.001,
        "distributeSynsUniformly": true,
        "dt": 0.025,
        "dump_coreneuron_model": false,
        "duration": 1000.0,
        "duration_seconds": 60.0,
        "filename": "model_output",
        "gatherOnlySimData": false,
        "gkbar_E": 0.9599306875367886,
        "gkbar_E_std": 0.3229573485963218,
        "gkbar_I": 7.305639125468091,
        "gkbar_I_std": 0.062425086367365434,
        "gnabar_E": 3.653336592839578,
        "gnabar_E_std": 0.7672408162251569,
        "gnabar_I": 2.9996292259505566,
        "gnabar_I_std": 0.12775431539039556,
        "gpu": false,
        "hParams": {
            "celsius": 6.3,
            "clamp_resist": 0.001,
            "v_init": -65.0
        },
        "includeParamsLabel": true,
        "invertedYCoord": true,
        "networkType": "22May24",
        "oneSynPerNetcon": true,
        "printPopAvgRates": [
            100,
            1000.0
        ],
        "printRunTime": false,
        "printSynsAfterRule": false,
        "probEE": 0.9763813176026241,
        "probEE_std": 0.16007863635376546,
        "probEI": 0.18954502188083588,
        "probEI_std": 0.2750231235853764,
        "probIE": 0.03664549091040292,
        "probIE_std": 4.665115113165115e-05,
        "probII": 0.6059628704120863,
        "probII_std": 0.2695464408610867,
        "probLengthConst": 603.7191521092141,
        "propVelocity": 1.0,
        "pt3dRelativeToCellLocation": true,
        "rand123GlobalIndex": null,
        "random123": false,
        "recordCells": [
            [
                "E",
                [
                    16,
                    79
                ]
            ],
            [
                "I",
                [
                    28,
                    1
                ]
            ]
        ],
        "recordCellsSpikes": -1,
        "recordDipole": false,
        "recordDipolesHNN": false,
        "recordLFP": [],
        "recordStep": 0.1,
        "recordStim": false,
        "recordTime": true,
        "recordTraces": {
            "soma_voltage": {
                "loc": 0.5,
                "sec": "soma",
                "var": "v"
            }
        },
        "saveCSV": false,
        "saveCellConns": true,
        "saveCellSecs": true,
        "saveDat": false,
        "saveDataInclude": [
            "simData",
            "simConfig",
            "netParams",
            "net"
        ],
        "saveDipoleCells": false,
        "saveDipolePops": false,
        "saveDpk": false,
        "saveFolder": "/pscratch/sd/a/adammwea/2DNetworkSimulations/NERSC/output/240527_Run3_this_should_work/gen_5",
        "saveHDF5": false,
        "saveJson": true,
        "saveLFPCells": false,
        "saveLFPPops": false,
        "saveMat": false,
        "savePickle": false,
        "saveTiming": false,
        "seeds": {
            "cell": 1,
            "conn": 1,
            "loc": 1,
            "stim": 1
        },
        "simLabel": "gen_5_cand_13",
        "tau1_exc": 1.6157209898775264,
        "tau1_exc_std": 1.343138799525519,
        "tau1_inh": 8.52690309084288,
        "tau1_inh_std": 0.29398944026768586,
        "tau2_exc": 0.0030444724057040037,
        "tau2_exc_std": 1.159205162757838,
        "tau2_inh": 11.217678041687574,
        "tau2_inh_std": 3.9513837227465327,
        "timestampFilename": false,
        "timing": true,
        "tstop": 1000.0,
        "use_fast_imem": false,
        "validateNetParams": false,
        "verbose": false,
        "weightEE": 0.8718575757688718,
        "weightEE_std": 0.21616263266922112,
        "weightEI": 0.626343031202758,
        "weightEI_std": 0.2925637155871098,
        "weightIE": 0.04623200514868985,
        "weightIE_std": 0.13390748470463132,
        "weightII": 0.37762728480278923,
        "weightII_std": 0.16664689796190688
    }
}