{
    "simConfig": {
        "E_L_mean": 18.8,
        "E_L_stdev": 0.008874446629121319,
        "E_Ra_mean": 128.0,
        "E_Ra_stdev": 26.320529674529908,
        "E_diam_mean": 18.8,
        "E_diam_stdev": 6.266468047978698,
        "I_L_mean": 9.0,
        "I_L_stdev": 0.8338934258379385,
        "I_Ra_mean": 110.0,
        "I_Ra_stdev": 7.763345874668225,
        "I_diam_mean": 10.0,
        "I_diam_stdev": 0.9712348080102746,
        "addSynMechs": true,
        "allowConnsWithWeight0": true,
        "allowSelfConns": false,
        "analysis": {},
        "backupCfgFile": [],
        "cache_efficient": true,
        "checkErrors": false,
        "compactConnFormat": false,
        "connRandomSecFromList": true,
        "coreneuron": false,
        "createNEURONObj": true,
        "createPyStruct": true,
        "cvode_active": false,
        "cvode_atol": 0.001,
        "distributeSynsUniformly": true,
        "dt": 0.025,
        "dump_coreneuron_model": false,
        "duration": 1000.0,
        "duration_seconds": 60.0,
        "filename": "model_output",
        "gatherOnlySimData": false,
        "gkbar_E": 0.005451175457022714,
        "gkbar_E_std": 0.015738270550862868,
        "gkbar_I": 0.3571647200844675,
        "gkbar_I_std": 0.6741092403145127,
        "gnabar_E": 4.99687152623669,
        "gnabar_E_std": 0.4593568983570182,
        "gnabar_I": 2.9438529227016366,
        "gnabar_I_std": 0.9752205258100675,
        "gpu": false,
        "hParams": {
            "celsius": 6.3,
            "clamp_resist": 0.001,
            "v_init": -65.0
        },
        "includeParamsLabel": true,
        "invertedYCoord": true,
        "networkType": "22May24",
        "oneSynPerNetcon": true,
        "printPopAvgRates": [
            100,
            1000.0
        ],
        "printRunTime": false,
        "printSynsAfterRule": false,
        "probEE": 0.9819308756798478,
        "probEE_std": 0.076913992219048,
        "probEI": 0.7605310609417677,
        "probEI_std": 0.33319457827867827,
        "probIE": 0.8026602394214246,
        "probIE_std": 0.1546240855810353,
        "probII": 0.8449869805736593,
        "probII_std": 0.09378597145913581,
        "probLengthConst": 2106.7500149932757,
        "propVelocity": 1.0,
        "pt3dRelativeToCellLocation": true,
        "rand123GlobalIndex": null,
        "random123": false,
        "recordCells": [
            [
                "E",
                [
                    16,
                    79
                ]
            ],
            [
                "I",
                [
                    28,
                    1
                ]
            ]
        ],
        "recordCellsSpikes": -1,
        "recordDipole": false,
        "recordDipolesHNN": false,
        "recordLFP": [],
        "recordStep": 0.1,
        "recordStim": false,
        "recordTime": true,
        "recordTraces": {
            "soma_voltage": {
                "loc": 0.5,
                "sec": "soma",
                "var": "v"
            }
        },
        "saveCSV": false,
        "saveCellConns": true,
        "saveCellSecs": true,
        "saveDat": false,
        "saveDataInclude": [
            "simData",
            "simConfig",
            "netParams",
            "net"
        ],
        "saveDipoleCells": false,
        "saveDipolePops": false,
        "saveDpk": false,
        "saveFolder": "/pscratch/sd/a/adammwea/2DNetworkSimulations/NERSC/output/240527_Run3_this_should_work/gen_5",
        "saveHDF5": false,
        "saveJson": true,
        "saveLFPCells": false,
        "saveLFPPops": false,
        "saveMat": false,
        "savePickle": false,
        "saveTiming": false,
        "seeds": {
            "cell": 1,
            "conn": 1,
            "loc": 1,
            "stim": 1
        },
        "simLabel": "gen_5_cand_48",
        "tau1_exc": 1.9810473559774957,
        "tau1_exc_std": 0.016637041446486853,
        "tau1_inh": 5.577410287008096,
        "tau1_inh_std": 2.500367844376297,
        "tau2_exc": 17.87779726225677,
        "tau2_exc_std": 0.13808012148520232,
        "tau2_inh": 19.979603122688147,
        "tau2_inh_std": 4.99466195145296,
        "timestampFilename": false,
        "timing": true,
        "tstop": 1000.0,
        "use_fast_imem": false,
        "validateNetParams": false,
        "verbose": false,
        "weightEE": 0.00017105619051507005,
        "weightEE_std": 0.02313798150164667,
        "weightEI": 0.4146252347410809,
        "weightEI_std": 0.2941698867243949,
        "weightIE": 0.10110443165826598,
        "weightIE_std": 0.3187801924684882,
        "weightII": 0.1375346927983474,
        "weightII_std": 0.16573132140097976
    }
}