{
    "simConfig": {
        "E_L_mean": 18.8,
        "E_L_stdev": 2.5698925094402654,
        "E_Ra_mean": 128.0,
        "E_Ra_stdev": 11.060210273619052,
        "E_diam_mean": 18.8,
        "E_diam_stdev": 4.2537969581619794,
        "I_L_mean": 9.0,
        "I_L_stdev": 2.634664331372253,
        "I_Ra_mean": 110.0,
        "I_Ra_stdev": 8.829570697491583,
        "I_diam_mean": 10.0,
        "I_diam_stdev": 2.9363958343235304,
        "addSynMechs": true,
        "allowConnsWithWeight0": true,
        "allowSelfConns": false,
        "analysis": {},
        "backupCfgFile": [],
        "cache_efficient": true,
        "checkErrors": false,
        "compactConnFormat": false,
        "connRandomSecFromList": true,
        "coreneuron": false,
        "createNEURONObj": true,
        "createPyStruct": true,
        "cvode_active": false,
        "cvode_atol": 0.001,
        "distributeSynsUniformly": true,
        "dt": 0.025,
        "dump_coreneuron_model": false,
        "duration": 1000.0,
        "duration_seconds": 60.0,
        "filename": "model_output",
        "gatherOnlySimData": false,
        "gkbar_E": 0.4179612888852571,
        "gkbar_E_std": 0.18162669703662693,
        "gkbar_I": 0.1392564072037814,
        "gkbar_I_std": 0.22003322828118088,
        "gnabar_E": 2.598857373905558,
        "gnabar_E_std": 1.3238745119312836,
        "gnabar_I": 1.3066410942678608,
        "gnabar_I_std": 0.20859808888543613,
        "gpu": false,
        "hParams": {
            "celsius": 6.3,
            "clamp_resist": 0.001,
            "v_init": -65.0
        },
        "includeParamsLabel": true,
        "invertedYCoord": true,
        "networkType": "22May24",
        "oneSynPerNetcon": true,
        "printPopAvgRates": [
            100,
            1000.0
        ],
        "printRunTime": false,
        "printSynsAfterRule": false,
        "probEE": 0.3458322287616669,
        "probEE_std": 0.0457893497716621,
        "probEI": 0.12289296718130116,
        "probEI_std": 0.258869272482559,
        "probIE": 0.27337340196909576,
        "probIE_std": 0.30792563059687955,
        "probII": 0.9264853372684284,
        "probII_std": 0.3242509869644172,
        "probLengthConst": 1015.1316449982397,
        "propVelocity": 1.0,
        "pt3dRelativeToCellLocation": true,
        "rand123GlobalIndex": null,
        "random123": false,
        "recordCells": [
            [
                "E",
                [
                    16,
                    79
                ]
            ],
            [
                "I",
                [
                    28,
                    1
                ]
            ]
        ],
        "recordCellsSpikes": -1,
        "recordDipole": false,
        "recordDipolesHNN": false,
        "recordLFP": [],
        "recordStep": 0.1,
        "recordStim": false,
        "recordTime": true,
        "recordTraces": {
            "soma_voltage": {
                "loc": 0.5,
                "sec": "soma",
                "var": "v"
            }
        },
        "saveCSV": false,
        "saveCellConns": true,
        "saveCellSecs": true,
        "saveDat": false,
        "saveDataInclude": [
            "simData",
            "simConfig",
            "netParams",
            "net"
        ],
        "saveDipoleCells": false,
        "saveDipolePops": false,
        "saveDpk": false,
        "saveFolder": "/pscratch/sd/a/adammwea/2DNetworkSimulations/NERSC/output/240527_Run3_this_should_work/gen_5",
        "saveHDF5": false,
        "saveJson": true,
        "saveLFPCells": false,
        "saveLFPPops": false,
        "saveMat": false,
        "savePickle": false,
        "saveTiming": false,
        "seeds": {
            "cell": 1,
            "conn": 1,
            "loc": 1,
            "stim": 1
        },
        "simLabel": "gen_5_cand_30",
        "tau1_exc": 9.539708921205914,
        "tau1_exc_std": 2.69158021511637,
        "tau1_inh": 8.372292887995275,
        "tau1_inh_std": 0.010889891167002536,
        "tau2_exc": 3.374073602656498,
        "tau2_exc_std": 4.6432473190143675,
        "tau2_inh": 8.917550774657336,
        "tau2_inh_std": 6.078871784535094,
        "timestampFilename": false,
        "timing": true,
        "tstop": 1000.0,
        "use_fast_imem": false,
        "validateNetParams": false,
        "verbose": false,
        "weightEE": 0.40837000135610607,
        "weightEE_std": 0.2965316806068631,
        "weightEI": 0.37786761586548306,
        "weightEI_std": 0.2584307339412761,
        "weightIE": 0.6028713593033747,
        "weightIE_std": 0.22884747600355954,
        "weightII": 0.04559719378866939,
        "weightII_std": 0.12673846950190992
    }
}