{
    "burstAmp_Fitness": 1000.0,
    "IBI_fitness": 2.645884363941536,
    "baselineFitness": 2.5124203035505106,
    "slopeFitness": 1.000058654053299,
    "baseline_diff_fitness": 1000,
    "burst_peak_frequency_fitness": 20.18631712835286,
    "rate_fitness": 507.4605608862804,
    "maxFitness": 1000,
    "average_fitness": 361.97217733373975,
    "average_scaled_fitness": 361.333473346706
}