{
    "simConfig": {
        "E_L_mean": 18.8,
        "E_L_stdev": 2.0942223082082814,
        "E_Ra_mean": 128.0,
        "E_Ra_stdev": 40.33040104948036,
        "E_diam_mean": 18.8,
        "E_diam_stdev": 2.9561675772642153,
        "I_L_mean": 9.0,
        "I_L_stdev": 2.643458712405926,
        "I_Ra_mean": 110.0,
        "I_Ra_stdev": 24.04012104195426,
        "I_diam_mean": 10.0,
        "I_diam_stdev": 0.5050335461748139,
        "addSynMechs": true,
        "allowConnsWithWeight0": true,
        "allowSelfConns": false,
        "analysis": {},
        "backupCfgFile": [],
        "cache_efficient": true,
        "checkErrors": false,
        "compactConnFormat": false,
        "connRandomSecFromList": true,
        "coreneuron": false,
        "createNEURONObj": true,
        "createPyStruct": true,
        "cvode_active": false,
        "cvode_atol": 0.001,
        "distributeSynsUniformly": true,
        "dt": 0.025,
        "dump_coreneuron_model": false,
        "duration": 1000.0,
        "duration_seconds": 330.0,
        "filename": "model_output",
        "gatherOnlySimData": false,
        "gkbar_E": 0.7358397347938958,
        "gkbar_E_std": 0.3897999735149505,
        "gkbar_I": 0.17066102684573847,
        "gkbar_I_std": 1.8566057188818939,
        "gnabar_E": 5.553134512177754,
        "gnabar_E_std": 1.3688300872338088,
        "gnabar_I": 4.71906673629019,
        "gnabar_I_std": 0.11642488290106351,
        "gpu": false,
        "hParams": {
            "celsius": 6.3,
            "clamp_resist": 0.001,
            "v_init": -65.0
        },
        "includeParamsLabel": true,
        "invertedYCoord": true,
        "networkType": "22May24",
        "oneSynPerNetcon": true,
        "printPopAvgRates": [
            100,
            1000.0
        ],
        "printRunTime": false,
        "printSynsAfterRule": false,
        "probEE": 0.14159503163440698,
        "probEE_std": 0.12150698227871012,
        "probEI": 0.25467523883678234,
        "probEI_std": 0.193745192928383,
        "probIE": 0.5455512477091101,
        "probIE_std": 0.15648972997473948,
        "probII": 0.07507095953314052,
        "probII_std": 0.28801928879931443,
        "probLengthConst": 870.5015267762901,
        "propVelocity": 1.0,
        "pt3dRelativeToCellLocation": true,
        "rand123GlobalIndex": null,
        "random123": false,
        "recordCells": [
            [
                "E",
                [
                    68,
                    13
                ]
            ],
            [
                "I",
                [
                    4,
                    5
                ]
            ]
        ],
        "recordCellsSpikes": -1,
        "recordDipole": false,
        "recordDipolesHNN": false,
        "recordLFP": [],
        "recordStep": 0.1,
        "recordStim": false,
        "recordTime": true,
        "recordTraces": {
            "soma_voltage": {
                "loc": 0.5,
                "sec": "soma",
                "var": "v"
            }
        },
        "saveCSV": false,
        "saveCellConns": true,
        "saveCellSecs": true,
        "saveDat": false,
        "saveDataInclude": [
            "simData",
            "simConfig",
            "netParams",
            "net"
        ],
        "saveDipoleCells": false,
        "saveDipolePops": false,
        "saveDpk": false,
        "saveFolder": "/pscratch/sd/a/adammwea/2DNetworkSimulations/NERSC/output/240604_Run1_24n24hr/gen_5",
        "saveHDF5": false,
        "saveJson": true,
        "saveLFPCells": false,
        "saveLFPPops": false,
        "saveMat": false,
        "savePickle": false,
        "saveTiming": false,
        "seeds": {
            "cell": 1,
            "conn": 1,
            "loc": 1,
            "stim": 1
        },
        "simLabel": "gen_5_cand_150",
        "tau1_exc": 0.3086736410831412,
        "tau1_exc_std": 3.307987097538255,
        "tau1_inh": 2.1559804236852527,
        "tau1_inh_std": 2.2528969800364367,
        "tau2_exc": 1.4010386866102382,
        "tau2_exc_std": 0.05312211502664721,
        "tau2_inh": 17.133356536871148,
        "tau2_inh_std": 0.23918563698540846,
        "timestampFilename": false,
        "timing": true,
        "tstop": 1000.0,
        "use_fast_imem": false,
        "validateNetParams": false,
        "verbose": false,
        "weightEE": 0.7603640915804004,
        "weightEE_std": 0.011541710934357016,
        "weightEI": 0.1335289091238322,
        "weightEI_std": 0.32636371247618057,
        "weightIE": 0.991577710202257,
        "weightIE_std": 0.33175899983960405,
        "weightII": 1.7178893232496186,
        "weightII_std": 0.1722908404966791
    }
}