{
    "simConfig": {
        "E_L_mean": 18.8,
        "E_L_stdev": 9.257967757206945,
        "E_Ra_mean": 128.0,
        "E_Ra_stdev": 3.247379411088111,
        "E_diam_mean": 18.8,
        "E_diam_stdev": 6.125143340649408,
        "I_L_mean": 9.0,
        "I_L_stdev": 0.9070484121251603,
        "I_Ra_mean": 110.0,
        "I_Ra_stdev": 15.675657484683668,
        "I_diam_mean": 10.0,
        "I_diam_stdev": 2.272024898644714,
        "addSynMechs": true,
        "allowConnsWithWeight0": true,
        "allowSelfConns": false,
        "analysis": {},
        "backupCfgFile": [],
        "cache_efficient": true,
        "checkErrors": false,
        "compactConnFormat": false,
        "connRandomSecFromList": true,
        "coreneuron": false,
        "createNEURONObj": true,
        "createPyStruct": true,
        "cvode_active": false,
        "cvode_atol": 0.001,
        "distributeSynsUniformly": true,
        "dt": 0.025,
        "dump_coreneuron_model": false,
        "duration": 1000.0,
        "duration_seconds": 330.0,
        "filename": "model_output",
        "gatherOnlySimData": false,
        "gkbar_E": 0.3665760982256026,
        "gkbar_E_std": 0.11144052962598133,
        "gkbar_I": 6.248420111072579,
        "gkbar_I_std": 2.4830927709974433,
        "gnabar_E": 4.501019618727773,
        "gnabar_E_std": 0.71745520151188,
        "gnabar_I": 2.7365555371838868,
        "gnabar_I_std": 0.21412034709019243,
        "gpu": false,
        "hParams": {
            "celsius": 6.3,
            "clamp_resist": 0.001,
            "v_init": -65.0
        },
        "includeParamsLabel": true,
        "invertedYCoord": true,
        "networkType": "22May24",
        "oneSynPerNetcon": true,
        "printPopAvgRates": [
            100,
            1000.0
        ],
        "printRunTime": false,
        "printSynsAfterRule": false,
        "probEE": 0.6411391237849836,
        "probEE_std": 0.3284301571162901,
        "probEI": 0.47064202807346656,
        "probEI_std": 0.02998721505020402,
        "probIE": 0.7487751615037881,
        "probIE_std": 0.37601481552732907,
        "probII": 0.5967596479958668,
        "probII_std": 0.07796773514628957,
        "probLengthConst": 2135.1437207985036,
        "propVelocity": 1.0,
        "pt3dRelativeToCellLocation": true,
        "rand123GlobalIndex": null,
        "random123": false,
        "recordCells": [
            [
                "E",
                [
                    68,
                    13
                ]
            ],
            [
                "I",
                [
                    4,
                    5
                ]
            ]
        ],
        "recordCellsSpikes": -1,
        "recordDipole": false,
        "recordDipolesHNN": false,
        "recordLFP": [],
        "recordStep": 0.1,
        "recordStim": false,
        "recordTime": true,
        "recordTraces": {
            "soma_voltage": {
                "loc": 0.5,
                "sec": "soma",
                "var": "v"
            }
        },
        "saveCSV": false,
        "saveCellConns": true,
        "saveCellSecs": true,
        "saveDat": false,
        "saveDataInclude": [
            "simData",
            "simConfig",
            "netParams",
            "net"
        ],
        "saveDipoleCells": false,
        "saveDipolePops": false,
        "saveDpk": false,
        "saveFolder": "/pscratch/sd/a/adammwea/2DNetworkSimulations/NERSC/output/240604_Run1_24n24hr/gen_5",
        "saveHDF5": false,
        "saveJson": true,
        "saveLFPCells": false,
        "saveLFPPops": false,
        "saveMat": false,
        "savePickle": false,
        "saveTiming": false,
        "seeds": {
            "cell": 1,
            "conn": 1,
            "loc": 1,
            "stim": 1
        },
        "simLabel": "gen_5_cand_433",
        "tau1_exc": 6.091412041454693,
        "tau1_exc_std": 2.9031910839723807,
        "tau1_inh": 8.365251874041862,
        "tau1_inh_std": 1.7286802783282291,
        "tau2_exc": 2.1674092520726904,
        "tau2_exc_std": 8.773619485859786,
        "tau2_inh": 11.295818255916078,
        "tau2_inh_std": 9.065882624658826,
        "timestampFilename": false,
        "timing": true,
        "tstop": 1000.0,
        "use_fast_imem": false,
        "validateNetParams": false,
        "verbose": false,
        "weightEE": 1.5264990591728766,
        "weightEE_std": 0.3867477760966367,
        "weightEI": 1.9416113299546878,
        "weightEI_std": 0.16005647361955197,
        "weightIE": 0.5564836942490181,
        "weightIE_std": 0.020100759036282535,
        "weightII": 0.01810928029257755,
        "weightII_std": 0.0013082768642600448
    }
}