{
    "simConfig": {
        "E_L_mean": 18.8,
        "E_L_stdev": 0.48869894686314375,
        "E_Ra_mean": 128.0,
        "E_Ra_stdev": 28.443789730447758,
        "E_diam_mean": 18.8,
        "E_diam_stdev": 2.873807831271115,
        "I_L_mean": 9.0,
        "I_L_stdev": 2.0990131737116515,
        "I_Ra_mean": 110.0,
        "I_Ra_stdev": 43.024904250923235,
        "I_diam_mean": 10.0,
        "I_diam_stdev": 2.048443719653679,
        "addSynMechs": true,
        "allowConnsWithWeight0": true,
        "allowSelfConns": false,
        "analysis": {},
        "backupCfgFile": [],
        "cache_efficient": true,
        "checkErrors": false,
        "compactConnFormat": false,
        "connRandomSecFromList": true,
        "coreneuron": false,
        "createNEURONObj": true,
        "createPyStruct": true,
        "cvode_active": false,
        "cvode_atol": 0.001,
        "distributeSynsUniformly": true,
        "dt": 0.025,
        "dump_coreneuron_model": false,
        "duration": 1000.0,
        "duration_seconds": 330.0,
        "filename": "model_output",
        "gatherOnlySimData": false,
        "gkbar_E": 0.04049258791044226,
        "gkbar_E_std": 0.01245102695520553,
        "gkbar_I": 6.763973575300376,
        "gkbar_I_std": 1.8983809233160143,
        "gnabar_E": 1.066366013835153,
        "gnabar_E_std": 0.30133603075779286,
        "gnabar_I": 4.895524551093469,
        "gnabar_I_std": 0.25050443846584103,
        "gpu": false,
        "hParams": {
            "celsius": 6.3,
            "clamp_resist": 0.001,
            "v_init": -65.0
        },
        "includeParamsLabel": true,
        "invertedYCoord": true,
        "networkType": "22May24",
        "oneSynPerNetcon": true,
        "printPopAvgRates": [
            100,
            1000.0
        ],
        "printRunTime": false,
        "printSynsAfterRule": false,
        "probEE": 0.026065283715724877,
        "probEE_std": 0.4963807087308117,
        "probEI": 0.7097484408703322,
        "probEI_std": 0.3294556366184142,
        "probIE": 0.005837820130491377,
        "probIE_std": 0.21558111470989283,
        "probII": 0.1610222221420737,
        "probII_std": 0.2143387555947491,
        "probLengthConst": 2990.8007428066567,
        "propVelocity": 1.0,
        "pt3dRelativeToCellLocation": true,
        "rand123GlobalIndex": null,
        "random123": false,
        "recordCells": [
            [
                "E",
                [
                    68,
                    13
                ]
            ],
            [
                "I",
                [
                    4,
                    5
                ]
            ]
        ],
        "recordCellsSpikes": -1,
        "recordDipole": false,
        "recordDipolesHNN": false,
        "recordLFP": [],
        "recordStep": 0.1,
        "recordStim": false,
        "recordTime": true,
        "recordTraces": {
            "soma_voltage": {
                "loc": 0.5,
                "sec": "soma",
                "var": "v"
            }
        },
        "saveCSV": false,
        "saveCellConns": true,
        "saveCellSecs": true,
        "saveDat": false,
        "saveDataInclude": [
            "simData",
            "simConfig",
            "netParams",
            "net"
        ],
        "saveDipoleCells": false,
        "saveDipolePops": false,
        "saveDpk": false,
        "saveFolder": "/pscratch/sd/a/adammwea/2DNetworkSimulations/NERSC/output/240604_Run1_24n24hr/gen_5",
        "saveHDF5": false,
        "saveJson": true,
        "saveLFPCells": false,
        "saveLFPPops": false,
        "saveMat": false,
        "savePickle": false,
        "saveTiming": false,
        "seeds": {
            "cell": 1,
            "conn": 1,
            "loc": 1,
            "stim": 1
        },
        "simLabel": "gen_5_cand_176",
        "tau1_exc": 7.493704455312285,
        "tau1_exc_std": 1.170950656902869,
        "tau1_inh": 2.210562067759377,
        "tau1_inh_std": 0.4740698166538224,
        "tau2_exc": 0.7478167863485969,
        "tau2_exc_std": 9.522059082944041,
        "tau2_inh": 15.191139576994878,
        "tau2_inh_std": 0.0019109838330416684,
        "timestampFilename": false,
        "timing": true,
        "tstop": 1000.0,
        "use_fast_imem": false,
        "validateNetParams": false,
        "verbose": false,
        "weightEE": 0.017522509014463384,
        "weightEE_std": 0.044922389640924223,
        "weightEI": 1.634383272288557,
        "weightEI_std": 0.17022689461070867,
        "weightIE": 0.5831329195420771,
        "weightIE_std": 0.049902131206670794,
        "weightII": 0.2641088426956616,
        "weightII_std": 0.19738381628880797
    }
}