{
    "simConfig": {
        "E_L_mean": 18.8,
        "E_L_stdev": 7.548050801497813,
        "E_Ra_mean": 128.0,
        "E_Ra_stdev": 56.80471657841336,
        "E_diam_mean": 18.8,
        "E_diam_stdev": 1.673416128863383,
        "I_L_mean": 9.0,
        "I_L_stdev": 1.0457178258539144,
        "I_Ra_mean": 110.0,
        "I_Ra_stdev": 54.944726252687666,
        "I_diam_mean": 10.0,
        "I_diam_stdev": 3.084530986556881,
        "addSynMechs": true,
        "allowConnsWithWeight0": true,
        "allowSelfConns": false,
        "analysis": {},
        "backupCfgFile": [],
        "cache_efficient": true,
        "checkErrors": false,
        "compactConnFormat": false,
        "connRandomSecFromList": true,
        "coreneuron": false,
        "createNEURONObj": true,
        "createPyStruct": true,
        "cvode_active": false,
        "cvode_atol": 0.001,
        "distributeSynsUniformly": true,
        "dt": 0.025,
        "dump_coreneuron_model": false,
        "duration": 1000.0,
        "duration_seconds": 330.0,
        "filename": "model_output",
        "gatherOnlySimData": false,
        "gkbar_E": 0.023200422121788578,
        "gkbar_E_std": 0.43822589795169253,
        "gkbar_I": 1.5449473167118244,
        "gkbar_I_std": 0.05896379471702845,
        "gnabar_E": 1.5163701220218413,
        "gnabar_E_std": 0.21162996435399628,
        "gnabar_I": 1.2168459248525976,
        "gnabar_I_std": 0.02337089621377325,
        "gpu": false,
        "hParams": {
            "celsius": 6.3,
            "clamp_resist": 0.001,
            "v_init": -65.0
        },
        "includeParamsLabel": true,
        "invertedYCoord": true,
        "networkType": "22May24",
        "oneSynPerNetcon": true,
        "printPopAvgRates": [
            100,
            1000.0
        ],
        "printRunTime": false,
        "printSynsAfterRule": false,
        "probEE": 0.036878370778589686,
        "probEE_std": 0.44797502529899685,
        "probEI": 0.736944506555105,
        "probEI_std": 0.49169448485416506,
        "probIE": 0.04926612769424688,
        "probIE_std": 0.007448222135746252,
        "probII": 0.07811849324431902,
        "probII_std": 0.27318149696531213,
        "probLengthConst": 2589.7512018905186,
        "propVelocity": 1.0,
        "pt3dRelativeToCellLocation": true,
        "rand123GlobalIndex": null,
        "random123": false,
        "recordCells": [
            [
                "E",
                [
                    68,
                    13
                ]
            ],
            [
                "I",
                [
                    4,
                    5
                ]
            ]
        ],
        "recordCellsSpikes": -1,
        "recordDipole": false,
        "recordDipolesHNN": false,
        "recordLFP": [],
        "recordStep": 0.1,
        "recordStim": false,
        "recordTime": true,
        "recordTraces": {
            "soma_voltage": {
                "loc": 0.5,
                "sec": "soma",
                "var": "v"
            }
        },
        "saveCSV": false,
        "saveCellConns": true,
        "saveCellSecs": true,
        "saveDat": false,
        "saveDataInclude": [
            "simData",
            "simConfig",
            "netParams",
            "net"
        ],
        "saveDipoleCells": false,
        "saveDipolePops": false,
        "saveDpk": false,
        "saveFolder": "/pscratch/sd/a/adammwea/2DNetworkSimulations/NERSC/output/240604_Run1_24n24hr/gen_5",
        "saveHDF5": false,
        "saveJson": true,
        "saveLFPCells": false,
        "saveLFPPops": false,
        "saveMat": false,
        "savePickle": false,
        "saveTiming": false,
        "seeds": {
            "cell": 1,
            "conn": 1,
            "loc": 1,
            "stim": 1
        },
        "simLabel": "gen_5_cand_354",
        "tau1_exc": 6.766729028340758,
        "tau1_exc_std": 1.9181634027241632,
        "tau1_inh": 0.018449049146348484,
        "tau1_inh_std": 2.2902094074066546,
        "tau2_exc": 8.915438114774464,
        "tau2_exc_std": 8.01042998798543,
        "tau2_inh": 7.3273007694182954,
        "tau2_inh_std": 1.2495521806004568,
        "timestampFilename": false,
        "timing": true,
        "tstop": 1000.0,
        "use_fast_imem": false,
        "validateNetParams": false,
        "verbose": false,
        "weightEE": 0.11666713898160386,
        "weightEE_std": 0.0570590020690944,
        "weightEI": 0.07418730639417564,
        "weightEI_std": 0.04591302671797069,
        "weightIE": 0.0568463532533251,
        "weightIE_std": 0.25952688175009125,
        "weightII": 1.9681763576629023,
        "weightII_std": 7.534128706216113e-05
    }
}