{
    "simConfig": {
        "E_L_mean": 18.8,
        "E_L_stdev": 7.834045939776053,
        "E_Ra_mean": 128.0,
        "E_Ra_stdev": 26.112049202854692,
        "E_diam_mean": 18.8,
        "E_diam_stdev": 6.048598105317595,
        "I_L_mean": 9.0,
        "I_L_stdev": 0.28605092362161333,
        "I_Ra_mean": 110.0,
        "I_Ra_stdev": 46.27414680649245,
        "I_diam_mean": 10.0,
        "I_diam_stdev": 0.04344300496422571,
        "addSynMechs": true,
        "allowConnsWithWeight0": true,
        "allowSelfConns": false,
        "analysis": {},
        "backupCfgFile": [],
        "cache_efficient": true,
        "checkErrors": false,
        "compactConnFormat": false,
        "connRandomSecFromList": true,
        "coreneuron": false,
        "createNEURONObj": true,
        "createPyStruct": true,
        "cvode_active": false,
        "cvode_atol": 0.001,
        "distributeSynsUniformly": true,
        "dt": 0.025,
        "dump_coreneuron_model": false,
        "duration": 1000.0,
        "duration_seconds": 330.0,
        "filename": "model_output",
        "gatherOnlySimData": false,
        "gkbar_E": 0.00022455313713338728,
        "gkbar_E_std": 0.44497876326615815,
        "gkbar_I": 4.8636158435122745,
        "gkbar_I_std": 0.5280134999281689,
        "gnabar_E": 4.6519394973595345,
        "gnabar_E_std": 0.7739594096348031,
        "gnabar_I": 4.760677546614771,
        "gnabar_I_std": 0.9772322341140673,
        "gpu": false,
        "hParams": {
            "celsius": 6.3,
            "clamp_resist": 0.001,
            "v_init": -65.0
        },
        "includeParamsLabel": true,
        "invertedYCoord": true,
        "networkType": "22May24",
        "oneSynPerNetcon": true,
        "printPopAvgRates": [
            100,
            1000.0
        ],
        "printRunTime": false,
        "printSynsAfterRule": false,
        "probEE": 0.055533036155195406,
        "probEE_std": 0.08738881181462209,
        "probEI": 0.8147416483609871,
        "probEI_std": 0.4988142583771953,
        "probIE": 0.7387873350301438,
        "probIE_std": 0.17435002901595015,
        "probII": 0.0007882719228540207,
        "probII_std": 0.06965124091155386,
        "probLengthConst": 152.95616777514067,
        "propVelocity": 1.0,
        "pt3dRelativeToCellLocation": true,
        "rand123GlobalIndex": null,
        "random123": false,
        "recordCells": [
            [
                "E",
                [
                    68,
                    13
                ]
            ],
            [
                "I",
                [
                    4,
                    5
                ]
            ]
        ],
        "recordCellsSpikes": -1,
        "recordDipole": false,
        "recordDipolesHNN": false,
        "recordLFP": [],
        "recordStep": 0.1,
        "recordStim": false,
        "recordTime": true,
        "recordTraces": {
            "soma_voltage": {
                "loc": 0.5,
                "sec": "soma",
                "var": "v"
            }
        },
        "saveCSV": false,
        "saveCellConns": true,
        "saveCellSecs": true,
        "saveDat": false,
        "saveDataInclude": [
            "simData",
            "simConfig",
            "netParams",
            "net"
        ],
        "saveDipoleCells": false,
        "saveDipolePops": false,
        "saveDpk": false,
        "saveFolder": "/pscratch/sd/a/adammwea/2DNetworkSimulations/NERSC/output/240604_Run1_24n24hr/gen_5",
        "saveHDF5": false,
        "saveJson": true,
        "saveLFPCells": false,
        "saveLFPPops": false,
        "saveMat": false,
        "savePickle": false,
        "saveTiming": false,
        "seeds": {
            "cell": 1,
            "conn": 1,
            "loc": 1,
            "stim": 1
        },
        "simLabel": "gen_5_cand_245",
        "tau1_exc": 2.053262222968528,
        "tau1_exc_std": 2.8174529156177295,
        "tau1_inh": 1.8171903137616439,
        "tau1_inh_std": 1.36930433572146,
        "tau2_exc": 8.599564779470661,
        "tau2_exc_std": 0.8115968920103036,
        "tau2_inh": 1.0986208497328704,
        "tau2_inh_std": 5.281861870854013,
        "timestampFilename": false,
        "timing": true,
        "tstop": 1000.0,
        "use_fast_imem": false,
        "validateNetParams": false,
        "verbose": false,
        "weightEE": 0.1773531643782582,
        "weightEE_std": 0.07727834766869715,
        "weightEI": 1.1857042417225734,
        "weightEI_std": 0.08536022886716699,
        "weightIE": 0.004464327522521436,
        "weightIE_std": 0.03349549805038608,
        "weightII": 1.1486267508332655,
        "weightII_std": 0.04397791533692359
    }
}