{
    "simConfig": {
        "E_L_mean": 18.8,
        "E_L_stdev": 9.26325154028951,
        "E_Ra_mean": 128.0,
        "E_Ra_stdev": 9.734495116510566,
        "E_diam_mean": 18.8,
        "E_diam_stdev": 3.2123527071846034,
        "I_L_mean": 9.0,
        "I_L_stdev": 1.1722385777390025,
        "I_Ra_mean": 110.0,
        "I_Ra_stdev": 36.86477416113682,
        "I_diam_mean": 10.0,
        "I_diam_stdev": 3.064731627155567,
        "addSynMechs": true,
        "allowConnsWithWeight0": true,
        "allowSelfConns": false,
        "analysis": {},
        "backupCfgFile": [],
        "cache_efficient": true,
        "checkErrors": false,
        "compactConnFormat": false,
        "connRandomSecFromList": true,
        "coreneuron": false,
        "createNEURONObj": true,
        "createPyStruct": true,
        "cvode_active": false,
        "cvode_atol": 0.001,
        "distributeSynsUniformly": true,
        "dt": 0.025,
        "dump_coreneuron_model": false,
        "duration": 1000.0,
        "duration_seconds": 330.0,
        "filename": "model_output",
        "gatherOnlySimData": false,
        "gkbar_E": 0.0020912002069683683,
        "gkbar_E_std": 0.41991240655035517,
        "gkbar_I": 4.628258145276202,
        "gkbar_I_std": 0.18652384923644152,
        "gnabar_E": 2.09201136674368,
        "gnabar_E_std": 0.00416002994677038,
        "gnabar_I": 4.396050019368525,
        "gnabar_I_std": 0.8507334946312322,
        "gpu": false,
        "hParams": {
            "celsius": 6.3,
            "clamp_resist": 0.001,
            "v_init": -65.0
        },
        "includeParamsLabel": true,
        "invertedYCoord": true,
        "networkType": "22May24",
        "oneSynPerNetcon": true,
        "printPopAvgRates": [
            100,
            1000.0
        ],
        "printRunTime": false,
        "printSynsAfterRule": false,
        "probEE": 0.07597716866396853,
        "probEE_std": 0.16836601533419523,
        "probEI": 0.9611356338854198,
        "probEI_std": 0.20178494177590806,
        "probIE": 0.7245580286857267,
        "probIE_std": 0.17839582903752102,
        "probII": 0.5628514881788812,
        "probII_std": 0.4452113604155481,
        "probLengthConst": 268.5871736485666,
        "propVelocity": 1.0,
        "pt3dRelativeToCellLocation": true,
        "rand123GlobalIndex": null,
        "random123": false,
        "recordCells": [
            [
                "E",
                [
                    68,
                    13
                ]
            ],
            [
                "I",
                [
                    4,
                    5
                ]
            ]
        ],
        "recordCellsSpikes": -1,
        "recordDipole": false,
        "recordDipolesHNN": false,
        "recordLFP": [],
        "recordStep": 0.1,
        "recordStim": false,
        "recordTime": true,
        "recordTraces": {
            "soma_voltage": {
                "loc": 0.5,
                "sec": "soma",
                "var": "v"
            }
        },
        "saveCSV": false,
        "saveCellConns": true,
        "saveCellSecs": true,
        "saveDat": false,
        "saveDataInclude": [
            "simData",
            "simConfig",
            "netParams",
            "net"
        ],
        "saveDipoleCells": false,
        "saveDipolePops": false,
        "saveDpk": false,
        "saveFolder": "/pscratch/sd/a/adammwea/2DNetworkSimulations/NERSC/output/240604_Run1_24n24hr/gen_5",
        "saveHDF5": false,
        "saveJson": true,
        "saveLFPCells": false,
        "saveLFPPops": false,
        "saveMat": false,
        "savePickle": false,
        "saveTiming": false,
        "seeds": {
            "cell": 1,
            "conn": 1,
            "loc": 1,
            "stim": 1
        },
        "simLabel": "gen_5_cand_284",
        "tau1_exc": 6.072590707735981,
        "tau1_exc_std": 2.777330848434833,
        "tau1_inh": 1.350999885922084,
        "tau1_inh_std": 3.329215755232898,
        "tau2_exc": 1.1809809267791351,
        "tau2_exc_std": 8.356009708039622,
        "tau2_inh": 15.52984110704883,
        "tau2_inh_std": 0.22076534208223286,
        "timestampFilename": false,
        "timing": true,
        "tstop": 1000.0,
        "use_fast_imem": false,
        "validateNetParams": false,
        "verbose": false,
        "weightEE": 0.3682223320846443,
        "weightEE_std": 0.43292171540431607,
        "weightEI": 0.8156616090048886,
        "weightEI_std": 0.11488935209162515,
        "weightIE": 0.9869744370491034,
        "weightIE_std": 0.25644980977341475,
        "weightII": 0.4385493673477906,
        "weightII_std": 0.03342510880544091
    }
}