{
    "simConfig": {
        "E_L_mean": 18.8,
        "E_L_stdev": 0.3150195343142933,
        "E_Ra_mean": 128.0,
        "E_Ra_stdev": 8.058154655263607,
        "E_diam_mean": 18.8,
        "E_diam_stdev": 2.062482479053114,
        "I_L_mean": 9.0,
        "I_L_stdev": 0.5733157080196929,
        "I_Ra_mean": 110.0,
        "I_Ra_stdev": 48.32265072475764,
        "I_diam_mean": 10.0,
        "I_diam_stdev": 0.241803207244911,
        "addSynMechs": true,
        "allowConnsWithWeight0": true,
        "allowSelfConns": false,
        "analysis": {},
        "backupCfgFile": [],
        "cache_efficient": true,
        "checkErrors": false,
        "compactConnFormat": false,
        "connRandomSecFromList": true,
        "coreneuron": false,
        "createNEURONObj": true,
        "createPyStruct": true,
        "cvode_active": false,
        "cvode_atol": 0.001,
        "distributeSynsUniformly": true,
        "dt": 0.025,
        "dump_coreneuron_model": false,
        "duration": 1000.0,
        "duration_seconds": 330.0,
        "filename": "model_output",
        "gatherOnlySimData": false,
        "gkbar_E": 4.345318682108377e-05,
        "gkbar_E_std": 0.18052883292390784,
        "gkbar_I": 9.783804498174401,
        "gkbar_I_std": 0.6141741108780852,
        "gnabar_E": 6.068933052055228,
        "gnabar_E_std": 0.057777382702344574,
        "gnabar_I": 0.591421290797574,
        "gnabar_I_std": 0.3067557389804348,
        "gpu": false,
        "hParams": {
            "celsius": 6.3,
            "clamp_resist": 0.001,
            "v_init": -65.0
        },
        "includeParamsLabel": true,
        "invertedYCoord": true,
        "networkType": "22May24",
        "oneSynPerNetcon": true,
        "printPopAvgRates": [
            100,
            1000.0
        ],
        "printRunTime": false,
        "printSynsAfterRule": false,
        "probEE": 0.4079999872164274,
        "probEE_std": 0.06099248273014744,
        "probEI": 0.4200477750585567,
        "probEI_std": 0.15081147839662368,
        "probIE": 0.6541785063128873,
        "probIE_std": 0.028286086897128207,
        "probII": 0.03091824549987758,
        "probII_std": 0.3588019650056574,
        "probLengthConst": 2966.0947618630967,
        "propVelocity": 1.0,
        "pt3dRelativeToCellLocation": true,
        "rand123GlobalIndex": null,
        "random123": false,
        "recordCells": [
            [
                "E",
                [
                    68,
                    13
                ]
            ],
            [
                "I",
                [
                    4,
                    5
                ]
            ]
        ],
        "recordCellsSpikes": -1,
        "recordDipole": false,
        "recordDipolesHNN": false,
        "recordLFP": [],
        "recordStep": 0.1,
        "recordStim": false,
        "recordTime": true,
        "recordTraces": {
            "soma_voltage": {
                "loc": 0.5,
                "sec": "soma",
                "var": "v"
            }
        },
        "saveCSV": false,
        "saveCellConns": true,
        "saveCellSecs": true,
        "saveDat": false,
        "saveDataInclude": [
            "simData",
            "simConfig",
            "netParams",
            "net"
        ],
        "saveDipoleCells": false,
        "saveDipolePops": false,
        "saveDpk": false,
        "saveFolder": "/pscratch/sd/a/adammwea/2DNetworkSimulations/NERSC/output/240604_Run1_24n24hr/gen_5",
        "saveHDF5": false,
        "saveJson": true,
        "saveLFPCells": false,
        "saveLFPPops": false,
        "saveMat": false,
        "savePickle": false,
        "saveTiming": false,
        "seeds": {
            "cell": 1,
            "conn": 1,
            "loc": 1,
            "stim": 1
        },
        "simLabel": "gen_5_cand_151",
        "tau1_exc": 3.3604950990490243,
        "tau1_exc_std": 2.3159913634797658,
        "tau1_inh": 1.7320067497636025,
        "tau1_inh_std": 0.2861292016593193,
        "tau2_exc": 19.747406369509616,
        "tau2_exc_std": 0.7818991261140731,
        "tau2_inh": 0.013143271106679372,
        "tau2_inh_std": 0.6393652292053462,
        "timestampFilename": false,
        "timing": true,
        "tstop": 1000.0,
        "use_fast_imem": false,
        "validateNetParams": false,
        "verbose": false,
        "weightEE": 1.8342600953922878,
        "weightEE_std": 0.4106661184653428,
        "weightEI": 1.1621987905368782,
        "weightEI_std": 0.18370288865635748,
        "weightIE": 0.809018370494951,
        "weightIE_std": 0.2690920271112262,
        "weightII": 1.1903571661439314,
        "weightII_std": 0.17595406262393523
    }
}