{
    "simConfig": {
        "E_L_mean": 18.8,
        "E_L_stdev": 8.551973186826181,
        "E_Ra_mean": 128.0,
        "E_Ra_stdev": 29.873907105274093,
        "E_diam_mean": 18.8,
        "E_diam_stdev": 3.667390868682608,
        "I_L_mean": 9.0,
        "I_L_stdev": 0.5376323624931632,
        "I_Ra_mean": 110.0,
        "I_Ra_stdev": 44.43497022085117,
        "I_diam_mean": 10.0,
        "I_diam_stdev": 1.1292886294193956,
        "addSynMechs": true,
        "allowConnsWithWeight0": true,
        "allowSelfConns": false,
        "analysis": {},
        "backupCfgFile": [],
        "cache_efficient": true,
        "checkErrors": false,
        "compactConnFormat": false,
        "connRandomSecFromList": true,
        "coreneuron": false,
        "createNEURONObj": true,
        "createPyStruct": true,
        "cvode_active": false,
        "cvode_atol": 0.001,
        "distributeSynsUniformly": true,
        "dt": 0.025,
        "dump_coreneuron_model": false,
        "duration": 1000.0,
        "duration_seconds": 330.0,
        "filename": "model_output",
        "gatherOnlySimData": false,
        "gkbar_E": 0.4954844305044762,
        "gkbar_E_std": 0.14239628968226198,
        "gkbar_I": 0.08595737312121537,
        "gkbar_I_std": 1.8967928477283493,
        "gnabar_E": 5.511653664948328,
        "gnabar_E_std": 0.004610145706149205,
        "gnabar_I": 4.960664144165341,
        "gnabar_I_std": 0.6230777963666447,
        "gpu": false,
        "hParams": {
            "celsius": 6.3,
            "clamp_resist": 0.001,
            "v_init": -65.0
        },
        "includeParamsLabel": true,
        "invertedYCoord": true,
        "networkType": "22May24",
        "oneSynPerNetcon": true,
        "printPopAvgRates": [
            100,
            1000.0
        ],
        "printRunTime": false,
        "printSynsAfterRule": false,
        "probEE": 0.5798316440856671,
        "probEE_std": 0.4609851187854057,
        "probEI": 0.28127930648886634,
        "probEI_std": 0.462833302489953,
        "probIE": 0.2694518835468222,
        "probIE_std": 0.4294779975658187,
        "probII": 0.13983859206712157,
        "probII_std": 0.0029093888054146557,
        "probLengthConst": 2750.706334156789,
        "propVelocity": 1.0,
        "pt3dRelativeToCellLocation": true,
        "rand123GlobalIndex": null,
        "random123": false,
        "recordCells": [
            [
                "E",
                [
                    68,
                    13
                ]
            ],
            [
                "I",
                [
                    4,
                    5
                ]
            ]
        ],
        "recordCellsSpikes": -1,
        "recordDipole": false,
        "recordDipolesHNN": false,
        "recordLFP": [],
        "recordStep": 0.1,
        "recordStim": false,
        "recordTime": true,
        "recordTraces": {
            "soma_voltage": {
                "loc": 0.5,
                "sec": "soma",
                "var": "v"
            }
        },
        "saveCSV": false,
        "saveCellConns": true,
        "saveCellSecs": true,
        "saveDat": false,
        "saveDataInclude": [
            "simData",
            "simConfig",
            "netParams",
            "net"
        ],
        "saveDipoleCells": false,
        "saveDipolePops": false,
        "saveDpk": false,
        "saveFolder": "/pscratch/sd/a/adammwea/2DNetworkSimulations/NERSC/output/240604_Run1_24n24hr/gen_5",
        "saveHDF5": false,
        "saveJson": true,
        "saveLFPCells": false,
        "saveLFPPops": false,
        "saveMat": false,
        "savePickle": false,
        "saveTiming": false,
        "seeds": {
            "cell": 1,
            "conn": 1,
            "loc": 1,
            "stim": 1
        },
        "simLabel": "gen_5_cand_384",
        "tau1_exc": 1.076829233083327,
        "tau1_exc_std": 2.828330712428019,
        "tau1_inh": 0.632492187540652,
        "tau1_inh_std": 0.42482882265797195,
        "tau2_exc": 1.5848481992836483,
        "tau2_exc_std": 1.2523530339777773,
        "tau2_inh": 9.364183215022672,
        "tau2_inh_std": 5.306430301655549,
        "timestampFilename": false,
        "timing": true,
        "tstop": 1000.0,
        "use_fast_imem": false,
        "validateNetParams": false,
        "verbose": false,
        "weightEE": 0.1102915882663987,
        "weightEE_std": 0.0023865631718908075,
        "weightEI": 1.9919031678010397,
        "weightEI_std": 0.20961886475337282,
        "weightIE": 0.9958972881495738,
        "weightIE_std": 0.32278430694392285,
        "weightII": 1.5970350487411125,
        "weightII_std": 0.2022525547351884
    }
}