{
    "simConfig": {
        "E_L_mean": 18.8,
        "E_L_stdev": 4.023882911589432,
        "E_Ra_mean": 128.0,
        "E_Ra_stdev": 30.442414301689286,
        "E_diam_mean": 18.8,
        "E_diam_stdev": 1.2660953312847618,
        "I_L_mean": 9.0,
        "I_L_stdev": 1.0296698886421125,
        "I_Ra_mean": 110.0,
        "I_Ra_stdev": 53.602719643628674,
        "I_diam_mean": 10.0,
        "I_diam_stdev": 3.3113824675170327,
        "addSynMechs": true,
        "allowConnsWithWeight0": true,
        "allowSelfConns": false,
        "analysis": {},
        "backupCfgFile": [],
        "cache_efficient": true,
        "checkErrors": false,
        "compactConnFormat": false,
        "connRandomSecFromList": true,
        "coreneuron": false,
        "createNEURONObj": true,
        "createPyStruct": true,
        "cvode_active": false,
        "cvode_atol": 0.001,
        "distributeSynsUniformly": true,
        "dt": 0.025,
        "dump_coreneuron_model": false,
        "duration": 1000.0,
        "duration_seconds": 330.0,
        "filename": "model_output",
        "gatherOnlySimData": false,
        "gkbar_E": 0.8062302115851343,
        "gkbar_E_std": 0.15269298759885766,
        "gkbar_I": 3.9209764052460336,
        "gkbar_I_std": 2.014333695049824,
        "gnabar_E": 6.5700392146823825,
        "gnabar_E_std": 0.21742697896100455,
        "gnabar_I": 0.3058660765855987,
        "gnabar_I_std": 0.9983892395474305,
        "gpu": false,
        "hParams": {
            "celsius": 6.3,
            "clamp_resist": 0.001,
            "v_init": -65.0
        },
        "includeParamsLabel": true,
        "invertedYCoord": true,
        "networkType": "22May24",
        "oneSynPerNetcon": true,
        "printPopAvgRates": [
            100,
            1000.0
        ],
        "printRunTime": false,
        "printSynsAfterRule": false,
        "probEE": 0.40549004151963597,
        "probEE_std": 0.4132330552974381,
        "probEI": 0.3996159853399863,
        "probEI_std": 0.11106521263807201,
        "probIE": 0.06560416820644438,
        "probIE_std": 0.17577497682591128,
        "probII": 0.49298462723785585,
        "probII_std": 0.19026996545380037,
        "probLengthConst": 536.8775911936841,
        "propVelocity": 1.0,
        "pt3dRelativeToCellLocation": true,
        "rand123GlobalIndex": null,
        "random123": false,
        "recordCells": [
            [
                "E",
                [
                    68,
                    13
                ]
            ],
            [
                "I",
                [
                    4,
                    5
                ]
            ]
        ],
        "recordCellsSpikes": -1,
        "recordDipole": false,
        "recordDipolesHNN": false,
        "recordLFP": [],
        "recordStep": 0.1,
        "recordStim": false,
        "recordTime": true,
        "recordTraces": {
            "soma_voltage": {
                "loc": 0.5,
                "sec": "soma",
                "var": "v"
            }
        },
        "saveCSV": false,
        "saveCellConns": true,
        "saveCellSecs": true,
        "saveDat": false,
        "saveDataInclude": [
            "simData",
            "simConfig",
            "netParams",
            "net"
        ],
        "saveDipoleCells": false,
        "saveDipolePops": false,
        "saveDpk": false,
        "saveFolder": "/pscratch/sd/a/adammwea/2DNetworkSimulations/NERSC/output/240604_Run1_24n24hr/gen_5",
        "saveHDF5": false,
        "saveJson": true,
        "saveLFPCells": false,
        "saveLFPPops": false,
        "saveMat": false,
        "savePickle": false,
        "saveTiming": false,
        "seeds": {
            "cell": 1,
            "conn": 1,
            "loc": 1,
            "stim": 1
        },
        "simLabel": "gen_5_cand_385",
        "tau1_exc": 3.2854974753683797,
        "tau1_exc_std": 2.7317151088135088,
        "tau1_inh": 9.978474488100543,
        "tau1_inh_std": 2.2785526104863973,
        "tau2_exc": 12.060668737178677,
        "tau2_exc_std": 6.283303263010911,
        "tau2_inh": 19.9260739803791,
        "tau2_inh_std": 6.6573527195728985,
        "timestampFilename": false,
        "timing": true,
        "tstop": 1000.0,
        "use_fast_imem": false,
        "validateNetParams": false,
        "verbose": false,
        "weightEE": 1.947817015546358,
        "weightEE_std": 0.13598855781725477,
        "weightEI": 1.2674222344268316,
        "weightEI_std": 0.332893539563777,
        "weightIE": 0.19342615026122034,
        "weightIE_std": 0.002105673641168598,
        "weightII": 1.9824633794859148,
        "weightII_std": 0.24675943099365003
    }
}