{
    "simConfig": {
        "E_L_mean": 18.8,
        "E_L_stdev": 3.0936750638772006,
        "E_Ra_mean": 128.0,
        "E_Ra_stdev": 17.525363287990228,
        "E_diam_mean": 18.8,
        "E_diam_stdev": 0.5574768693849953,
        "I_L_mean": 9.0,
        "I_L_stdev": 2.9293077792704514,
        "I_Ra_mean": 110.0,
        "I_Ra_stdev": 48.93752169518028,
        "I_diam_mean": 10.0,
        "I_diam_stdev": 0.19767907620624436,
        "addSynMechs": true,
        "allowConnsWithWeight0": true,
        "allowSelfConns": false,
        "analysis": {},
        "backupCfgFile": [],
        "cache_efficient": true,
        "checkErrors": false,
        "compactConnFormat": false,
        "connRandomSecFromList": true,
        "coreneuron": false,
        "createNEURONObj": true,
        "createPyStruct": true,
        "cvode_active": false,
        "cvode_atol": 0.001,
        "distributeSynsUniformly": true,
        "dt": 0.025,
        "dump_coreneuron_model": false,
        "duration": 1000.0,
        "duration_seconds": 330.0,
        "filename": "model_output",
        "gatherOnlySimData": false,
        "gkbar_E": 0.01341713013103625,
        "gkbar_E_std": 0.4092665341480294,
        "gkbar_I": 8.098177700363886,
        "gkbar_I_std": 1.8854126890203986,
        "gnabar_E": 6.492726700421327,
        "gnabar_E_std": 0.9241693581696007,
        "gnabar_I": 4.418237495247706,
        "gnabar_I_std": 0.4223627412613101,
        "gpu": false,
        "hParams": {
            "celsius": 6.3,
            "clamp_resist": 0.001,
            "v_init": -65.0
        },
        "includeParamsLabel": true,
        "invertedYCoord": true,
        "networkType": "22May24",
        "oneSynPerNetcon": true,
        "printPopAvgRates": [
            100,
            1000.0
        ],
        "printRunTime": false,
        "printSynsAfterRule": false,
        "probEE": 0.6598036797422737,
        "probEE_std": 0.014144731141426115,
        "probEI": 0.6748796444023328,
        "probEI_std": 0.08449606588115044,
        "probIE": 0.11216232290561173,
        "probIE_std": 0.11811953031189354,
        "probII": 0.2663900376116857,
        "probII_std": 0.27504331134641347,
        "probLengthConst": 338.2462788374973,
        "propVelocity": 1.0,
        "pt3dRelativeToCellLocation": true,
        "rand123GlobalIndex": null,
        "random123": false,
        "recordCells": [
            [
                "E",
                [
                    68,
                    13
                ]
            ],
            [
                "I",
                [
                    4,
                    5
                ]
            ]
        ],
        "recordCellsSpikes": -1,
        "recordDipole": false,
        "recordDipolesHNN": false,
        "recordLFP": [],
        "recordStep": 0.1,
        "recordStim": false,
        "recordTime": true,
        "recordTraces": {
            "soma_voltage": {
                "loc": 0.5,
                "sec": "soma",
                "var": "v"
            }
        },
        "saveCSV": false,
        "saveCellConns": true,
        "saveCellSecs": true,
        "saveDat": false,
        "saveDataInclude": [
            "simData",
            "simConfig",
            "netParams",
            "net"
        ],
        "saveDipoleCells": false,
        "saveDipolePops": false,
        "saveDpk": false,
        "saveFolder": "/pscratch/sd/a/adammwea/2DNetworkSimulations/NERSC/output/240604_Run1_24n24hr/gen_5",
        "saveHDF5": false,
        "saveJson": true,
        "saveLFPCells": false,
        "saveLFPPops": false,
        "saveMat": false,
        "savePickle": false,
        "saveTiming": false,
        "seeds": {
            "cell": 1,
            "conn": 1,
            "loc": 1,
            "stim": 1
        },
        "simLabel": "gen_5_cand_133",
        "tau1_exc": 1.2227992273230412,
        "tau1_exc_std": 0.3708443163720938,
        "tau1_inh": 4.830502021745956,
        "tau1_inh_std": 1.166403116306312,
        "tau2_exc": 4.3399932732202124,
        "tau2_exc_std": 0.0629430651777183,
        "tau2_inh": 0.5404342622266413,
        "tau2_inh_std": 1.0743310893053317,
        "timestampFilename": false,
        "timing": true,
        "tstop": 1000.0,
        "use_fast_imem": false,
        "validateNetParams": false,
        "verbose": false,
        "weightEE": 0.653892756585368,
        "weightEE_std": 0.10142732447725657,
        "weightEI": 1.9952751255358367,
        "weightEI_std": 0.317022229586693,
        "weightIE": 0.00106078679100014,
        "weightIE_std": 0.11379934888133073,
        "weightII": 0.6679698139411144,
        "weightII_std": 0.24905211444960862
    }
}