{
    "simConfig": {
        "E_L_mean": 18.8,
        "E_L_stdev": 5.697155793432083,
        "E_Ra_mean": 128.0,
        "E_Ra_stdev": 0.472468331270257,
        "E_diam_mean": 18.8,
        "E_diam_stdev": 3.663764824836091,
        "I_L_mean": 9.0,
        "I_L_stdev": 2.8141774304574065,
        "I_Ra_mean": 110.0,
        "I_Ra_stdev": 54.061130619684086,
        "I_diam_mean": 10.0,
        "I_diam_stdev": 3.1692000109997864,
        "addSynMechs": true,
        "allowConnsWithWeight0": true,
        "allowSelfConns": false,
        "analysis": {},
        "backupCfgFile": [],
        "cache_efficient": true,
        "checkErrors": false,
        "compactConnFormat": false,
        "connRandomSecFromList": true,
        "coreneuron": false,
        "createNEURONObj": true,
        "createPyStruct": true,
        "cvode_active": false,
        "cvode_atol": 0.001,
        "distributeSynsUniformly": true,
        "dt": 0.025,
        "dump_coreneuron_model": false,
        "duration": 1000.0,
        "duration_seconds": 330.0,
        "filename": "model_output",
        "gatherOnlySimData": false,
        "gkbar_E": 0.007903761481000441,
        "gkbar_E_std": 0.20339083431662913,
        "gkbar_I": 3.8657724099297726,
        "gkbar_I_std": 2.4890263517755784,
        "gnabar_E": 5.235204225515643,
        "gnabar_E_std": 1.3320094010692898,
        "gnabar_I": 2.9653207102667714,
        "gnabar_I_std": 0.20127879977995086,
        "gpu": false,
        "hParams": {
            "celsius": 6.3,
            "clamp_resist": 0.001,
            "v_init": -65.0
        },
        "includeParamsLabel": true,
        "invertedYCoord": true,
        "networkType": "22May24",
        "oneSynPerNetcon": true,
        "printPopAvgRates": [
            100,
            1000.0
        ],
        "printRunTime": false,
        "printSynsAfterRule": false,
        "probEE": 0.46021089435084084,
        "probEE_std": 0.17852811577842365,
        "probEI": 0.2501170491670255,
        "probEI_std": 0.25421089725927465,
        "probIE": 0.524682599198892,
        "probIE_std": 0.4998101718661583,
        "probII": 0.017889968920811735,
        "probII_std": 0.4432744229990552,
        "probLengthConst": 196.8790091730816,
        "propVelocity": 1.0,
        "pt3dRelativeToCellLocation": true,
        "rand123GlobalIndex": null,
        "random123": false,
        "recordCells": [
            [
                "E",
                [
                    68,
                    13
                ]
            ],
            [
                "I",
                [
                    4,
                    5
                ]
            ]
        ],
        "recordCellsSpikes": -1,
        "recordDipole": false,
        "recordDipolesHNN": false,
        "recordLFP": [],
        "recordStep": 0.1,
        "recordStim": false,
        "recordTime": true,
        "recordTraces": {
            "soma_voltage": {
                "loc": 0.5,
                "sec": "soma",
                "var": "v"
            }
        },
        "saveCSV": false,
        "saveCellConns": true,
        "saveCellSecs": true,
        "saveDat": false,
        "saveDataInclude": [
            "simData",
            "simConfig",
            "netParams",
            "net"
        ],
        "saveDipoleCells": false,
        "saveDipolePops": false,
        "saveDpk": false,
        "saveFolder": "/pscratch/sd/a/adammwea/2DNetworkSimulations/NERSC/output/240604_Run1_24n24hr/gen_5",
        "saveHDF5": false,
        "saveJson": true,
        "saveLFPCells": false,
        "saveLFPPops": false,
        "saveMat": false,
        "savePickle": false,
        "saveTiming": false,
        "seeds": {
            "cell": 1,
            "conn": 1,
            "loc": 1,
            "stim": 1
        },
        "simLabel": "gen_5_cand_136",
        "tau1_exc": 7.499886878339906,
        "tau1_exc_std": 1.4299962011688454,
        "tau1_inh": 7.129527353549846,
        "tau1_inh_std": 3.286509980992614,
        "tau2_exc": 0.43496675512886945,
        "tau2_exc_std": 0.7910076541199846,
        "tau2_inh": 0.6719301595596652,
        "tau2_inh_std": 8.965222877317668,
        "timestampFilename": false,
        "timing": true,
        "tstop": 1000.0,
        "use_fast_imem": false,
        "validateNetParams": false,
        "verbose": false,
        "weightEE": 1.4802055553004105,
        "weightEE_std": 0.4495036493388465,
        "weightEI": 1.8797035359907304,
        "weightEI_std": 0.26698969170572046,
        "weightIE": 0.11963230528408375,
        "weightIE_std": 0.03028666599995611,
        "weightII": 0.5925389025992327,
        "weightII_std": 0.11426196834697892
    }
}