{
    "simConfig": {
        "E_L_mean": 18.8,
        "E_L_stdev": 7.277211187231469,
        "E_Ra_mean": 128.0,
        "E_Ra_stdev": 26.858445855644547,
        "E_diam_mean": 18.8,
        "E_diam_stdev": 3.360870730146549,
        "I_L_mean": 9.0,
        "I_L_stdev": 2.002873144592816,
        "I_Ra_mean": 110.0,
        "I_Ra_stdev": 37.342218736235466,
        "I_diam_mean": 10.0,
        "I_diam_stdev": 3.305927960187845,
        "addSynMechs": true,
        "allowConnsWithWeight0": true,
        "allowSelfConns": false,
        "analysis": {},
        "backupCfgFile": [],
        "cache_efficient": true,
        "checkErrors": false,
        "compactConnFormat": false,
        "connRandomSecFromList": true,
        "coreneuron": false,
        "createNEURONObj": true,
        "createPyStruct": true,
        "cvode_active": false,
        "cvode_atol": 0.001,
        "distributeSynsUniformly": true,
        "dt": 0.025,
        "dump_coreneuron_model": false,
        "duration": 1000.0,
        "duration_seconds": 1.0,
        "filename": "model_output",
        "gatherOnlySimData": false,
        "gkbar_E": 0.44412508605060863,
        "gkbar_E_std": 0.4941759561154867,
        "gkbar_I": 4.419934861129652,
        "gkbar_I_std": 1.5040114288681932,
        "gnabar_E": 6.899293729444732,
        "gnabar_E_std": 0.949599126573185,
        "gnabar_I": 1.3041309269586803,
        "gnabar_I_std": 0.060979738611746104,
        "gpu": false,
        "hParams": {
            "celsius": 6.3,
            "clamp_resist": 0.001,
            "v_init": -65.0
        },
        "includeParamsLabel": true,
        "invertedYCoord": true,
        "networkType": "07Oct24",
        "oneSynPerNetcon": true,
        "printPopAvgRates": [
            100,
            1000.0
        ],
        "printRunTime": false,
        "printSynsAfterRule": false,
        "probEE": 0.24102827456514173,
        "probEE_std": 0.3508658715030366,
        "probEI": 0.49764004780220683,
        "probEI_std": 0.45210926226546927,
        "probIE": 0.05199417547451285,
        "probIE_std": 0.3252558786738578,
        "probII": 0.08701017090060156,
        "probII_std": 0.058180543582570354,
        "probLengthConst": 2040.1283170473755,
        "progressBar": 2,
        "propVelocity": 1.0,
        "pt3dRelativeToCellLocation": true,
        "rand123GlobalIndex": null,
        "random123": false,
        "recordCells": [
            [
                "E",
                [
                    25,
                    47
                ]
            ],
            [
                "I",
                [
                    32,
                    10
                ]
            ]
        ],
        "recordCellsSpikes": -1,
        "recordDipole": false,
        "recordDipolesHNN": false,
        "recordLFP": [],
        "recordStep": 0.1,
        "recordStim": false,
        "recordTime": true,
        "recordTraces": {
            "soma_voltage": {
                "loc": 0.5,
                "sec": "soma",
                "var": "v"
            }
        },
        "saveCSV": false,
        "saveCellConns": true,
        "saveCellSecs": true,
        "saveDat": false,
        "saveDataInclude": [
            "simData",
            "simConfig",
            "netParams",
            "net"
        ],
        "saveDipoleCells": false,
        "saveDipolePops": false,
        "saveDpk": false,
        "saveFolder": "/app/simulation_output/241008_Run1_vscode/gen_0",
        "saveHDF5": false,
        "saveJson": true,
        "saveLFPCells": false,
        "saveLFPPops": false,
        "saveMat": false,
        "savePickle": false,
        "saveTiming": false,
        "seeds": {
            "cell": 1,
            "conn": 1,
            "loc": 1,
            "stim": 1
        },
        "simLabel": "gen_0_cand_9",
        "tau1_exc": 4.28936169607014,
        "tau1_exc_std": 1.5220991381589415,
        "tau1_inh": 1.459910269422574,
        "tau1_inh_std": 3.0083676329710896,
        "tau2_exc": 14.26230617692614,
        "tau2_exc_std": 5.258035374928917,
        "tau2_inh": 2.4845736069215163,
        "tau2_inh_std": 8.087602426539746,
        "timestampFilename": false,
        "timing": true,
        "tstop": 1000.0,
        "use_fast_imem": false,
        "validateNetParams": false,
        "verbose": false,
        "weightEE": 1.6026709566739574,
        "weightEE_std": 0.3127541577621456,
        "weightEI": 0.9382923200115094,
        "weightEI_std": 0.048157450865561335,
        "weightIE": 0.11626570451063367,
        "weightIE_std": 0.30951825872678057,
        "weightII": 1.9608376350826275,
        "weightII_std": 0.199022777121318
    }
}