{
    "simConfig": {
        "E_L_mean": 18.8,
        "E_L_stdev": 3.9953032859675597,
        "E_Ra_mean": 128.0,
        "E_Ra_stdev": 11.939057264862203,
        "E_diam_mean": 18.8,
        "E_diam_stdev": 2.7486655732457845,
        "I_L_mean": 9.0,
        "I_L_stdev": 1.8066633588043488,
        "I_Ra_mean": 110.0,
        "I_Ra_stdev": 4.685363961434682,
        "I_diam_mean": 10.0,
        "I_diam_stdev": 0.9318637833139392,
        "addSynMechs": true,
        "allowConnsWithWeight0": true,
        "allowSelfConns": false,
        "analysis": {},
        "backupCfgFile": [],
        "cache_efficient": true,
        "checkErrors": false,
        "compactConnFormat": false,
        "connRandomSecFromList": true,
        "coreneuron": false,
        "createNEURONObj": true,
        "createPyStruct": true,
        "cvode_active": false,
        "cvode_atol": 0.001,
        "distributeSynsUniformly": true,
        "dt": 0.025,
        "dump_coreneuron_model": false,
        "duration": 1000.0,
        "duration_seconds": 330.0,
        "filename": "model_output",
        "gatherOnlySimData": false,
        "gkbar_E": 0.20949502724409774,
        "gkbar_E_std": 0.4669167668157767,
        "gkbar_I": 2.699500872206227,
        "gkbar_I_std": 0.9755200654995745,
        "gnabar_E": 6.9163454502824155,
        "gnabar_E_std": 0.36598127091534527,
        "gnabar_I": 3.553103749115427,
        "gnabar_I_std": 0.7581481200083536,
        "gpu": false,
        "hParams": {
            "celsius": 6.3,
            "clamp_resist": 0.001,
            "v_init": -65.0
        },
        "includeParamsLabel": true,
        "invertedYCoord": true,
        "networkType": "22May24",
        "oneSynPerNetcon": true,
        "printPopAvgRates": [
            100,
            1000.0
        ],
        "printRunTime": false,
        "printSynsAfterRule": false,
        "probEE": 0.19761500566530588,
        "probEE_std": 0.18876216993552705,
        "probEI": 0.45267624808838053,
        "probEI_std": 0.00016914873800834458,
        "probIE": 0.595126270597653,
        "probIE_std": 0.4158151785806063,
        "probII": 0.7104979487857151,
        "probII_std": 0.16169367648397234,
        "probLengthConst": 898.8050664070217,
        "propVelocity": 1.0,
        "pt3dRelativeToCellLocation": true,
        "rand123GlobalIndex": null,
        "random123": false,
        "recordCells": [
            [
                "E",
                [
                    68,
                    13
                ]
            ],
            [
                "I",
                [
                    4,
                    5
                ]
            ]
        ],
        "recordCellsSpikes": -1,
        "recordDipole": false,
        "recordDipolesHNN": false,
        "recordLFP": [],
        "recordStep": 0.1,
        "recordStim": false,
        "recordTime": true,
        "recordTraces": {
            "soma_voltage": {
                "loc": 0.5,
                "sec": "soma",
                "var": "v"
            }
        },
        "saveCSV": false,
        "saveCellConns": true,
        "saveCellSecs": true,
        "saveDat": false,
        "saveDataInclude": [
            "simData",
            "simConfig",
            "netParams",
            "net"
        ],
        "saveDipoleCells": false,
        "saveDipolePops": false,
        "saveDpk": false,
        "saveFolder": "/pscratch/sd/a/adammwea/2DNetworkSimulations/NERSC/output/240604_Run1_24n24hr/gen_2",
        "saveHDF5": false,
        "saveJson": true,
        "saveLFPCells": false,
        "saveLFPPops": false,
        "saveMat": false,
        "savePickle": false,
        "saveTiming": false,
        "seeds": {
            "cell": 1,
            "conn": 1,
            "loc": 1,
            "stim": 1
        },
        "simLabel": "gen_2_cand_244",
        "tau1_exc": 4.163377441709038,
        "tau1_exc_std": 0.5122550836459955,
        "tau1_inh": 1.28929592418297,
        "tau1_inh_std": 0.317829543876762,
        "tau2_exc": 29.999682295184662,
        "tau2_exc_std": 6.247857064072532,
        "tau2_inh": 18.212589162054215,
        "tau2_inh_std": 1.0329598147190522,
        "timestampFilename": false,
        "timing": true,
        "tstop": 1000.0,
        "use_fast_imem": false,
        "validateNetParams": false,
        "verbose": false,
        "weightEE": 0.5903066044982038,
        "weightEE_std": 0.29344329665521,
        "weightEI": 0.29669224109077974,
        "weightEI_std": 0.22051528647863936,
        "weightIE": 0.9127908380760765,
        "weightIE_std": 0.0243092447454613,
        "weightII": 1.7947004354317562,
        "weightII_std": 0.22060294668459268
    }
}