{
    "simConfig": {
        "E_L_mean": 18.8,
        "E_L_stdev": 7.47069853189526,
        "E_Ra_mean": 128.0,
        "E_Ra_stdev": 60.86470573016628,
        "E_diam_mean": 18.8,
        "E_diam_stdev": 2.3927800711239815,
        "I_L_mean": 9.0,
        "I_L_stdev": 0.036705852449035736,
        "I_Ra_mean": 110.0,
        "I_Ra_stdev": 21.120458741091536,
        "I_diam_mean": 10.0,
        "I_diam_stdev": 2.4373163464040597,
        "addSynMechs": true,
        "allowConnsWithWeight0": true,
        "allowSelfConns": false,
        "analysis": {},
        "backupCfgFile": [],
        "cache_efficient": true,
        "checkErrors": false,
        "compactConnFormat": false,
        "connRandomSecFromList": true,
        "coreneuron": false,
        "createNEURONObj": true,
        "createPyStruct": true,
        "cvode_active": false,
        "cvode_atol": 0.001,
        "distributeSynsUniformly": true,
        "dt": 0.025,
        "dump_coreneuron_model": false,
        "duration": 1000.0,
        "duration_seconds": 330.0,
        "filename": "model_output",
        "gatherOnlySimData": false,
        "gkbar_E": 0.458268952778525,
        "gkbar_E_std": 0.1454019957584089,
        "gkbar_I": 0.100283123628222,
        "gkbar_I_std": 0.33213016669374984,
        "gnabar_E": 6.994524812686611,
        "gnabar_E_std": 0.05110159847913731,
        "gnabar_I": 3.857835891400965,
        "gnabar_I_std": 0.08345877906673604,
        "gpu": false,
        "hParams": {
            "celsius": 6.3,
            "clamp_resist": 0.001,
            "v_init": -65.0
        },
        "includeParamsLabel": true,
        "invertedYCoord": true,
        "networkType": "22May24",
        "oneSynPerNetcon": true,
        "printPopAvgRates": [
            100,
            1000.0
        ],
        "printRunTime": false,
        "printSynsAfterRule": false,
        "probEE": 0.5539271597142204,
        "probEE_std": 0.32647558058137954,
        "probEI": 0.37847633810268755,
        "probEI_std": 0.06982591202124677,
        "probIE": 0.6954727699027696,
        "probIE_std": 0.43385862105291845,
        "probII": 0.39517880606136424,
        "probII_std": 0.0007961818163759666,
        "probLengthConst": 2970.76208255724,
        "propVelocity": 1.0,
        "pt3dRelativeToCellLocation": true,
        "rand123GlobalIndex": null,
        "random123": false,
        "recordCells": [
            [
                "E",
                [
                    68,
                    13
                ]
            ],
            [
                "I",
                [
                    4,
                    5
                ]
            ]
        ],
        "recordCellsSpikes": -1,
        "recordDipole": false,
        "recordDipolesHNN": false,
        "recordLFP": [],
        "recordStep": 0.1,
        "recordStim": false,
        "recordTime": true,
        "recordTraces": {
            "soma_voltage": {
                "loc": 0.5,
                "sec": "soma",
                "var": "v"
            }
        },
        "saveCSV": false,
        "saveCellConns": true,
        "saveCellSecs": true,
        "saveDat": false,
        "saveDataInclude": [
            "simData",
            "simConfig",
            "netParams",
            "net"
        ],
        "saveDipoleCells": false,
        "saveDipolePops": false,
        "saveDpk": false,
        "saveFolder": "/pscratch/sd/a/adammwea/2DNetworkSimulations/NERSC/output/240604_Run1_24n24hr/gen_2",
        "saveHDF5": false,
        "saveJson": true,
        "saveLFPCells": false,
        "saveLFPPops": false,
        "saveMat": false,
        "savePickle": false,
        "saveTiming": false,
        "seeds": {
            "cell": 1,
            "conn": 1,
            "loc": 1,
            "stim": 1
        },
        "simLabel": "gen_2_cand_476",
        "tau1_exc": 1.3250848021686301,
        "tau1_exc_std": 2.5625284172932696,
        "tau1_inh": 6.315537069409942,
        "tau1_inh_std": 0.15240409171781755,
        "tau2_exc": 27.265325440262533,
        "tau2_exc_std": 4.758564512808001,
        "tau2_inh": 1.3075906452423696,
        "tau2_inh_std": 9.966006590020726,
        "timestampFilename": false,
        "timing": true,
        "tstop": 1000.0,
        "use_fast_imem": false,
        "validateNetParams": false,
        "verbose": false,
        "weightEE": 1.9207550955849368,
        "weightEE_std": 0.08874924796216621,
        "weightEI": 1.4720740546597733,
        "weightEI_std": 0.024456347434556353,
        "weightIE": 0.8055054455768091,
        "weightIE_std": 0.1628534682579473,
        "weightII": 1.961200157463616,
        "weightII_std": 0.2471174960831135
    }
}