{
    "simConfig": {
        "E_L_mean": 18.8,
        "E_L_stdev": 2.81950912445033,
        "E_Ra_mean": 128.0,
        "E_Ra_stdev": 3.525690495824233,
        "E_diam_mean": 18.8,
        "E_diam_stdev": 6.229252383660939,
        "I_L_mean": 9.0,
        "I_L_stdev": 0.04508767477888387,
        "I_Ra_mean": 110.0,
        "I_Ra_stdev": 11.166557165752018,
        "I_diam_mean": 10.0,
        "I_diam_stdev": 3.2213798085061898,
        "addSynMechs": true,
        "allowConnsWithWeight0": true,
        "allowSelfConns": false,
        "analysis": {},
        "backupCfgFile": [],
        "cache_efficient": true,
        "checkErrors": false,
        "compactConnFormat": false,
        "connRandomSecFromList": true,
        "coreneuron": false,
        "createNEURONObj": true,
        "createPyStruct": true,
        "cvode_active": false,
        "cvode_atol": 0.001,
        "distributeSynsUniformly": true,
        "dt": 0.025,
        "dump_coreneuron_model": false,
        "duration": 1000.0,
        "duration_seconds": 330.0,
        "filename": "model_output",
        "gatherOnlySimData": false,
        "gkbar_E": 0.3641567269250688,
        "gkbar_E_std": 0.49655762479134774,
        "gkbar_I": 8.582920576515011,
        "gkbar_I_std": 2.476773958324226,
        "gnabar_E": 5.7873475285835,
        "gnabar_E_std": 1.5673723104201296,
        "gnabar_I": 3.465570090613469,
        "gnabar_I_std": 0.07343704280968155,
        "gpu": false,
        "hParams": {
            "celsius": 6.3,
            "clamp_resist": 0.001,
            "v_init": -65.0
        },
        "includeParamsLabel": true,
        "invertedYCoord": true,
        "networkType": "22May24",
        "oneSynPerNetcon": true,
        "printPopAvgRates": [
            100,
            1000.0
        ],
        "printRunTime": false,
        "printSynsAfterRule": false,
        "probEE": 0.6103900999688054,
        "probEE_std": 0.4718352093102977,
        "probEI": 0.8947359970661127,
        "probEI_std": 0.2834810578529879,
        "probIE": 0.011516961657708102,
        "probIE_std": 0.4590620567191729,
        "probII": 0.3652200147694496,
        "probII_std": 0.1965429218914596,
        "probLengthConst": 343.5442199185045,
        "propVelocity": 1.0,
        "pt3dRelativeToCellLocation": true,
        "rand123GlobalIndex": null,
        "random123": false,
        "recordCells": [
            [
                "E",
                [
                    68,
                    13
                ]
            ],
            [
                "I",
                [
                    4,
                    5
                ]
            ]
        ],
        "recordCellsSpikes": -1,
        "recordDipole": false,
        "recordDipolesHNN": false,
        "recordLFP": [],
        "recordStep": 0.1,
        "recordStim": false,
        "recordTime": true,
        "recordTraces": {
            "soma_voltage": {
                "loc": 0.5,
                "sec": "soma",
                "var": "v"
            }
        },
        "saveCSV": false,
        "saveCellConns": true,
        "saveCellSecs": true,
        "saveDat": false,
        "saveDataInclude": [
            "simData",
            "simConfig",
            "netParams",
            "net"
        ],
        "saveDipoleCells": false,
        "saveDipolePops": false,
        "saveDpk": false,
        "saveFolder": "/pscratch/sd/a/adammwea/2DNetworkSimulations/NERSC/output/240604_Run1_24n24hr/gen_2",
        "saveHDF5": false,
        "saveJson": true,
        "saveLFPCells": false,
        "saveLFPPops": false,
        "saveMat": false,
        "savePickle": false,
        "saveTiming": false,
        "seeds": {
            "cell": 1,
            "conn": 1,
            "loc": 1,
            "stim": 1
        },
        "simLabel": "gen_2_cand_309",
        "tau1_exc": 7.404457521447971,
        "tau1_exc_std": 0.02387556699418243,
        "tau1_inh": 7.133246349413964,
        "tau1_inh_std": 3.088980406968848,
        "tau2_exc": 24.66417382173198,
        "tau2_exc_std": 3.6701032932164095,
        "tau2_inh": 6.850727535059248,
        "tau2_inh_std": 2.7645900973138033,
        "timestampFilename": false,
        "timing": true,
        "tstop": 1000.0,
        "use_fast_imem": false,
        "validateNetParams": false,
        "verbose": false,
        "weightEE": 0.13381307680194088,
        "weightEE_std": 0.13307194176392478,
        "weightEI": 0.5229094728984163,
        "weightEI_std": 0.03277545767816591,
        "weightIE": 0.9781147403531316,
        "weightIE_std": 0.24373544469225727,
        "weightII": 1.9962897775369945,
        "weightII_std": 0.21723819683038842
    }
}