{
    "BigBurstVal_Fitness": {
        "Value": 6649.479274535958,
        "Fit": 1000.0
    },
    "numBig_Fitness": {
        "Value": 9,
        "Percent": 100.0,
        "Fit": 1000
    },
    "SmallBurstVal_Fitness": {
        "Value": null,
        "Fit": 1000
    },
    "numSmall_Fitness": {
        "Value": 0,
        "Percent": 0.0,
        "Fit": 1000
    },
    "burst_peak_frequency_fitness": {
        "Value": 0.625,
        "Fit": 1.6630218909208074
    },
    "IBI_fitness": {
        "Value": 1.6125,
        "Fit": 1.0006485870961934
    },
    "baseline_fitness": {
        "Value": 6283.691156183531,
        "Fit": 1000
    },
    "slopeFitness": {
        "Value": -6.9446044644220395,
        "Fit": 1000
    },
    "thresh": {
        "Value": 6137.8683803597005,
        "Fit": 1000
    },
    "sustain_oscillation_fitness": {
        "Value": 90.72847682119205,
        "Fit": 1.1907168269628419
    },
    "E_rate_fitness": {
        "Value": 12.206349206349206,
        "Fit": 1000
    },
    "I_rate_fitness": {
        "Value": 0.9537037037037036,
        "Fit": 1000
    },
    "maxFitness": 1000,
    "average_fitness": 750.3211989420817,
    "average_scaled_fitness": 0.7500711079493767
}