{
    "BigBurstVal_Fitness": {
        "Value": 12060.473394876888,
        "Fit": 1000.0
    },
    "numBig_Fitness": {
        "Value": 2,
        "Percent": 100.0,
        "Fit": 1000
    },
    "SmallBurstVal_Fitness": {
        "Value": null,
        "Fit": 1000
    },
    "numSmall_Fitness": {
        "Value": 0,
        "Percent": 0.0,
        "Fit": 1000
    },
    "burst_peak_frequency_fitness": {
        "Value": 0.13605442176870747,
        "Fit": 1.0198859276502217
    },
    "IBI_fitness": {
        "Value": 6.4,
        "Fit": 1.0002159221334836
    },
    "baseline_fitness": {
        "Value": 12102.42521890956,
        "Fit": 1000
    },
    "slopeFitness": {
        "Value": 3.5791782361837106,
        "Fit": 35.75466404667859
    },
    "thresh": {
        "Value": 11831.896996783285,
        "Fit": 1000
    },
    "sustain_oscillation_fitness": {
        "Value": 84.10596026490066,
        "Fit": 895.2222913490648
    },
    "E_rate_fitness": {
        "Value": 34.09126984126984,
        "Fit": 1000
    },
    "I_rate_fitness": {
        "Value": 2.2962962962962963,
        "Fit": 1000
    },
    "maxFitness": 1000,
    "average_fitness": 744.4164214371273,
    "average_scaled_fitness": 0.7441605267224448
}