{
    "BigBurstVal_Fitness": {
        "Value": 1468.6445962091727,
        "Fit": 1.0005019450031203
    },
    "numBig_Fitness": {
        "Value": 12,
        "Percent": 100.0,
        "Fit": 1000
    },
    "SmallBurstVal_Fitness": {
        "Value": null,
        "Fit": 1000
    },
    "numSmall_Fitness": {
        "Value": 0,
        "Percent": 0.0,
        "Fit": 1000
    },
    "burst_peak_frequency_fitness": {
        "Value": 0.821917808219178,
        "Fit": 2.024968554620658
    },
    "IBI_fitness": {
        "Value": 1.2363636363636366,
        "Fit": 1.0006825876974754
    },
    "baseline_fitness": {
        "Value": 1438.193097133544,
        "Fit": 1000
    },
    "slopeFitness": {
        "Value": -0.13411711063260323,
        "Fit": 1.1463862728706007
    },
    "thresh": {
        "Value": 1431.4072168216906,
        "Fit": 1000
    },
    "sustain_oscillation_fitness": {
        "Value": 96.68874172185431,
        "Fit": 325.612947795735
    },
    "E_rate_fitness": {
        "Value": 5.349206349206349,
        "Fit": 87.51757956570613
    },
    "I_rate_fitness": {
        "Value": 0.0,
        "Fit": 1000
    },
    "maxFitness": 1000,
    "average_fitness": 534.8585888934693,
    "average_scaled_fitness": 0.534392747932168
}