{
    "BigBurstVal_Fitness": {
        "Value": 1329.9989023445792,
        "Fit": 5.713093973791296
    },
    "numBig_Fitness": {
        "Value": 212,
        "Percent": 88.70292887029288,
        "Fit": 1000
    },
    "SmallBurstVal_Fitness": {
        "Value": 1243.1708122398106,
        "Fit": 1.0007781165055354
    },
    "numSmall_Fitness": {
        "Value": 27,
        "Percent": 11.297071129707113,
        "Fit": 1000
    },
    "burst_peak_frequency_fitness": {
        "Value": 0.7974641307974641,
        "Fit": 1.9760511693962235
    },
    "IBI_fitness": {
        "Value": 1.2563025210084033,
        "Fit": 1.0006807837432403
    },
    "baseline_fitness": {
        "Value": 1233.6683600883796,
        "Fit": 1000
    },
    "slopeFitness": {
        "Value": -0.002652147943249505,
        "Fit": 1.0051629429447195
    },
    "thresh": {
        "Value": 1236.2726542765577,
        "Fit": 1000
    },
    "sustain_oscillation_fitness": {
        "Value": 99.83338887037654,
        "Fit": 1000
    },
    "E_rate_fitness": {
        "Value": 20.62222222222222,
        "Fit": 1000
    },
    "I_rate_fitness": {
        "Value": 1.3953488372093024,
        "Fit": 1000
    },
    "maxFitness": 1000,
    "average_fitness": 584.224647248865,
    "average_scaled_fitness": 0.5838081720843188
}