{
    "simConfig": {
        "E_L_mean": 18.8,
        "E_L_stdev": 7.020394140808643,
        "E_Ra_mean": 128.0,
        "E_Ra_stdev": 48.03526640231914,
        "E_diam_mean": 18.8,
        "E_diam_stdev": 0.048754287740832014,
        "I_L_mean": 9.0,
        "I_L_stdev": 1.4741376017208736,
        "I_Ra_mean": 110.0,
        "I_Ra_stdev": 52.474905317139324,
        "I_diam_mean": 10.0,
        "I_diam_stdev": 0.43655143266554397,
        "addSynMechs": true,
        "allowConnsWithWeight0": true,
        "allowSelfConns": false,
        "analysis": {},
        "backupCfgFile": [],
        "cache_efficient": true,
        "checkErrors": false,
        "compactConnFormat": false,
        "connRandomSecFromList": true,
        "coreneuron": false,
        "createNEURONObj": true,
        "createPyStruct": true,
        "cvode_active": false,
        "cvode_atol": 0.001,
        "distributeSynsUniformly": true,
        "dt": 0.025,
        "dump_coreneuron_model": false,
        "duration": 1000.0,
        "duration_seconds": 90.0,
        "filename": "model_output",
        "gatherOnlySimData": false,
        "gkbar_E": 0.3380132640483556,
        "gkbar_E_std": 0.13580136371491347,
        "gkbar_I": 4.833154027264733,
        "gkbar_I_std": 1.2754553974329303,
        "gnabar_E": 6.425303017911317,
        "gnabar_E_std": 0.9041499864553211,
        "gnabar_I": 0.09011269743962838,
        "gnabar_I_std": 0.8444138476359566,
        "gpu": false,
        "hParams": {
            "celsius": 6.3,
            "clamp_resist": 0.001,
            "v_init": -65.0
        },
        "includeParamsLabel": true,
        "invertedYCoord": true,
        "networkType": "22May24",
        "oneSynPerNetcon": true,
        "printPopAvgRates": [
            100,
            1000.0
        ],
        "printRunTime": false,
        "printSynsAfterRule": false,
        "probEE": 0.2056085324095846,
        "probEE_std": 0.033898657795975895,
        "probEI": 0.8562625199866476,
        "probEI_std": 0.4684917074578324,
        "probIE": 0.6459006881290388,
        "probIE_std": 0.014920295402634277,
        "probII": 0.30452393029506697,
        "probII_std": 0.042766024540024865,
        "probLengthConst": 2003.4495104216294,
        "propVelocity": 1.0,
        "pt3dRelativeToCellLocation": true,
        "rand123GlobalIndex": null,
        "random123": false,
        "recordCells": [
            [
                "E",
                [
                    74,
                    47
                ]
            ],
            [
                "I",
                [
                    38,
                    3
                ]
            ]
        ],
        "recordCellsSpikes": -1,
        "recordDipole": false,
        "recordDipolesHNN": false,
        "recordLFP": [],
        "recordStep": 0.1,
        "recordStim": false,
        "recordTime": true,
        "recordTraces": {
            "soma_voltage": {
                "loc": 0.5,
                "sec": "soma",
                "var": "v"
            }
        },
        "saveCSV": false,
        "saveCellConns": true,
        "saveCellSecs": true,
        "saveDat": false,
        "saveDataInclude": [
            "simData",
            "simConfig",
            "netParams",
            "net"
        ],
        "saveDipoleCells": false,
        "saveDipolePops": false,
        "saveDpk": false,
        "saveFolder": "/pscratch/sd/a/adammwea/2DNetworkSimulations/NERSC/output/240528_Run1_this_does_work/gen_2",
        "saveHDF5": false,
        "saveJson": true,
        "saveLFPCells": false,
        "saveLFPPops": false,
        "saveMat": false,
        "savePickle": false,
        "saveTiming": false,
        "seeds": {
            "cell": 1,
            "conn": 1,
            "loc": 1,
            "stim": 1
        },
        "simLabel": "gen_2_cand_46",
        "tau1_exc": 3.6935047496544158,
        "tau1_exc_std": 1.300173931141792,
        "tau1_inh": 0.22774801624397673,
        "tau1_inh_std": 3.045565133146646,
        "tau2_exc": 25.320808786122154,
        "tau2_exc_std": 9.558460146735218,
        "tau2_inh": 0.1512834106817531,
        "tau2_inh_std": 0.8378234282294343,
        "timestampFilename": false,
        "timing": true,
        "tstop": 1000.0,
        "use_fast_imem": false,
        "validateNetParams": false,
        "verbose": false,
        "weightEE": 0.15824492388538602,
        "weightEE_std": 0.1688296396217373,
        "weightEI": 0.6915937370490426,
        "weightEI_std": 0.010393923007744665,
        "weightIE": 0.2898920346471969,
        "weightIE_std": 0.3175795616583854,
        "weightII": 0.40648503394689967,
        "weightII_std": 0.13785699306745275
    }
}