{
    "simConfig": {
        "E_L_mean": 18.8,
        "E_L_stdev": 9.021192790418835,
        "E_Ra_mean": 128.0,
        "E_Ra_stdev": 63.990801168329,
        "E_diam_mean": 18.8,
        "E_diam_stdev": 1.3326866015554941,
        "I_L_mean": 9.0,
        "I_L_stdev": 2.6480831434276166,
        "I_Ra_mean": 110.0,
        "I_Ra_stdev": 25.894309118360738,
        "I_diam_mean": 10.0,
        "I_diam_stdev": 3.2734600556854114,
        "addSynMechs": true,
        "allowConnsWithWeight0": true,
        "allowSelfConns": false,
        "analysis": {},
        "backupCfgFile": [],
        "cache_efficient": true,
        "checkErrors": false,
        "compactConnFormat": false,
        "connRandomSecFromList": true,
        "coreneuron": false,
        "createNEURONObj": true,
        "createPyStruct": true,
        "cvode_active": false,
        "cvode_atol": 0.001,
        "distributeSynsUniformly": true,
        "dt": 0.025,
        "dump_coreneuron_model": false,
        "duration": 1000.0,
        "duration_seconds": 300.0,
        "filename": "model_output",
        "gatherOnlySimData": false,
        "gkbar_E": 0.7743233292197518,
        "gkbar_E_std": 0.4245258654398946,
        "gkbar_I": 9.723373191057615,
        "gkbar_I_std": 2.0385214415638777,
        "gnabar_E": 2.1182266079807706,
        "gnabar_E_std": 1.5777887429562767,
        "gnabar_I": 2.091885052142433,
        "gnabar_I_std": 0.138743703220785,
        "gpu": false,
        "hParams": {
            "celsius": 6.3,
            "clamp_resist": 0.001,
            "v_init": -65.0
        },
        "includeParamsLabel": true,
        "invertedYCoord": true,
        "networkType": "22May24",
        "oneSynPerNetcon": true,
        "printPopAvgRates": [
            100,
            1000.0
        ],
        "printRunTime": false,
        "printSynsAfterRule": false,
        "probEE": 0.025378227428108326,
        "probEE_std": 0.33612790907487056,
        "probEI": 0.5344082262154203,
        "probEI_std": 0.026085647592640072,
        "probIE": 0.5604828045049569,
        "probIE_std": 0.3732097687478577,
        "probII": 0.06756610469739868,
        "probII_std": 0.43076741448469624,
        "probLengthConst": 2873.203545319757,
        "propVelocity": 1.0,
        "pt3dRelativeToCellLocation": true,
        "rand123GlobalIndex": null,
        "random123": false,
        "recordCells": [
            [
                "E",
                [
                    24,
                    73
                ]
            ],
            [
                "I",
                [
                    41,
                    25
                ]
            ]
        ],
        "recordCellsSpikes": -1,
        "recordDipole": false,
        "recordDipolesHNN": false,
        "recordLFP": [],
        "recordStep": 0.1,
        "recordStim": false,
        "recordTime": true,
        "recordTraces": {
            "soma_voltage": {
                "loc": 0.5,
                "sec": "soma",
                "var": "v"
            }
        },
        "saveCSV": false,
        "saveCellConns": true,
        "saveCellSecs": true,
        "saveDat": false,
        "saveDataInclude": [
            "simData",
            "simConfig",
            "netParams",
            "net"
        ],
        "saveDipoleCells": false,
        "saveDipolePops": false,
        "saveDpk": false,
        "saveFolder": "/pscratch/sd/a/adammwea/2DNetworkSimulations/NERSC/output/240529_Run1_8nodes/gen_5",
        "saveHDF5": false,
        "saveJson": true,
        "saveLFPCells": false,
        "saveLFPPops": false,
        "saveMat": false,
        "savePickle": false,
        "saveTiming": false,
        "seeds": {
            "cell": 1,
            "conn": 1,
            "loc": 1,
            "stim": 1
        },
        "simLabel": "gen_5_cand_24",
        "tau1_exc": 2.9239303321161656,
        "tau1_exc_std": 0.3448603733844059,
        "tau1_inh": 6.718062391891725,
        "tau1_inh_std": 2.4381414545890454,
        "tau2_exc": 10.934317520757112,
        "tau2_exc_std": 9.887844291513924,
        "tau2_inh": 19.26274504358159,
        "tau2_inh_std": 9.545336698258659,
        "timestampFilename": false,
        "timing": true,
        "tstop": 1000.0,
        "use_fast_imem": false,
        "validateNetParams": false,
        "verbose": false,
        "weightEE": 1.7597042041301838,
        "weightEE_std": 0.15660815974730125,
        "weightEI": 1.7499645806031052,
        "weightEI_std": 0.26038851129687113,
        "weightIE": 0.19177639993663323,
        "weightIE_std": 0.0030448500917219304,
        "weightII": 0.0155614540004744,
        "weightII_std": 0.008019490882571992
    }
}