{
    "BigBurstVal_Fitness": {
        "Value": 2148.8889241283246,
        "Fit": 583.7503683595926
    },
    "numBig_Fitness": {
        "Value": 12,
        "Percent": 100.0,
        "Fit": 1000
    },
    "SmallBurstVal_Fitness": {
        "Value": null,
        "Fit": 1000
    },
    "numSmall_Fitness": {
        "Value": 0,
        "Percent": 0.0,
        "Fit": 1000
    },
    "burst_peak_frequency_fitness": {
        "Value": 0.821917808219178,
        "Fit": 2.024968554620658
    },
    "IBI_fitness": {
        "Value": 1.290909090909091,
        "Fit": 1.0006776546873744
    },
    "baseline_fitness": {
        "Value": 1897.1999208067723,
        "Fit": 1000
    },
    "slopeFitness": {
        "Value": -1.3525513253395105,
        "Fit": 3.876950294696544
    },
    "thresh": {
        "Value": 1911.1310852918198,
        "Fit": 1000
    },
    "sustain_oscillation_fitness": {
        "Value": 96.68874172185431,
        "Fit": 325.612947795735
    },
    "E_rate_fitness": {
        "Value": 8.857142857142858,
        "Fit": 1000
    },
    "I_rate_fitness": {
        "Value": 3.037037037037037,
        "Fit": 5.330409578720202
    },
    "maxFitness": 1000,
    "average_fitness": 576.7996935198377,
    "average_scaled_fitness": 0.576375782231132
}