{
    "BigBurstVal_Fitness": {
        "Value": 4877.092258080297,
        "Fit": 1000.0
    },
    "numBig_Fitness": {
        "Value": 3,
        "Percent": 100.0,
        "Fit": 1000
    },
    "SmallBurstVal_Fitness": {
        "Value": null,
        "Fit": 1000
    },
    "numSmall_Fitness": {
        "Value": 0,
        "Percent": 0.0,
        "Fit": 1000
    },
    "burst_peak_frequency_fitness": {
        "Value": 0.2040816326530612,
        "Fit": 1.0916802207425746
    },
    "IBI_fitness": {
        "Value": 3.15,
        "Fit": 1.0005096203031576
    },
    "baseline_fitness": {
        "Value": 4734.539007679175,
        "Fit": 1000
    },
    "slopeFitness": {
        "Value": 1.9622999992788557,
        "Fit": 7.097924991184528
    },
    "thresh": {
        "Value": 4492.9149871591,
        "Fit": 1000
    },
    "sustain_oscillation_fitness": {
        "Value": 71.52317880794702,
        "Fit": 1000
    },
    "E_rate_fitness": {
        "Value": 11.626984126984127,
        "Fit": 1000
    },
    "I_rate_fitness": {
        "Value": 0.046296296296296294,
        "Fit": 1000
    },
    "maxFitness": 1000,
    "average_fitness": 750.7658429026857,
    "average_scaled_fitness": 0.7505162319926851
}