{
    "BigBurstVal_Fitness": {
        "Value": 12031.613281123726,
        "Fit": 1000.0
    },
    "numBig_Fitness": {
        "Value": 2,
        "Percent": 100.0,
        "Fit": 1000
    },
    "SmallBurstVal_Fitness": {
        "Value": null,
        "Fit": 1000
    },
    "numSmall_Fitness": {
        "Value": 0,
        "Percent": 0.0,
        "Fit": 1000
    },
    "burst_peak_frequency_fitness": {
        "Value": 0.5263157894736842,
        "Fit": 1.5067456902928815
    },
    "IBI_fitness": {
        "Value": 2.8,
        "Fit": 1.0005412484998253
    },
    "baseline_fitness": {
        "Value": 7486.65434994712,
        "Fit": 1000
    },
    "slopeFitness": {
        "Value": -204.45643546641892,
        "Fit": 1000
    },
    "thresh": {
        "Value": 6570.6478220173785,
        "Fit": 1000
    },
    "sustain_oscillation_fitness": {
        "Value": 23.841059602649008,
        "Fit": 1000
    },
    "E_rate_fitness": {
        "Value": 42.56349206349206,
        "Fit": 1000
    },
    "I_rate_fitness": {
        "Value": 3.2037037037037037,
        "Fit": 4.512094294568529
    },
    "maxFitness": 1000,
    "average_fitness": 750.5849484361135,
    "average_scaled_fitness": 0.7503351484538409
}