{
    "rate_fitness": 1000.0,
    "BurstVal_fitness": 1.1471702175504315,
    "IBI_fitness": 3.4426955496697254,
    "baselineFitness": 1000,
    "slopeFitness": 1.0000030665784405,
    "baseline_diff_fitness": 1000,
    "burst_peak_frequency": 1000,
    "fitness": 572.227124119114,
    "average_scaled_fitness": 571.7989217277296,
    "maxFitness": 1000
}