{
    "rate_fitness": 1000.0,
    "BurstVal_fitness": 1000.0,
    "IBI_fitness": 2.7465671351739545,
    "baselineFitness": 2.4821839516195427,
    "slopeFitness": 1.0000549147731037,
    "baseline_diff_fitness": 1000,
    "burst_peak_frequency": 20.18631712835286,
    "fitness": 432.3450175899885,
    "average_scaled_fitness": 431.7767631492876,
    "maxFitness": 1000
}