{
    "simConfig": {
        "E_L_mean": 18.8,
        "E_L_stdev": 2.502323105723376,
        "E_Ra_mean": 128.0,
        "E_Ra_stdev": 49.35575190382819,
        "E_diam_mean": 18.8,
        "E_diam_stdev": 2.8691500567257853,
        "I_L_mean": 9.0,
        "I_L_stdev": 1.4448334770181055,
        "I_Ra_mean": 110.0,
        "I_Ra_stdev": 23.358215246369717,
        "I_diam_mean": 10.0,
        "I_diam_stdev": 2.221873527228584,
        "addSynMechs": true,
        "allowConnsWithWeight0": true,
        "allowSelfConns": false,
        "analysis": {},
        "backupCfgFile": [],
        "cache_efficient": true,
        "checkErrors": false,
        "compactConnFormat": false,
        "connRandomSecFromList": true,
        "coreneuron": false,
        "createNEURONObj": true,
        "createPyStruct": true,
        "cvode_active": false,
        "cvode_atol": 0.001,
        "distributeSynsUniformly": true,
        "dt": 0.025,
        "dump_coreneuron_model": false,
        "duration": 1000.0,
        "duration_seconds": 1.0,
        "filename": "model_output",
        "gatherOnlySimData": false,
        "gkbar_E": 0.717277363533598,
        "gkbar_E_std": 0.4933826668115454,
        "gkbar_I": 6.411440615973223,
        "gkbar_I_std": 2.167814555176075,
        "gnabar_E": 1.1345538402327926,
        "gnabar_E_std": 1.0113194069605442,
        "gnabar_I": 4.192485033674851,
        "gnabar_I_std": 0.6825652944398046,
        "gpu": false,
        "hParams": {
            "celsius": 6.3,
            "clamp_resist": 0.001,
            "v_init": -65.0
        },
        "includeParamsLabel": true,
        "invertedYCoord": true,
        "networkType": "27Sep24",
        "oneSynPerNetcon": true,
        "printPopAvgRates": [
            100,
            1000.0
        ],
        "printRunTime": false,
        "printSynsAfterRule": false,
        "probEE": 0.3922597232095133,
        "probEE_std": 0.09612565609479973,
        "probEI": 0.6167109940149506,
        "probEI_std": 0.2938514542398974,
        "probIE": 0.18260425504759423,
        "probIE_std": 0.21347424719539843,
        "probII": 0.5343639537025597,
        "probII_std": 0.2387204488513926,
        "probLengthConst": 1716.7721476146864,
        "propVelocity": 1.0,
        "pt3dRelativeToCellLocation": true,
        "rand123GlobalIndex": null,
        "random123": false,
        "recordCells": [
            [
                "E",
                [
                    38,
                    69
                ]
            ],
            [
                "I",
                [
                    12,
                    26
                ]
            ]
        ],
        "recordCellsSpikes": -1,
        "recordDipole": false,
        "recordDipolesHNN": false,
        "recordLFP": [],
        "recordStep": 0.1,
        "recordStim": false,
        "recordTime": true,
        "recordTraces": {
            "soma_voltage": {
                "loc": 0.5,
                "sec": "soma",
                "var": "v"
            }
        },
        "saveCSV": false,
        "saveCellConns": true,
        "saveCellSecs": true,
        "saveDat": false,
        "saveDataInclude": [
            "simData",
            "simConfig",
            "netParams",
            "net"
        ],
        "saveDipoleCells": false,
        "saveDipolePops": false,
        "saveDpk": false,
        "saveFolder": "/app/simulation_output/240930_Run1_vscode/gen_0",
        "saveHDF5": false,
        "saveJson": true,
        "saveLFPCells": false,
        "saveLFPPops": false,
        "saveMat": false,
        "savePickle": false,
        "saveTiming": false,
        "seeds": {
            "cell": 1,
            "conn": 1,
            "loc": 1,
            "stim": 1
        },
        "simLabel": "gen_0_cand_7",
        "tau1_exc": 0.7198034196066222,
        "tau1_exc_std": 2.0076765986116767,
        "tau1_inh": 8.78234949952988,
        "tau1_inh_std": 0.666711229676699,
        "tau2_exc": 18.526139441263613,
        "tau2_exc_std": 0.1987978237882404,
        "tau2_inh": 2.8060927874412056,
        "tau2_inh_std": 3.536908368551858,
        "timestampFilename": false,
        "timing": true,
        "tstop": 1000.0,
        "use_fast_imem": false,
        "validateNetParams": false,
        "verbose": false,
        "weightEE": 1.4756799750365184,
        "weightEE_std": 0.2981669179040028,
        "weightEI": 1.2930675602938306,
        "weightEI_std": 0.24343078188101586,
        "weightIE": 0.9089979806372658,
        "weightIE_std": 0.288912969936471,
        "weightII": 1.0286748930516856,
        "weightII_std": 0.06829570172721627
    }
}