{
    "simConfig": {
        "E_L_mean": 18.8,
        "E_L_stdev": 7.712882898963432,
        "E_Ra_mean": 128.0,
        "E_Ra_stdev": 28.578507829271807,
        "E_diam_mean": 18.8,
        "E_diam_stdev": 1.598124331085975,
        "I_L_mean": 9.0,
        "I_L_stdev": 1.4521154431659407,
        "I_Ra_mean": 110.0,
        "I_Ra_stdev": 4.784047974470657,
        "I_diam_mean": 10.0,
        "I_diam_stdev": 0.16963290479427218,
        "addSynMechs": true,
        "allowConnsWithWeight0": true,
        "allowSelfConns": false,
        "analysis": {},
        "backupCfgFile": [],
        "cache_efficient": true,
        "checkErrors": false,
        "compactConnFormat": false,
        "connRandomSecFromList": true,
        "coreneuron": false,
        "createNEURONObj": true,
        "createPyStruct": true,
        "cvode_active": false,
        "cvode_atol": 0.001,
        "distributeSynsUniformly": true,
        "dt": 0.025,
        "dump_coreneuron_model": false,
        "duration": 1000.0,
        "duration_seconds": 330.0,
        "filename": "model_output",
        "gatherOnlySimData": false,
        "gkbar_E": 0.45854945580887635,
        "gkbar_E_std": 0.41650030626938395,
        "gkbar_I": 1.2284847737632636,
        "gkbar_I_std": 0.05937243524279216,
        "gnabar_E": 3.5785441568403336,
        "gnabar_E_std": 1.356568167549213,
        "gnabar_I": 0.01874936532019511,
        "gnabar_I_std": 0.9686918318723965,
        "gpu": false,
        "hParams": {
            "celsius": 6.3,
            "clamp_resist": 0.001,
            "v_init": -65.0
        },
        "includeParamsLabel": true,
        "invertedYCoord": true,
        "networkType": "22May24",
        "oneSynPerNetcon": true,
        "printPopAvgRates": [
            100,
            1000.0
        ],
        "printRunTime": false,
        "printSynsAfterRule": false,
        "probEE": 0.0009766838576074632,
        "probEE_std": 0.13243920973725604,
        "probEI": 0.4515063175539441,
        "probEI_std": 0.09910126990019111,
        "probIE": 0.34165731451197107,
        "probIE_std": 0.3807370868237872,
        "probII": 0.17351992821692427,
        "probII_std": 0.015806312810336745,
        "probLengthConst": 1492.5129902395245,
        "propVelocity": 1.0,
        "pt3dRelativeToCellLocation": true,
        "rand123GlobalIndex": null,
        "random123": false,
        "recordCells": [
            [
                "E",
                [
                    68,
                    13
                ]
            ],
            [
                "I",
                [
                    4,
                    5
                ]
            ]
        ],
        "recordCellsSpikes": -1,
        "recordDipole": false,
        "recordDipolesHNN": false,
        "recordLFP": [],
        "recordStep": 0.1,
        "recordStim": false,
        "recordTime": true,
        "recordTraces": {
            "soma_voltage": {
                "loc": 0.5,
                "sec": "soma",
                "var": "v"
            }
        },
        "saveCSV": false,
        "saveCellConns": true,
        "saveCellSecs": true,
        "saveDat": false,
        "saveDataInclude": [
            "simData",
            "simConfig",
            "netParams",
            "net"
        ],
        "saveDipoleCells": false,
        "saveDipolePops": false,
        "saveDpk": false,
        "saveFolder": "/pscratch/sd/a/adammwea/2DNetworkSimulations/NERSC/output/240604_Run1_24n24hr/gen_5",
        "saveHDF5": false,
        "saveJson": true,
        "saveLFPCells": false,
        "saveLFPPops": false,
        "saveMat": false,
        "savePickle": false,
        "saveTiming": false,
        "seeds": {
            "cell": 1,
            "conn": 1,
            "loc": 1,
            "stim": 1
        },
        "simLabel": "gen_5_cand_165",
        "tau1_exc": 4.733436279583286,
        "tau1_exc_std": 1.18596374071851,
        "tau1_inh": 9.881957181505681,
        "tau1_inh_std": 2.1636034631474157,
        "tau2_exc": 22.777204984421928,
        "tau2_exc_std": 7.597222681609908,
        "tau2_inh": 4.382628508973545,
        "tau2_inh_std": 4.936598327492524,
        "timestampFilename": false,
        "timing": true,
        "tstop": 1000.0,
        "use_fast_imem": false,
        "validateNetParams": false,
        "verbose": false,
        "weightEE": 1.8139564561052701,
        "weightEE_std": 0.0032954268141813237,
        "weightEI": 1.6248012391898579,
        "weightEI_std": 0.040862376334698115,
        "weightIE": 0.3605463133518455,
        "weightIE_std": 0.16330881198314626,
        "weightII": 1.9940903896945779,
        "weightII_std": 0.1984658059452636
    }
}