{
    "simConfig": {
        "E_L_mean": 18.8,
        "E_L_stdev": 4.879791219592358,
        "E_Ra_mean": 128.0,
        "E_Ra_stdev": 28.627656950027035,
        "E_diam_mean": 18.8,
        "E_diam_stdev": 3.9811083107413583,
        "I_L_mean": 9.0,
        "I_L_stdev": 1.460757447006311,
        "I_Ra_mean": 110.0,
        "I_Ra_stdev": 12.042803877676143,
        "I_diam_mean": 10.0,
        "I_diam_stdev": 3.2371354691626557,
        "addSynMechs": true,
        "allowConnsWithWeight0": true,
        "allowSelfConns": false,
        "analysis": {},
        "backupCfgFile": [],
        "cache_efficient": true,
        "checkErrors": false,
        "compactConnFormat": false,
        "connRandomSecFromList": true,
        "coreneuron": false,
        "createNEURONObj": true,
        "createPyStruct": true,
        "cvode_active": false,
        "cvode_atol": 0.001,
        "distributeSynsUniformly": true,
        "dt": 0.025,
        "dump_coreneuron_model": false,
        "duration": 1000.0,
        "duration_seconds": 330.0,
        "filename": "model_output",
        "gatherOnlySimData": false,
        "gkbar_E": 0.7324509378135099,
        "gkbar_E_std": 0.4753497445444888,
        "gkbar_I": 5.119930190940406,
        "gkbar_I_std": 0.055012775099292616,
        "gnabar_E": 0.5589070355644598,
        "gnabar_E_std": 1.659437439582409,
        "gnabar_I": 4.82246365764978,
        "gnabar_I_std": 0.25988210720929317,
        "gpu": false,
        "hParams": {
            "celsius": 6.3,
            "clamp_resist": 0.001,
            "v_init": -65.0
        },
        "includeParamsLabel": true,
        "invertedYCoord": true,
        "networkType": "22May24",
        "oneSynPerNetcon": true,
        "printPopAvgRates": [
            100,
            1000.0
        ],
        "printRunTime": false,
        "printSynsAfterRule": false,
        "probEE": 0.7484794915530726,
        "probEE_std": 0.2999287107317855,
        "probEI": 0.7416279244725091,
        "probEI_std": 0.43124849236923013,
        "probIE": 0.06725009751281705,
        "probIE_std": 0.14077017300656094,
        "probII": 0.055939021092851565,
        "probII_std": 0.47840309704816464,
        "probLengthConst": 2994.6303854078815,
        "propVelocity": 1.0,
        "pt3dRelativeToCellLocation": true,
        "rand123GlobalIndex": null,
        "random123": false,
        "recordCells": [
            [
                "E",
                [
                    68,
                    13
                ]
            ],
            [
                "I",
                [
                    4,
                    5
                ]
            ]
        ],
        "recordCellsSpikes": -1,
        "recordDipole": false,
        "recordDipolesHNN": false,
        "recordLFP": [],
        "recordStep": 0.1,
        "recordStim": false,
        "recordTime": true,
        "recordTraces": {
            "soma_voltage": {
                "loc": 0.5,
                "sec": "soma",
                "var": "v"
            }
        },
        "saveCSV": false,
        "saveCellConns": true,
        "saveCellSecs": true,
        "saveDat": false,
        "saveDataInclude": [
            "simData",
            "simConfig",
            "netParams",
            "net"
        ],
        "saveDipoleCells": false,
        "saveDipolePops": false,
        "saveDpk": false,
        "saveFolder": "/pscratch/sd/a/adammwea/2DNetworkSimulations/NERSC/output/240604_Run1_24n24hr/gen_5",
        "saveHDF5": false,
        "saveJson": true,
        "saveLFPCells": false,
        "saveLFPPops": false,
        "saveMat": false,
        "savePickle": false,
        "saveTiming": false,
        "seeds": {
            "cell": 1,
            "conn": 1,
            "loc": 1,
            "stim": 1
        },
        "simLabel": "gen_5_cand_455",
        "tau1_exc": 7.442885190001519,
        "tau1_exc_std": 3.2789459152866263,
        "tau1_inh": 9.951693343551469,
        "tau1_inh_std": 0.08279199594257118,
        "tau2_exc": 28.816875489472736,
        "tau2_exc_std": 5.611391282404842,
        "tau2_inh": 0.21094759032704724,
        "tau2_inh_std": 3.010992496412976,
        "timestampFilename": false,
        "timing": true,
        "tstop": 1000.0,
        "use_fast_imem": false,
        "validateNetParams": false,
        "verbose": false,
        "weightEE": 1.938930146937921,
        "weightEE_std": 0.4454168050306979,
        "weightEI": 1.3849216641533877,
        "weightEI_std": 0.06557846464276093,
        "weightIE": 0.18481567939183696,
        "weightIE_std": 0.22994999910313113,
        "weightII": 1.3228333124109166,
        "weightII_std": 0.19938851220868184
    }
}