{
    "simConfig": {
        "E_L_mean": 18.8,
        "E_L_stdev": 5.386985534509527,
        "E_Ra_mean": 128.0,
        "E_Ra_stdev": 8.180161569615244,
        "E_diam_mean": 18.8,
        "E_diam_stdev": 1.2358139716642125,
        "I_L_mean": 9.0,
        "I_L_stdev": 0.0010394285966999206,
        "I_Ra_mean": 110.0,
        "I_Ra_stdev": 24.427302380159407,
        "I_diam_mean": 10.0,
        "I_diam_stdev": 1.802506480923095,
        "addSynMechs": true,
        "allowConnsWithWeight0": true,
        "allowSelfConns": false,
        "analysis": {},
        "backupCfgFile": [],
        "cache_efficient": true,
        "checkErrors": false,
        "compactConnFormat": false,
        "connRandomSecFromList": true,
        "coreneuron": false,
        "createNEURONObj": true,
        "createPyStruct": true,
        "cvode_active": false,
        "cvode_atol": 0.001,
        "distributeSynsUniformly": true,
        "dt": 0.025,
        "dump_coreneuron_model": false,
        "duration": 1000.0,
        "duration_seconds": 330.0,
        "filename": "model_output",
        "gatherOnlySimData": false,
        "gkbar_E": 0.8984475226443399,
        "gkbar_E_std": 0.2205151985512776,
        "gkbar_I": 1.1613219980563567,
        "gkbar_I_std": 2.0602660642317554,
        "gnabar_E": 5.052840210398687,
        "gnabar_E_std": 0.8280057173304753,
        "gnabar_I": 1.6502865895233967,
        "gnabar_I_std": 0.5765677039887676,
        "gpu": false,
        "hParams": {
            "celsius": 6.3,
            "clamp_resist": 0.001,
            "v_init": -65.0
        },
        "includeParamsLabel": true,
        "invertedYCoord": true,
        "networkType": "22May24",
        "oneSynPerNetcon": true,
        "printPopAvgRates": [
            100,
            1000.0
        ],
        "printRunTime": false,
        "printSynsAfterRule": false,
        "probEE": 0.4096261873215147,
        "probEE_std": 0.06383081866937144,
        "probEI": 0.9994637795625456,
        "probEI_std": 0.3223750598012201,
        "probIE": 0.5698301208932699,
        "probIE_std": 0.038430802371683705,
        "probII": 0.22367664647896118,
        "probII_std": 0.49709216934066347,
        "probLengthConst": 468.1609297313605,
        "propVelocity": 1.0,
        "pt3dRelativeToCellLocation": true,
        "rand123GlobalIndex": null,
        "random123": false,
        "recordCells": [
            [
                "E",
                [
                    68,
                    13
                ]
            ],
            [
                "I",
                [
                    4,
                    5
                ]
            ]
        ],
        "recordCellsSpikes": -1,
        "recordDipole": false,
        "recordDipolesHNN": false,
        "recordLFP": [],
        "recordStep": 0.1,
        "recordStim": false,
        "recordTime": true,
        "recordTraces": {
            "soma_voltage": {
                "loc": 0.5,
                "sec": "soma",
                "var": "v"
            }
        },
        "saveCSV": false,
        "saveCellConns": true,
        "saveCellSecs": true,
        "saveDat": false,
        "saveDataInclude": [
            "simData",
            "simConfig",
            "netParams",
            "net"
        ],
        "saveDipoleCells": false,
        "saveDipolePops": false,
        "saveDpk": false,
        "saveFolder": "/pscratch/sd/a/adammwea/2DNetworkSimulations/NERSC/output/240604_Run1_24n24hr/gen_5",
        "saveHDF5": false,
        "saveJson": true,
        "saveLFPCells": false,
        "saveLFPPops": false,
        "saveMat": false,
        "savePickle": false,
        "saveTiming": false,
        "seeds": {
            "cell": 1,
            "conn": 1,
            "loc": 1,
            "stim": 1
        },
        "simLabel": "gen_5_cand_437",
        "tau1_exc": 6.178566802905811,
        "tau1_exc_std": 2.3203424680581772,
        "tau1_inh": 2.736466600697792,
        "tau1_inh_std": 2.78239104482192,
        "tau2_exc": 29.690780959382828,
        "tau2_exc_std": 1.1037673180704646,
        "tau2_inh": 17.793804308055208,
        "tau2_inh_std": 9.889386092569982,
        "timestampFilename": false,
        "timing": true,
        "tstop": 1000.0,
        "use_fast_imem": false,
        "validateNetParams": false,
        "verbose": false,
        "weightEE": 0.6307017678110509,
        "weightEE_std": 0.18034023232645138,
        "weightEI": 1.4386687787686554,
        "weightEI_std": 0.3238391354681009,
        "weightIE": 0.7917917261615401,
        "weightIE_std": 0.29982450092868085,
        "weightII": 0.8674890421042177,
        "weightII_std": 0.24848863757916015
    }
}