{
    "simConfig": {
        "E_L_mean": 18.8,
        "E_L_stdev": 9.371033557508209,
        "E_Ra_mean": 128.0,
        "E_Ra_stdev": 43.86125195528106,
        "E_diam_mean": 18.8,
        "E_diam_stdev": 0.7365373899858068,
        "I_L_mean": 9.0,
        "I_L_stdev": 2.9723923845211604,
        "I_Ra_mean": 110.0,
        "I_Ra_stdev": 13.8894760991462,
        "I_diam_mean": 10.0,
        "I_diam_stdev": 0.010962679972272071,
        "addSynMechs": true,
        "allowConnsWithWeight0": true,
        "allowSelfConns": false,
        "analysis": {},
        "backupCfgFile": [],
        "cache_efficient": true,
        "checkErrors": false,
        "compactConnFormat": false,
        "connRandomSecFromList": true,
        "coreneuron": false,
        "createNEURONObj": true,
        "createPyStruct": true,
        "cvode_active": false,
        "cvode_atol": 0.001,
        "distributeSynsUniformly": true,
        "dt": 0.025,
        "dump_coreneuron_model": false,
        "duration": 1000.0,
        "duration_seconds": 330.0,
        "filename": "model_output",
        "gatherOnlySimData": false,
        "gkbar_E": 0.2879197946583876,
        "gkbar_E_std": 0.08148776003887798,
        "gkbar_I": 9.182862143847904,
        "gkbar_I_std": 2.1377041247185113,
        "gnabar_E": 6.988294844265942,
        "gnabar_E_std": 1.0587364635218197,
        "gnabar_I": 4.333527422573808,
        "gnabar_I_std": 0.9748533402651374,
        "gpu": false,
        "hParams": {
            "celsius": 6.3,
            "clamp_resist": 0.001,
            "v_init": -65.0
        },
        "includeParamsLabel": true,
        "invertedYCoord": true,
        "networkType": "22May24",
        "oneSynPerNetcon": true,
        "printPopAvgRates": [
            100,
            1000.0
        ],
        "printRunTime": false,
        "printSynsAfterRule": false,
        "probEE": 0.0003480521009998072,
        "probEE_std": 0.1134189804213121,
        "probEI": 0.7430714301938246,
        "probEI_std": 0.4816665961211333,
        "probIE": 0.19368992181372363,
        "probIE_std": 0.060400875268782774,
        "probII": 0.12270550726479254,
        "probII_std": 0.2432959509397626,
        "probLengthConst": 391.05620372580427,
        "propVelocity": 1.0,
        "pt3dRelativeToCellLocation": true,
        "rand123GlobalIndex": null,
        "random123": false,
        "recordCells": [
            [
                "E",
                [
                    68,
                    13
                ]
            ],
            [
                "I",
                [
                    4,
                    5
                ]
            ]
        ],
        "recordCellsSpikes": -1,
        "recordDipole": false,
        "recordDipolesHNN": false,
        "recordLFP": [],
        "recordStep": 0.1,
        "recordStim": false,
        "recordTime": true,
        "recordTraces": {
            "soma_voltage": {
                "loc": 0.5,
                "sec": "soma",
                "var": "v"
            }
        },
        "saveCSV": false,
        "saveCellConns": true,
        "saveCellSecs": true,
        "saveDat": false,
        "saveDataInclude": [
            "simData",
            "simConfig",
            "netParams",
            "net"
        ],
        "saveDipoleCells": false,
        "saveDipolePops": false,
        "saveDpk": false,
        "saveFolder": "/pscratch/sd/a/adammwea/2DNetworkSimulations/NERSC/output/240604_Run1_24n24hr/gen_5",
        "saveHDF5": false,
        "saveJson": true,
        "saveLFPCells": false,
        "saveLFPPops": false,
        "saveMat": false,
        "savePickle": false,
        "saveTiming": false,
        "seeds": {
            "cell": 1,
            "conn": 1,
            "loc": 1,
            "stim": 1
        },
        "simLabel": "gen_5_cand_511",
        "tau1_exc": 3.420348602580264,
        "tau1_exc_std": 3.2274990833561468,
        "tau1_inh": 0.6677859055813026,
        "tau1_inh_std": 0.11419905746609438,
        "tau2_exc": 6.316511753348171,
        "tau2_exc_std": 0.6551856520755639,
        "tau2_inh": 0.6476635822554591,
        "tau2_inh_std": 2.4916811760658186,
        "timestampFilename": false,
        "timing": true,
        "tstop": 1000.0,
        "use_fast_imem": false,
        "validateNetParams": false,
        "verbose": false,
        "weightEE": 0.07486936365931324,
        "weightEE_std": 0.07664598511883663,
        "weightEI": 0.9246037493604863,
        "weightEI_std": 0.0007176839014444564,
        "weightIE": 0.900289292518732,
        "weightIE_std": 0.0017853115660962926,
        "weightII": 0.10960211307882596,
        "weightII_std": 0.0003222056697062714
    }
}