{
    "simConfig": {
        "E_L_mean": 18.8,
        "E_L_stdev": 5.699215788065493,
        "E_Ra_mean": 128.0,
        "E_Ra_stdev": 3.9405877650990018,
        "E_diam_mean": 18.8,
        "E_diam_stdev": 4.845879921211898,
        "I_L_mean": 9.0,
        "I_L_stdev": 0.2801790844670873,
        "I_Ra_mean": 110.0,
        "I_Ra_stdev": 1.4454576621660775,
        "I_diam_mean": 10.0,
        "I_diam_stdev": 0.7395660684366063,
        "addSynMechs": true,
        "allowConnsWithWeight0": true,
        "allowSelfConns": false,
        "analysis": {},
        "backupCfgFile": [],
        "cache_efficient": true,
        "checkErrors": false,
        "compactConnFormat": false,
        "connRandomSecFromList": true,
        "coreneuron": false,
        "createNEURONObj": true,
        "createPyStruct": true,
        "cvode_active": false,
        "cvode_atol": 0.001,
        "distributeSynsUniformly": true,
        "dt": 0.025,
        "dump_coreneuron_model": false,
        "duration": 1000.0,
        "duration_seconds": 330.0,
        "filename": "model_output",
        "gatherOnlySimData": false,
        "gkbar_E": 0.8837032001050255,
        "gkbar_E_std": 0.47040647035844135,
        "gkbar_I": 4.140403282293794,
        "gkbar_I_std": 0.236398334853549,
        "gnabar_E": 6.44937882988961,
        "gnabar_E_std": 0.21474571535526626,
        "gnabar_I": 3.330378741934254,
        "gnabar_I_std": 0.9526608556477784,
        "gpu": false,
        "hParams": {
            "celsius": 6.3,
            "clamp_resist": 0.001,
            "v_init": -65.0
        },
        "includeParamsLabel": true,
        "invertedYCoord": true,
        "networkType": "22May24",
        "oneSynPerNetcon": true,
        "printPopAvgRates": [
            100,
            1000.0
        ],
        "printRunTime": false,
        "printSynsAfterRule": false,
        "probEE": 0.23850546873904632,
        "probEE_std": 0.071501353769943,
        "probEI": 0.8734446602130741,
        "probEI_std": 0.04558871387356628,
        "probIE": 0.08509977809796093,
        "probIE_std": 0.18240451292307758,
        "probII": 0.00503678908656785,
        "probII_std": 0.03219490766304711,
        "probLengthConst": 70.17534865773675,
        "propVelocity": 1.0,
        "pt3dRelativeToCellLocation": true,
        "rand123GlobalIndex": null,
        "random123": false,
        "recordCells": [
            [
                "E",
                [
                    68,
                    13
                ]
            ],
            [
                "I",
                [
                    4,
                    5
                ]
            ]
        ],
        "recordCellsSpikes": -1,
        "recordDipole": false,
        "recordDipolesHNN": false,
        "recordLFP": [],
        "recordStep": 0.1,
        "recordStim": false,
        "recordTime": true,
        "recordTraces": {
            "soma_voltage": {
                "loc": 0.5,
                "sec": "soma",
                "var": "v"
            }
        },
        "saveCSV": false,
        "saveCellConns": true,
        "saveCellSecs": true,
        "saveDat": false,
        "saveDataInclude": [
            "simData",
            "simConfig",
            "netParams",
            "net"
        ],
        "saveDipoleCells": false,
        "saveDipolePops": false,
        "saveDpk": false,
        "saveFolder": "/pscratch/sd/a/adammwea/2DNetworkSimulations/NERSC/output/240604_Run1_24n24hr/gen_1",
        "saveHDF5": false,
        "saveJson": true,
        "saveLFPCells": false,
        "saveLFPPops": false,
        "saveMat": false,
        "savePickle": false,
        "saveTiming": false,
        "seeds": {
            "cell": 1,
            "conn": 1,
            "loc": 1,
            "stim": 1
        },
        "simLabel": "gen_1_cand_69",
        "tau1_exc": 1.1495673846652867,
        "tau1_exc_std": 1.189724963580599,
        "tau1_inh": 2.4859410811124585,
        "tau1_inh_std": 0.07768529053147821,
        "tau2_exc": 15.103236644625865,
        "tau2_exc_std": 0.023396576754810994,
        "tau2_inh": 8.42127676923949,
        "tau2_inh_std": 4.9394166568999225,
        "timestampFilename": false,
        "timing": true,
        "tstop": 1000.0,
        "use_fast_imem": false,
        "validateNetParams": false,
        "verbose": false,
        "weightEE": 0.0019457697739766544,
        "weightEE_std": 0.09121377763002145,
        "weightEI": 0.5409539881808993,
        "weightEI_std": 0.3236408721624058,
        "weightIE": 0.9965742607676675,
        "weightIE_std": 0.19426465426226894,
        "weightII": 0.21397929620333134,
        "weightII_std": 0.06813817894392801
    }
}