{
    "simConfig": {
        "E_L_mean": 18.8,
        "E_L_stdev": 3.7828488713141817,
        "E_Ra_mean": 128.0,
        "E_Ra_stdev": 44.0314171492564,
        "E_diam_mean": 18.8,
        "E_diam_stdev": 5.9611966516417905,
        "I_L_mean": 9.0,
        "I_L_stdev": 1.1937716128200866,
        "I_Ra_mean": 110.0,
        "I_Ra_stdev": 31.12019538708802,
        "I_diam_mean": 10.0,
        "I_diam_stdev": 1.5897649468189643,
        "addSynMechs": true,
        "allowConnsWithWeight0": true,
        "allowSelfConns": false,
        "analysis": {},
        "backupCfgFile": [],
        "cache_efficient": true,
        "checkErrors": false,
        "compactConnFormat": false,
        "connRandomSecFromList": true,
        "coreneuron": false,
        "createNEURONObj": true,
        "createPyStruct": true,
        "cvode_active": false,
        "cvode_atol": 0.001,
        "distributeSynsUniformly": true,
        "dt": 0.025,
        "dump_coreneuron_model": false,
        "duration": 1000.0,
        "duration_seconds": 330.0,
        "filename": "model_output",
        "gatherOnlySimData": false,
        "gkbar_E": 0.8774933709959062,
        "gkbar_E_std": 0.20161222258801567,
        "gkbar_I": 5.236517879857447,
        "gkbar_I_std": 2.078230083700359,
        "gnabar_E": 2.9197807752532463,
        "gnabar_E_std": 0.3486234226967355,
        "gnabar_I": 0.3990386491417217,
        "gnabar_I_std": 0.9148294287447518,
        "gpu": false,
        "hParams": {
            "celsius": 6.3,
            "clamp_resist": 0.001,
            "v_init": -65.0
        },
        "includeParamsLabel": true,
        "invertedYCoord": true,
        "networkType": "22May24",
        "oneSynPerNetcon": true,
        "printPopAvgRates": [
            100,
            1000.0
        ],
        "printRunTime": false,
        "printSynsAfterRule": false,
        "probEE": 0.7438557269468455,
        "probEE_std": 0.04068962495194703,
        "probEI": 0.5774905574556922,
        "probEI_std": 0.14308782006748136,
        "probIE": 0.24653056111928923,
        "probIE_std": 0.434569047211642,
        "probII": 0.011464812173402977,
        "probII_std": 0.46451141174671856,
        "probLengthConst": 2147.066139153697,
        "propVelocity": 1.0,
        "pt3dRelativeToCellLocation": true,
        "rand123GlobalIndex": null,
        "random123": false,
        "recordCells": [
            [
                "E",
                [
                    68,
                    13
                ]
            ],
            [
                "I",
                [
                    4,
                    5
                ]
            ]
        ],
        "recordCellsSpikes": -1,
        "recordDipole": false,
        "recordDipolesHNN": false,
        "recordLFP": [],
        "recordStep": 0.1,
        "recordStim": false,
        "recordTime": true,
        "recordTraces": {
            "soma_voltage": {
                "loc": 0.5,
                "sec": "soma",
                "var": "v"
            }
        },
        "saveCSV": false,
        "saveCellConns": true,
        "saveCellSecs": true,
        "saveDat": false,
        "saveDataInclude": [
            "simData",
            "simConfig",
            "netParams",
            "net"
        ],
        "saveDipoleCells": false,
        "saveDipolePops": false,
        "saveDpk": false,
        "saveFolder": "/pscratch/sd/a/adammwea/2DNetworkSimulations/NERSC/output/240604_Run1_24n24hr/gen_1",
        "saveHDF5": false,
        "saveJson": true,
        "saveLFPCells": false,
        "saveLFPPops": false,
        "saveMat": false,
        "savePickle": false,
        "saveTiming": false,
        "seeds": {
            "cell": 1,
            "conn": 1,
            "loc": 1,
            "stim": 1
        },
        "simLabel": "gen_1_cand_351",
        "tau1_exc": 0.4087867324588942,
        "tau1_exc_std": 0.5414325192966258,
        "tau1_inh": 3.3898944320818263,
        "tau1_inh_std": 0.1400012315727952,
        "tau2_exc": 25.16526867366633,
        "tau2_exc_std": 9.62657444794612,
        "tau2_inh": 0.11736149236110172,
        "tau2_inh_std": 9.340353845500927,
        "timestampFilename": false,
        "timing": true,
        "tstop": 1000.0,
        "use_fast_imem": false,
        "validateNetParams": false,
        "verbose": false,
        "weightEE": 1.9803879099366182,
        "weightEE_std": 0.13361497104308387,
        "weightEI": 1.941708322130804,
        "weightEI_std": 0.3055632824127284,
        "weightIE": 0.4357426408126711,
        "weightIE_std": 0.16596683892433334,
        "weightII": 1.937074933617742,
        "weightII_std": 0.24839392363962084
    }
}