{
    "simConfig": {
        "E_L_mean": 18.8,
        "E_L_stdev": 0.039382141747282384,
        "E_Ra_mean": 128.0,
        "E_Ra_stdev": 2.387361872580996,
        "E_diam_mean": 18.8,
        "E_diam_stdev": 2.148015176671799,
        "I_L_mean": 9.0,
        "I_L_stdev": 0.03129152356399567,
        "I_Ra_mean": 110.0,
        "I_Ra_stdev": 24.369748392129488,
        "I_diam_mean": 10.0,
        "I_diam_stdev": 2.4993837670539865,
        "addSynMechs": true,
        "allowConnsWithWeight0": true,
        "allowSelfConns": false,
        "analysis": {},
        "backupCfgFile": [],
        "cache_efficient": true,
        "checkErrors": false,
        "compactConnFormat": false,
        "connRandomSecFromList": true,
        "coreneuron": false,
        "createNEURONObj": true,
        "createPyStruct": true,
        "cvode_active": false,
        "cvode_atol": 0.001,
        "distributeSynsUniformly": true,
        "dt": 0.025,
        "dump_coreneuron_model": false,
        "duration": 1000.0,
        "duration_seconds": 330.0,
        "filename": "model_output",
        "gatherOnlySimData": false,
        "gkbar_E": 0.9148256348812063,
        "gkbar_E_std": 0.4745284112858377,
        "gkbar_I": 5.038240225706767,
        "gkbar_I_std": 1.7770677085684943,
        "gnabar_E": 6.563809306557325,
        "gnabar_E_std": 1.5842336154509744,
        "gnabar_I": 4.655512615066308,
        "gnabar_I_std": 0.17339696707437702,
        "gpu": false,
        "hParams": {
            "celsius": 6.3,
            "clamp_resist": 0.001,
            "v_init": -65.0
        },
        "includeParamsLabel": true,
        "invertedYCoord": true,
        "networkType": "22May24",
        "oneSynPerNetcon": true,
        "printPopAvgRates": [
            100,
            1000.0
        ],
        "printRunTime": false,
        "printSynsAfterRule": false,
        "probEE": 0.681598617310446,
        "probEE_std": 0.12038293368792236,
        "probEI": 0.3516353711801121,
        "probEI_std": 0.30820783117086226,
        "probIE": 0.09929259989000555,
        "probIE_std": 0.26902376040929765,
        "probII": 0.019306212500627022,
        "probII_std": 0.2171136584687271,
        "probLengthConst": 2481.0722837687317,
        "propVelocity": 1.0,
        "pt3dRelativeToCellLocation": true,
        "rand123GlobalIndex": null,
        "random123": false,
        "recordCells": [
            [
                "E",
                [
                    68,
                    13
                ]
            ],
            [
                "I",
                [
                    4,
                    5
                ]
            ]
        ],
        "recordCellsSpikes": -1,
        "recordDipole": false,
        "recordDipolesHNN": false,
        "recordLFP": [],
        "recordStep": 0.1,
        "recordStim": false,
        "recordTime": true,
        "recordTraces": {
            "soma_voltage": {
                "loc": 0.5,
                "sec": "soma",
                "var": "v"
            }
        },
        "saveCSV": false,
        "saveCellConns": true,
        "saveCellSecs": true,
        "saveDat": false,
        "saveDataInclude": [
            "simData",
            "simConfig",
            "netParams",
            "net"
        ],
        "saveDipoleCells": false,
        "saveDipolePops": false,
        "saveDpk": false,
        "saveFolder": "/pscratch/sd/a/adammwea/2DNetworkSimulations/NERSC/output/240604_Run1_24n24hr/gen_1",
        "saveHDF5": false,
        "saveJson": true,
        "saveLFPCells": false,
        "saveLFPPops": false,
        "saveMat": false,
        "savePickle": false,
        "saveTiming": false,
        "seeds": {
            "cell": 1,
            "conn": 1,
            "loc": 1,
            "stim": 1
        },
        "simLabel": "gen_1_cand_317",
        "tau1_exc": 3.0887554580416503,
        "tau1_exc_std": 2.41977196631919,
        "tau1_inh": 5.495439765173955,
        "tau1_inh_std": 2.5260133976667776,
        "tau2_exc": 28.49938324739811,
        "tau2_exc_std": 0.7418728993982368,
        "tau2_inh": 17.40644291558777,
        "tau2_inh_std": 2.122299734247491,
        "timestampFilename": false,
        "timing": true,
        "tstop": 1000.0,
        "use_fast_imem": false,
        "validateNetParams": false,
        "verbose": false,
        "weightEE": 0.3617530280949336,
        "weightEE_std": 0.19549226472326453,
        "weightEI": 1.869692027646962,
        "weightEI_std": 0.31430298893150826,
        "weightIE": 0.02001993124267798,
        "weightIE_std": 0.2841450706833866,
        "weightII": 1.792354439951406,
        "weightII_std": 0.2309161464817665
    }
}