{
    "BigBurstVal_Fitness": {
        "Value": 1308.3098160985985,
        "Fit": 1.0008799424142751
    },
    "numBig_Fitness": {
        "Value": 1,
        "Percent": 11.11111111111111,
        "Fit": 1000
    },
    "SmallBurstVal_Fitness": {
        "Value": 1045.5395565434808,
        "Fit": 1.000595108023791
    },
    "numSmall_Fitness": {
        "Value": 8,
        "Percent": 88.88888888888889,
        "Fit": 1000
    },
    "burst_peak_frequency_fitness": {
        "Value": 0.6428571428571429,
        "Fit": 1.6929854459214249
    },
    "IBI_fitness": {
        "Value": 1.5375,
        "Fit": 1.0006553659738227
    },
    "baseline_fitness": {
        "Value": 1028.5971664836954,
        "Fit": 1000
    },
    "slopeFitness": {
        "Value": -0.2759536016405224,
        "Fit": 1.3210820218635222
    },
    "thresh": {
        "Value": 1008.0942034800576,
        "Fit": 1000
    },
    "sustain_oscillation_fitness": {
        "Value": 87.41721854304636,
        "Fit": 32.64898537752051
    },
    "E_rate_fitness": {
        "Value": 1.5634920634920635,
        "Fit": 1.9860056227097576
    },
    "I_rate_fitness": {
        "Value": 1.8148148148148147,
        "Fit": 1000
    },
    "maxFitness": 1000,
    "average_fitness": 420.0542657403689,
    "average_scaled_fitness": 0.41947339365798547
}