{
    "rate_fitness": 1000.0,
    "BurstVal_fitness": 1000.0,
    "IBI_fitness": 2.4034130066657786,
    "baselineFitness": 2.607597851928565,
    "slopeFitness": 1.0005848165372642,
    "baseline_diff_fitness": 1000,
    "burst_peak_frequency": 1000,
    "fitness": 572.287370810733,
    "average_scaled_fitness": 571.8589794061902,
    "maxFitness": 1000
}