{
    "rate_fitness": 1000.0,
    "BurstVal_fitness": 7.0235699622694785,
    "IBI_fitness": 3.279872277051869,
    "baselineFitness": 1000,
    "slopeFitness": 1.0000124613535903,
    "baseline_diff_fitness": 1000,
    "burst_peak_frequency": 655.1396931288634,
    "fitness": 523.7775925470769,
    "average_scaled_fitness": 523.300887494255,
    "maxFitness": 1000
}