{
    "rate_fitness": 1000.0,
    "BurstVal_fitness": 1000.0,
    "IBI_fitness": 501.78935070505077,
    "baselineFitness": 2.6489391802749043,
    "slopeFitness": 1.0000864183735336,
    "baseline_diff_fitness": 1000,
    "burst_peak_frequency": 1000,
    "fitness": 643.6340537576713,
    "average_scaled_fitness": 643.2773002305063,
    "maxFitness": 1000
}