{
    "rate_fitness": 1000.0,
    "BurstVal_fitness": 1000.0,
    "IBI_fitness": 1.8885155300423273,
    "baselineFitness": 2.6316634429228367,
    "slopeFitness": 1.0000032564096069,
    "baseline_diff_fitness": 1000,
    "burst_peak_frequency": 4.069024960884448,
    "fitness": 429.9413153128941,
    "average_scaled_fitness": 429.3706841388302,
    "maxFitness": 1000
}