{
    "burstAmp_Fitness": 1000.0,
    "burst_peak_frequency_fitness": 1000,
    "IBI_fitness": 1000,
    "baselineFitness": 1000,
    "slopeFitness": 1.0002165359187656,
    "thresh": 1000,
    "rate_fitness": 3.8432577729713806,
    "maxFitness": 1000,
    "average_fitness": 714.9776391869843,
    "average_scaled_fitness": 714.69226967729
}