{
    "burstAmp_Fitness": 1.527957265539029,
    "burst_peak_frequency_fitness": 1000,
    "IBI_fitness": 1000,
    "baselineFitness": 1000,
    "slopeFitness": 1.0127952736891384,
    "baseline_diff_fitness": 1000,
    "rate_fitness": 594.3051083206203,
    "maxFitness": 1000,
    "average_fitness": 656.6922658371212,
    "average_scaled_fitness": 656.3442128801504
}