{
    "simConfig": {
        "E_L_mean": 18.8,
        "E_L_stdev": 7.3262249954107945,
        "E_Ra_mean": 128.0,
        "E_Ra_stdev": 2.3929010780768243,
        "E_diam_mean": 18.8,
        "E_diam_stdev": 3.75362231037693,
        "I_L_mean": 9.0,
        "I_L_stdev": 2.610786859702604,
        "I_Ra_mean": 110.0,
        "I_Ra_stdev": 39.52505599341519,
        "I_diam_mean": 10.0,
        "I_diam_stdev": 1.4591078980847922,
        "addSynMechs": true,
        "allowConnsWithWeight0": true,
        "allowSelfConns": false,
        "analysis": {},
        "backupCfgFile": [],
        "cache_efficient": true,
        "checkErrors": false,
        "compactConnFormat": false,
        "connRandomSecFromList": true,
        "coreneuron": false,
        "createNEURONObj": true,
        "createPyStruct": true,
        "cvode_active": false,
        "cvode_atol": 0.001,
        "distributeSynsUniformly": true,
        "dt": 0.025,
        "dump_coreneuron_model": false,
        "duration": 1000.0,
        "duration_seconds": 90.0,
        "filename": "model_output",
        "gatherOnlySimData": false,
        "gkbar_E": 0.7722799977073589,
        "gkbar_E_std": 0.49538535271864415,
        "gkbar_I": 9.423225209487539,
        "gkbar_I_std": 0.1108256140331545,
        "gnabar_E": 6.996351609727162,
        "gnabar_E_std": 1.5714591248602519,
        "gnabar_I": 1.9080034718606103,
        "gnabar_I_std": 0.9926837552242432,
        "gpu": false,
        "hParams": {
            "celsius": 6.3,
            "clamp_resist": 0.001,
            "v_init": -65.0
        },
        "includeParamsLabel": true,
        "invertedYCoord": true,
        "networkType": "22May24",
        "oneSynPerNetcon": true,
        "printPopAvgRates": [
            100,
            1000.0
        ],
        "printRunTime": false,
        "printSynsAfterRule": false,
        "probEE": 0.7484850037558748,
        "probEE_std": 0.012646910742659358,
        "probEI": 0.7065651747133614,
        "probEI_std": 0.4898613032276192,
        "probIE": 0.7322567591609302,
        "probIE_std": 0.2231406223092811,
        "probII": 0.33303790779410347,
        "probII_std": 0.48903963061930594,
        "probLengthConst": 2995.480924175975,
        "propVelocity": 1.0,
        "pt3dRelativeToCellLocation": true,
        "rand123GlobalIndex": null,
        "random123": false,
        "recordCells": [
            [
                "E",
                [
                    74,
                    47
                ]
            ],
            [
                "I",
                [
                    38,
                    3
                ]
            ]
        ],
        "recordCellsSpikes": -1,
        "recordDipole": false,
        "recordDipolesHNN": false,
        "recordLFP": [],
        "recordStep": 0.1,
        "recordStim": false,
        "recordTime": true,
        "recordTraces": {
            "soma_voltage": {
                "loc": 0.5,
                "sec": "soma",
                "var": "v"
            }
        },
        "saveCSV": false,
        "saveCellConns": true,
        "saveCellSecs": true,
        "saveDat": false,
        "saveDataInclude": [
            "simData",
            "simConfig",
            "netParams",
            "net"
        ],
        "saveDipoleCells": false,
        "saveDipolePops": false,
        "saveDpk": false,
        "saveFolder": "/pscratch/sd/a/adammwea/2DNetworkSimulations/NERSC/output/240528_Run1_this_does_work/gen_8",
        "saveHDF5": false,
        "saveJson": true,
        "saveLFPCells": false,
        "saveLFPPops": false,
        "saveMat": false,
        "savePickle": false,
        "saveTiming": false,
        "seeds": {
            "cell": 1,
            "conn": 1,
            "loc": 1,
            "stim": 1
        },
        "simLabel": "gen_8_cand_29",
        "tau1_exc": 0.2149238012743211,
        "tau1_exc_std": 2.7927058573070758,
        "tau1_inh": 6.327206811532349,
        "tau1_inh_std": 3.321526213505921,
        "tau2_exc": 11.251456924562868,
        "tau2_exc_std": 6.494847549486562,
        "tau2_inh": 10.181382160187685,
        "tau2_inh_std": 3.5873006569895556,
        "timestampFilename": false,
        "timing": true,
        "tstop": 1000.0,
        "use_fast_imem": false,
        "validateNetParams": false,
        "verbose": false,
        "weightEE": 0.11469114888220033,
        "weightEE_std": 0.20219312027962905,
        "weightEI": 1.941106053750018,
        "weightEI_std": 0.3182248101953899,
        "weightIE": 0.5608338861186892,
        "weightIE_std": 0.2695636544539501,
        "weightII": 1.646739425764418,
        "weightII_std": 0.13871837498992207
    }
}