{
    "simConfig": {
        "E_L_mean": 18.8,
        "E_L_stdev": 0.53449501227088,
        "E_Ra_mean": 128.0,
        "E_Ra_stdev": 39.31935502942417,
        "E_diam_mean": 18.8,
        "E_diam_stdev": 5.004342190107534,
        "I_L_mean": 9.0,
        "I_L_stdev": 2.1716686852186458,
        "I_Ra_mean": 110.0,
        "I_Ra_stdev": 2.925521298139131,
        "I_diam_mean": 10.0,
        "I_diam_stdev": 0.21845526763193934,
        "addSynMechs": true,
        "allowConnsWithWeight0": true,
        "allowSelfConns": false,
        "analysis": {},
        "backupCfgFile": [],
        "cache_efficient": true,
        "checkErrors": false,
        "compactConnFormat": false,
        "connRandomSecFromList": true,
        "coreneuron": false,
        "createNEURONObj": true,
        "createPyStruct": true,
        "cvode_active": false,
        "cvode_atol": 0.001,
        "distributeSynsUniformly": true,
        "dt": 0.025,
        "dump_coreneuron_model": false,
        "duration": 1000.0,
        "duration_seconds": 90.0,
        "filename": "model_output",
        "gatherOnlySimData": false,
        "gkbar_E": 0.8885674644953183,
        "gkbar_E_std": 0.463781586806506,
        "gkbar_I": 0.9367678284003613,
        "gkbar_I_std": 2.436051932518832,
        "gnabar_E": 6.957830739448677,
        "gnabar_E_std": 0.07883033345032908,
        "gnabar_I": 2.329625281172313,
        "gnabar_I_std": 0.7995583322716355,
        "gpu": false,
        "hParams": {
            "celsius": 6.3,
            "clamp_resist": 0.001,
            "v_init": -65.0
        },
        "includeParamsLabel": true,
        "invertedYCoord": true,
        "networkType": "22May24",
        "oneSynPerNetcon": true,
        "printPopAvgRates": [
            100,
            1000.0
        ],
        "printRunTime": false,
        "printSynsAfterRule": false,
        "probEE": 0.3466947882776962,
        "probEE_std": 0.03185204147944737,
        "probEI": 0.6235628452164113,
        "probEI_std": 0.4724833866424849,
        "probIE": 0.052079558994128056,
        "probIE_std": 0.4909066024653579,
        "probII": 0.15372899142144772,
        "probII_std": 0.48233096842398276,
        "probLengthConst": 2743.423653888349,
        "propVelocity": 1.0,
        "pt3dRelativeToCellLocation": true,
        "rand123GlobalIndex": null,
        "random123": false,
        "recordCells": [
            [
                "E",
                [
                    74,
                    47
                ]
            ],
            [
                "I",
                [
                    38,
                    3
                ]
            ]
        ],
        "recordCellsSpikes": -1,
        "recordDipole": false,
        "recordDipolesHNN": false,
        "recordLFP": [],
        "recordStep": 0.1,
        "recordStim": false,
        "recordTime": true,
        "recordTraces": {
            "soma_voltage": {
                "loc": 0.5,
                "sec": "soma",
                "var": "v"
            }
        },
        "saveCSV": false,
        "saveCellConns": true,
        "saveCellSecs": true,
        "saveDat": false,
        "saveDataInclude": [
            "simData",
            "simConfig",
            "netParams",
            "net"
        ],
        "saveDipoleCells": false,
        "saveDipolePops": false,
        "saveDpk": false,
        "saveFolder": "/pscratch/sd/a/adammwea/2DNetworkSimulations/NERSC/output/240528_Run1_this_does_work/gen_8",
        "saveHDF5": false,
        "saveJson": true,
        "saveLFPCells": false,
        "saveLFPPops": false,
        "saveMat": false,
        "savePickle": false,
        "saveTiming": false,
        "seeds": {
            "cell": 1,
            "conn": 1,
            "loc": 1,
            "stim": 1
        },
        "simLabel": "gen_8_cand_26",
        "tau1_exc": 0.5343636802694698,
        "tau1_exc_std": 0.036768117254663946,
        "tau1_inh": 9.695499762738141,
        "tau1_inh_std": 3.117848624856391,
        "tau2_exc": 20.409327648674207,
        "tau2_exc_std": 9.465788115743129,
        "tau2_inh": 0.2880617526047011,
        "tau2_inh_std": 3.585999899920181,
        "timestampFilename": false,
        "timing": true,
        "tstop": 1000.0,
        "use_fast_imem": false,
        "validateNetParams": false,
        "verbose": false,
        "weightEE": 1.6123473046435688,
        "weightEE_std": 0.33783141129467453,
        "weightEI": 1.9808947231106238,
        "weightEI_std": 0.018456662700394314,
        "weightIE": 0.931803444761474,
        "weightIE_std": 0.3285596300805134,
        "weightII": 0.25182765871543905,
        "weightII_std": 0.2497184483826403
    }
}