{
    "simConfig": {
        "E_L_mean": 18.8,
        "E_L_stdev": 6.461084128185039,
        "E_Ra_mean": 128.0,
        "E_Ra_stdev": 8.457281799286026,
        "E_diam_mean": 18.8,
        "E_diam_stdev": 6.249882656241718,
        "I_L_mean": 9.0,
        "I_L_stdev": 2.396178452273567,
        "I_Ra_mean": 110.0,
        "I_Ra_stdev": 21.53399097074431,
        "I_diam_mean": 10.0,
        "I_diam_stdev": 2.6695461734847052,
        "addSynMechs": true,
        "allowConnsWithWeight0": true,
        "allowSelfConns": false,
        "analysis": {},
        "backupCfgFile": [],
        "cache_efficient": true,
        "checkErrors": false,
        "compactConnFormat": false,
        "connRandomSecFromList": true,
        "coreneuron": false,
        "createNEURONObj": true,
        "createPyStruct": true,
        "cvode_active": false,
        "cvode_atol": 0.001,
        "distributeSynsUniformly": true,
        "dt": 0.025,
        "dump_coreneuron_model": false,
        "duration": 1000.0,
        "duration_seconds": 90.0,
        "filename": "model_output",
        "gatherOnlySimData": false,
        "gkbar_E": 0.9980340681896671,
        "gkbar_E_std": 0.43498626065760604,
        "gkbar_I": 8.06251637690482,
        "gkbar_I_std": 0.9753509196878892,
        "gnabar_E": 6.173693309106574,
        "gnabar_E_std": 1.5139740315448635,
        "gnabar_I": 4.788492812030996,
        "gnabar_I_std": 0.031297544308748204,
        "gpu": false,
        "hParams": {
            "celsius": 6.3,
            "clamp_resist": 0.001,
            "v_init": -65.0
        },
        "includeParamsLabel": true,
        "invertedYCoord": true,
        "networkType": "22May24",
        "oneSynPerNetcon": true,
        "printPopAvgRates": [
            100,
            1000.0
        ],
        "printRunTime": false,
        "printSynsAfterRule": false,
        "probEE": 0.15298096294675018,
        "probEE_std": 0.20509103332959466,
        "probEI": 0.26248278731476676,
        "probEI_std": 0.4255855781137676,
        "probIE": 0.2870870436593932,
        "probIE_std": 0.16887678959824012,
        "probII": 0.1965801144265546,
        "probII_std": 0.2599851796267323,
        "probLengthConst": 393.8232871038435,
        "propVelocity": 1.0,
        "pt3dRelativeToCellLocation": true,
        "rand123GlobalIndex": null,
        "random123": false,
        "recordCells": [
            [
                "E",
                [
                    74,
                    47
                ]
            ],
            [
                "I",
                [
                    38,
                    3
                ]
            ]
        ],
        "recordCellsSpikes": -1,
        "recordDipole": false,
        "recordDipolesHNN": false,
        "recordLFP": [],
        "recordStep": 0.1,
        "recordStim": false,
        "recordTime": true,
        "recordTraces": {
            "soma_voltage": {
                "loc": 0.5,
                "sec": "soma",
                "var": "v"
            }
        },
        "saveCSV": false,
        "saveCellConns": true,
        "saveCellSecs": true,
        "saveDat": false,
        "saveDataInclude": [
            "simData",
            "simConfig",
            "netParams",
            "net"
        ],
        "saveDipoleCells": false,
        "saveDipolePops": false,
        "saveDpk": false,
        "saveFolder": "/pscratch/sd/a/adammwea/2DNetworkSimulations/NERSC/output/240528_Run1_this_does_work/gen_8",
        "saveHDF5": false,
        "saveJson": true,
        "saveLFPCells": false,
        "saveLFPPops": false,
        "saveMat": false,
        "savePickle": false,
        "saveTiming": false,
        "seeds": {
            "cell": 1,
            "conn": 1,
            "loc": 1,
            "stim": 1
        },
        "simLabel": "gen_8_cand_49",
        "tau1_exc": 7.145034850113243,
        "tau1_exc_std": 3.272044890474293,
        "tau1_inh": 0.40784732144315683,
        "tau1_inh_std": 2.4268873198862972,
        "tau2_exc": 18.940539102636038,
        "tau2_exc_std": 1.3574345395096832,
        "tau2_inh": 15.934001038510294,
        "tau2_inh_std": 2.4181008400692576,
        "timestampFilename": false,
        "timing": true,
        "tstop": 1000.0,
        "use_fast_imem": false,
        "validateNetParams": false,
        "verbose": false,
        "weightEE": 0.1847537582215728,
        "weightEE_std": 0.2855367413466897,
        "weightEI": 0.2854243859727188,
        "weightEI_std": 0.0028786783203160193,
        "weightIE": 0.7646048569803627,
        "weightIE_std": 0.30381091812022926,
        "weightII": 1.9246005182130144,
        "weightII_std": 0.013826763908470888
    }
}