{
    "simConfig": {
        "E_L_mean": 18.8,
        "E_L_stdev": 0.3695532559370408,
        "E_Ra_mean": 128.0,
        "E_Ra_stdev": 44.215421830367106,
        "E_diam_mean": 18.8,
        "E_diam_stdev": 4.372890319354863,
        "I_L_mean": 9.0,
        "I_L_stdev": 0.4169944811916446,
        "I_Ra_mean": 110.0,
        "I_Ra_stdev": 52.85094842721407,
        "I_diam_mean": 10.0,
        "I_diam_stdev": 1.0505053961611566,
        "addSynMechs": true,
        "allowConnsWithWeight0": true,
        "allowSelfConns": false,
        "analysis": {},
        "backupCfgFile": [],
        "cache_efficient": true,
        "checkErrors": false,
        "compactConnFormat": false,
        "connRandomSecFromList": true,
        "coreneuron": false,
        "createNEURONObj": true,
        "createPyStruct": true,
        "cvode_active": false,
        "cvode_atol": 0.001,
        "distributeSynsUniformly": true,
        "dt": 0.025,
        "dump_coreneuron_model": false,
        "duration": 1000.0,
        "duration_seconds": 90.0,
        "filename": "model_output",
        "gatherOnlySimData": false,
        "gkbar_E": 0.9892723032696182,
        "gkbar_E_std": 0.07063895701335138,
        "gkbar_I": 3.7249193867668438,
        "gkbar_I_std": 0.4934549510634676,
        "gnabar_E": 5.981765885388307,
        "gnabar_E_std": 0.34326555895842625,
        "gnabar_I": 4.017117814028479,
        "gnabar_I_std": 0.8738655758105924,
        "gpu": false,
        "hParams": {
            "celsius": 6.3,
            "clamp_resist": 0.001,
            "v_init": -65.0
        },
        "includeParamsLabel": true,
        "invertedYCoord": true,
        "networkType": "22May24",
        "oneSynPerNetcon": true,
        "printPopAvgRates": [
            100,
            1000.0
        ],
        "printRunTime": false,
        "printSynsAfterRule": false,
        "probEE": 0.5851494385719528,
        "probEE_std": 0.335081271919427,
        "probEI": 0.7117493994329221,
        "probEI_std": 0.23733922526642623,
        "probIE": 0.007941960492829359,
        "probIE_std": 0.48052050065722307,
        "probII": 0.049558101550139066,
        "probII_std": 0.45416452140892455,
        "probLengthConst": 2977.241969661248,
        "propVelocity": 1.0,
        "pt3dRelativeToCellLocation": true,
        "rand123GlobalIndex": null,
        "random123": false,
        "recordCells": [
            [
                "E",
                [
                    74,
                    47
                ]
            ],
            [
                "I",
                [
                    38,
                    3
                ]
            ]
        ],
        "recordCellsSpikes": -1,
        "recordDipole": false,
        "recordDipolesHNN": false,
        "recordLFP": [],
        "recordStep": 0.1,
        "recordStim": false,
        "recordTime": true,
        "recordTraces": {
            "soma_voltage": {
                "loc": 0.5,
                "sec": "soma",
                "var": "v"
            }
        },
        "saveCSV": false,
        "saveCellConns": true,
        "saveCellSecs": true,
        "saveDat": false,
        "saveDataInclude": [
            "simData",
            "simConfig",
            "netParams",
            "net"
        ],
        "saveDipoleCells": false,
        "saveDipolePops": false,
        "saveDpk": false,
        "saveFolder": "/pscratch/sd/a/adammwea/2DNetworkSimulations/NERSC/output/240528_Run1_this_does_work/gen_8",
        "saveHDF5": false,
        "saveJson": true,
        "saveLFPCells": false,
        "saveLFPPops": false,
        "saveMat": false,
        "savePickle": false,
        "saveTiming": false,
        "seeds": {
            "cell": 1,
            "conn": 1,
            "loc": 1,
            "stim": 1
        },
        "simLabel": "gen_8_cand_16",
        "tau1_exc": 1.217506558010091,
        "tau1_exc_std": 0.5184311814835407,
        "tau1_inh": 9.978087936485881,
        "tau1_inh_std": 2.8124015329970717,
        "tau2_exc": 29.063386620895066,
        "tau2_exc_std": 3.1627102335009063,
        "tau2_inh": 17.621601622125677,
        "tau2_inh_std": 9.853758495827964,
        "timestampFilename": false,
        "timing": true,
        "tstop": 1000.0,
        "use_fast_imem": false,
        "validateNetParams": false,
        "verbose": false,
        "weightEE": 1.995972541297367,
        "weightEE_std": 0.002506287703966132,
        "weightEI": 1.999997603816645,
        "weightEI_std": 0.19521807551934034,
        "weightIE": 0.2972430301483091,
        "weightIE_std": 0.195503526874719,
        "weightII": 1.5420566153350102,
        "weightII_std": 0.008228451898078804
    }
}