{
    "simConfig": {
        "E_L_mean": 18.8,
        "E_L_stdev": 6.099075638201995,
        "E_Ra_mean": 128.0,
        "E_Ra_stdev": 4.500446510010656,
        "E_diam_mean": 18.8,
        "E_diam_stdev": 6.0027128950652004,
        "I_L_mean": 9.0,
        "I_L_stdev": 1.1820488206232427,
        "I_Ra_mean": 110.0,
        "I_Ra_stdev": 23.885320568305634,
        "I_diam_mean": 10.0,
        "I_diam_stdev": 2.851267702089344,
        "addSynMechs": true,
        "allowConnsWithWeight0": true,
        "allowSelfConns": false,
        "analysis": {},
        "backupCfgFile": [],
        "cache_efficient": true,
        "checkErrors": false,
        "compactConnFormat": false,
        "connRandomSecFromList": true,
        "coreneuron": false,
        "createNEURONObj": true,
        "createPyStruct": true,
        "cvode_active": false,
        "cvode_atol": 0.001,
        "distributeSynsUniformly": true,
        "dt": 0.025,
        "dump_coreneuron_model": false,
        "duration": 1000.0,
        "duration_seconds": 60.0,
        "filename": "model_output",
        "gatherOnlySimData": false,
        "gkbar_E": 0.6549866683810429,
        "gkbar_E_std": 0.17875057927363247,
        "gkbar_I": 7.364901849175921,
        "gkbar_I_std": 2.0919440255997963,
        "gnabar_E": 4.8757638712225,
        "gnabar_E_std": 1.1441332702362483,
        "gnabar_I": 0.8557718435593625,
        "gnabar_I_std": 0.9997380047077085,
        "gpu": false,
        "hParams": {
            "celsius": 6.3,
            "clamp_resist": 0.001,
            "v_init": -65.0
        },
        "includeParamsLabel": true,
        "invertedYCoord": true,
        "networkType": "22May24",
        "oneSynPerNetcon": true,
        "printPopAvgRates": [
            100,
            1000.0
        ],
        "printRunTime": false,
        "printSynsAfterRule": false,
        "probEE": 0.8935315236215833,
        "probEE_std": 0.04762532871467692,
        "probEI": 0.6010032202816293,
        "probEI_std": 0.12745591493920386,
        "probIE": 0.4976402998932497,
        "probIE_std": 0.00480269716032416,
        "probII": 0.9981276842933332,
        "probII_std": 0.10120854215446004,
        "probLengthConst": 2178.1392502031063,
        "propVelocity": 1.0,
        "pt3dRelativeToCellLocation": true,
        "rand123GlobalIndex": null,
        "random123": false,
        "recordCells": [
            [
                "E",
                [
                    16,
                    79
                ]
            ],
            [
                "I",
                [
                    28,
                    1
                ]
            ]
        ],
        "recordCellsSpikes": -1,
        "recordDipole": false,
        "recordDipolesHNN": false,
        "recordLFP": [],
        "recordStep": 0.1,
        "recordStim": false,
        "recordTime": true,
        "recordTraces": {
            "soma_voltage": {
                "loc": 0.5,
                "sec": "soma",
                "var": "v"
            }
        },
        "saveCSV": false,
        "saveCellConns": true,
        "saveCellSecs": true,
        "saveDat": false,
        "saveDataInclude": [
            "simData",
            "simConfig",
            "netParams",
            "net"
        ],
        "saveDipoleCells": false,
        "saveDipolePops": false,
        "saveDpk": false,
        "saveFolder": "/pscratch/sd/a/adammwea/2DNetworkSimulations/NERSC/output/240527_Run3_this_should_work/gen_5",
        "saveHDF5": false,
        "saveJson": true,
        "saveLFPCells": false,
        "saveLFPPops": false,
        "saveMat": false,
        "savePickle": false,
        "saveTiming": false,
        "seeds": {
            "cell": 1,
            "conn": 1,
            "loc": 1,
            "stim": 1
        },
        "simLabel": "gen_5_cand_21",
        "tau1_exc": 0.023136876985514147,
        "tau1_exc_std": 3.00603426394677,
        "tau1_inh": 3.721157370491656,
        "tau1_inh_std": 0.2215154813882143,
        "tau2_exc": 16.14041421480532,
        "tau2_exc_std": 2.3857369827048442,
        "tau2_inh": 16.576638713692024,
        "tau2_inh_std": 4.951045997579944,
        "timestampFilename": false,
        "timing": true,
        "tstop": 1000.0,
        "use_fast_imem": false,
        "validateNetParams": false,
        "verbose": false,
        "weightEE": 0.5915686937778974,
        "weightEE_std": 0.08370633299403167,
        "weightEI": 0.1930821632902458,
        "weightEI_std": 0.27534837633114134,
        "weightIE": 0.5348085089674481,
        "weightIE_std": 0.13775369711549532,
        "weightII": 0.3981739432710847,
        "weightII_std": 0.0362622921414592
    }
}