{
    "burstAmp_Fitness": 1.9266608416507782,
    "IBI_fitness": 57.807532488253415,
    "baselineFitness": 1000,
    "slopeFitness": 1.0009934593666348,
    "baseline_diff_fitness": 1000,
    "burst_peak_frequency_fitness": 6.2379098185390625,
    "rate_fitness": 505.4456426895948,
    "maxFitness": 1000,
    "average_fitness": 367.4883913282007,
    "average_scaled_fitness": 366.8546169409304
}