{
    "burstAmp_Fitness": {
        "Value": 1.568248237487122,
        "Fit": 1000.0
    },
    "burst_peak_frequency_fitness": {
        "Value": 0.20202020202020202,
        "Fit": 1000
    },
    "IBI_fitness": {
        "Value": null,
        "Fit": 1000
    },
    "baseline_fitness": {
        "Value": 17.42255548272841,
        "Fit": 1000
    },
    "slopeFitness": {
        "Value": 0.0030610853397688748,
        "Fit": 1.0061409494692117
    },
    "thresh": {
        "Value": 16.382540103664915,
        "Fit": 1000
    },
    "sustain_oscillation_fitness": {
        "Value": 64.52095808383234,
        "Fit": 1000
    },
    "E_rate_fitness": {
        "Value": 48.297619047619044,
        "Fit": 1000
    },
    "I_rate_fitness": {
        "Value": 0.0,
        "Fit": 1000
    },
    "maxFitness": 1000,
    "average_fitness": 889.0006823277188,
    "average_scaled_fitness": 888.8888888888889
}