{
    "simConfig": {
        "E_L_mean": 18.8,
        "E_L_stdev": 4.879315245058701,
        "E_Ra_mean": 128.0,
        "E_Ra_stdev": 4.88130439257888,
        "E_diam_mean": 18.8,
        "E_diam_stdev": 0.11250947584024795,
        "I_L_mean": 9.0,
        "I_L_stdev": 1.9683464176537044,
        "I_Ra_mean": 110.0,
        "I_Ra_stdev": 11.369046074792436,
        "I_diam_mean": 10.0,
        "I_diam_stdev": 1.7559400101929779,
        "addSynMechs": true,
        "allowConnsWithWeight0": true,
        "allowSelfConns": false,
        "analysis": {},
        "backupCfgFile": [],
        "cache_efficient": true,
        "checkErrors": false,
        "compactConnFormat": false,
        "connRandomSecFromList": true,
        "coreneuron": false,
        "createNEURONObj": true,
        "createPyStruct": true,
        "cvode_active": false,
        "cvode_atol": 0.001,
        "distributeSynsUniformly": true,
        "dt": 0.025,
        "dump_coreneuron_model": false,
        "duration": 1000.0,
        "duration_seconds": 330.0,
        "filename": "model_output",
        "gatherOnlySimData": false,
        "gkbar_E": 0.2463247347595774,
        "gkbar_E_std": 0.013521815598139548,
        "gkbar_I": 2.312858841869055,
        "gkbar_I_std": 0.26610675011670065,
        "gnabar_E": 3.658078140349845,
        "gnabar_E_std": 0.013447589332897636,
        "gnabar_I": 0.29058225373596114,
        "gnabar_I_std": 0.12609341094178206,
        "gpu": false,
        "hParams": {
            "celsius": 6.3,
            "clamp_resist": 0.001,
            "v_init": -65.0
        },
        "includeParamsLabel": true,
        "invertedYCoord": true,
        "networkType": "22May24",
        "oneSynPerNetcon": true,
        "printPopAvgRates": [
            100,
            1000.0
        ],
        "printRunTime": false,
        "printSynsAfterRule": false,
        "probEE": 0.6801090081287784,
        "probEE_std": 0.0013354205714253484,
        "probEI": 0.31197078169099723,
        "probEI_std": 0.354911020496252,
        "probIE": 0.3950707835731906,
        "probIE_std": 0.3671490207873903,
        "probII": 0.22354400821004172,
        "probII_std": 0.4429027249827193,
        "probLengthConst": 655.5122719070689,
        "propVelocity": 1.0,
        "pt3dRelativeToCellLocation": true,
        "rand123GlobalIndex": null,
        "random123": false,
        "recordCells": [
            [
                "E",
                [
                    68,
                    13
                ]
            ],
            [
                "I",
                [
                    4,
                    5
                ]
            ]
        ],
        "recordCellsSpikes": -1,
        "recordDipole": false,
        "recordDipolesHNN": false,
        "recordLFP": [],
        "recordStep": 0.1,
        "recordStim": false,
        "recordTime": true,
        "recordTraces": {
            "soma_voltage": {
                "loc": 0.5,
                "sec": "soma",
                "var": "v"
            }
        },
        "saveCSV": false,
        "saveCellConns": true,
        "saveCellSecs": true,
        "saveDat": false,
        "saveDataInclude": [
            "simData",
            "simConfig",
            "netParams",
            "net"
        ],
        "saveDipoleCells": false,
        "saveDipolePops": false,
        "saveDpk": false,
        "saveFolder": "/pscratch/sd/a/adammwea/2DNetworkSimulations/NERSC/output/240604_Run1_24n24hr/gen_6",
        "saveHDF5": false,
        "saveJson": true,
        "saveLFPCells": false,
        "saveLFPPops": false,
        "saveMat": false,
        "savePickle": false,
        "saveTiming": false,
        "seeds": {
            "cell": 1,
            "conn": 1,
            "loc": 1,
            "stim": 1
        },
        "simLabel": "gen_6_cand_465",
        "tau1_exc": 6.8239720088188545,
        "tau1_exc_std": 2.3281725130191635,
        "tau1_inh": 7.101345547541253,
        "tau1_inh_std": 2.9672771947635823,
        "tau2_exc": 16.998406126046763,
        "tau2_exc_std": 0.0004233766215713886,
        "tau2_inh": 0.7787547338175269,
        "tau2_inh_std": 3.160098222964291,
        "timestampFilename": false,
        "timing": true,
        "tstop": 1000.0,
        "use_fast_imem": false,
        "validateNetParams": false,
        "verbose": false,
        "weightEE": 1.9530884013973417,
        "weightEE_std": 0.11086027040911031,
        "weightEI": 1.8726877218938591,
        "weightEI_std": 0.26944978256219504,
        "weightIE": 0.5257877461956406,
        "weightIE_std": 0.32076727848248665,
        "weightII": 1.3924791191628274,
        "weightII_std": 0.2121652560331584
    }
}