{
    "simConfig": {
        "E_L_mean": 18.8,
        "E_L_stdev": 6.5032107899551885,
        "E_Ra_mean": 128.0,
        "E_Ra_stdev": 59.41856772226627,
        "E_diam_mean": 18.8,
        "E_diam_stdev": 5.889329732944758,
        "I_L_mean": 9.0,
        "I_L_stdev": 2.4516025167230375,
        "I_Ra_mean": 110.0,
        "I_Ra_stdev": 42.036415201915595,
        "I_diam_mean": 10.0,
        "I_diam_stdev": 3.3324636753794254,
        "addSynMechs": true,
        "allowConnsWithWeight0": true,
        "allowSelfConns": false,
        "analysis": {},
        "backupCfgFile": [],
        "cache_efficient": true,
        "checkErrors": false,
        "compactConnFormat": false,
        "connRandomSecFromList": true,
        "coreneuron": false,
        "createNEURONObj": true,
        "createPyStruct": true,
        "cvode_active": false,
        "cvode_atol": 0.001,
        "distributeSynsUniformly": true,
        "dt": 0.025,
        "dump_coreneuron_model": false,
        "duration": 1000.0,
        "duration_seconds": 330.0,
        "filename": "model_output",
        "gatherOnlySimData": false,
        "gkbar_E": 0.004462623263349043,
        "gkbar_E_std": 0.010648824112946452,
        "gkbar_I": 9.960415765677379,
        "gkbar_I_std": 2.4858155371144828,
        "gnabar_E": 2.4555111157641885,
        "gnabar_E_std": 0.159435871722996,
        "gnabar_I": 4.892757820040871,
        "gnabar_I_std": 0.770566488013867,
        "gpu": false,
        "hParams": {
            "celsius": 6.3,
            "clamp_resist": 0.001,
            "v_init": -65.0
        },
        "includeParamsLabel": true,
        "invertedYCoord": true,
        "networkType": "22May24",
        "oneSynPerNetcon": true,
        "printPopAvgRates": [
            100,
            1000.0
        ],
        "printRunTime": false,
        "printSynsAfterRule": false,
        "probEE": 0.44166942938179343,
        "probEE_std": 0.004772599668761944,
        "probEI": 0.5885835168698443,
        "probEI_std": 0.022813170679580032,
        "probIE": 0.25041243135356095,
        "probIE_std": 0.18688114571036363,
        "probII": 0.0031861203205144706,
        "probII_std": 0.008504440705498592,
        "probLengthConst": 1681.3896356052526,
        "propVelocity": 1.0,
        "pt3dRelativeToCellLocation": true,
        "rand123GlobalIndex": null,
        "random123": false,
        "recordCells": [
            [
                "E",
                [
                    68,
                    13
                ]
            ],
            [
                "I",
                [
                    4,
                    5
                ]
            ]
        ],
        "recordCellsSpikes": -1,
        "recordDipole": false,
        "recordDipolesHNN": false,
        "recordLFP": [],
        "recordStep": 0.1,
        "recordStim": false,
        "recordTime": true,
        "recordTraces": {
            "soma_voltage": {
                "loc": 0.5,
                "sec": "soma",
                "var": "v"
            }
        },
        "saveCSV": false,
        "saveCellConns": true,
        "saveCellSecs": true,
        "saveDat": false,
        "saveDataInclude": [
            "simData",
            "simConfig",
            "netParams",
            "net"
        ],
        "saveDipoleCells": false,
        "saveDipolePops": false,
        "saveDpk": false,
        "saveFolder": "/pscratch/sd/a/adammwea/2DNetworkSimulations/NERSC/output/240604_Run1_24n24hr/gen_6",
        "saveHDF5": false,
        "saveJson": true,
        "saveLFPCells": false,
        "saveLFPPops": false,
        "saveMat": false,
        "savePickle": false,
        "saveTiming": false,
        "seeds": {
            "cell": 1,
            "conn": 1,
            "loc": 1,
            "stim": 1
        },
        "simLabel": "gen_6_cand_312",
        "tau1_exc": 6.1313614841287105,
        "tau1_exc_std": 3.318381972242844,
        "tau1_inh": 6.235891689284356,
        "tau1_inh_std": 1.356433055063387,
        "tau2_exc": 0.0026895584988852798,
        "tau2_exc_std": 4.718217692474829,
        "tau2_inh": 18.143658876213216,
        "tau2_inh_std": 0.0005127293110327863,
        "timestampFilename": false,
        "timing": true,
        "tstop": 1000.0,
        "use_fast_imem": false,
        "validateNetParams": false,
        "verbose": false,
        "weightEE": 1.3814233212025486,
        "weightEE_std": 0.4141602036445009,
        "weightEI": 0.2845172043247053,
        "weightEI_std": 0.24853775091210756,
        "weightIE": 0.004651684495225444,
        "weightIE_std": 0.2752043821931699,
        "weightII": 0.059818296020701295,
        "weightII_std": 0.05821850448095495
    }
}