{
    "simConfig": {
        "E_L_mean": 18.8,
        "E_L_stdev": 7.325687906367483,
        "E_Ra_mean": 128.0,
        "E_Ra_stdev": 1.7675436736600334,
        "E_diam_mean": 18.8,
        "E_diam_stdev": 1.8976512011389448,
        "I_L_mean": 9.0,
        "I_L_stdev": 0.3275180818096178,
        "I_Ra_mean": 110.0,
        "I_Ra_stdev": 54.68897630341245,
        "I_diam_mean": 10.0,
        "I_diam_stdev": 0.4309743863233899,
        "addSynMechs": true,
        "allowConnsWithWeight0": true,
        "allowSelfConns": false,
        "analysis": {},
        "backupCfgFile": [],
        "cache_efficient": true,
        "checkErrors": false,
        "compactConnFormat": false,
        "connRandomSecFromList": true,
        "coreneuron": false,
        "createNEURONObj": true,
        "createPyStruct": true,
        "cvode_active": false,
        "cvode_atol": 0.001,
        "distributeSynsUniformly": true,
        "dt": 0.025,
        "dump_coreneuron_model": false,
        "duration": 1000.0,
        "duration_seconds": 90.0,
        "filename": "model_output",
        "gatherOnlySimData": false,
        "gkbar_E": 0.36566957470014727,
        "gkbar_E_std": 0.30768156463579344,
        "gkbar_I": 0.24648429137393268,
        "gkbar_I_std": 0.20234969060912722,
        "gnabar_E": 5.569816272264083,
        "gnabar_E_std": 1.538132619994325,
        "gnabar_I": 1.8318675414158452,
        "gnabar_I_std": 0.16214071120588902,
        "gpu": false,
        "hParams": {
            "celsius": 6.3,
            "clamp_resist": 0.001,
            "v_init": -65.0
        },
        "includeParamsLabel": true,
        "invertedYCoord": true,
        "networkType": "22May24",
        "oneSynPerNetcon": true,
        "printPopAvgRates": [
            100,
            1000.0
        ],
        "printRunTime": false,
        "printSynsAfterRule": false,
        "probEE": 0.3808688989457054,
        "probEE_std": 0.16483762436873212,
        "probEI": 0.6288208784566915,
        "probEI_std": 0.18423388713687872,
        "probIE": 0.5389904216076586,
        "probIE_std": 0.29835025389908465,
        "probII": 0.5825723212001432,
        "probII_std": 0.429769165848283,
        "probLengthConst": 872.4823543609168,
        "propVelocity": 1.0,
        "pt3dRelativeToCellLocation": true,
        "rand123GlobalIndex": null,
        "random123": false,
        "recordCells": [
            [
                "E",
                [
                    74,
                    47
                ]
            ],
            [
                "I",
                [
                    38,
                    3
                ]
            ]
        ],
        "recordCellsSpikes": -1,
        "recordDipole": false,
        "recordDipolesHNN": false,
        "recordLFP": [],
        "recordStep": 0.1,
        "recordStim": false,
        "recordTime": true,
        "recordTraces": {
            "soma_voltage": {
                "loc": 0.5,
                "sec": "soma",
                "var": "v"
            }
        },
        "saveCSV": false,
        "saveCellConns": true,
        "saveCellSecs": true,
        "saveDat": false,
        "saveDataInclude": [
            "simData",
            "simConfig",
            "netParams",
            "net"
        ],
        "saveDipoleCells": false,
        "saveDipolePops": false,
        "saveDpk": false,
        "saveFolder": "/pscratch/sd/a/adammwea/2DNetworkSimulations/NERSC/output/240528_Run1_this_does_work/gen_4",
        "saveHDF5": false,
        "saveJson": true,
        "saveLFPCells": false,
        "saveLFPPops": false,
        "saveMat": false,
        "savePickle": false,
        "saveTiming": false,
        "seeds": {
            "cell": 1,
            "conn": 1,
            "loc": 1,
            "stim": 1
        },
        "simLabel": "gen_4_cand_6",
        "tau1_exc": 7.151089779949721,
        "tau1_exc_std": 0.0993806893806023,
        "tau1_inh": 7.53125263869074,
        "tau1_inh_std": 1.3989804199728082,
        "tau2_exc": 11.816748763026965,
        "tau2_exc_std": 0.4041703026012806,
        "tau2_inh": 17.671808283182024,
        "tau2_inh_std": 8.888126403375493,
        "timestampFilename": false,
        "timing": true,
        "tstop": 1000.0,
        "use_fast_imem": false,
        "validateNetParams": false,
        "verbose": false,
        "weightEE": 1.4359114476269117,
        "weightEE_std": 0.36337432179623885,
        "weightEI": 1.7417417979878087,
        "weightEI_std": 0.025942369493496764,
        "weightIE": 0.30267034382382235,
        "weightIE_std": 0.10082095428105114,
        "weightII": 1.9331152836973866,
        "weightII_std": 0.0031609099687655295
    }
}