{
    "simConfig": {
        "E_L_mean": 18.8,
        "E_L_stdev": 6.877829266872894,
        "E_Ra_mean": 128.0,
        "E_Ra_stdev": 34.37590725204454,
        "E_diam_mean": 18.8,
        "E_diam_stdev": 3.7431220420237805,
        "I_L_mean": 9.0,
        "I_L_stdev": 1.710952809770484,
        "I_Ra_mean": 110.0,
        "I_Ra_stdev": 52.08063387240849,
        "I_diam_mean": 10.0,
        "I_diam_stdev": 1.5098414016389652,
        "addSynMechs": true,
        "allowConnsWithWeight0": true,
        "allowSelfConns": false,
        "analysis": {},
        "backupCfgFile": [],
        "cache_efficient": true,
        "checkErrors": false,
        "compactConnFormat": false,
        "connRandomSecFromList": true,
        "coreneuron": false,
        "createNEURONObj": true,
        "createPyStruct": true,
        "cvode_active": false,
        "cvode_atol": 0.001,
        "distributeSynsUniformly": true,
        "dt": 0.025,
        "dump_coreneuron_model": false,
        "duration": 1000.0,
        "duration_seconds": 90.0,
        "filename": "model_output",
        "gatherOnlySimData": false,
        "gkbar_E": 0.03017590950197424,
        "gkbar_E_std": 0.28576965486064476,
        "gkbar_I": 4.136549525645259,
        "gkbar_I_std": 0.6116553760196899,
        "gnabar_E": 2.5193771689916167,
        "gnabar_E_std": 0.6054039837552544,
        "gnabar_I": 3.4126889333014807,
        "gnabar_I_std": 0.009235475593969512,
        "gpu": false,
        "hParams": {
            "celsius": 6.3,
            "clamp_resist": 0.001,
            "v_init": -65.0
        },
        "includeParamsLabel": true,
        "invertedYCoord": true,
        "networkType": "22May24",
        "oneSynPerNetcon": true,
        "printPopAvgRates": [
            100,
            1000.0
        ],
        "printRunTime": false,
        "printSynsAfterRule": false,
        "probEE": 0.01382057862127543,
        "probEE_std": 0.3566651412392059,
        "probEI": 0.5370173044067619,
        "probEI_std": 0.3616589033296826,
        "probIE": 0.02861077056323276,
        "probIE_std": 0.13748471681093338,
        "probII": 0.7022772625403059,
        "probII_std": 0.472422889050652,
        "probLengthConst": 2983.865442524678,
        "propVelocity": 1.0,
        "pt3dRelativeToCellLocation": true,
        "rand123GlobalIndex": null,
        "random123": false,
        "recordCells": [
            [
                "E",
                [
                    74,
                    47
                ]
            ],
            [
                "I",
                [
                    38,
                    3
                ]
            ]
        ],
        "recordCellsSpikes": -1,
        "recordDipole": false,
        "recordDipolesHNN": false,
        "recordLFP": [],
        "recordStep": 0.1,
        "recordStim": false,
        "recordTime": true,
        "recordTraces": {
            "soma_voltage": {
                "loc": 0.5,
                "sec": "soma",
                "var": "v"
            }
        },
        "saveCSV": false,
        "saveCellConns": true,
        "saveCellSecs": true,
        "saveDat": false,
        "saveDataInclude": [
            "simData",
            "simConfig",
            "netParams",
            "net"
        ],
        "saveDipoleCells": false,
        "saveDipolePops": false,
        "saveDpk": false,
        "saveFolder": "/pscratch/sd/a/adammwea/2DNetworkSimulations/NERSC/output/240528_Run1_this_does_work/gen_4",
        "saveHDF5": false,
        "saveJson": true,
        "saveLFPCells": false,
        "saveLFPPops": false,
        "saveMat": false,
        "savePickle": false,
        "saveTiming": false,
        "seeds": {
            "cell": 1,
            "conn": 1,
            "loc": 1,
            "stim": 1
        },
        "simLabel": "gen_4_cand_32",
        "tau1_exc": 0.3943342948699816,
        "tau1_exc_std": 0.28092956610477465,
        "tau1_inh": 0.3104487952952422,
        "tau1_inh_std": 0.5339874028821194,
        "tau2_exc": 23.421608414115784,
        "tau2_exc_std": 3.784033695205432,
        "tau2_inh": 11.179920669436495,
        "tau2_inh_std": 8.255545577139294,
        "timestampFilename": false,
        "timing": true,
        "tstop": 1000.0,
        "use_fast_imem": false,
        "validateNetParams": false,
        "verbose": false,
        "weightEE": 0.4721408229051841,
        "weightEE_std": 0.22609871163498818,
        "weightEI": 1.995181970731176,
        "weightEI_std": 0.27338490915331637,
        "weightIE": 0.0237870065528653,
        "weightIE_std": 0.172329496105294,
        "weightII": 1.9590904687681339,
        "weightII_std": 0.009311423496786424
    }
}