{
    "simConfig": {
        "E_L_mean": 18.8,
        "E_L_stdev": 2.0103602292415435,
        "E_Ra_mean": 128.0,
        "E_Ra_stdev": 0.5819463851122606,
        "E_diam_mean": 18.8,
        "E_diam_stdev": 4.361265348370856,
        "I_L_mean": 9.0,
        "I_L_stdev": 0.12018884187510293,
        "I_Ra_mean": 110.0,
        "I_Ra_stdev": 12.693772732850546,
        "I_diam_mean": 10.0,
        "I_diam_stdev": 2.864262397883419,
        "addSynMechs": true,
        "allowConnsWithWeight0": true,
        "allowSelfConns": false,
        "analysis": {},
        "backupCfgFile": [],
        "cache_efficient": true,
        "checkErrors": false,
        "compactConnFormat": false,
        "connRandomSecFromList": true,
        "coreneuron": false,
        "createNEURONObj": true,
        "createPyStruct": true,
        "cvode_active": false,
        "cvode_atol": 0.001,
        "distributeSynsUniformly": true,
        "dt": 0.025,
        "dump_coreneuron_model": false,
        "duration": 1000.0,
        "duration_seconds": 330.0,
        "filename": "model_output",
        "gatherOnlySimData": false,
        "gkbar_E": 0.05268855579162927,
        "gkbar_E_std": 0.0242775244326065,
        "gkbar_I": 3.360678491161951,
        "gkbar_I_std": 1.0577961234139615,
        "gnabar_E": 6.75363297059027,
        "gnabar_E_std": 0.15744056718359772,
        "gnabar_I": 4.923935972978445,
        "gnabar_I_std": 0.4189116940198048,
        "gpu": false,
        "hParams": {
            "celsius": 6.3,
            "clamp_resist": 0.001,
            "v_init": -65.0
        },
        "includeParamsLabel": true,
        "invertedYCoord": true,
        "networkType": "22May24",
        "oneSynPerNetcon": true,
        "printPopAvgRates": [
            100,
            1000.0
        ],
        "printRunTime": false,
        "printSynsAfterRule": false,
        "probEE": 0.7447173547053896,
        "probEE_std": 0.23079676125246218,
        "probEI": 0.5393702281813424,
        "probEI_std": 0.27735836946077375,
        "probIE": 0.7221454377297415,
        "probIE_std": 0.019004192237660478,
        "probII": 0.5083346810658569,
        "probII_std": 0.09240066307193452,
        "probLengthConst": 2287.6396635617198,
        "propVelocity": 1.0,
        "pt3dRelativeToCellLocation": true,
        "rand123GlobalIndex": null,
        "random123": false,
        "recordCells": [
            [
                "E",
                [
                    68,
                    13
                ]
            ],
            [
                "I",
                [
                    4,
                    5
                ]
            ]
        ],
        "recordCellsSpikes": -1,
        "recordDipole": false,
        "recordDipolesHNN": false,
        "recordLFP": [],
        "recordStep": 0.1,
        "recordStim": false,
        "recordTime": true,
        "recordTraces": {
            "soma_voltage": {
                "loc": 0.5,
                "sec": "soma",
                "var": "v"
            }
        },
        "saveCSV": false,
        "saveCellConns": true,
        "saveCellSecs": true,
        "saveDat": false,
        "saveDataInclude": [
            "simData",
            "simConfig",
            "netParams",
            "net"
        ],
        "saveDipoleCells": false,
        "saveDipolePops": false,
        "saveDpk": false,
        "saveFolder": "/pscratch/sd/a/adammwea/2DNetworkSimulations/NERSC/output/240604_Run1_24n24hr/gen_5",
        "saveHDF5": false,
        "saveJson": true,
        "saveLFPCells": false,
        "saveLFPPops": false,
        "saveMat": false,
        "savePickle": false,
        "saveTiming": false,
        "seeds": {
            "cell": 1,
            "conn": 1,
            "loc": 1,
            "stim": 1
        },
        "simLabel": "gen_5_cand_328",
        "tau1_exc": 3.6403596749854743,
        "tau1_exc_std": 2.9610114554572164,
        "tau1_inh": 6.189704943126255,
        "tau1_inh_std": 3.1916470655424933,
        "tau2_exc": 0.001611023396614458,
        "tau2_exc_std": 5.486590143904452,
        "tau2_inh": 12.874098595686252,
        "tau2_inh_std": 4.332709253457969,
        "timestampFilename": false,
        "timing": true,
        "tstop": 1000.0,
        "use_fast_imem": false,
        "validateNetParams": false,
        "verbose": false,
        "weightEE": 1.782064649945553,
        "weightEE_std": 0.013441799083596046,
        "weightEI": 0.3181389905384435,
        "weightEI_std": 0.09311789967517725,
        "weightIE": 0.22666306170037476,
        "weightIE_std": 0.08935375613519816,
        "weightII": 1.9149496360126745,
        "weightII_std": 0.021237158411299053
    }
}