{
    "simConfig": {
        "E_L_mean": 18.8,
        "E_L_stdev": 6.229859022818955,
        "E_Ra_mean": 128.0,
        "E_Ra_stdev": 63.97705825768339,
        "E_diam_mean": 18.8,
        "E_diam_stdev": 2.1990136854167055,
        "I_L_mean": 9.0,
        "I_L_stdev": 0.6890466431027129,
        "I_Ra_mean": 110.0,
        "I_Ra_stdev": 15.23793360207306,
        "I_diam_mean": 10.0,
        "I_diam_stdev": 0.798493735270738,
        "addSynMechs": true,
        "allowConnsWithWeight0": true,
        "allowSelfConns": false,
        "analysis": {},
        "backupCfgFile": [],
        "cache_efficient": true,
        "checkErrors": false,
        "compactConnFormat": false,
        "connRandomSecFromList": true,
        "coreneuron": false,
        "createNEURONObj": true,
        "createPyStruct": true,
        "cvode_active": false,
        "cvode_atol": 0.001,
        "distributeSynsUniformly": true,
        "dt": 0.025,
        "dump_coreneuron_model": false,
        "duration": 1000.0,
        "duration_seconds": 330.0,
        "filename": "model_output",
        "gatherOnlySimData": false,
        "gkbar_E": 0.7218648782803334,
        "gkbar_E_std": 0.31742450559322793,
        "gkbar_I": 6.655261061268959,
        "gkbar_I_std": 0.006812488676708873,
        "gnabar_E": 3.6970360194537415,
        "gnabar_E_std": 0.07342847451833334,
        "gnabar_I": 2.6381166294799216,
        "gnabar_I_std": 0.02028682131677076,
        "gpu": false,
        "hParams": {
            "celsius": 6.3,
            "clamp_resist": 0.001,
            "v_init": -65.0
        },
        "includeParamsLabel": true,
        "invertedYCoord": true,
        "networkType": "22May24",
        "oneSynPerNetcon": true,
        "printPopAvgRates": [
            100,
            1000.0
        ],
        "printRunTime": false,
        "printSynsAfterRule": false,
        "probEE": 0.6423013142613301,
        "probEE_std": 0.4309418623651515,
        "probEI": 0.9973470618088592,
        "probEI_std": 0.21378223709908412,
        "probIE": 0.27194493732864056,
        "probIE_std": 0.4698798499914755,
        "probII": 0.23617825746068433,
        "probII_std": 0.273841048743112,
        "probLengthConst": 393.38426671450384,
        "propVelocity": 1.0,
        "pt3dRelativeToCellLocation": true,
        "rand123GlobalIndex": null,
        "random123": false,
        "recordCells": [
            [
                "E",
                [
                    68,
                    13
                ]
            ],
            [
                "I",
                [
                    4,
                    5
                ]
            ]
        ],
        "recordCellsSpikes": -1,
        "recordDipole": false,
        "recordDipolesHNN": false,
        "recordLFP": [],
        "recordStep": 0.1,
        "recordStim": false,
        "recordTime": true,
        "recordTraces": {
            "soma_voltage": {
                "loc": 0.5,
                "sec": "soma",
                "var": "v"
            }
        },
        "saveCSV": false,
        "saveCellConns": true,
        "saveCellSecs": true,
        "saveDat": false,
        "saveDataInclude": [
            "simData",
            "simConfig",
            "netParams",
            "net"
        ],
        "saveDipoleCells": false,
        "saveDipolePops": false,
        "saveDpk": false,
        "saveFolder": "/pscratch/sd/a/adammwea/2DNetworkSimulations/NERSC/output/240604_Run1_24n24hr/gen_5",
        "saveHDF5": false,
        "saveJson": true,
        "saveLFPCells": false,
        "saveLFPPops": false,
        "saveMat": false,
        "savePickle": false,
        "saveTiming": false,
        "seeds": {
            "cell": 1,
            "conn": 1,
            "loc": 1,
            "stim": 1
        },
        "simLabel": "gen_5_cand_359",
        "tau1_exc": 6.7945230241961845,
        "tau1_exc_std": 3.2785528918525157,
        "tau1_inh": 1.0437801309058654,
        "tau1_inh_std": 3.2762354984826456,
        "tau2_exc": 19.048237476898464,
        "tau2_exc_std": 4.1014759857706,
        "tau2_inh": 16.671269916459448,
        "tau2_inh_std": 7.122335651125866,
        "timestampFilename": false,
        "timing": true,
        "tstop": 1000.0,
        "use_fast_imem": false,
        "validateNetParams": false,
        "verbose": false,
        "weightEE": 0.7768652925830382,
        "weightEE_std": 0.12330246946879489,
        "weightEI": 0.02813148928383124,
        "weightEI_std": 0.1547209550384097,
        "weightIE": 0.6491351784109136,
        "weightIE_std": 0.10593854745742746,
        "weightII": 1.7046945198428827,
        "weightII_std": 0.0030440755422605644
    }
}