{
    "simConfig": {
        "E_L_mean": 18.8,
        "E_L_stdev": 2.576595805812653,
        "E_Ra_mean": 128.0,
        "E_Ra_stdev": 0.02852403258444862,
        "E_diam_mean": 18.8,
        "E_diam_stdev": 4.829447201010514,
        "I_L_mean": 9.0,
        "I_L_stdev": 0.878229034990219,
        "I_Ra_mean": 110.0,
        "I_Ra_stdev": 0.6642608029960522,
        "I_diam_mean": 10.0,
        "I_diam_stdev": 2.7800123422919536,
        "addSynMechs": true,
        "allowConnsWithWeight0": true,
        "allowSelfConns": false,
        "analysis": {},
        "backupCfgFile": [],
        "cache_efficient": true,
        "checkErrors": false,
        "compactConnFormat": false,
        "connRandomSecFromList": true,
        "coreneuron": false,
        "createNEURONObj": true,
        "createPyStruct": true,
        "cvode_active": false,
        "cvode_atol": 0.001,
        "distributeSynsUniformly": true,
        "dt": 0.025,
        "dump_coreneuron_model": false,
        "duration": 1000.0,
        "duration_seconds": 330.0,
        "filename": "model_output",
        "gatherOnlySimData": false,
        "gkbar_E": 0.27659962478847144,
        "gkbar_E_std": 0.4673432688055989,
        "gkbar_I": 2.0152877862457954,
        "gkbar_I_std": 0.8596658751843739,
        "gnabar_E": 6.231460728708804,
        "gnabar_E_std": 0.39523058631249014,
        "gnabar_I": 3.443775345706789,
        "gnabar_I_std": 0.11610751086236812,
        "gpu": false,
        "hParams": {
            "celsius": 6.3,
            "clamp_resist": 0.001,
            "v_init": -65.0
        },
        "includeParamsLabel": true,
        "invertedYCoord": true,
        "networkType": "22May24",
        "oneSynPerNetcon": true,
        "printPopAvgRates": [
            100,
            1000.0
        ],
        "printRunTime": false,
        "printSynsAfterRule": false,
        "probEE": 0.4389505311362802,
        "probEE_std": 0.019312355147940136,
        "probEI": 0.4749351407702597,
        "probEI_std": 0.19166936049320002,
        "probIE": 0.3459806184509116,
        "probIE_std": 0.14229583126537848,
        "probII": 0.5279005772914082,
        "probII_std": 0.31439252496111947,
        "probLengthConst": 51.050631033425645,
        "propVelocity": 1.0,
        "pt3dRelativeToCellLocation": true,
        "rand123GlobalIndex": null,
        "random123": false,
        "recordCells": [
            [
                "E",
                [
                    68,
                    13
                ]
            ],
            [
                "I",
                [
                    4,
                    5
                ]
            ]
        ],
        "recordCellsSpikes": -1,
        "recordDipole": false,
        "recordDipolesHNN": false,
        "recordLFP": [],
        "recordStep": 0.1,
        "recordStim": false,
        "recordTime": true,
        "recordTraces": {
            "soma_voltage": {
                "loc": 0.5,
                "sec": "soma",
                "var": "v"
            }
        },
        "saveCSV": false,
        "saveCellConns": true,
        "saveCellSecs": true,
        "saveDat": false,
        "saveDataInclude": [
            "simData",
            "simConfig",
            "netParams",
            "net"
        ],
        "saveDipoleCells": false,
        "saveDipolePops": false,
        "saveDpk": false,
        "saveFolder": "/pscratch/sd/a/adammwea/2DNetworkSimulations/NERSC/output/240604_Run1_24n24hr/gen_5",
        "saveHDF5": false,
        "saveJson": true,
        "saveLFPCells": false,
        "saveLFPPops": false,
        "saveMat": false,
        "savePickle": false,
        "saveTiming": false,
        "seeds": {
            "cell": 1,
            "conn": 1,
            "loc": 1,
            "stim": 1
        },
        "simLabel": "gen_5_cand_382",
        "tau1_exc": 4.471364918951612,
        "tau1_exc_std": 2.8956554777706724,
        "tau1_inh": 8.15666915704414,
        "tau1_inh_std": 1.3373249626770232,
        "tau2_exc": 27.624026493532078,
        "tau2_exc_std": 5.656979775561391,
        "tau2_inh": 18.89747358022586,
        "tau2_inh_std": 7.844364889159324,
        "timestampFilename": false,
        "timing": true,
        "tstop": 1000.0,
        "use_fast_imem": false,
        "validateNetParams": false,
        "verbose": false,
        "weightEE": 0.5675747582197281,
        "weightEE_std": 0.03987904645158935,
        "weightEI": 0.442239878239496,
        "weightEI_std": 0.33190202154002013,
        "weightIE": 0.9499708631587517,
        "weightIE_std": 0.0067590282351345735,
        "weightII": 1.8528025253600322,
        "weightII_std": 0.1982755080788392
    }
}