{
    "simConfig": {
        "E_L_mean": 18.8,
        "E_L_stdev": 8.922111941876919,
        "E_Ra_mean": 128.0,
        "E_Ra_stdev": 18.368115729167382,
        "E_diam_mean": 18.8,
        "E_diam_stdev": 6.25986827390401,
        "I_L_mean": 9.0,
        "I_L_stdev": 2.2587331614899635,
        "I_Ra_mean": 110.0,
        "I_Ra_stdev": 10.319459018200092,
        "I_diam_mean": 10.0,
        "I_diam_stdev": 0.3760277229124487,
        "addSynMechs": true,
        "allowConnsWithWeight0": true,
        "allowSelfConns": false,
        "analysis": {},
        "backupCfgFile": [],
        "cache_efficient": true,
        "checkErrors": false,
        "compactConnFormat": false,
        "connRandomSecFromList": true,
        "coreneuron": false,
        "createNEURONObj": true,
        "createPyStruct": true,
        "cvode_active": false,
        "cvode_atol": 0.001,
        "distributeSynsUniformly": true,
        "dt": 0.025,
        "dump_coreneuron_model": false,
        "duration": 1000.0,
        "duration_seconds": 330.0,
        "filename": "model_output",
        "gatherOnlySimData": false,
        "gkbar_E": 0.11500954121418178,
        "gkbar_E_std": 0.03452259645375508,
        "gkbar_I": 0.3674449448701176,
        "gkbar_I_std": 0.07304474625223012,
        "gnabar_E": 2.4602608388494724,
        "gnabar_E_std": 0.09059095223353819,
        "gnabar_I": 3.6516888100498575,
        "gnabar_I_std": 0.5100807482222277,
        "gpu": false,
        "hParams": {
            "celsius": 6.3,
            "clamp_resist": 0.001,
            "v_init": -65.0
        },
        "includeParamsLabel": true,
        "invertedYCoord": true,
        "networkType": "22May24",
        "oneSynPerNetcon": true,
        "printPopAvgRates": [
            100,
            1000.0
        ],
        "printRunTime": false,
        "printSynsAfterRule": false,
        "probEE": 0.22396047084942233,
        "probEE_std": 0.38102796433740027,
        "probEI": 0.4746500141343569,
        "probEI_std": 0.4192143489917745,
        "probIE": 0.64800056400054,
        "probIE_std": 0.2794831819952641,
        "probII": 0.0860163199881127,
        "probII_std": 0.031201692345950716,
        "probLengthConst": 2968.0484082781986,
        "propVelocity": 1.0,
        "pt3dRelativeToCellLocation": true,
        "rand123GlobalIndex": null,
        "random123": false,
        "recordCells": [
            [
                "E",
                [
                    68,
                    13
                ]
            ],
            [
                "I",
                [
                    4,
                    5
                ]
            ]
        ],
        "recordCellsSpikes": -1,
        "recordDipole": false,
        "recordDipolesHNN": false,
        "recordLFP": [],
        "recordStep": 0.1,
        "recordStim": false,
        "recordTime": true,
        "recordTraces": {
            "soma_voltage": {
                "loc": 0.5,
                "sec": "soma",
                "var": "v"
            }
        },
        "saveCSV": false,
        "saveCellConns": true,
        "saveCellSecs": true,
        "saveDat": false,
        "saveDataInclude": [
            "simData",
            "simConfig",
            "netParams",
            "net"
        ],
        "saveDipoleCells": false,
        "saveDipolePops": false,
        "saveDpk": false,
        "saveFolder": "/pscratch/sd/a/adammwea/2DNetworkSimulations/NERSC/output/240604_Run1_24n24hr/gen_5",
        "saveHDF5": false,
        "saveJson": true,
        "saveLFPCells": false,
        "saveLFPPops": false,
        "saveMat": false,
        "savePickle": false,
        "saveTiming": false,
        "seeds": {
            "cell": 1,
            "conn": 1,
            "loc": 1,
            "stim": 1
        },
        "simLabel": "gen_5_cand_186",
        "tau1_exc": 6.881279979661453,
        "tau1_exc_std": 3.1668694517040534,
        "tau1_inh": 2.2305494484945454,
        "tau1_inh_std": 0.07626398542352891,
        "tau2_exc": 29.318397151147064,
        "tau2_exc_std": 0.2023283278745395,
        "tau2_inh": 17.489014082474785,
        "tau2_inh_std": 0.048065651932567066,
        "timestampFilename": false,
        "timing": true,
        "tstop": 1000.0,
        "use_fast_imem": false,
        "validateNetParams": false,
        "verbose": false,
        "weightEE": 1.248706207926514,
        "weightEE_std": 0.43709863246109726,
        "weightEI": 1.449336321390947,
        "weightEI_std": 0.2127564217764873,
        "weightIE": 0.8885309677439575,
        "weightIE_std": 0.32902024883196157,
        "weightII": 1.987339630472659,
        "weightII_std": 0.15646549149628913
    }
}