{
    "burstAmp_Fitness": 672.0509769085601,
    "burst_peak_frequency_fitness": 282.3964972145115,
    "IBI_fitness": 2.953694299099685,
    "baselineFitness": 1.540794081289968,
    "slopeFitness": 1.0007027142227625,
    "baseline_diff_fitness": 1000,
    "rate_fitness": 12.599151130613166,
    "maxFitness": 1000,
    "average_fitness": 281.7916880497567,
    "average_scaled_fitness": 281.0722551041094
}