{
    "burstAmp_Fitness": 1000.0,
    "IBI_fitness": 2.1339606336987753,
    "baselineFitness": 2.1262396331115077,
    "slopeFitness": 1.0001538756308472,
    "baseline_diff_fitness": 1000,
    "burst_peak_frequency_fitness": 4.777614196313699,
    "rate_fitness": 1000.0,
    "maxFitness": 1000,
    "average_fitness": 430.00542404839354,
    "average_scaled_fitness": 429.43477102333236
}