{
    "burstAmp_Fitness": 3.742549058148949,
    "IBI_fitness": 3.2350965561788225,
    "baselineFitness": 1.205732191796797,
    "slopeFitness": 1.000002051956544,
    "baseline_diff_fitness": 1000,
    "burst_peak_frequency_fitness": 633.1480147331094,
    "rate_fitness": 8.318148584812528,
    "maxFitness": 1000,
    "average_fitness": 235.80707759657184,
    "average_scaled_fitness": 235.04211814505658
}