{
    "rate_fitness": 1000.0,
    "BurstVal_fitness": 1000.0,
    "IBI_fitness": 3.108926125394787,
    "baselineFitness": 2.6695034492900467,
    "slopeFitness": 1.0000039935733498,
    "baseline_diff_fitness": 1000,
    "burst_peak_frequency": 406.6724246799492,
    "fitness": 487.63583689260105,
    "average_scaled_fitness": 487.1229578021912,
    "maxFitness": 1000
}