{
    "rate_fitness": 1000.0,
    "BurstVal_fitness": 3.127316460442414,
    "IBI_fitness": 3.7433790605407045,
    "baselineFitness": 1000,
    "slopeFitness": 1.0000062339018425,
    "baseline_diff_fitness": 1000,
    "burst_peak_frequency": 1000,
    "fitness": 572.552957393555,
    "average_scaled_fitness": 572.1250798060307,
    "maxFitness": 1000
}