{
    "rate_fitness": 1000.0,
    "BurstVal_fitness": 1.408384599856195,
    "IBI_fitness": 2.949840709672461,
    "baselineFitness": 1000,
    "slopeFitness": 1.0002394637823186,
    "baseline_diff_fitness": 1000,
    "burst_peak_frequency": 129.25094208489725,
    "fitness": 447.80134383688693,
    "average_scaled_fitness": 447.24845993284526,
    "maxFitness": 1000
}