{
    "rate_fitness": 12.897545694638453,
    "BurstVal_fitness": 1000.0,
    "IBI_fitness": 3.144406847532473,
    "baselineFitness": 2.2227039804530695,
    "slopeFitness": 1.0000300913118851,
    "baseline_diff_fitness": 1000,
    "burst_peak_frequency": 496.8102727323926,
    "fitness": 359.4392799066183,
    "average_scaled_fitness": 358.7980586706814,
    "maxFitness": 1000
}