{
    "simConfig": {
        "E_L_mean": 18.8,
        "E_L_stdev": 8.456770903996443,
        "E_Ra_mean": 128.0,
        "E_Ra_stdev": 58.486388576826144,
        "E_diam_mean": 18.8,
        "E_diam_stdev": 4.40621700645246,
        "I_L_mean": 9.0,
        "I_L_stdev": 0.41688017966940005,
        "I_Ra_mean": 110.0,
        "I_Ra_stdev": 19.19110866905502,
        "I_diam_mean": 10.0,
        "I_diam_stdev": 0.19234353682983907,
        "addSynMechs": true,
        "allowConnsWithWeight0": true,
        "allowSelfConns": false,
        "analysis": {},
        "backupCfgFile": [],
        "cache_efficient": true,
        "checkErrors": false,
        "compactConnFormat": false,
        "connRandomSecFromList": true,
        "coreneuron": false,
        "createNEURONObj": true,
        "createPyStruct": true,
        "cvode_active": false,
        "cvode_atol": 0.001,
        "distributeSynsUniformly": true,
        "dt": 0.025,
        "dump_coreneuron_model": false,
        "duration": 1000.0,
        "duration_seconds": 90.0,
        "filename": "model_output",
        "gatherOnlySimData": false,
        "gkbar_E": 0.7121205325491156,
        "gkbar_E_std": 0.39008746571738645,
        "gkbar_I": 8.64740936660069,
        "gkbar_I_std": 1.7856573531577522,
        "gnabar_E": 0.5215862292326856,
        "gnabar_E_std": 1.6558568415563792,
        "gnabar_I": 1.3958038315626538,
        "gnabar_I_std": 0.7030598156314007,
        "gpu": false,
        "hParams": {
            "celsius": 6.3,
            "clamp_resist": 0.001,
            "v_init": -65.0
        },
        "includeParamsLabel": true,
        "invertedYCoord": true,
        "networkType": "22May24",
        "oneSynPerNetcon": true,
        "printPopAvgRates": [
            100,
            1000.0
        ],
        "printRunTime": false,
        "printSynsAfterRule": false,
        "probEE": 0.49810390780834535,
        "probEE_std": 0.3276930826128641,
        "probEI": 0.4037564724292582,
        "probEI_std": 0.34070557478025143,
        "probIE": 0.07883338981799125,
        "probIE_std": 0.4863062448762337,
        "probII": 0.2898823079444426,
        "probII_std": 0.4733761194766632,
        "probLengthConst": 406.0368829523858,
        "propVelocity": 1.0,
        "pt3dRelativeToCellLocation": true,
        "rand123GlobalIndex": null,
        "random123": false,
        "recordCells": [
            [
                "E",
                [
                    74,
                    47
                ]
            ],
            [
                "I",
                [
                    38,
                    3
                ]
            ]
        ],
        "recordCellsSpikes": -1,
        "recordDipole": false,
        "recordDipolesHNN": false,
        "recordLFP": [],
        "recordStep": 0.1,
        "recordStim": false,
        "recordTime": true,
        "recordTraces": {
            "soma_voltage": {
                "loc": 0.5,
                "sec": "soma",
                "var": "v"
            }
        },
        "saveCSV": false,
        "saveCellConns": true,
        "saveCellSecs": true,
        "saveDat": false,
        "saveDataInclude": [
            "simData",
            "simConfig",
            "netParams",
            "net"
        ],
        "saveDipoleCells": false,
        "saveDipolePops": false,
        "saveDpk": false,
        "saveFolder": "/pscratch/sd/a/adammwea/2DNetworkSimulations/NERSC/output/240528_Run1_this_does_work/gen_6",
        "saveHDF5": false,
        "saveJson": true,
        "saveLFPCells": false,
        "saveLFPPops": false,
        "saveMat": false,
        "savePickle": false,
        "saveTiming": false,
        "seeds": {
            "cell": 1,
            "conn": 1,
            "loc": 1,
            "stim": 1
        },
        "simLabel": "gen_6_cand_41",
        "tau1_exc": 6.998172529300948,
        "tau1_exc_std": 0.09779356690584629,
        "tau1_inh": 9.190390747136417,
        "tau1_inh_std": 0.34047196382274203,
        "tau2_exc": 9.075598265511658,
        "tau2_exc_std": 5.323218249618307,
        "tau2_inh": 19.34919993221537,
        "tau2_inh_std": 4.916607497832484,
        "timestampFilename": false,
        "timing": true,
        "tstop": 1000.0,
        "use_fast_imem": false,
        "validateNetParams": false,
        "verbose": false,
        "weightEE": 1.8850629830822685,
        "weightEE_std": 0.024537123900203628,
        "weightEI": 0.6460147086380332,
        "weightEI_std": 0.04329523889595965,
        "weightIE": 0.4680659366622456,
        "weightIE_std": 0.24404638353791364,
        "weightII": 1.5099094125513026,
        "weightII_std": 0.05743395469580137
    }
}