{
    "simConfig": {
        "E_L_mean": 18.8,
        "E_L_stdev": 2.6904865808760063,
        "E_Ra_mean": 128.0,
        "E_Ra_stdev": 20.67553113753005,
        "E_diam_mean": 18.8,
        "E_diam_stdev": 1.8347717290052894,
        "I_L_mean": 9.0,
        "I_L_stdev": 0.5225774240311726,
        "I_Ra_mean": 110.0,
        "I_Ra_stdev": 0.28208949468727973,
        "I_diam_mean": 10.0,
        "I_diam_stdev": 0.02856456911361152,
        "addSynMechs": true,
        "allowConnsWithWeight0": true,
        "allowSelfConns": false,
        "analysis": {},
        "backupCfgFile": [],
        "cache_efficient": true,
        "checkErrors": false,
        "compactConnFormat": false,
        "connRandomSecFromList": true,
        "coreneuron": false,
        "createNEURONObj": true,
        "createPyStruct": true,
        "cvode_active": false,
        "cvode_atol": 0.001,
        "distributeSynsUniformly": true,
        "dt": 0.025,
        "dump_coreneuron_model": false,
        "duration": 1000.0,
        "duration_seconds": 90.0,
        "filename": "model_output",
        "gatherOnlySimData": false,
        "gkbar_E": 0.07842930045123811,
        "gkbar_E_std": 0.48277804506092475,
        "gkbar_I": 0.12489054862451665,
        "gkbar_I_std": 0.3375067207532402,
        "gnabar_E": 6.398546724371006,
        "gnabar_E_std": 1.574343812176338,
        "gnabar_I": 2.513225759731559,
        "gnabar_I_std": 0.07667028420366989,
        "gpu": false,
        "hParams": {
            "celsius": 6.3,
            "clamp_resist": 0.001,
            "v_init": -65.0
        },
        "includeParamsLabel": true,
        "invertedYCoord": true,
        "networkType": "22May24",
        "oneSynPerNetcon": true,
        "printPopAvgRates": [
            100,
            1000.0
        ],
        "printRunTime": false,
        "printSynsAfterRule": false,
        "probEE": 0.008979744616004684,
        "probEE_std": 0.001932931682901014,
        "probEI": 0.570695574587736,
        "probEI_std": 0.46485241652378434,
        "probIE": 0.20976374650555302,
        "probIE_std": 0.3815258549478357,
        "probII": 0.22647053234301018,
        "probII_std": 0.2140500950133671,
        "probLengthConst": 745.7184226232862,
        "propVelocity": 1.0,
        "pt3dRelativeToCellLocation": true,
        "rand123GlobalIndex": null,
        "random123": false,
        "recordCells": [
            [
                "E",
                [
                    74,
                    47
                ]
            ],
            [
                "I",
                [
                    38,
                    3
                ]
            ]
        ],
        "recordCellsSpikes": -1,
        "recordDipole": false,
        "recordDipolesHNN": false,
        "recordLFP": [],
        "recordStep": 0.1,
        "recordStim": false,
        "recordTime": true,
        "recordTraces": {
            "soma_voltage": {
                "loc": 0.5,
                "sec": "soma",
                "var": "v"
            }
        },
        "saveCSV": false,
        "saveCellConns": true,
        "saveCellSecs": true,
        "saveDat": false,
        "saveDataInclude": [
            "simData",
            "simConfig",
            "netParams",
            "net"
        ],
        "saveDipoleCells": false,
        "saveDipolePops": false,
        "saveDpk": false,
        "saveFolder": "/pscratch/sd/a/adammwea/2DNetworkSimulations/NERSC/output/240528_Run1_this_does_work/gen_6",
        "saveHDF5": false,
        "saveJson": true,
        "saveLFPCells": false,
        "saveLFPPops": false,
        "saveMat": false,
        "savePickle": false,
        "saveTiming": false,
        "seeds": {
            "cell": 1,
            "conn": 1,
            "loc": 1,
            "stim": 1
        },
        "simLabel": "gen_6_cand_36",
        "tau1_exc": 5.205118289515113,
        "tau1_exc_std": 2.703722005982237,
        "tau1_inh": 0.15895362829529525,
        "tau1_inh_std": 1.0474733991460932,
        "tau2_exc": 28.701604342834912,
        "tau2_exc_std": 0.2768706437605165,
        "tau2_inh": 0.04460775384830143,
        "tau2_inh_std": 1.422231797865897,
        "timestampFilename": false,
        "timing": true,
        "tstop": 1000.0,
        "use_fast_imem": false,
        "validateNetParams": false,
        "verbose": false,
        "weightEE": 1.75431439450015,
        "weightEE_std": 0.426709835354012,
        "weightEI": 0.6382211179792425,
        "weightEI_std": 0.2791196365834427,
        "weightIE": 0.19775212722750193,
        "weightIE_std": 0.32102062246606494,
        "weightII": 0.8424754437389701,
        "weightII_std": 0.1660067396274229
    }
}