{
    "simConfig": {
        "E_L_mean": 18.8,
        "E_L_stdev": 8.51061203563979,
        "E_Ra_mean": 128.0,
        "E_Ra_stdev": 61.14485767088282,
        "E_diam_mean": 18.8,
        "E_diam_stdev": 3.8495342007159943,
        "I_L_mean": 9.0,
        "I_L_stdev": 1.8855689010271588,
        "I_Ra_mean": 110.0,
        "I_Ra_stdev": 5.09850271711176,
        "I_diam_mean": 10.0,
        "I_diam_stdev": 0.2516435466020518,
        "addSynMechs": true,
        "allowConnsWithWeight0": true,
        "allowSelfConns": false,
        "analysis": {},
        "backupCfgFile": [],
        "cache_efficient": true,
        "checkErrors": false,
        "compactConnFormat": false,
        "connRandomSecFromList": true,
        "coreneuron": false,
        "createNEURONObj": true,
        "createPyStruct": true,
        "cvode_active": false,
        "cvode_atol": 0.001,
        "distributeSynsUniformly": true,
        "dt": 0.025,
        "dump_coreneuron_model": false,
        "duration": 1000.0,
        "duration_seconds": 330.0,
        "filename": "model_output",
        "gatherOnlySimData": false,
        "gkbar_E": 0.0037593682284288703,
        "gkbar_E_std": 0.13902819675336212,
        "gkbar_I": 7.87369145590413,
        "gkbar_I_std": 0.2653279619494118,
        "gnabar_E": 5.413237817659368,
        "gnabar_E_std": 0.10070741693505625,
        "gnabar_I": 3.7798962714141666,
        "gnabar_I_std": 0.8103803515874112,
        "gpu": false,
        "hParams": {
            "celsius": 6.3,
            "clamp_resist": 0.001,
            "v_init": -65.0
        },
        "includeParamsLabel": true,
        "invertedYCoord": true,
        "networkType": "22May24",
        "oneSynPerNetcon": true,
        "printPopAvgRates": [
            100,
            1000.0
        ],
        "printRunTime": false,
        "printSynsAfterRule": false,
        "probEE": 0.5583622214961461,
        "probEE_std": 0.3581533427919665,
        "probEI": 0.5529834589467828,
        "probEI_std": 0.4870306800406357,
        "probIE": 0.3666283587192293,
        "probIE_std": 0.2715511360577766,
        "probII": 0.017562001485258605,
        "probII_std": 0.18988467544257415,
        "probLengthConst": 1086.8157948970559,
        "propVelocity": 1.0,
        "pt3dRelativeToCellLocation": true,
        "rand123GlobalIndex": null,
        "random123": false,
        "recordCells": [
            [
                "E",
                [
                    68,
                    13
                ]
            ],
            [
                "I",
                [
                    4,
                    5
                ]
            ]
        ],
        "recordCellsSpikes": -1,
        "recordDipole": false,
        "recordDipolesHNN": false,
        "recordLFP": [],
        "recordStep": 0.1,
        "recordStim": false,
        "recordTime": true,
        "recordTraces": {
            "soma_voltage": {
                "loc": 0.5,
                "sec": "soma",
                "var": "v"
            }
        },
        "saveCSV": false,
        "saveCellConns": true,
        "saveCellSecs": true,
        "saveDat": false,
        "saveDataInclude": [
            "simData",
            "simConfig",
            "netParams",
            "net"
        ],
        "saveDipoleCells": false,
        "saveDipolePops": false,
        "saveDpk": false,
        "saveFolder": "/pscratch/sd/a/adammwea/2DNetworkSimulations/NERSC/output/240604_Run1_24n24hr/gen_3",
        "saveHDF5": false,
        "saveJson": true,
        "saveLFPCells": false,
        "saveLFPPops": false,
        "saveMat": false,
        "savePickle": false,
        "saveTiming": false,
        "seeds": {
            "cell": 1,
            "conn": 1,
            "loc": 1,
            "stim": 1
        },
        "simLabel": "gen_3_cand_219",
        "tau1_exc": 6.436148589647873,
        "tau1_exc_std": 2.6655802412727105,
        "tau1_inh": 3.887290042894757,
        "tau1_inh_std": 0.9201607835936544,
        "tau2_exc": 20.703494504076158,
        "tau2_exc_std": 4.443385312858297,
        "tau2_inh": 6.54170495432737,
        "tau2_inh_std": 4.321750221997089,
        "timestampFilename": false,
        "timing": true,
        "tstop": 1000.0,
        "use_fast_imem": false,
        "validateNetParams": false,
        "verbose": false,
        "weightEE": 0.7876369252971585,
        "weightEE_std": 0.39972039795793146,
        "weightEI": 0.29919946259253116,
        "weightEI_std": 0.30880676302765775,
        "weightIE": 0.07763069940314404,
        "weightIE_std": 0.19849740416795178,
        "weightII": 0.8270165827453458,
        "weightII_std": 0.005601680020761279
    }
}