{
    "simConfig": {
        "E_L_mean": 18.8,
        "E_L_stdev": 2.604743856250581,
        "E_Ra_mean": 128.0,
        "E_Ra_stdev": 43.05798522404391,
        "E_diam_mean": 18.8,
        "E_diam_stdev": 6.169637396094076,
        "I_L_mean": 9.0,
        "I_L_stdev": 2.3505819432806794,
        "I_Ra_mean": 110.0,
        "I_Ra_stdev": 35.163252754180746,
        "I_diam_mean": 10.0,
        "I_diam_stdev": 3.089828325866103,
        "addSynMechs": true,
        "allowConnsWithWeight0": true,
        "allowSelfConns": false,
        "analysis": {},
        "backupCfgFile": [],
        "cache_efficient": true,
        "checkErrors": false,
        "compactConnFormat": false,
        "connRandomSecFromList": true,
        "coreneuron": false,
        "createNEURONObj": true,
        "createPyStruct": true,
        "cvode_active": false,
        "cvode_atol": 0.001,
        "distributeSynsUniformly": true,
        "dt": 0.025,
        "dump_coreneuron_model": false,
        "duration": 1000.0,
        "duration_seconds": 330.0,
        "filename": "model_output",
        "gatherOnlySimData": false,
        "gkbar_E": 0.6473682811646477,
        "gkbar_E_std": 0.4928504323217804,
        "gkbar_I": 0.6063234804869044,
        "gkbar_I_std": 0.0066111108709103195,
        "gnabar_E": 1.1458041187823262,
        "gnabar_E_std": 1.2040444851769267,
        "gnabar_I": 1.8753305245658878,
        "gnabar_I_std": 0.19510556988102845,
        "gpu": false,
        "hParams": {
            "celsius": 6.3,
            "clamp_resist": 0.001,
            "v_init": -65.0
        },
        "includeParamsLabel": true,
        "invertedYCoord": true,
        "networkType": "22May24",
        "oneSynPerNetcon": true,
        "printPopAvgRates": [
            100,
            1000.0
        ],
        "printRunTime": false,
        "printSynsAfterRule": false,
        "probEE": 0.00828940368141567,
        "probEE_std": 0.43547342857055943,
        "probEI": 0.3025700741259102,
        "probEI_std": 0.013056450711954784,
        "probIE": 0.36152283856937995,
        "probIE_std": 0.47056871616687557,
        "probII": 0.16485154755080467,
        "probII_std": 0.12175317683693372,
        "probLengthConst": 1212.3822527285074,
        "propVelocity": 1.0,
        "pt3dRelativeToCellLocation": true,
        "rand123GlobalIndex": null,
        "random123": false,
        "recordCells": [
            [
                "E",
                [
                    68,
                    13
                ]
            ],
            [
                "I",
                [
                    4,
                    5
                ]
            ]
        ],
        "recordCellsSpikes": -1,
        "recordDipole": false,
        "recordDipolesHNN": false,
        "recordLFP": [],
        "recordStep": 0.1,
        "recordStim": false,
        "recordTime": true,
        "recordTraces": {
            "soma_voltage": {
                "loc": 0.5,
                "sec": "soma",
                "var": "v"
            }
        },
        "saveCSV": false,
        "saveCellConns": true,
        "saveCellSecs": true,
        "saveDat": false,
        "saveDataInclude": [
            "simData",
            "simConfig",
            "netParams",
            "net"
        ],
        "saveDipoleCells": false,
        "saveDipolePops": false,
        "saveDpk": false,
        "saveFolder": "/pscratch/sd/a/adammwea/2DNetworkSimulations/NERSC/output/240604_Run1_24n24hr/gen_3",
        "saveHDF5": false,
        "saveJson": true,
        "saveLFPCells": false,
        "saveLFPPops": false,
        "saveMat": false,
        "savePickle": false,
        "saveTiming": false,
        "seeds": {
            "cell": 1,
            "conn": 1,
            "loc": 1,
            "stim": 1
        },
        "simLabel": "gen_3_cand_115",
        "tau1_exc": 7.4657631236907545,
        "tau1_exc_std": 2.509106320943441,
        "tau1_inh": 1.80621590794703,
        "tau1_inh_std": 2.3917995835025856,
        "tau2_exc": 26.130753767119003,
        "tau2_exc_std": 7.597074600715506,
        "tau2_inh": 14.817306026232677,
        "tau2_inh_std": 0.37067072060990913,
        "timestampFilename": false,
        "timing": true,
        "tstop": 1000.0,
        "use_fast_imem": false,
        "validateNetParams": false,
        "verbose": false,
        "weightEE": 1.9624237547124808,
        "weightEE_std": 0.22679434587630387,
        "weightEI": 1.1069275661241678,
        "weightEI_std": 0.10075954843690949,
        "weightIE": 0.8575244871438299,
        "weightIE_std": 0.2665404322344843,
        "weightII": 0.9534479919779655,
        "weightII_std": 0.0015751727541509775
    }
}