{
    "simConfig": {
        "E_L_mean": 18.8,
        "E_L_stdev": 9.37678086069679,
        "E_Ra_mean": 128.0,
        "E_Ra_stdev": 0.4380627399113597,
        "E_diam_mean": 18.8,
        "E_diam_stdev": 1.4899853328456674,
        "I_L_mean": 9.0,
        "I_L_stdev": 2.437506806111018,
        "I_Ra_mean": 110.0,
        "I_Ra_stdev": 49.53771397048646,
        "I_diam_mean": 10.0,
        "I_diam_stdev": 0.019217965725453465,
        "addSynMechs": true,
        "allowConnsWithWeight0": true,
        "allowSelfConns": false,
        "analysis": {},
        "backupCfgFile": [],
        "cache_efficient": true,
        "checkErrors": false,
        "compactConnFormat": false,
        "connRandomSecFromList": true,
        "coreneuron": false,
        "createNEURONObj": true,
        "createPyStruct": true,
        "cvode_active": false,
        "cvode_atol": 0.001,
        "distributeSynsUniformly": true,
        "dt": 0.025,
        "dump_coreneuron_model": false,
        "duration": 1000.0,
        "duration_seconds": 330.0,
        "filename": "model_output",
        "gatherOnlySimData": false,
        "gkbar_E": 0.8622871445273024,
        "gkbar_E_std": 0.13887816397086564,
        "gkbar_I": 9.800463258424855,
        "gkbar_I_std": 0.05462003652860126,
        "gnabar_E": 6.976309310912423,
        "gnabar_E_std": 0.5230396248491908,
        "gnabar_I": 1.999321600164268,
        "gnabar_I_std": 0.6830689426461917,
        "gpu": false,
        "hParams": {
            "celsius": 6.3,
            "clamp_resist": 0.001,
            "v_init": -65.0
        },
        "includeParamsLabel": true,
        "invertedYCoord": true,
        "networkType": "22May24",
        "oneSynPerNetcon": true,
        "printPopAvgRates": [
            100,
            1000.0
        ],
        "printRunTime": false,
        "printSynsAfterRule": false,
        "probEE": 0.29817279601749275,
        "probEE_std": 0.48758033372419307,
        "probEI": 0.33939326546029425,
        "probEI_std": 0.04457693303690816,
        "probIE": 0.6798191355570887,
        "probIE_std": 0.041706742930014334,
        "probII": 0.6516739651610334,
        "probII_std": 0.0133413795685344,
        "probLengthConst": 1054.6669929808954,
        "propVelocity": 1.0,
        "pt3dRelativeToCellLocation": true,
        "rand123GlobalIndex": null,
        "random123": false,
        "recordCells": [
            [
                "E",
                [
                    68,
                    13
                ]
            ],
            [
                "I",
                [
                    4,
                    5
                ]
            ]
        ],
        "recordCellsSpikes": -1,
        "recordDipole": false,
        "recordDipolesHNN": false,
        "recordLFP": [],
        "recordStep": 0.1,
        "recordStim": false,
        "recordTime": true,
        "recordTraces": {
            "soma_voltage": {
                "loc": 0.5,
                "sec": "soma",
                "var": "v"
            }
        },
        "saveCSV": false,
        "saveCellConns": true,
        "saveCellSecs": true,
        "saveDat": false,
        "saveDataInclude": [
            "simData",
            "simConfig",
            "netParams",
            "net"
        ],
        "saveDipoleCells": false,
        "saveDipolePops": false,
        "saveDpk": false,
        "saveFolder": "/pscratch/sd/a/adammwea/2DNetworkSimulations/NERSC/output/240604_Run1_24n24hr/gen_3",
        "saveHDF5": false,
        "saveJson": true,
        "saveLFPCells": false,
        "saveLFPPops": false,
        "saveMat": false,
        "savePickle": false,
        "saveTiming": false,
        "seeds": {
            "cell": 1,
            "conn": 1,
            "loc": 1,
            "stim": 1
        },
        "simLabel": "gen_3_cand_255",
        "tau1_exc": 0.4470063717825895,
        "tau1_exc_std": 3.3330501120000697,
        "tau1_inh": 9.006768109856814,
        "tau1_inh_std": 3.152770719805364,
        "tau2_exc": 22.789281229757073,
        "tau2_exc_std": 8.290061712416799,
        "tau2_inh": 2.373356081461119,
        "tau2_inh_std": 7.321062662823404,
        "timestampFilename": false,
        "timing": true,
        "tstop": 1000.0,
        "use_fast_imem": false,
        "validateNetParams": false,
        "verbose": false,
        "weightEE": 1.6657240595146918,
        "weightEE_std": 0.14296850983337767,
        "weightEI": 0.768593718819513,
        "weightEI_std": 0.30447580710371075,
        "weightIE": 0.8021820260871411,
        "weightIE_std": 0.33267188284256594,
        "weightII": 0.40438377229832084,
        "weightII_std": 0.0004985662564033272
    }
}