{
    "simConfig": {
        "E_L_mean": 18.8,
        "E_L_stdev": 7.931723946998394,
        "E_Ra_mean": 128.0,
        "E_Ra_stdev": 62.66063867437392,
        "E_diam_mean": 18.8,
        "E_diam_stdev": 1.1995067074000672,
        "I_L_mean": 9.0,
        "I_L_stdev": 0.7755008410644102,
        "I_Ra_mean": 110.0,
        "I_Ra_stdev": 19.702877506862077,
        "I_diam_mean": 10.0,
        "I_diam_stdev": 0.10216203741792969,
        "addSynMechs": true,
        "allowConnsWithWeight0": true,
        "allowSelfConns": false,
        "analysis": {},
        "backupCfgFile": [],
        "cache_efficient": true,
        "checkErrors": false,
        "compactConnFormat": false,
        "connRandomSecFromList": true,
        "coreneuron": false,
        "createNEURONObj": true,
        "createPyStruct": true,
        "cvode_active": false,
        "cvode_atol": 0.001,
        "distributeSynsUniformly": true,
        "dt": 0.025,
        "dump_coreneuron_model": false,
        "duration": 1000.0,
        "duration_seconds": 330.0,
        "filename": "model_output",
        "gatherOnlySimData": false,
        "gkbar_E": 0.05105413488203392,
        "gkbar_E_std": 0.2990896917302904,
        "gkbar_I": 9.629533366952682,
        "gkbar_I_std": 1.498034560622008,
        "gnabar_E": 1.5083583835008672,
        "gnabar_E_std": 0.05810811200987324,
        "gnabar_I": 4.719531058158333,
        "gnabar_I_std": 0.04451857253285574,
        "gpu": false,
        "hParams": {
            "celsius": 6.3,
            "clamp_resist": 0.001,
            "v_init": -65.0
        },
        "includeParamsLabel": true,
        "invertedYCoord": true,
        "networkType": "22May24",
        "oneSynPerNetcon": true,
        "printPopAvgRates": [
            100,
            1000.0
        ],
        "printRunTime": false,
        "printSynsAfterRule": false,
        "probEE": 0.38834923777967556,
        "probEE_std": 0.489826575151918,
        "probEI": 0.30717675962154145,
        "probEI_std": 0.4944154920784797,
        "probIE": 0.5857336946690479,
        "probIE_std": 0.05415614943842878,
        "probII": 0.00774813758595011,
        "probII_std": 0.03932409132217347,
        "probLengthConst": 1307.256589455268,
        "propVelocity": 1.0,
        "pt3dRelativeToCellLocation": true,
        "rand123GlobalIndex": null,
        "random123": false,
        "recordCells": [
            [
                "E",
                [
                    68,
                    13
                ]
            ],
            [
                "I",
                [
                    4,
                    5
                ]
            ]
        ],
        "recordCellsSpikes": -1,
        "recordDipole": false,
        "recordDipolesHNN": false,
        "recordLFP": [],
        "recordStep": 0.1,
        "recordStim": false,
        "recordTime": true,
        "recordTraces": {
            "soma_voltage": {
                "loc": 0.5,
                "sec": "soma",
                "var": "v"
            }
        },
        "saveCSV": false,
        "saveCellConns": true,
        "saveCellSecs": true,
        "saveDat": false,
        "saveDataInclude": [
            "simData",
            "simConfig",
            "netParams",
            "net"
        ],
        "saveDipoleCells": false,
        "saveDipolePops": false,
        "saveDpk": false,
        "saveFolder": "/pscratch/sd/a/adammwea/2DNetworkSimulations/NERSC/output/240604_Run1_24n24hr/gen_3",
        "saveHDF5": false,
        "saveJson": true,
        "saveLFPCells": false,
        "saveLFPPops": false,
        "saveMat": false,
        "savePickle": false,
        "saveTiming": false,
        "seeds": {
            "cell": 1,
            "conn": 1,
            "loc": 1,
            "stim": 1
        },
        "simLabel": "gen_3_cand_144",
        "tau1_exc": 5.561120588033063,
        "tau1_exc_std": 1.7856553451068193,
        "tau1_inh": 8.673266642860177,
        "tau1_inh_std": 0.022383385738703604,
        "tau2_exc": 4.917861160498859,
        "tau2_exc_std": 0.293910992043139,
        "tau2_inh": 18.355816973143394,
        "tau2_inh_std": 9.937003383628337,
        "timestampFilename": false,
        "timing": true,
        "tstop": 1000.0,
        "use_fast_imem": false,
        "validateNetParams": false,
        "verbose": false,
        "weightEE": 0.8348048647055604,
        "weightEE_std": 0.21879605492142132,
        "weightEI": 1.8961810698245802,
        "weightEI_std": 0.009652180943471507,
        "weightIE": 0.11038331661465803,
        "weightIE_std": 0.00024224359784178265,
        "weightII": 0.8775012607830677,
        "weightII_std": 0.12102601388071249
    }
}