{
    "simConfig": {
        "E_L_mean": 18.8,
        "E_L_stdev": 0.031029934345164323,
        "E_Ra_mean": 128.0,
        "E_Ra_stdev": 3.5185682031265166,
        "E_diam_mean": 18.8,
        "E_diam_stdev": 0.018750489399974424,
        "I_L_mean": 9.0,
        "I_L_stdev": 0.5669013066857459,
        "I_Ra_mean": 110.0,
        "I_Ra_stdev": 10.041462217293345,
        "I_diam_mean": 10.0,
        "I_diam_stdev": 3.3321683496757184,
        "addSynMechs": true,
        "allowConnsWithWeight0": true,
        "allowSelfConns": false,
        "analysis": {},
        "backupCfgFile": [],
        "cache_efficient": true,
        "checkErrors": false,
        "compactConnFormat": false,
        "connRandomSecFromList": true,
        "coreneuron": false,
        "createNEURONObj": true,
        "createPyStruct": true,
        "cvode_active": false,
        "cvode_atol": 0.001,
        "distributeSynsUniformly": true,
        "dt": 0.025,
        "dump_coreneuron_model": false,
        "duration": 1000.0,
        "duration_seconds": 330.0,
        "filename": "model_output",
        "gatherOnlySimData": false,
        "gkbar_E": 0.8109725702929438,
        "gkbar_E_std": 0.11038799939096094,
        "gkbar_I": 8.410669589055642,
        "gkbar_I_std": 2.0521670000446406,
        "gnabar_E": 6.811122265726256,
        "gnabar_E_std": 0.4084381374032851,
        "gnabar_I": 0.9114259012957966,
        "gnabar_I_std": 0.9956436173539637,
        "gpu": false,
        "hParams": {
            "celsius": 6.3,
            "clamp_resist": 0.001,
            "v_init": -65.0
        },
        "includeParamsLabel": true,
        "invertedYCoord": true,
        "networkType": "22May24",
        "oneSynPerNetcon": true,
        "printPopAvgRates": [
            100,
            1000.0
        ],
        "printRunTime": false,
        "printSynsAfterRule": false,
        "probEE": 0.6091947401270333,
        "probEE_std": 0.3057300684336632,
        "probEI": 0.6075987085717466,
        "probEI_std": 0.48996435961923,
        "probIE": 0.159936707193709,
        "probIE_std": 0.009641282696333353,
        "probII": 0.2682854220734339,
        "probII_std": 0.26740095046587253,
        "probLengthConst": 2999.0950481838795,
        "propVelocity": 1.0,
        "pt3dRelativeToCellLocation": true,
        "rand123GlobalIndex": null,
        "random123": false,
        "recordCells": [
            [
                "E",
                [
                    68,
                    13
                ]
            ],
            [
                "I",
                [
                    4,
                    5
                ]
            ]
        ],
        "recordCellsSpikes": -1,
        "recordDipole": false,
        "recordDipolesHNN": false,
        "recordLFP": [],
        "recordStep": 0.1,
        "recordStim": false,
        "recordTime": true,
        "recordTraces": {
            "soma_voltage": {
                "loc": 0.5,
                "sec": "soma",
                "var": "v"
            }
        },
        "saveCSV": false,
        "saveCellConns": true,
        "saveCellSecs": true,
        "saveDat": false,
        "saveDataInclude": [
            "simData",
            "simConfig",
            "netParams",
            "net"
        ],
        "saveDipoleCells": false,
        "saveDipolePops": false,
        "saveDpk": false,
        "saveFolder": "/pscratch/sd/a/adammwea/2DNetworkSimulations/NERSC/output/240604_Run1_24n24hr/gen_3",
        "saveHDF5": false,
        "saveJson": true,
        "saveLFPCells": false,
        "saveLFPPops": false,
        "saveMat": false,
        "savePickle": false,
        "saveTiming": false,
        "seeds": {
            "cell": 1,
            "conn": 1,
            "loc": 1,
            "stim": 1
        },
        "simLabel": "gen_3_cand_488",
        "tau1_exc": 7.4979623682128915,
        "tau1_exc_std": 3.213980190013266,
        "tau1_inh": 5.169985968827761,
        "tau1_inh_std": 2.9682582056524884,
        "tau2_exc": 29.183482260223215,
        "tau2_exc_std": 4.724093447760087,
        "tau2_inh": 19.693359462405404,
        "tau2_inh_std": 0.32582868094706186,
        "timestampFilename": false,
        "timing": true,
        "tstop": 1000.0,
        "use_fast_imem": false,
        "validateNetParams": false,
        "verbose": false,
        "weightEE": 1.3003574892353873,
        "weightEE_std": 0.14818915660728266,
        "weightEI": 1.8094422747801455,
        "weightEI_std": 0.002023080172401775,
        "weightIE": 0.9422627170756703,
        "weightIE_std": 0.0460725979142259,
        "weightII": 1.2082773722635665,
        "weightII_std": 0.2016495857178939
    }
}