{
    "simConfig": {
        "E_L_mean": 18.8,
        "E_L_stdev": 8.77593996859383,
        "E_Ra_mean": 128.0,
        "E_Ra_stdev": 47.3046355240929,
        "E_diam_mean": 18.8,
        "E_diam_stdev": 2.6759419400839204,
        "I_L_mean": 9.0,
        "I_L_stdev": 1.5981150498716994,
        "I_Ra_mean": 110.0,
        "I_Ra_stdev": 26.770705987446128,
        "I_diam_mean": 10.0,
        "I_diam_stdev": 2.7683644531000327,
        "addSynMechs": true,
        "allowConnsWithWeight0": true,
        "allowSelfConns": false,
        "analysis": {},
        "backupCfgFile": [],
        "cache_efficient": true,
        "checkErrors": false,
        "compactConnFormat": false,
        "connRandomSecFromList": true,
        "coreneuron": false,
        "createNEURONObj": true,
        "createPyStruct": true,
        "cvode_active": false,
        "cvode_atol": 0.001,
        "distributeSynsUniformly": true,
        "dt": 0.025,
        "dump_coreneuron_model": false,
        "duration": 1000.0,
        "duration_seconds": 330.0,
        "filename": "model_output",
        "gatherOnlySimData": false,
        "gkbar_E": 0.020868410751579858,
        "gkbar_E_std": 0.14444892705628756,
        "gkbar_I": 9.397363710056366,
        "gkbar_I_std": 0.01004808695440168,
        "gnabar_E": 5.852064274915262,
        "gnabar_E_std": 0.8400740776653081,
        "gnabar_I": 4.705966785591357,
        "gnabar_I_std": 0.720591838687581,
        "gpu": false,
        "hParams": {
            "celsius": 6.3,
            "clamp_resist": 0.001,
            "v_init": -65.0
        },
        "includeParamsLabel": true,
        "invertedYCoord": true,
        "networkType": "22May24",
        "oneSynPerNetcon": true,
        "printPopAvgRates": [
            100,
            1000.0
        ],
        "printRunTime": false,
        "printSynsAfterRule": false,
        "probEE": 0.029737830493932083,
        "probEE_std": 0.18771427723678819,
        "probEI": 0.4420759053667732,
        "probEI_std": 0.061407195384124626,
        "probIE": 0.7424329147671646,
        "probIE_std": 0.4413246426245503,
        "probII": 0.7023097813996891,
        "probII_std": 0.20168876968088875,
        "probLengthConst": 2650.8919818635027,
        "propVelocity": 1.0,
        "pt3dRelativeToCellLocation": true,
        "rand123GlobalIndex": null,
        "random123": false,
        "recordCells": [
            [
                "E",
                [
                    68,
                    13
                ]
            ],
            [
                "I",
                [
                    4,
                    5
                ]
            ]
        ],
        "recordCellsSpikes": -1,
        "recordDipole": false,
        "recordDipolesHNN": false,
        "recordLFP": [],
        "recordStep": 0.1,
        "recordStim": false,
        "recordTime": true,
        "recordTraces": {
            "soma_voltage": {
                "loc": 0.5,
                "sec": "soma",
                "var": "v"
            }
        },
        "saveCSV": false,
        "saveCellConns": true,
        "saveCellSecs": true,
        "saveDat": false,
        "saveDataInclude": [
            "simData",
            "simConfig",
            "netParams",
            "net"
        ],
        "saveDipoleCells": false,
        "saveDipolePops": false,
        "saveDpk": false,
        "saveFolder": "/pscratch/sd/a/adammwea/2DNetworkSimulations/NERSC/output/240604_Run1_24n24hr/gen_3",
        "saveHDF5": false,
        "saveJson": true,
        "saveLFPCells": false,
        "saveLFPPops": false,
        "saveMat": false,
        "savePickle": false,
        "saveTiming": false,
        "seeds": {
            "cell": 1,
            "conn": 1,
            "loc": 1,
            "stim": 1
        },
        "simLabel": "gen_3_cand_223",
        "tau1_exc": 2.2813075940253045,
        "tau1_exc_std": 2.606561727386553,
        "tau1_inh": 0.5040671604476094,
        "tau1_inh_std": 0.05782383207779851,
        "tau2_exc": 20.326198152076437,
        "tau2_exc_std": 9.567571973962723,
        "tau2_inh": 8.975005028325015,
        "tau2_inh_std": 2.6551061452052496,
        "timestampFilename": false,
        "timing": true,
        "tstop": 1000.0,
        "use_fast_imem": false,
        "validateNetParams": false,
        "verbose": false,
        "weightEE": 0.8755921881184552,
        "weightEE_std": 0.006055820132028428,
        "weightEI": 1.1030654371293007,
        "weightEI_std": 0.280317936033401,
        "weightIE": 0.8535146326815833,
        "weightIE_std": 0.007541854836412475,
        "weightII": 0.5878903248054534,
        "weightII_std": 0.0565112213281217
    }
}