{
    "simConfig": {
        "E_L_mean": 18.8,
        "E_L_stdev": 9.282671326765408,
        "E_Ra_mean": 128.0,
        "E_Ra_stdev": 54.48825384726719,
        "E_diam_mean": 18.8,
        "E_diam_stdev": 5.827147040480788,
        "I_L_mean": 9.0,
        "I_L_stdev": 1.5938947395924343,
        "I_Ra_mean": 110.0,
        "I_Ra_stdev": 54.86907182926869,
        "I_diam_mean": 10.0,
        "I_diam_stdev": 3.0081159829304394,
        "addSynMechs": true,
        "allowConnsWithWeight0": true,
        "allowSelfConns": false,
        "analysis": {},
        "backupCfgFile": [],
        "cache_efficient": true,
        "checkErrors": false,
        "compactConnFormat": false,
        "connRandomSecFromList": true,
        "coreneuron": false,
        "createNEURONObj": true,
        "createPyStruct": true,
        "cvode_active": false,
        "cvode_atol": 0.001,
        "distributeSynsUniformly": true,
        "dt": 0.025,
        "dump_coreneuron_model": false,
        "duration": 1000.0,
        "duration_seconds": 330.0,
        "filename": "model_output",
        "gatherOnlySimData": false,
        "gkbar_E": 0.2243788181987025,
        "gkbar_E_std": 0.45419956601427663,
        "gkbar_I": 9.991463614957613,
        "gkbar_I_std": 0.031644850745369046,
        "gnabar_E": 3.2791289753675175,
        "gnabar_E_std": 1.6095267031426836,
        "gnabar_I": 3.738666614846244,
        "gnabar_I_std": 0.24920618840105851,
        "gpu": false,
        "hParams": {
            "celsius": 6.3,
            "clamp_resist": 0.001,
            "v_init": -65.0
        },
        "includeParamsLabel": true,
        "invertedYCoord": true,
        "networkType": "22May24",
        "oneSynPerNetcon": true,
        "printPopAvgRates": [
            100,
            1000.0
        ],
        "printRunTime": false,
        "printSynsAfterRule": false,
        "probEE": 0.054247939385928284,
        "probEE_std": 0.05480915585618948,
        "probEI": 0.31142594309996496,
        "probEI_std": 0.3364366834403432,
        "probIE": 0.4548014318570684,
        "probIE_std": 0.24619867671389126,
        "probII": 0.5209401979397982,
        "probII_std": 0.45756813907722454,
        "probLengthConst": 591.7970075320159,
        "propVelocity": 1.0,
        "pt3dRelativeToCellLocation": true,
        "rand123GlobalIndex": null,
        "random123": false,
        "recordCells": [
            [
                "E",
                [
                    68,
                    13
                ]
            ],
            [
                "I",
                [
                    4,
                    5
                ]
            ]
        ],
        "recordCellsSpikes": -1,
        "recordDipole": false,
        "recordDipolesHNN": false,
        "recordLFP": [],
        "recordStep": 0.1,
        "recordStim": false,
        "recordTime": true,
        "recordTraces": {
            "soma_voltage": {
                "loc": 0.5,
                "sec": "soma",
                "var": "v"
            }
        },
        "saveCSV": false,
        "saveCellConns": true,
        "saveCellSecs": true,
        "saveDat": false,
        "saveDataInclude": [
            "simData",
            "simConfig",
            "netParams",
            "net"
        ],
        "saveDipoleCells": false,
        "saveDipolePops": false,
        "saveDpk": false,
        "saveFolder": "/pscratch/sd/a/adammwea/2DNetworkSimulations/NERSC/output/240604_Run1_24n24hr/gen_3",
        "saveHDF5": false,
        "saveJson": true,
        "saveLFPCells": false,
        "saveLFPPops": false,
        "saveMat": false,
        "savePickle": false,
        "saveTiming": false,
        "seeds": {
            "cell": 1,
            "conn": 1,
            "loc": 1,
            "stim": 1
        },
        "simLabel": "gen_3_cand_120",
        "tau1_exc": 6.871446178752425,
        "tau1_exc_std": 2.9873822911270898,
        "tau1_inh": 9.592306401692394,
        "tau1_inh_std": 2.581130140841764,
        "tau2_exc": 0.4321719582930914,
        "tau2_exc_std": 0.42667484083280643,
        "tau2_inh": 8.332324314650474,
        "tau2_inh_std": 8.736719192605715,
        "timestampFilename": false,
        "timing": true,
        "tstop": 1000.0,
        "use_fast_imem": false,
        "validateNetParams": false,
        "verbose": false,
        "weightEE": 1.1177828260822675,
        "weightEE_std": 0.044658957301819416,
        "weightEI": 1.267039070482283,
        "weightEI_std": 0.31015022330489267,
        "weightIE": 0.9977932218323445,
        "weightIE_std": 0.03957348804272094,
        "weightII": 0.7319311929704733,
        "weightII_std": 0.18753694816214364
    }
}