{
    "simConfig": {
        "E_L_mean": 18.8,
        "E_L_stdev": 3.201593761229791,
        "E_Ra_mean": 128.0,
        "E_Ra_stdev": 1.416251613444615,
        "E_diam_mean": 18.8,
        "E_diam_stdev": 6.046812739654981,
        "I_L_mean": 9.0,
        "I_L_stdev": 2.4971192728062257,
        "I_Ra_mean": 110.0,
        "I_Ra_stdev": 4.216989377615451,
        "I_diam_mean": 10.0,
        "I_diam_stdev": 0.01224439775480854,
        "addSynMechs": true,
        "allowConnsWithWeight0": true,
        "allowSelfConns": false,
        "analysis": {},
        "backupCfgFile": [],
        "cache_efficient": true,
        "checkErrors": false,
        "compactConnFormat": false,
        "connRandomSecFromList": true,
        "coreneuron": false,
        "createNEURONObj": true,
        "createPyStruct": true,
        "cvode_active": false,
        "cvode_atol": 0.001,
        "distributeSynsUniformly": true,
        "dt": 0.025,
        "dump_coreneuron_model": false,
        "duration": 1000.0,
        "duration_seconds": 330.0,
        "filename": "model_output",
        "gatherOnlySimData": false,
        "gkbar_E": 0.0021989677074520705,
        "gkbar_E_std": 0.0942176638092605,
        "gkbar_I": 9.945131526787574,
        "gkbar_I_std": 0.22352803763908513,
        "gnabar_E": 6.510320565139239,
        "gnabar_E_std": 1.5053634054430471,
        "gnabar_I": 4.811801539063123,
        "gnabar_I_std": 0.5774852353359707,
        "gpu": false,
        "hParams": {
            "celsius": 6.3,
            "clamp_resist": 0.001,
            "v_init": -65.0
        },
        "includeParamsLabel": true,
        "invertedYCoord": true,
        "networkType": "22May24",
        "oneSynPerNetcon": true,
        "printPopAvgRates": [
            100,
            1000.0
        ],
        "printRunTime": false,
        "printSynsAfterRule": false,
        "probEE": 0.7217435121440848,
        "probEE_std": 0.4863746005911716,
        "probEI": 0.829957103714679,
        "probEI_std": 0.3022701250704165,
        "probIE": 0.07899517709964547,
        "probIE_std": 0.3322997080660114,
        "probII": 0.5687323554841788,
        "probII_std": 0.0018275077529587274,
        "probLengthConst": 2982.7457126395757,
        "propVelocity": 1.0,
        "pt3dRelativeToCellLocation": true,
        "rand123GlobalIndex": null,
        "random123": false,
        "recordCells": [
            [
                "E",
                [
                    68,
                    13
                ]
            ],
            [
                "I",
                [
                    4,
                    5
                ]
            ]
        ],
        "recordCellsSpikes": -1,
        "recordDipole": false,
        "recordDipolesHNN": false,
        "recordLFP": [],
        "recordStep": 0.1,
        "recordStim": false,
        "recordTime": true,
        "recordTraces": {
            "soma_voltage": {
                "loc": 0.5,
                "sec": "soma",
                "var": "v"
            }
        },
        "saveCSV": false,
        "saveCellConns": true,
        "saveCellSecs": true,
        "saveDat": false,
        "saveDataInclude": [
            "simData",
            "simConfig",
            "netParams",
            "net"
        ],
        "saveDipoleCells": false,
        "saveDipolePops": false,
        "saveDpk": false,
        "saveFolder": "/pscratch/sd/a/adammwea/2DNetworkSimulations/NERSC/output/240604_Run1_24n24hr/gen_3",
        "saveHDF5": false,
        "saveJson": true,
        "saveLFPCells": false,
        "saveLFPPops": false,
        "saveMat": false,
        "savePickle": false,
        "saveTiming": false,
        "seeds": {
            "cell": 1,
            "conn": 1,
            "loc": 1,
            "stim": 1
        },
        "simLabel": "gen_3_cand_132",
        "tau1_exc": 2.8603094640672904,
        "tau1_exc_std": 2.727741675913207,
        "tau1_inh": 9.764094279953353,
        "tau1_inh_std": 1.862260129177787,
        "tau2_exc": 1.4304711995639714,
        "tau2_exc_std": 0.8167464554553945,
        "tau2_inh": 7.795481054451031,
        "tau2_inh_std": 5.571348641812353,
        "timestampFilename": false,
        "timing": true,
        "tstop": 1000.0,
        "use_fast_imem": false,
        "validateNetParams": false,
        "verbose": false,
        "weightEE": 1.408114386346375,
        "weightEE_std": 0.4966954749981564,
        "weightEI": 1.6992809181642028,
        "weightEI_std": 0.2025905374128114,
        "weightIE": 0.8354081199894605,
        "weightIE_std": 0.3322837193915327,
        "weightII": 1.7363052392132297,
        "weightII_std": 0.000634890040160041
    }
}