{
    "simConfig": {
        "E_L_mean": 18.8,
        "E_L_stdev": 0.8371447427636243,
        "E_Ra_mean": 128.0,
        "E_Ra_stdev": 35.76816832046019,
        "E_diam_mean": 18.8,
        "E_diam_stdev": 4.753490086488669,
        "I_L_mean": 9.0,
        "I_L_stdev": 1.9240586847941394,
        "I_Ra_mean": 110.0,
        "I_Ra_stdev": 10.954671040061228,
        "I_diam_mean": 10.0,
        "I_diam_stdev": 0.5740086930403316,
        "addSynMechs": true,
        "allowConnsWithWeight0": true,
        "allowSelfConns": false,
        "analysis": {},
        "backupCfgFile": [],
        "cache_efficient": true,
        "checkErrors": false,
        "compactConnFormat": false,
        "connRandomSecFromList": true,
        "coreneuron": false,
        "createNEURONObj": true,
        "createPyStruct": true,
        "cvode_active": false,
        "cvode_atol": 0.001,
        "distributeSynsUniformly": true,
        "dt": 0.025,
        "dump_coreneuron_model": false,
        "duration": 1000.0,
        "duration_seconds": 330.0,
        "filename": "model_output",
        "gatherOnlySimData": false,
        "gkbar_E": 0.4166332750214626,
        "gkbar_E_std": 0.19281449677552545,
        "gkbar_I": 4.308709716154203,
        "gkbar_I_std": 1.4677498438766716,
        "gnabar_E": 1.9755213138265355,
        "gnabar_E_std": 0.31982305657067084,
        "gnabar_I": 4.977445871000606,
        "gnabar_I_std": 0.8476872257085346,
        "gpu": false,
        "hParams": {
            "celsius": 6.3,
            "clamp_resist": 0.001,
            "v_init": -65.0
        },
        "includeParamsLabel": true,
        "invertedYCoord": true,
        "networkType": "22May24",
        "oneSynPerNetcon": true,
        "printPopAvgRates": [
            100,
            1000.0
        ],
        "printRunTime": false,
        "printSynsAfterRule": false,
        "probEE": 0.34217201788135654,
        "probEE_std": 0.3659370769366318,
        "probEI": 0.6239060076448057,
        "probEI_std": 0.003282047936112798,
        "probIE": 0.04899402349016546,
        "probIE_std": 0.43791957149303207,
        "probII": 0.03023993897404151,
        "probII_std": 0.0021383686996163656,
        "probLengthConst": 925.3543334382267,
        "propVelocity": 1.0,
        "pt3dRelativeToCellLocation": true,
        "rand123GlobalIndex": null,
        "random123": false,
        "recordCells": [
            [
                "E",
                [
                    68,
                    13
                ]
            ],
            [
                "I",
                [
                    4,
                    5
                ]
            ]
        ],
        "recordCellsSpikes": -1,
        "recordDipole": false,
        "recordDipolesHNN": false,
        "recordLFP": [],
        "recordStep": 0.1,
        "recordStim": false,
        "recordTime": true,
        "recordTraces": {
            "soma_voltage": {
                "loc": 0.5,
                "sec": "soma",
                "var": "v"
            }
        },
        "saveCSV": false,
        "saveCellConns": true,
        "saveCellSecs": true,
        "saveDat": false,
        "saveDataInclude": [
            "simData",
            "simConfig",
            "netParams",
            "net"
        ],
        "saveDipoleCells": false,
        "saveDipolePops": false,
        "saveDpk": false,
        "saveFolder": "/pscratch/sd/a/adammwea/2DNetworkSimulations/NERSC/output/240604_Run1_24n24hr/gen_6",
        "saveHDF5": false,
        "saveJson": true,
        "saveLFPCells": false,
        "saveLFPPops": false,
        "saveMat": false,
        "savePickle": false,
        "saveTiming": false,
        "seeds": {
            "cell": 1,
            "conn": 1,
            "loc": 1,
            "stim": 1
        },
        "simLabel": "gen_6_cand_456",
        "tau1_exc": 3.0089670744756147,
        "tau1_exc_std": 0.41572618516190474,
        "tau1_inh": 9.695712882982875,
        "tau1_inh_std": 1.7391544325531625,
        "tau2_exc": 26.894663016553597,
        "tau2_exc_std": 3.576130786551796,
        "tau2_inh": 14.11884700217825,
        "tau2_inh_std": 7.695756436721065,
        "timestampFilename": false,
        "timing": true,
        "tstop": 1000.0,
        "use_fast_imem": false,
        "validateNetParams": false,
        "verbose": false,
        "weightEE": 0.18406138080081044,
        "weightEE_std": 0.29315876119093726,
        "weightEI": 1.8845164948726716,
        "weightEI_std": 0.22758970235143627,
        "weightIE": 0.3403514389476526,
        "weightIE_std": 0.22503736132462637,
        "weightII": 0.9504215364913424,
        "weightII_std": 0.06833695103038454
    }
}