{
    "simConfig": {
        "E_L_mean": 18.8,
        "E_L_stdev": 4.477320093569816,
        "E_Ra_mean": 128.0,
        "E_Ra_stdev": 15.75627068581663,
        "E_diam_mean": 18.8,
        "E_diam_stdev": 0.3426506609486586,
        "I_L_mean": 9.0,
        "I_L_stdev": 2.4378215056756063,
        "I_Ra_mean": 110.0,
        "I_Ra_stdev": 43.38301180946931,
        "I_diam_mean": 10.0,
        "I_diam_stdev": 1.0838883870848868,
        "addSynMechs": true,
        "allowConnsWithWeight0": true,
        "allowSelfConns": false,
        "analysis": {},
        "backupCfgFile": [],
        "cache_efficient": true,
        "checkErrors": false,
        "compactConnFormat": false,
        "connRandomSecFromList": true,
        "coreneuron": false,
        "createNEURONObj": true,
        "createPyStruct": true,
        "cvode_active": false,
        "cvode_atol": 0.001,
        "distributeSynsUniformly": true,
        "dt": 0.025,
        "dump_coreneuron_model": false,
        "duration": 1000.0,
        "duration_seconds": 330.0,
        "filename": "model_output",
        "gatherOnlySimData": false,
        "gkbar_E": 0.00016604522459818258,
        "gkbar_E_std": 0.033773056492574054,
        "gkbar_I": 0.000760396863908947,
        "gkbar_I_std": 2.2574150388779106,
        "gnabar_E": 6.7312270645060766,
        "gnabar_E_std": 0.9399611527194726,
        "gnabar_I": 0.008558974114808146,
        "gnabar_I_std": 0.6360338138025783,
        "gpu": false,
        "hParams": {
            "celsius": 6.3,
            "clamp_resist": 0.001,
            "v_init": -65.0
        },
        "includeParamsLabel": true,
        "invertedYCoord": true,
        "networkType": "22May24",
        "oneSynPerNetcon": true,
        "printPopAvgRates": [
            100,
            1000.0
        ],
        "printRunTime": false,
        "printSynsAfterRule": false,
        "probEE": 0.3360980340418291,
        "probEE_std": 0.07668965237569253,
        "probEI": 0.2874134163195132,
        "probEI_std": 0.15137963782629157,
        "probIE": 0.10169379867643083,
        "probIE_std": 0.24333681596140397,
        "probII": 0.2893741002076376,
        "probII_std": 0.18236404878433504,
        "probLengthConst": 1566.4545090381991,
        "propVelocity": 1.0,
        "pt3dRelativeToCellLocation": true,
        "rand123GlobalIndex": null,
        "random123": false,
        "recordCells": [
            [
                "E",
                [
                    68,
                    13
                ]
            ],
            [
                "I",
                [
                    4,
                    5
                ]
            ]
        ],
        "recordCellsSpikes": -1,
        "recordDipole": false,
        "recordDipolesHNN": false,
        "recordLFP": [],
        "recordStep": 0.1,
        "recordStim": false,
        "recordTime": true,
        "recordTraces": {
            "soma_voltage": {
                "loc": 0.5,
                "sec": "soma",
                "var": "v"
            }
        },
        "saveCSV": false,
        "saveCellConns": true,
        "saveCellSecs": true,
        "saveDat": false,
        "saveDataInclude": [
            "simData",
            "simConfig",
            "netParams",
            "net"
        ],
        "saveDipoleCells": false,
        "saveDipolePops": false,
        "saveDpk": false,
        "saveFolder": "/pscratch/sd/a/adammwea/2DNetworkSimulations/NERSC/output/240604_Run1_24n24hr/gen_6",
        "saveHDF5": false,
        "saveJson": true,
        "saveLFPCells": false,
        "saveLFPPops": false,
        "saveMat": false,
        "savePickle": false,
        "saveTiming": false,
        "seeds": {
            "cell": 1,
            "conn": 1,
            "loc": 1,
            "stim": 1
        },
        "simLabel": "gen_6_cand_6",
        "tau1_exc": 6.252230777936101,
        "tau1_exc_std": 1.5340284785746443,
        "tau1_inh": 1.09847500172015,
        "tau1_inh_std": 1.3167887116003278,
        "tau2_exc": 23.719868867557977,
        "tau2_exc_std": 9.24312062710963,
        "tau2_inh": 18.640724917200746,
        "tau2_inh_std": 8.964599037461232,
        "timestampFilename": false,
        "timing": true,
        "tstop": 1000.0,
        "use_fast_imem": false,
        "validateNetParams": false,
        "verbose": false,
        "weightEE": 0.449260148924852,
        "weightEE_std": 0.3940879716714267,
        "weightEI": 0.4524845343907936,
        "weightEI_std": 0.26627815984000675,
        "weightIE": 0.47437445840297643,
        "weightIE_std": 0.2285947185111573,
        "weightII": 0.3086468222989216,
        "weightII_std": 0.24578727461294284
    }
}