{
    "simConfig": {
        "E_L_mean": 18.8,
        "E_L_stdev": 4.717059714467455,
        "E_Ra_mean": 128.0,
        "E_Ra_stdev": 0.5308391503920884,
        "E_diam_mean": 18.8,
        "E_diam_stdev": 4.908255506136436,
        "I_L_mean": 9.0,
        "I_L_stdev": 1.5688915328223336,
        "I_Ra_mean": 110.0,
        "I_Ra_stdev": 25.9746190424122,
        "I_diam_mean": 10.0,
        "I_diam_stdev": 3.2108119784635925,
        "addSynMechs": true,
        "allowConnsWithWeight0": true,
        "allowSelfConns": false,
        "analysis": {},
        "backupCfgFile": [],
        "cache_efficient": true,
        "checkErrors": false,
        "compactConnFormat": false,
        "connRandomSecFromList": true,
        "coreneuron": false,
        "createNEURONObj": true,
        "createPyStruct": true,
        "cvode_active": false,
        "cvode_atol": 0.001,
        "distributeSynsUniformly": true,
        "dt": 0.025,
        "dump_coreneuron_model": false,
        "duration": 1000.0,
        "duration_seconds": 330.0,
        "filename": "model_output",
        "gatherOnlySimData": false,
        "gkbar_E": 0.0029533798451623905,
        "gkbar_E_std": 0.0005077773214148817,
        "gkbar_I": 0.2973876124826358,
        "gkbar_I_std": 0.8075464895681111,
        "gnabar_E": 0.8968866314105348,
        "gnabar_E_std": 0.017478154031301596,
        "gnabar_I": 3.3571482814013454,
        "gnabar_I_std": 0.9366495722118787,
        "gpu": false,
        "hParams": {
            "celsius": 6.3,
            "clamp_resist": 0.001,
            "v_init": -65.0
        },
        "includeParamsLabel": true,
        "invertedYCoord": true,
        "networkType": "22May24",
        "oneSynPerNetcon": true,
        "printPopAvgRates": [
            100,
            1000.0
        ],
        "printRunTime": false,
        "printSynsAfterRule": false,
        "probEE": 0.02691571361814831,
        "probEE_std": 0.3509496821369409,
        "probEI": 0.9774256339938017,
        "probEI_std": 0.460955969768464,
        "probIE": 0.6426912329208205,
        "probIE_std": 0.03382879611283285,
        "probII": 0.6490751665057628,
        "probII_std": 0.1932812244480394,
        "probLengthConst": 2949.350284703383,
        "propVelocity": 1.0,
        "pt3dRelativeToCellLocation": true,
        "rand123GlobalIndex": null,
        "random123": false,
        "recordCells": [
            [
                "E",
                [
                    68,
                    13
                ]
            ],
            [
                "I",
                [
                    4,
                    5
                ]
            ]
        ],
        "recordCellsSpikes": -1,
        "recordDipole": false,
        "recordDipolesHNN": false,
        "recordLFP": [],
        "recordStep": 0.1,
        "recordStim": false,
        "recordTime": true,
        "recordTraces": {
            "soma_voltage": {
                "loc": 0.5,
                "sec": "soma",
                "var": "v"
            }
        },
        "saveCSV": false,
        "saveCellConns": true,
        "saveCellSecs": true,
        "saveDat": false,
        "saveDataInclude": [
            "simData",
            "simConfig",
            "netParams",
            "net"
        ],
        "saveDipoleCells": false,
        "saveDipolePops": false,
        "saveDpk": false,
        "saveFolder": "/pscratch/sd/a/adammwea/2DNetworkSimulations/NERSC/output/240604_Run1_24n24hr/gen_6",
        "saveHDF5": false,
        "saveJson": true,
        "saveLFPCells": false,
        "saveLFPPops": false,
        "saveMat": false,
        "savePickle": false,
        "saveTiming": false,
        "seeds": {
            "cell": 1,
            "conn": 1,
            "loc": 1,
            "stim": 1
        },
        "simLabel": "gen_6_cand_411",
        "tau1_exc": 0.06557710449667287,
        "tau1_exc_std": 0.5899422873108775,
        "tau1_inh": 9.887508747802368,
        "tau1_inh_std": 0.9020740226567021,
        "tau2_exc": 7.541264533506819,
        "tau2_exc_std": 2.775794092730301,
        "tau2_inh": 4.537138358775175,
        "tau2_inh_std": 5.550070975940117,
        "timestampFilename": false,
        "timing": true,
        "tstop": 1000.0,
        "use_fast_imem": false,
        "validateNetParams": false,
        "verbose": false,
        "weightEE": 1.555249722209338,
        "weightEE_std": 0.14340039997748158,
        "weightEI": 1.8332564400938522,
        "weightEI_std": 0.02871447927575829,
        "weightIE": 0.9144759774203329,
        "weightIE_std": 0.25219322568301217,
        "weightII": 1.7017705094668307,
        "weightII_std": 1.426833097849291e-05
    }
}