{
    "BigBurstVal_Fitness": {
        "Value": 14744.329521970962,
        "Fit": 1000.0
    },
    "numBig_Fitness": {
        "Value": 2,
        "Percent": 100.0,
        "Fit": 1000
    },
    "SmallBurstVal_Fitness": {
        "Value": null,
        "Fit": 1000
    },
    "numSmall_Fitness": {
        "Value": 0,
        "Percent": 0.0,
        "Fit": 1000
    },
    "burst_peak_frequency_fitness": {
        "Value": 0.13605442176870747,
        "Fit": 1.0198859276502217
    },
    "IBI_fitness": {
        "Value": 11.3,
        "Fit": 1.000226764641271
    },
    "baseline_fitness": {
        "Value": 13320.37508654496,
        "Fit": 1000
    },
    "slopeFitness": {
        "Value": -6.853493608267722,
        "Fit": 949.5527848600312
    },
    "thresh": {
        "Value": 12728.180458368852,
        "Fit": 1000
    },
    "sustain_oscillation_fitness": {
        "Value": 88.0794701986755,
        "Fit": 16.83671845754203
    },
    "E_rate_fitness": {
        "Value": 9.095238095238095,
        "Fit": 1000
    },
    "I_rate_fitness": {
        "Value": 2.7037037037037033,
        "Fit": 7.439185838859827
    },
    "maxFitness": 1000,
    "average_fitness": 664.654066820727,
    "average_scaled_fitness": 0.6643183090089978
}