{
    "BigBurstVal_Fitness": {
        "Value": 2198.1683358483588,
        "Fit": 1000.0
    },
    "numBig_Fitness": {
        "Value": 8,
        "Percent": 100.0,
        "Fit": 1000
    },
    "SmallBurstVal_Fitness": {
        "Value": null,
        "Fit": 1000
    },
    "numSmall_Fitness": {
        "Value": 0,
        "Percent": 0.0,
        "Fit": 1000
    },
    "burst_peak_frequency_fitness": {
        "Value": 0.547945205479452,
        "Fit": 1.5396907262024728
    },
    "IBI_fitness": {
        "Value": 1.9000000000000001,
        "Fit": 1.0006226009861543
    },
    "baseline_fitness": {
        "Value": 2175.546047024871,
        "Fit": 1000
    },
    "slopeFitness": {
        "Value": -0.6817416125089276,
        "Fit": 1.9822630076615946
    },
    "thresh": {
        "Value": 2152.8867247164135,
        "Fit": 1000
    },
    "sustain_oscillation_fitness": {
        "Value": 94.70198675496688,
        "Fit": 44.654470808871295
    },
    "E_rate_fitness": {
        "Value": 7.23015873015873,
        "Fit": 574.0933785324837
    },
    "I_rate_fitness": {
        "Value": 2.259259259259259,
        "Fit": 1000
    },
    "maxFitness": 1000,
    "average_fitness": 635.272535473017,
    "average_scaled_fitness": 0.6349072153812706
}