{
    "BigBurstVal_Fitness": {
        "Value": null,
        "Fit": 1000
    },
    "numBig_Fitness": {
        "Value": 0,
        "Percent": 0.0,
        "Fit": 1000
    },
    "SmallBurstVal_Fitness": {
        "Value": 325.3003381983941,
        "Fit": 1000.0
    },
    "numSmall_Fitness": {
        "Value": 2,
        "Percent": 100.0,
        "Fit": 1000
    },
    "burst_peak_frequency_fitness": {
        "Value": 0.136986301369863,
        "Fit": 1.020836781513554
    },
    "IBI_fitness": {
        "Value": 8.000000000000002,
        "Fit": 1.000071366593448
    },
    "baseline_fitness": {
        "Value": 321.49228947979736,
        "Fit": 1000
    },
    "slopeFitness": {
        "Value": -0.0001984609377380229,
        "Fit": 1.0026996110518127
    },
    "thresh": {
        "Value": 318.86425011190414,
        "Fit": 1000
    },
    "sustain_oscillation_fitness": {
        "Value": 95.36423841059603,
        "Fit": 86.59188357614293
    },
    "E_rate_fitness": {
        "Value": 0.0,
        "Fit": 1000
    },
    "I_rate_fitness": {
        "Value": 2.685185185185185,
        "Fit": 7.578232030684679
    },
    "maxFitness": 1000,
    "average_fitness": 591.4328102804989,
    "average_scaled_fitness": 0.5910238048981592
}