{
    "BigBurstVal_Fitness": {
        "Value": 11208.0596225264,
        "Fit": 1000.0
    },
    "numBig_Fitness": {
        "Value": 3,
        "Percent": 100.0,
        "Fit": 1000
    },
    "SmallBurstVal_Fitness": {
        "Value": null,
        "Fit": 1000
    },
    "numSmall_Fitness": {
        "Value": 0,
        "Percent": 0.0,
        "Fit": 1000
    },
    "burst_peak_frequency_fitness": {
        "Value": 0.2054794520547945,
        "Fit": 1.0932072595492126
    },
    "IBI_fitness": {
        "Value": 6.300000000000001,
        "Fit": 1.0002249624865542
    },
    "baseline_fitness": {
        "Value": 11038.531734022023,
        "Fit": 1000
    },
    "slopeFitness": {
        "Value": -2.003850509085759,
        "Fit": 7.436111183424587
    },
    "thresh": {
        "Value": 10874.350008167992,
        "Fit": 1000
    },
    "sustain_oscillation_fitness": {
        "Value": 92.71523178807946,
        "Fit": 6.12390194161218
    },
    "E_rate_fitness": {
        "Value": 25.694444444444443,
        "Fit": 1000
    },
    "I_rate_fitness": {
        "Value": 23.907407407407405,
        "Fit": 1000
    },
    "maxFitness": 1000,
    "average_fitness": 667.9711204455895,
    "average_scaled_fitness": 0.6676386843611225
}