{
    "simConfig": {
        "E_L_mean": 18.8,
        "E_L_stdev": 5.215519507658623,
        "E_Ra_mean": 128.0,
        "E_Ra_stdev": 63.7592632631697,
        "E_diam_mean": 18.8,
        "E_diam_stdev": 1.360452154224731,
        "I_L_mean": 9.0,
        "I_L_stdev": 2.6565185878126765,
        "I_Ra_mean": 110.0,
        "I_Ra_stdev": 15.097723099923938,
        "I_diam_mean": 10.0,
        "I_diam_stdev": 0.03913667691099243,
        "addSynMechs": true,
        "allowConnsWithWeight0": true,
        "allowSelfConns": false,
        "analysis": {},
        "backupCfgFile": [],
        "cache_efficient": true,
        "checkErrors": false,
        "compactConnFormat": false,
        "connRandomSecFromList": true,
        "coreneuron": false,
        "createNEURONObj": true,
        "createPyStruct": true,
        "cvode_active": false,
        "cvode_atol": 0.001,
        "distributeSynsUniformly": true,
        "dt": 0.025,
        "dump_coreneuron_model": false,
        "duration": 1000.0,
        "duration_seconds": 300.0,
        "filename": "model_output",
        "gatherOnlySimData": false,
        "gkbar_E": 0.30212033580030007,
        "gkbar_E_std": 0.3765644415928447,
        "gkbar_I": 9.482225100799397,
        "gkbar_I_std": 1.7019419691650328,
        "gnabar_E": 3.3828911873489904,
        "gnabar_E_std": 1.0809351453378604,
        "gnabar_I": 3.0987065536462444,
        "gnabar_I_std": 0.6284605983560143,
        "gpu": false,
        "hParams": {
            "celsius": 6.3,
            "clamp_resist": 0.001,
            "v_init": -65.0
        },
        "includeParamsLabel": true,
        "invertedYCoord": true,
        "networkType": "22May24",
        "oneSynPerNetcon": true,
        "printPopAvgRates": [
            100,
            1000.0
        ],
        "printRunTime": false,
        "printSynsAfterRule": false,
        "probEE": 0.48513670494871086,
        "probEE_std": 0.3676696931070997,
        "probEI": 0.8182126774363273,
        "probEI_std": 0.4602057995743913,
        "probIE": 0.012075962216217206,
        "probIE_std": 0.48560154329926264,
        "probII": 0.15699558925186646,
        "probII_std": 0.2723161932196768,
        "probLengthConst": 1744.2404725354597,
        "propVelocity": 1.0,
        "pt3dRelativeToCellLocation": true,
        "rand123GlobalIndex": null,
        "random123": false,
        "recordCells": [
            [
                "E",
                [
                    65,
                    58
                ]
            ],
            [
                "I",
                [
                    22,
                    34
                ]
            ]
        ],
        "recordCellsSpikes": -1,
        "recordDipole": false,
        "recordDipolesHNN": false,
        "recordLFP": [],
        "recordStep": 0.1,
        "recordStim": false,
        "recordTime": true,
        "recordTraces": {
            "soma_voltage": {
                "loc": 0.5,
                "sec": "soma",
                "var": "v"
            }
        },
        "saveCSV": false,
        "saveCellConns": true,
        "saveCellSecs": true,
        "saveDat": false,
        "saveDataInclude": [
            "simData",
            "simConfig",
            "netParams",
            "net"
        ],
        "saveDipoleCells": false,
        "saveDipolePops": false,
        "saveDpk": false,
        "saveFolder": "/pscratch/sd/a/adammwea/2DNetworkSimulations/NERSC/output/240530_Run1_8nodes/gen_1",
        "saveHDF5": false,
        "saveJson": true,
        "saveLFPCells": false,
        "saveLFPPops": false,
        "saveMat": false,
        "savePickle": false,
        "saveTiming": false,
        "seeds": {
            "cell": 1,
            "conn": 1,
            "loc": 1,
            "stim": 1
        },
        "simLabel": "gen_1_cand_14",
        "tau1_exc": 3.018804719793891,
        "tau1_exc_std": 0.7303589475755411,
        "tau1_inh": 2.8747991123318255,
        "tau1_inh_std": 1.90875593105201,
        "tau2_exc": 29.503635682319675,
        "tau2_exc_std": 2.773216158467169,
        "tau2_inh": 1.8997598673098635,
        "tau2_inh_std": 8.535121247902373,
        "timestampFilename": false,
        "timing": true,
        "tstop": 1000.0,
        "use_fast_imem": false,
        "validateNetParams": false,
        "verbose": false,
        "weightEE": 0.1074308008851993,
        "weightEE_std": 0.46360502738473375,
        "weightEI": 0.827460555371874,
        "weightEI_std": 0.18307248868823506,
        "weightIE": 0.6679621676782203,
        "weightIE_std": 0.11804976042350168,
        "weightII": 1.9398168179461268,
        "weightII_std": 0.019874319407830982
    }
}