{
    "simConfig": {
        "E_L_mean": 18.8,
        "E_L_stdev": 0.7075368195211247,
        "E_Ra_mean": 128.0,
        "E_Ra_stdev": 15.5288974349872,
        "E_diam_mean": 18.8,
        "E_diam_stdev": 5.930452464336602,
        "I_L_mean": 9.0,
        "I_L_stdev": 1.2831172663441,
        "I_Ra_mean": 110.0,
        "I_Ra_stdev": 33.58538562606238,
        "I_diam_mean": 10.0,
        "I_diam_stdev": 1.7619372440936814,
        "addSynMechs": true,
        "allowConnsWithWeight0": true,
        "allowSelfConns": false,
        "analysis": {},
        "backupCfgFile": [],
        "cache_efficient": true,
        "checkErrors": false,
        "compactConnFormat": false,
        "connRandomSecFromList": true,
        "coreneuron": false,
        "createNEURONObj": true,
        "createPyStruct": true,
        "cvode_active": false,
        "cvode_atol": 0.001,
        "distributeSynsUniformly": true,
        "dt": 0.025,
        "dump_coreneuron_model": false,
        "duration": 1000.0,
        "duration_seconds": 60.0,
        "filename": "model_output",
        "gatherOnlySimData": false,
        "gkbar_E": 0.7538210248971062,
        "gkbar_E_std": 0.21664231720770366,
        "gkbar_I": 6.580188509313665,
        "gkbar_I_std": 1.7565215481937617,
        "gnabar_E": 3.8554266000320068,
        "gnabar_E_std": 0.1684382922117348,
        "gnabar_I": 0.8419011199770938,
        "gnabar_I_std": 0.02651790092044218,
        "gpu": false,
        "hParams": {
            "celsius": 6.3,
            "clamp_resist": 0.001,
            "v_init": -65.0
        },
        "includeParamsLabel": true,
        "invertedYCoord": true,
        "networkType": "22May24",
        "oneSynPerNetcon": true,
        "printPopAvgRates": [
            100,
            1000.0
        ],
        "printRunTime": false,
        "printSynsAfterRule": false,
        "probEE": 0.08671858877338279,
        "probEE_std": 0.14130174721108907,
        "probEI": 0.29845184797472946,
        "probEI_std": 0.3080336569986044,
        "probIE": 0.8115111171502664,
        "probIE_std": 0.021737156440330443,
        "probII": 0.9803390549993996,
        "probII_std": 0.1918828983936724,
        "probLengthConst": 1195.9530811780985,
        "propVelocity": 1.0,
        "pt3dRelativeToCellLocation": true,
        "rand123GlobalIndex": null,
        "random123": false,
        "recordCells": [
            [
                "E",
                [
                    16,
                    79
                ]
            ],
            [
                "I",
                [
                    28,
                    1
                ]
            ]
        ],
        "recordCellsSpikes": -1,
        "recordDipole": false,
        "recordDipolesHNN": false,
        "recordLFP": [],
        "recordStep": 0.1,
        "recordStim": false,
        "recordTime": true,
        "recordTraces": {
            "soma_voltage": {
                "loc": 0.5,
                "sec": "soma",
                "var": "v"
            }
        },
        "saveCSV": false,
        "saveCellConns": true,
        "saveCellSecs": true,
        "saveDat": false,
        "saveDataInclude": [
            "simData",
            "simConfig",
            "netParams",
            "net"
        ],
        "saveDipoleCells": false,
        "saveDipolePops": false,
        "saveDpk": false,
        "saveFolder": "/pscratch/sd/a/adammwea/2DNetworkSimulations/NERSC/output/240527_Run3_this_should_work/gen_13",
        "saveHDF5": false,
        "saveJson": true,
        "saveLFPCells": false,
        "saveLFPPops": false,
        "saveMat": false,
        "savePickle": false,
        "saveTiming": false,
        "seeds": {
            "cell": 1,
            "conn": 1,
            "loc": 1,
            "stim": 1
        },
        "simLabel": "gen_13_cand_54",
        "tau1_exc": 9.87143914598192,
        "tau1_exc_std": 3.3329356139384982,
        "tau1_inh": 8.695707450604607,
        "tau1_inh_std": 2.899681658466331,
        "tau2_exc": 18.631835164976085,
        "tau2_exc_std": 2.432140174462301,
        "tau2_inh": 18.86295059343203,
        "tau2_inh_std": 4.3438539213494565,
        "timestampFilename": false,
        "timing": true,
        "tstop": 1000.0,
        "use_fast_imem": false,
        "validateNetParams": false,
        "verbose": false,
        "weightEE": 0.027462722027574105,
        "weightEE_std": 0.013613455369872546,
        "weightEI": 0.9907633251943467,
        "weightEI_std": 0.3330077403825526,
        "weightIE": 0.41902931971814894,
        "weightIE_std": 0.3310748856528788,
        "weightII": 0.35859524810904325,
        "weightII_std": 0.004364635065899418
    }
}