{
    "simConfig": {
        "E_L_mean": 18.8,
        "E_L_stdev": 5.585476158538555,
        "E_Ra_mean": 128.0,
        "E_Ra_stdev": 42.380786347381004,
        "E_diam_mean": 18.8,
        "E_diam_stdev": 5.783471166140894,
        "I_L_mean": 9.0,
        "I_L_stdev": 2.8147879549797183,
        "I_Ra_mean": 110.0,
        "I_Ra_stdev": 27.602593539740663,
        "I_diam_mean": 10.0,
        "I_diam_stdev": 1.1868186298301353,
        "addSynMechs": true,
        "allowConnsWithWeight0": true,
        "allowSelfConns": false,
        "analysis": {},
        "backupCfgFile": [],
        "cache_efficient": true,
        "checkErrors": false,
        "compactConnFormat": false,
        "connRandomSecFromList": true,
        "coreneuron": false,
        "createNEURONObj": true,
        "createPyStruct": true,
        "cvode_active": false,
        "cvode_atol": 0.001,
        "distributeSynsUniformly": true,
        "dt": 0.025,
        "dump_coreneuron_model": false,
        "duration": 1000.0,
        "duration_seconds": 60.0,
        "filename": "model_output",
        "gatherOnlySimData": false,
        "gkbar_E": 0.02986304839527565,
        "gkbar_E_std": 0.25376955681918406,
        "gkbar_I": 2.7677804203627563,
        "gkbar_I_std": 0.9819594089434374,
        "gnabar_E": 4.908729259604033,
        "gnabar_E_std": 1.3800431425890776,
        "gnabar_I": 1.0232848049195917,
        "gnabar_I_std": 0.9755915499421106,
        "gpu": false,
        "hParams": {
            "celsius": 6.3,
            "clamp_resist": 0.001,
            "v_init": -65.0
        },
        "includeParamsLabel": true,
        "invertedYCoord": true,
        "networkType": "22May24",
        "oneSynPerNetcon": true,
        "printPopAvgRates": [
            100,
            1000.0
        ],
        "printRunTime": false,
        "printSynsAfterRule": false,
        "probEE": 0.33849883703008576,
        "probEE_std": 0.2539519354191584,
        "probEI": 0.2522477232327245,
        "probEI_std": 0.2375175462845262,
        "probIE": 0.168073788265502,
        "probIE_std": 0.16136572032619761,
        "probII": 0.9895019026392649,
        "probII_std": 0.11651369259763075,
        "probLengthConst": 75.11068292747976,
        "propVelocity": 1.0,
        "pt3dRelativeToCellLocation": true,
        "rand123GlobalIndex": null,
        "random123": false,
        "recordCells": [
            [
                "E",
                [
                    16,
                    79
                ]
            ],
            [
                "I",
                [
                    28,
                    1
                ]
            ]
        ],
        "recordCellsSpikes": -1,
        "recordDipole": false,
        "recordDipolesHNN": false,
        "recordLFP": [],
        "recordStep": 0.1,
        "recordStim": false,
        "recordTime": true,
        "recordTraces": {
            "soma_voltage": {
                "loc": 0.5,
                "sec": "soma",
                "var": "v"
            }
        },
        "saveCSV": false,
        "saveCellConns": true,
        "saveCellSecs": true,
        "saveDat": false,
        "saveDataInclude": [
            "simData",
            "simConfig",
            "netParams",
            "net"
        ],
        "saveDipoleCells": false,
        "saveDipolePops": false,
        "saveDpk": false,
        "saveFolder": "/pscratch/sd/a/adammwea/2DNetworkSimulations/NERSC/output/240527_Run3_this_should_work/gen_13",
        "saveHDF5": false,
        "saveJson": true,
        "saveLFPCells": false,
        "saveLFPPops": false,
        "saveMat": false,
        "savePickle": false,
        "saveTiming": false,
        "seeds": {
            "cell": 1,
            "conn": 1,
            "loc": 1,
            "stim": 1
        },
        "simLabel": "gen_13_cand_19",
        "tau1_exc": 7.521232457029235,
        "tau1_exc_std": 0.8373304026041675,
        "tau1_inh": 0.018693950173720775,
        "tau1_inh_std": 1.898343063128277,
        "tau2_exc": 19.858435286317743,
        "tau2_exc_std": 3.430635772713765,
        "tau2_inh": 16.045609469956354,
        "tau2_inh_std": 6.5886364276188445,
        "timestampFilename": false,
        "timing": true,
        "tstop": 1000.0,
        "use_fast_imem": false,
        "validateNetParams": false,
        "verbose": false,
        "weightEE": 0.9879524161915396,
        "weightEE_std": 0.15515045147391668,
        "weightEI": 0.9595959695854781,
        "weightEI_std": 0.18222595637644787,
        "weightIE": 0.20845107628976461,
        "weightIE_std": 0.12924179264332045,
        "weightII": 0.23821780044133944,
        "weightII_std": 0.011513583259776302
    }
}