{
    "simConfig": {
        "E_L_mean": 18.8,
        "E_L_stdev": 0.9220727002548763,
        "E_Ra_mean": 128.0,
        "E_Ra_stdev": 55.76967001667588,
        "E_diam_mean": 18.8,
        "E_diam_stdev": 1.3928267243130612,
        "I_L_mean": 9.0,
        "I_L_stdev": 2.004187473164089,
        "I_Ra_mean": 110.0,
        "I_Ra_stdev": 44.39285462585889,
        "I_diam_mean": 10.0,
        "I_diam_stdev": 0.003119353231219181,
        "addSynMechs": true,
        "allowConnsWithWeight0": true,
        "allowSelfConns": false,
        "analysis": {},
        "backupCfgFile": [],
        "cache_efficient": true,
        "checkErrors": false,
        "compactConnFormat": false,
        "connRandomSecFromList": true,
        "coreneuron": false,
        "createNEURONObj": true,
        "createPyStruct": true,
        "cvode_active": false,
        "cvode_atol": 0.001,
        "distributeSynsUniformly": true,
        "dt": 0.025,
        "dump_coreneuron_model": false,
        "duration": 1000.0,
        "duration_seconds": 300.0,
        "filename": "model_output",
        "gatherOnlySimData": false,
        "gkbar_E": 0.1718619669516285,
        "gkbar_E_std": 0.03642441968741528,
        "gkbar_I": 7.414773513034785,
        "gkbar_I_std": 2.4325938383907793,
        "gnabar_E": 1.4784054527262356,
        "gnabar_E_std": 0.1573530154955231,
        "gnabar_I": 4.9187036812706,
        "gnabar_I_std": 0.9350559927156448,
        "gpu": false,
        "hParams": {
            "celsius": 6.3,
            "clamp_resist": 0.001,
            "v_init": -65.0
        },
        "includeParamsLabel": true,
        "invertedYCoord": true,
        "networkType": "22May24",
        "oneSynPerNetcon": true,
        "printPopAvgRates": [
            100,
            1000.0
        ],
        "printRunTime": false,
        "printSynsAfterRule": false,
        "probEE": 0.5449045753143928,
        "probEE_std": 0.08032752406842877,
        "probEI": 0.994922891542621,
        "probEI_std": 0.025339142921778968,
        "probIE": 0.4732939553986567,
        "probIE_std": 0.4230356111495117,
        "probII": 0.32025502449679044,
        "probII_std": 0.25916806600418413,
        "probLengthConst": 2920.5653702662576,
        "propVelocity": 1.0,
        "pt3dRelativeToCellLocation": true,
        "rand123GlobalIndex": null,
        "random123": false,
        "recordCells": [
            [
                "E",
                [
                    65,
                    58
                ]
            ],
            [
                "I",
                [
                    22,
                    34
                ]
            ]
        ],
        "recordCellsSpikes": -1,
        "recordDipole": false,
        "recordDipolesHNN": false,
        "recordLFP": [],
        "recordStep": 0.1,
        "recordStim": false,
        "recordTime": true,
        "recordTraces": {
            "soma_voltage": {
                "loc": 0.5,
                "sec": "soma",
                "var": "v"
            }
        },
        "saveCSV": false,
        "saveCellConns": true,
        "saveCellSecs": true,
        "saveDat": false,
        "saveDataInclude": [
            "simData",
            "simConfig",
            "netParams",
            "net"
        ],
        "saveDipoleCells": false,
        "saveDipolePops": false,
        "saveDpk": false,
        "saveFolder": "/pscratch/sd/a/adammwea/2DNetworkSimulations/NERSC/output/240530_Run1_8nodes/gen_5",
        "saveHDF5": false,
        "saveJson": true,
        "saveLFPCells": false,
        "saveLFPPops": false,
        "saveMat": false,
        "savePickle": false,
        "saveTiming": false,
        "seeds": {
            "cell": 1,
            "conn": 1,
            "loc": 1,
            "stim": 1
        },
        "simLabel": "gen_5_cand_44",
        "tau1_exc": 7.32753952320664,
        "tau1_exc_std": 0.17333719823379648,
        "tau1_inh": 0.17002619191470525,
        "tau1_inh_std": 0.5363466646351291,
        "tau2_exc": 0.01822219349611382,
        "tau2_exc_std": 0.016750513939415512,
        "tau2_inh": 15.610457933011963,
        "tau2_inh_std": 5.017183211368078,
        "timestampFilename": false,
        "timing": true,
        "tstop": 1000.0,
        "use_fast_imem": false,
        "validateNetParams": false,
        "verbose": false,
        "weightEE": 0.04456587499257306,
        "weightEE_std": 0.4163314870065085,
        "weightEI": 0.4375425327026969,
        "weightEI_std": 0.31810310256968677,
        "weightIE": 0.7739483554631057,
        "weightIE_std": 0.1131237123719514,
        "weightII": 1.2761409157093868,
        "weightII_std": 0.10845227429191559
    }
}