{
    "simConfig": {
        "E_L_mean": 18.8,
        "E_L_stdev": 8.472788589332504,
        "E_Ra_mean": 128.0,
        "E_Ra_stdev": 62.10699312323061,
        "E_diam_mean": 18.8,
        "E_diam_stdev": 5.685653765215418,
        "I_L_mean": 9.0,
        "I_L_stdev": 0.4455863289825557,
        "I_Ra_mean": 110.0,
        "I_Ra_stdev": 33.8595284559146,
        "I_diam_mean": 10.0,
        "I_diam_stdev": 2.9872439200820953,
        "addSynMechs": true,
        "allowConnsWithWeight0": true,
        "allowSelfConns": false,
        "analysis": {},
        "backupCfgFile": [],
        "cache_efficient": true,
        "checkErrors": false,
        "compactConnFormat": false,
        "connRandomSecFromList": true,
        "coreneuron": false,
        "createNEURONObj": true,
        "createPyStruct": true,
        "cvode_active": false,
        "cvode_atol": 0.001,
        "distributeSynsUniformly": true,
        "dt": 0.025,
        "dump_coreneuron_model": false,
        "duration": 1000.0,
        "duration_seconds": 300.0,
        "filename": "model_output",
        "gatherOnlySimData": false,
        "gkbar_E": 0.19811546021262863,
        "gkbar_E_std": 0.41834538285877537,
        "gkbar_I": 0.0005140130287283008,
        "gkbar_I_std": 0.6402854562745912,
        "gnabar_E": 1.2695389165773445,
        "gnabar_E_std": 1.5683476446121856,
        "gnabar_I": 3.7103889330594635,
        "gnabar_I_std": 0.8626169287858775,
        "gpu": false,
        "hParams": {
            "celsius": 6.3,
            "clamp_resist": 0.001,
            "v_init": -65.0
        },
        "includeParamsLabel": true,
        "invertedYCoord": true,
        "networkType": "22May24",
        "oneSynPerNetcon": true,
        "printPopAvgRates": [
            100,
            1000.0
        ],
        "printRunTime": false,
        "printSynsAfterRule": false,
        "probEE": 0.3245091453146205,
        "probEE_std": 0.046329916532598936,
        "probEI": 0.3282209648565835,
        "probEI_std": 0.4947783819051735,
        "probIE": 0.7286995410950223,
        "probIE_std": 0.38225023744927816,
        "probII": 0.035790936397113504,
        "probII_std": 0.054645089380425935,
        "probLengthConst": 2922.369817747717,
        "propVelocity": 1.0,
        "pt3dRelativeToCellLocation": true,
        "rand123GlobalIndex": null,
        "random123": false,
        "recordCells": [
            [
                "E",
                [
                    65,
                    58
                ]
            ],
            [
                "I",
                [
                    22,
                    34
                ]
            ]
        ],
        "recordCellsSpikes": -1,
        "recordDipole": false,
        "recordDipolesHNN": false,
        "recordLFP": [],
        "recordStep": 0.1,
        "recordStim": false,
        "recordTime": true,
        "recordTraces": {
            "soma_voltage": {
                "loc": 0.5,
                "sec": "soma",
                "var": "v"
            }
        },
        "saveCSV": false,
        "saveCellConns": true,
        "saveCellSecs": true,
        "saveDat": false,
        "saveDataInclude": [
            "simData",
            "simConfig",
            "netParams",
            "net"
        ],
        "saveDipoleCells": false,
        "saveDipolePops": false,
        "saveDpk": false,
        "saveFolder": "/pscratch/sd/a/adammwea/2DNetworkSimulations/NERSC/output/240530_Run1_8nodes/gen_5",
        "saveHDF5": false,
        "saveJson": true,
        "saveLFPCells": false,
        "saveLFPPops": false,
        "saveMat": false,
        "savePickle": false,
        "saveTiming": false,
        "seeds": {
            "cell": 1,
            "conn": 1,
            "loc": 1,
            "stim": 1
        },
        "simLabel": "gen_5_cand_50",
        "tau1_exc": 1.863802618787145,
        "tau1_exc_std": 0.2333274984109356,
        "tau1_inh": 2.459505958253112,
        "tau1_inh_std": 3.2543455867744666,
        "tau2_exc": 6.686114814391894,
        "tau2_exc_std": 8.341955829254793,
        "tau2_inh": 15.598463010283337,
        "tau2_inh_std": 8.173126277329914,
        "timestampFilename": false,
        "timing": true,
        "tstop": 1000.0,
        "use_fast_imem": false,
        "validateNetParams": false,
        "verbose": false,
        "weightEE": 1.9699047263422917,
        "weightEE_std": 0.2220706564067209,
        "weightEI": 0.7166638388291388,
        "weightEI_std": 0.2652819591286605,
        "weightIE": 0.5696715670750824,
        "weightIE_std": 0.23489860333132212,
        "weightII": 1.2504139535845948,
        "weightII_std": 0.19092850951687185
    }
}