{
    "simConfig": {
        "E_L_mean": 18.8,
        "E_L_stdev": 6.447204344499539,
        "E_Ra_mean": 128.0,
        "E_Ra_stdev": 23.657194889818044,
        "E_diam_mean": 18.8,
        "E_diam_stdev": 3.3517511582573416,
        "I_L_mean": 9.0,
        "I_L_stdev": 2.52162642173298,
        "I_Ra_mean": 110.0,
        "I_Ra_stdev": 52.74645182554052,
        "I_diam_mean": 10.0,
        "I_diam_stdev": 1.2331054217292934,
        "addSynMechs": true,
        "allowConnsWithWeight0": true,
        "allowSelfConns": false,
        "analysis": {},
        "backupCfgFile": [],
        "cache_efficient": true,
        "checkErrors": false,
        "compactConnFormat": false,
        "connRandomSecFromList": true,
        "coreneuron": false,
        "createNEURONObj": true,
        "createPyStruct": true,
        "cvode_active": false,
        "cvode_atol": 0.001,
        "distributeSynsUniformly": true,
        "dt": 0.025,
        "dump_coreneuron_model": false,
        "duration": 1000.0,
        "duration_seconds": 300.0,
        "filename": "model_output",
        "gatherOnlySimData": false,
        "gkbar_E": 0.5664796045884966,
        "gkbar_E_std": 0.011975277841867304,
        "gkbar_I": 8.933465079943355,
        "gkbar_I_std": 1.631033870396097,
        "gnabar_E": 3.510252346795813,
        "gnabar_E_std": 0.4026488166539196,
        "gnabar_I": 0.9736571467207916,
        "gnabar_I_std": 0.5760927713229717,
        "gpu": false,
        "hParams": {
            "celsius": 6.3,
            "clamp_resist": 0.001,
            "v_init": -65.0
        },
        "includeParamsLabel": true,
        "invertedYCoord": true,
        "networkType": "22May24",
        "oneSynPerNetcon": true,
        "printPopAvgRates": [
            100,
            1000.0
        ],
        "printRunTime": false,
        "printSynsAfterRule": false,
        "probEE": 0.6755628194050818,
        "probEE_std": 0.41299182917461186,
        "probEI": 0.9763091296896496,
        "probEI_std": 0.34611395654822363,
        "probIE": 0.592345441416141,
        "probIE_std": 0.28803342186455844,
        "probII": 0.6615654651903194,
        "probII_std": 0.4332492795372489,
        "probLengthConst": 2504.3962076725725,
        "propVelocity": 1.0,
        "pt3dRelativeToCellLocation": true,
        "rand123GlobalIndex": null,
        "random123": false,
        "recordCells": [
            [
                "E",
                [
                    65,
                    58
                ]
            ],
            [
                "I",
                [
                    22,
                    34
                ]
            ]
        ],
        "recordCellsSpikes": -1,
        "recordDipole": false,
        "recordDipolesHNN": false,
        "recordLFP": [],
        "recordStep": 0.1,
        "recordStim": false,
        "recordTime": true,
        "recordTraces": {
            "soma_voltage": {
                "loc": 0.5,
                "sec": "soma",
                "var": "v"
            }
        },
        "saveCSV": false,
        "saveCellConns": true,
        "saveCellSecs": true,
        "saveDat": false,
        "saveDataInclude": [
            "simData",
            "simConfig",
            "netParams",
            "net"
        ],
        "saveDipoleCells": false,
        "saveDipolePops": false,
        "saveDpk": false,
        "saveFolder": "/pscratch/sd/a/adammwea/2DNetworkSimulations/NERSC/output/240530_Run1_8nodes/gen_0",
        "saveHDF5": false,
        "saveJson": true,
        "saveLFPCells": false,
        "saveLFPPops": false,
        "saveMat": false,
        "savePickle": false,
        "saveTiming": false,
        "seeds": {
            "cell": 1,
            "conn": 1,
            "loc": 1,
            "stim": 1
        },
        "simLabel": "gen_0_cand_51",
        "tau1_exc": 6.590283387851612,
        "tau1_exc_std": 1.1503009668018371,
        "tau1_inh": 7.2063955809898586,
        "tau1_inh_std": 1.3052893276707134,
        "tau2_exc": 24.52199910262476,
        "tau2_exc_std": 6.175122242737902,
        "tau2_inh": 5.3632376466029825,
        "tau2_inh_std": 8.305575082976535,
        "timestampFilename": false,
        "timing": true,
        "tstop": 1000.0,
        "use_fast_imem": false,
        "validateNetParams": false,
        "verbose": false,
        "weightEE": 1.5622725193868656,
        "weightEE_std": 0.14330874672765226,
        "weightEI": 0.7495926129478776,
        "weightEI_std": 0.04118927566056385,
        "weightIE": 0.5969561212918282,
        "weightIE_std": 0.10506118053907494,
        "weightII": 1.8942803188641677,
        "weightII_std": 0.1860994290353465
    }
}