{
    "simConfig": {
        "E_L_mean": 18.8,
        "E_L_stdev": 5.73634111475548,
        "E_Ra_mean": 128.0,
        "E_Ra_stdev": 38.49583440154585,
        "E_diam_mean": 18.8,
        "E_diam_stdev": 6.222020547353376,
        "I_L_mean": 9.0,
        "I_L_stdev": 1.3037019875061817,
        "I_Ra_mean": 110.0,
        "I_Ra_stdev": 0.1599720635554415,
        "I_diam_mean": 10.0,
        "I_diam_stdev": 2.312251193398148,
        "addSynMechs": true,
        "allowConnsWithWeight0": true,
        "allowSelfConns": false,
        "analysis": {},
        "backupCfgFile": [],
        "cache_efficient": true,
        "checkErrors": false,
        "compactConnFormat": false,
        "connRandomSecFromList": true,
        "coreneuron": false,
        "createNEURONObj": true,
        "createPyStruct": true,
        "cvode_active": false,
        "cvode_atol": 0.001,
        "distributeSynsUniformly": true,
        "dt": 0.025,
        "dump_coreneuron_model": false,
        "duration": 1000.0,
        "duration_seconds": 60.0,
        "filename": "model_output",
        "gatherOnlySimData": false,
        "gkbar_E": 0.0008671436510030023,
        "gkbar_E_std": 0.28603329518554593,
        "gkbar_I": 1.4938972702009223,
        "gkbar_I_std": 2.373203835300563,
        "gnabar_E": 0.30242143098423063,
        "gnabar_E_std": 1.346571904018492,
        "gnabar_I": 2.764408202730923,
        "gnabar_I_std": 0.8517354267912948,
        "gpu": false,
        "hParams": {
            "celsius": 6.3,
            "clamp_resist": 0.001,
            "v_init": -65.0
        },
        "includeParamsLabel": true,
        "invertedYCoord": true,
        "networkType": "22May24",
        "oneSynPerNetcon": true,
        "printPopAvgRates": [
            100,
            1000.0
        ],
        "printRunTime": false,
        "printSynsAfterRule": false,
        "probEE": 0.024732610247552328,
        "probEE_std": 0.06770887609268678,
        "probEI": 0.4454051668300666,
        "probEI_std": 0.0014983494689522134,
        "probIE": 0.9309757892067385,
        "probIE_std": 0.2784990396703361,
        "probII": 0.863529750369764,
        "probII_std": 0.3322144009822135,
        "probLengthConst": 2999.04951205865,
        "propVelocity": 1.0,
        "pt3dRelativeToCellLocation": true,
        "rand123GlobalIndex": null,
        "random123": false,
        "recordCells": [
            [
                "E",
                [
                    16,
                    79
                ]
            ],
            [
                "I",
                [
                    28,
                    1
                ]
            ]
        ],
        "recordCellsSpikes": -1,
        "recordDipole": false,
        "recordDipolesHNN": false,
        "recordLFP": [],
        "recordStep": 0.1,
        "recordStim": false,
        "recordTime": true,
        "recordTraces": {
            "soma_voltage": {
                "loc": 0.5,
                "sec": "soma",
                "var": "v"
            }
        },
        "saveCSV": false,
        "saveCellConns": true,
        "saveCellSecs": true,
        "saveDat": false,
        "saveDataInclude": [
            "simData",
            "simConfig",
            "netParams",
            "net"
        ],
        "saveDipoleCells": false,
        "saveDipolePops": false,
        "saveDpk": false,
        "saveFolder": "/pscratch/sd/a/adammwea/2DNetworkSimulations/NERSC/output/240527_Run3_this_should_work/gen_19",
        "saveHDF5": false,
        "saveJson": true,
        "saveLFPCells": false,
        "saveLFPPops": false,
        "saveMat": false,
        "savePickle": false,
        "saveTiming": false,
        "seeds": {
            "cell": 1,
            "conn": 1,
            "loc": 1,
            "stim": 1
        },
        "simLabel": "gen_19_cand_37",
        "tau1_exc": 8.07223470911984,
        "tau1_exc_std": 0.6165800371219678,
        "tau1_inh": 0.04052824790900533,
        "tau1_inh_std": 0.12059699029652526,
        "tau2_exc": 0.7799895241277444,
        "tau2_exc_std": 4.533384477162453,
        "tau2_inh": 0.09576718404637541,
        "tau2_inh_std": 1.6858184425991825,
        "timestampFilename": false,
        "timing": true,
        "tstop": 1000.0,
        "use_fast_imem": false,
        "validateNetParams": false,
        "verbose": false,
        "weightEE": 0.9789190851675347,
        "weightEE_std": 0.058968117863675895,
        "weightEI": 0.7078515099325677,
        "weightEI_std": 0.10030954287975574,
        "weightIE": 0.7666483528196794,
        "weightIE_std": 0.1197166789509322,
        "weightII": 0.03698631737773543,
        "weightII_std": 0.037029147161454536
    }
}