{
    "simConfig": {
        "E_L_mean": 18.8,
        "E_L_stdev": 0.10082396577358965,
        "E_Ra_mean": 128.0,
        "E_Ra_stdev": 30.144864876815102,
        "E_diam_mean": 18.8,
        "E_diam_stdev": 4.453520937713495,
        "I_L_mean": 9.0,
        "I_L_stdev": 2.348355418738243,
        "I_Ra_mean": 110.0,
        "I_Ra_stdev": 1.0634893027540375,
        "I_diam_mean": 10.0,
        "I_diam_stdev": 0.0006736415774819399,
        "addSynMechs": true,
        "allowConnsWithWeight0": true,
        "allowSelfConns": false,
        "analysis": {},
        "backupCfgFile": [],
        "cache_efficient": true,
        "checkErrors": false,
        "compactConnFormat": false,
        "connRandomSecFromList": true,
        "coreneuron": false,
        "createNEURONObj": true,
        "createPyStruct": true,
        "cvode_active": false,
        "cvode_atol": 0.001,
        "distributeSynsUniformly": true,
        "dt": 0.025,
        "dump_coreneuron_model": false,
        "duration": 1000.0,
        "duration_seconds": 60.0,
        "filename": "model_output",
        "gatherOnlySimData": false,
        "gkbar_E": 0.3716805264617322,
        "gkbar_E_std": 0.01815174587443596,
        "gkbar_I": 7.346415266885483,
        "gkbar_I_std": 1.1292595196588622,
        "gnabar_E": 4.927116805782828,
        "gnabar_E_std": 0.14499582095444918,
        "gnabar_I": 0.42665701377616605,
        "gnabar_I_std": 0.06871180748035244,
        "gpu": false,
        "hParams": {
            "celsius": 6.3,
            "clamp_resist": 0.001,
            "v_init": -65.0
        },
        "includeParamsLabel": true,
        "invertedYCoord": true,
        "networkType": "22May24",
        "oneSynPerNetcon": true,
        "printPopAvgRates": [
            100,
            1000.0
        ],
        "printRunTime": false,
        "printSynsAfterRule": false,
        "probEE": 0.47131656732436494,
        "probEE_std": 0.17461738348825767,
        "probEI": 0.9080398669128413,
        "probEI_std": 0.037862855725808636,
        "probIE": 0.19142058008886154,
        "probIE_std": 0.33258464040217645,
        "probII": 0.8513005945261025,
        "probII_std": 0.16678672896094887,
        "probLengthConst": 1888.1961813171947,
        "propVelocity": 1.0,
        "pt3dRelativeToCellLocation": true,
        "rand123GlobalIndex": null,
        "random123": false,
        "recordCells": [
            [
                "E",
                [
                    16,
                    79
                ]
            ],
            [
                "I",
                [
                    28,
                    1
                ]
            ]
        ],
        "recordCellsSpikes": -1,
        "recordDipole": false,
        "recordDipolesHNN": false,
        "recordLFP": [],
        "recordStep": 0.1,
        "recordStim": false,
        "recordTime": true,
        "recordTraces": {
            "soma_voltage": {
                "loc": 0.5,
                "sec": "soma",
                "var": "v"
            }
        },
        "saveCSV": false,
        "saveCellConns": true,
        "saveCellSecs": true,
        "saveDat": false,
        "saveDataInclude": [
            "simData",
            "simConfig",
            "netParams",
            "net"
        ],
        "saveDipoleCells": false,
        "saveDipolePops": false,
        "saveDpk": false,
        "saveFolder": "/pscratch/sd/a/adammwea/2DNetworkSimulations/NERSC/output/240527_Run3_this_should_work/gen_19",
        "saveHDF5": false,
        "saveJson": true,
        "saveLFPCells": false,
        "saveLFPPops": false,
        "saveMat": false,
        "savePickle": false,
        "saveTiming": false,
        "seeds": {
            "cell": 1,
            "conn": 1,
            "loc": 1,
            "stim": 1
        },
        "simLabel": "gen_19_cand_8",
        "tau1_exc": 3.0806497433202997,
        "tau1_exc_std": 2.9544194892435387,
        "tau1_inh": 8.773637440773468,
        "tau1_inh_std": 0.00010645811434608791,
        "tau2_exc": 0.6926643757555233,
        "tau2_exc_std": 4.904399612084685,
        "tau2_inh": 13.256211532107905,
        "tau2_inh_std": 0.8183737377554916,
        "timestampFilename": false,
        "timing": true,
        "tstop": 1000.0,
        "use_fast_imem": false,
        "validateNetParams": false,
        "verbose": false,
        "weightEE": 0.23259746746561338,
        "weightEE_std": 0.12677423908576238,
        "weightEI": 0.776858886986396,
        "weightEI_std": 0.018924197664815443,
        "weightIE": 0.47773402915090124,
        "weightIE_std": 0.11773295560863262,
        "weightII": 0.0017864882263076134,
        "weightII_std": 0.0031481504457897547
    }
}