{
    "simConfig": {
        "E_L_mean": 18.8,
        "E_L_stdev": 1.6367990518163253,
        "E_Ra_mean": 128.0,
        "E_Ra_stdev": 2.300977173313104,
        "E_diam_mean": 18.8,
        "E_diam_stdev": 6.103243233809362,
        "I_L_mean": 9.0,
        "I_L_stdev": 1.7201907498741176,
        "I_Ra_mean": 110.0,
        "I_Ra_stdev": 15.71464769938208,
        "I_diam_mean": 10.0,
        "I_diam_stdev": 2.097175125660714,
        "addSynMechs": true,
        "allowConnsWithWeight0": true,
        "allowSelfConns": false,
        "analysis": {},
        "backupCfgFile": [],
        "cache_efficient": true,
        "checkErrors": false,
        "compactConnFormat": false,
        "connRandomSecFromList": true,
        "coreneuron": false,
        "createNEURONObj": true,
        "createPyStruct": true,
        "cvode_active": false,
        "cvode_atol": 0.001,
        "distributeSynsUniformly": true,
        "dt": 0.025,
        "dump_coreneuron_model": false,
        "duration": 1000.0,
        "duration_seconds": 300.0,
        "filename": "model_output",
        "gatherOnlySimData": false,
        "gkbar_E": 0.07087130593320706,
        "gkbar_E_std": 0.4772566054655853,
        "gkbar_I": 0.49186135296951883,
        "gkbar_I_std": 1.8551819976268025,
        "gnabar_E": 6.30947102255681,
        "gnabar_E_std": 1.1248586925773276,
        "gnabar_I": 1.826687304906482,
        "gnabar_I_std": 0.8113808274044985,
        "gpu": false,
        "hParams": {
            "celsius": 6.3,
            "clamp_resist": 0.001,
            "v_init": -65.0
        },
        "includeParamsLabel": true,
        "invertedYCoord": true,
        "networkType": "22May24",
        "oneSynPerNetcon": true,
        "printPopAvgRates": [
            100,
            1000.0
        ],
        "printRunTime": false,
        "printSynsAfterRule": false,
        "probEE": 0.5942722020295671,
        "probEE_std": 0.48422158663841786,
        "probEI": 0.6859258592884838,
        "probEI_std": 0.4547184848521007,
        "probIE": 0.715281941887657,
        "probIE_std": 0.3735021138915537,
        "probII": 0.3590081222955714,
        "probII_std": 0.3335682948009473,
        "probLengthConst": 1006.3895593055362,
        "propVelocity": 1.0,
        "pt3dRelativeToCellLocation": true,
        "rand123GlobalIndex": null,
        "random123": false,
        "recordCells": [
            [
                "E",
                [
                    65,
                    58
                ]
            ],
            [
                "I",
                [
                    22,
                    34
                ]
            ]
        ],
        "recordCellsSpikes": -1,
        "recordDipole": false,
        "recordDipolesHNN": false,
        "recordLFP": [],
        "recordStep": 0.1,
        "recordStim": false,
        "recordTime": true,
        "recordTraces": {
            "soma_voltage": {
                "loc": 0.5,
                "sec": "soma",
                "var": "v"
            }
        },
        "saveCSV": false,
        "saveCellConns": true,
        "saveCellSecs": true,
        "saveDat": false,
        "saveDataInclude": [
            "simData",
            "simConfig",
            "netParams",
            "net"
        ],
        "saveDipoleCells": false,
        "saveDipolePops": false,
        "saveDpk": false,
        "saveFolder": "/pscratch/sd/a/adammwea/2DNetworkSimulations/NERSC/output/240530_Run1_8nodes/gen_9",
        "saveHDF5": false,
        "saveJson": true,
        "saveLFPCells": false,
        "saveLFPPops": false,
        "saveMat": false,
        "savePickle": false,
        "saveTiming": false,
        "seeds": {
            "cell": 1,
            "conn": 1,
            "loc": 1,
            "stim": 1
        },
        "simLabel": "gen_9_cand_57",
        "tau1_exc": 6.480042661778056,
        "tau1_exc_std": 0.0675665940510577,
        "tau1_inh": 0.6243112246000342,
        "tau1_inh_std": 2.1194652882837524,
        "tau2_exc": 10.573578448049183,
        "tau2_exc_std": 8.025040727687408,
        "tau2_inh": 7.01585609133313,
        "tau2_inh_std": 3.584143868012836,
        "timestampFilename": false,
        "timing": true,
        "tstop": 1000.0,
        "use_fast_imem": false,
        "validateNetParams": false,
        "verbose": false,
        "weightEE": 0.04820116383549867,
        "weightEE_std": 0.4990107131499631,
        "weightEI": 1.8933586593083358,
        "weightEI_std": 0.28286474631317693,
        "weightIE": 0.5861329048723138,
        "weightIE_std": 0.0034417495335068993,
        "weightII": 1.922706235970665,
        "weightII_std": 0.21049372302420502
    }
}