{
    "simConfig": {
        "E_L_mean": 18.8,
        "E_L_stdev": 7.850985512232931,
        "E_Ra_mean": 128.0,
        "E_Ra_stdev": 40.01575552461461,
        "E_diam_mean": 18.8,
        "E_diam_stdev": 0.30038126106399654,
        "I_L_mean": 9.0,
        "I_L_stdev": 1.8999780395101131,
        "I_Ra_mean": 110.0,
        "I_Ra_stdev": 44.4553108579122,
        "I_diam_mean": 10.0,
        "I_diam_stdev": 0.013543958969850778,
        "addSynMechs": true,
        "allowConnsWithWeight0": true,
        "allowSelfConns": false,
        "analysis": {},
        "backupCfgFile": [],
        "cache_efficient": true,
        "checkErrors": false,
        "compactConnFormat": false,
        "connRandomSecFromList": true,
        "coreneuron": false,
        "createNEURONObj": true,
        "createPyStruct": true,
        "cvode_active": false,
        "cvode_atol": 0.001,
        "distributeSynsUniformly": true,
        "dt": 0.025,
        "dump_coreneuron_model": false,
        "duration": 1000.0,
        "duration_seconds": 300.0,
        "filename": "model_output",
        "gatherOnlySimData": false,
        "gkbar_E": 0.3481076169312908,
        "gkbar_E_std": 0.3919691344844626,
        "gkbar_I": 8.913323327463784,
        "gkbar_I_std": 1.0163551773094242,
        "gnabar_E": 3.953262511118262,
        "gnabar_E_std": 0.044186199224075934,
        "gnabar_I": 4.554196650316069,
        "gnabar_I_std": 0.7593397821021874,
        "gpu": false,
        "hParams": {
            "celsius": 6.3,
            "clamp_resist": 0.001,
            "v_init": -65.0
        },
        "includeParamsLabel": true,
        "invertedYCoord": true,
        "networkType": "22May24",
        "oneSynPerNetcon": true,
        "printPopAvgRates": [
            100,
            1000.0
        ],
        "printRunTime": false,
        "printSynsAfterRule": false,
        "probEE": 0.7457737300312445,
        "probEE_std": 0.44659846370664974,
        "probEI": 0.25025847103389537,
        "probEI_std": 0.26862194806065115,
        "probIE": 0.09466134253508535,
        "probIE_std": 0.49909258354199715,
        "probII": 0.0039001634233007433,
        "probII_std": 0.01121221552725371,
        "probLengthConst": 425.7798996555456,
        "propVelocity": 1.0,
        "pt3dRelativeToCellLocation": true,
        "rand123GlobalIndex": null,
        "random123": false,
        "recordCells": [
            [
                "E",
                [
                    65,
                    58
                ]
            ],
            [
                "I",
                [
                    22,
                    34
                ]
            ]
        ],
        "recordCellsSpikes": -1,
        "recordDipole": false,
        "recordDipolesHNN": false,
        "recordLFP": [],
        "recordStep": 0.1,
        "recordStim": false,
        "recordTime": true,
        "recordTraces": {
            "soma_voltage": {
                "loc": 0.5,
                "sec": "soma",
                "var": "v"
            }
        },
        "saveCSV": false,
        "saveCellConns": true,
        "saveCellSecs": true,
        "saveDat": false,
        "saveDataInclude": [
            "simData",
            "simConfig",
            "netParams",
            "net"
        ],
        "saveDipoleCells": false,
        "saveDipolePops": false,
        "saveDpk": false,
        "saveFolder": "/pscratch/sd/a/adammwea/2DNetworkSimulations/NERSC/output/240530_Run1_8nodes/gen_9",
        "saveHDF5": false,
        "saveJson": true,
        "saveLFPCells": false,
        "saveLFPPops": false,
        "saveMat": false,
        "savePickle": false,
        "saveTiming": false,
        "seeds": {
            "cell": 1,
            "conn": 1,
            "loc": 1,
            "stim": 1
        },
        "simLabel": "gen_9_cand_42",
        "tau1_exc": 2.626071380755927,
        "tau1_exc_std": 1.7145636697294517,
        "tau1_inh": 9.799221603597733,
        "tau1_inh_std": 1.5940882889095376,
        "tau2_exc": 0.0007478230386788453,
        "tau2_exc_std": 4.005905900256227,
        "tau2_inh": 9.433378221924288,
        "tau2_inh_std": 3.5918961342405944,
        "timestampFilename": false,
        "timing": true,
        "tstop": 1000.0,
        "use_fast_imem": false,
        "validateNetParams": false,
        "verbose": false,
        "weightEE": 0.01050835586682608,
        "weightEE_std": 0.1666855087968481,
        "weightEI": 0.678729184385891,
        "weightEI_std": 0.2756311465345045,
        "weightIE": 0.7729150349819738,
        "weightIE_std": 0.12334151804210168,
        "weightII": 0.6074076194080721,
        "weightII_std": 0.029480549622791855
    }
}