{
    "simConfig": {
        "E_L_mean": 18.8,
        "E_L_stdev": 0.501392134181092,
        "E_Ra_mean": 128.0,
        "E_Ra_stdev": 3.144563186434307,
        "E_diam_mean": 18.8,
        "E_diam_stdev": 3.4362944701937397,
        "I_L_mean": 9.0,
        "I_L_stdev": 2.0739577576037664,
        "I_Ra_mean": 110.0,
        "I_Ra_stdev": 49.299772527321615,
        "I_diam_mean": 10.0,
        "I_diam_stdev": 0.41670980315937123,
        "addSynMechs": true,
        "allowConnsWithWeight0": true,
        "allowSelfConns": false,
        "analysis": {},
        "backupCfgFile": [],
        "cache_efficient": true,
        "checkErrors": false,
        "compactConnFormat": false,
        "connRandomSecFromList": true,
        "coreneuron": false,
        "createNEURONObj": true,
        "createPyStruct": true,
        "cvode_active": false,
        "cvode_atol": 0.001,
        "distributeSynsUniformly": true,
        "dt": 0.025,
        "dump_coreneuron_model": false,
        "duration": 1000.0,
        "duration_seconds": 330.0,
        "filename": "model_output",
        "gatherOnlySimData": false,
        "gkbar_E": 0.8920564096094422,
        "gkbar_E_std": 0.03148446325672885,
        "gkbar_I": 9.293684493104738,
        "gkbar_I_std": 1.6808043365625962,
        "gnabar_E": 6.685149906798765,
        "gnabar_E_std": 1.3571568698986403,
        "gnabar_I": 3.314926239739208,
        "gnabar_I_std": 0.6732053316913773,
        "gpu": false,
        "hParams": {
            "celsius": 6.3,
            "clamp_resist": 0.001,
            "v_init": -65.0
        },
        "includeParamsLabel": true,
        "invertedYCoord": true,
        "networkType": "22May24",
        "oneSynPerNetcon": true,
        "printPopAvgRates": [
            100,
            1000.0
        ],
        "printRunTime": false,
        "printSynsAfterRule": false,
        "probEE": 0.23447810946799794,
        "probEE_std": 0.2984349113769615,
        "probEI": 0.8363496216167604,
        "probEI_std": 0.4991685090927291,
        "probIE": 0.6936682929721091,
        "probIE_std": 0.4497798423062897,
        "probII": 0.019476447340064457,
        "probII_std": 0.1510705394450248,
        "probLengthConst": 2877.064066096066,
        "propVelocity": 1.0,
        "pt3dRelativeToCellLocation": true,
        "rand123GlobalIndex": null,
        "random123": false,
        "recordCells": [
            [
                "E",
                [
                    68,
                    13
                ]
            ],
            [
                "I",
                [
                    4,
                    5
                ]
            ]
        ],
        "recordCellsSpikes": -1,
        "recordDipole": false,
        "recordDipolesHNN": false,
        "recordLFP": [],
        "recordStep": 0.1,
        "recordStim": false,
        "recordTime": true,
        "recordTraces": {
            "soma_voltage": {
                "loc": 0.5,
                "sec": "soma",
                "var": "v"
            }
        },
        "saveCSV": false,
        "saveCellConns": true,
        "saveCellSecs": true,
        "saveDat": false,
        "saveDataInclude": [
            "simData",
            "simConfig",
            "netParams",
            "net"
        ],
        "saveDipoleCells": false,
        "saveDipolePops": false,
        "saveDpk": false,
        "saveFolder": "/pscratch/sd/a/adammwea/2DNetworkSimulations/NERSC/output/240604_Run1_24n24hr/gen_4",
        "saveHDF5": false,
        "saveJson": true,
        "saveLFPCells": false,
        "saveLFPPops": false,
        "saveMat": false,
        "savePickle": false,
        "saveTiming": false,
        "seeds": {
            "cell": 1,
            "conn": 1,
            "loc": 1,
            "stim": 1
        },
        "simLabel": "gen_4_cand_177",
        "tau1_exc": 3.222496501459095,
        "tau1_exc_std": 2.837029750735012,
        "tau1_inh": 9.597852667273107,
        "tau1_inh_std": 1.3821525433997444,
        "tau2_exc": 18.506028953303723,
        "tau2_exc_std": 2.7506224434548963,
        "tau2_inh": 5.93449408999552,
        "tau2_inh_std": 8.251582080992021,
        "timestampFilename": false,
        "timing": true,
        "tstop": 1000.0,
        "use_fast_imem": false,
        "validateNetParams": false,
        "verbose": false,
        "weightEE": 1.8497344265016367,
        "weightEE_std": 0.4670010697071111,
        "weightEI": 1.8129316856868651,
        "weightEI_std": 0.26048671916240845,
        "weightIE": 0.9985074985913053,
        "weightIE_std": 0.15160630973853112,
        "weightII": 1.68696222557748,
        "weightII_std": 0.10868758396990452
    }
}