{
    "simConfig": {
        "E_L_mean": 18.8,
        "E_L_stdev": 9.159905603731703,
        "E_Ra_mean": 128.0,
        "E_Ra_stdev": 24.648030697440156,
        "E_diam_mean": 18.8,
        "E_diam_stdev": 6.126512572331675,
        "I_L_mean": 9.0,
        "I_L_stdev": 0.6796404762264883,
        "I_Ra_mean": 110.0,
        "I_Ra_stdev": 10.354542000728578,
        "I_diam_mean": 10.0,
        "I_diam_stdev": 0.22790615045758075,
        "addSynMechs": true,
        "allowConnsWithWeight0": true,
        "allowSelfConns": false,
        "analysis": {},
        "backupCfgFile": [],
        "cache_efficient": true,
        "checkErrors": false,
        "compactConnFormat": false,
        "connRandomSecFromList": true,
        "coreneuron": false,
        "createNEURONObj": true,
        "createPyStruct": true,
        "cvode_active": false,
        "cvode_atol": 0.001,
        "distributeSynsUniformly": true,
        "dt": 0.025,
        "dump_coreneuron_model": false,
        "duration": 1000.0,
        "duration_seconds": 330.0,
        "filename": "model_output",
        "gatherOnlySimData": false,
        "gkbar_E": 0.6054870702777554,
        "gkbar_E_std": 0.4985535769696471,
        "gkbar_I": 0.5934520785783444,
        "gkbar_I_std": 0.9151130887663605,
        "gnabar_E": 5.424468157250119,
        "gnabar_E_std": 0.6482871663347833,
        "gnabar_I": 0.7562395051887782,
        "gnabar_I_std": 0.2657536031213395,
        "gpu": false,
        "hParams": {
            "celsius": 6.3,
            "clamp_resist": 0.001,
            "v_init": -65.0
        },
        "includeParamsLabel": true,
        "invertedYCoord": true,
        "networkType": "22May24",
        "oneSynPerNetcon": true,
        "printPopAvgRates": [
            100,
            1000.0
        ],
        "printRunTime": false,
        "printSynsAfterRule": false,
        "probEE": 0.10642431320523882,
        "probEE_std": 0.3678075230444554,
        "probEI": 0.2546541860533022,
        "probEI_std": 0.052426804354395395,
        "probIE": 0.057157646288248085,
        "probIE_std": 0.29315967291668865,
        "probII": 0.6676391836424287,
        "probII_std": 0.4504522943308178,
        "probLengthConst": 2874.486841571255,
        "propVelocity": 1.0,
        "pt3dRelativeToCellLocation": true,
        "rand123GlobalIndex": null,
        "random123": false,
        "recordCells": [
            [
                "E",
                [
                    68,
                    13
                ]
            ],
            [
                "I",
                [
                    4,
                    5
                ]
            ]
        ],
        "recordCellsSpikes": -1,
        "recordDipole": false,
        "recordDipolesHNN": false,
        "recordLFP": [],
        "recordStep": 0.1,
        "recordStim": false,
        "recordTime": true,
        "recordTraces": {
            "soma_voltage": {
                "loc": 0.5,
                "sec": "soma",
                "var": "v"
            }
        },
        "saveCSV": false,
        "saveCellConns": true,
        "saveCellSecs": true,
        "saveDat": false,
        "saveDataInclude": [
            "simData",
            "simConfig",
            "netParams",
            "net"
        ],
        "saveDipoleCells": false,
        "saveDipolePops": false,
        "saveDpk": false,
        "saveFolder": "/pscratch/sd/a/adammwea/2DNetworkSimulations/NERSC/output/240604_Run1_24n24hr/gen_4",
        "saveHDF5": false,
        "saveJson": true,
        "saveLFPCells": false,
        "saveLFPPops": false,
        "saveMat": false,
        "savePickle": false,
        "saveTiming": false,
        "seeds": {
            "cell": 1,
            "conn": 1,
            "loc": 1,
            "stim": 1
        },
        "simLabel": "gen_4_cand_321",
        "tau1_exc": 0.005604903531485579,
        "tau1_exc_std": 0.1285191001213692,
        "tau1_inh": 4.636679467583826,
        "tau1_inh_std": 0.12795847041722108,
        "tau2_exc": 0.0468375320568466,
        "tau2_exc_std": 8.27426134173453,
        "tau2_inh": 5.601939715111927,
        "tau2_inh_std": 6.551141000988309,
        "timestampFilename": false,
        "timing": true,
        "tstop": 1000.0,
        "use_fast_imem": false,
        "validateNetParams": false,
        "verbose": false,
        "weightEE": 1.9152524346910313,
        "weightEE_std": 0.22382990776780626,
        "weightEI": 0.9333450855844037,
        "weightEI_std": 0.09801812618432133,
        "weightIE": 0.7696962495933715,
        "weightIE_std": 0.06622758186067629,
        "weightII": 0.20700446907605957,
        "weightII_std": 0.11946469881895412
    }
}