{
    "simConfig": {
        "E_L_mean": 18.8,
        "E_L_stdev": 7.078789659096272,
        "E_Ra_mean": 128.0,
        "E_Ra_stdev": 12.613771077312661,
        "E_diam_mean": 18.8,
        "E_diam_stdev": 0.29274238670165165,
        "I_L_mean": 9.0,
        "I_L_stdev": 2.834138395327656,
        "I_Ra_mean": 110.0,
        "I_Ra_stdev": 33.44725571725101,
        "I_diam_mean": 10.0,
        "I_diam_stdev": 1.623034903055862,
        "addSynMechs": true,
        "allowConnsWithWeight0": true,
        "allowSelfConns": false,
        "analysis": {},
        "backupCfgFile": [],
        "cache_efficient": true,
        "checkErrors": false,
        "compactConnFormat": false,
        "connRandomSecFromList": true,
        "coreneuron": false,
        "createNEURONObj": true,
        "createPyStruct": true,
        "cvode_active": false,
        "cvode_atol": 0.001,
        "distributeSynsUniformly": true,
        "dt": 0.025,
        "dump_coreneuron_model": false,
        "duration": 1000.0,
        "duration_seconds": 330.0,
        "filename": "model_output",
        "gatherOnlySimData": false,
        "gkbar_E": 0.027785390717034293,
        "gkbar_E_std": 0.0580247674562418,
        "gkbar_I": 6.66840812643396,
        "gkbar_I_std": 1.1498390855001457,
        "gnabar_E": 2.683389479062323,
        "gnabar_E_std": 1.4670549476889643,
        "gnabar_I": 4.571142657968255,
        "gnabar_I_std": 0.9654756582284565,
        "gpu": false,
        "hParams": {
            "celsius": 6.3,
            "clamp_resist": 0.001,
            "v_init": -65.0
        },
        "includeParamsLabel": true,
        "invertedYCoord": true,
        "networkType": "22May24",
        "oneSynPerNetcon": true,
        "printPopAvgRates": [
            100,
            1000.0
        ],
        "printRunTime": false,
        "printSynsAfterRule": false,
        "probEE": 0.7044103947777404,
        "probEE_std": 0.006412800603517354,
        "probEI": 0.8033184058984171,
        "probEI_std": 0.4086569263329184,
        "probIE": 0.18592856622241388,
        "probIE_std": 0.34416349413916053,
        "probII": 0.6881107676717504,
        "probII_std": 0.3751056952434041,
        "probLengthConst": 2137.4005154914375,
        "propVelocity": 1.0,
        "pt3dRelativeToCellLocation": true,
        "rand123GlobalIndex": null,
        "random123": false,
        "recordCells": [
            [
                "E",
                [
                    68,
                    13
                ]
            ],
            [
                "I",
                [
                    4,
                    5
                ]
            ]
        ],
        "recordCellsSpikes": -1,
        "recordDipole": false,
        "recordDipolesHNN": false,
        "recordLFP": [],
        "recordStep": 0.1,
        "recordStim": false,
        "recordTime": true,
        "recordTraces": {
            "soma_voltage": {
                "loc": 0.5,
                "sec": "soma",
                "var": "v"
            }
        },
        "saveCSV": false,
        "saveCellConns": true,
        "saveCellSecs": true,
        "saveDat": false,
        "saveDataInclude": [
            "simData",
            "simConfig",
            "netParams",
            "net"
        ],
        "saveDipoleCells": false,
        "saveDipolePops": false,
        "saveDpk": false,
        "saveFolder": "/pscratch/sd/a/adammwea/2DNetworkSimulations/NERSC/output/240604_Run1_24n24hr/gen_4",
        "saveHDF5": false,
        "saveJson": true,
        "saveLFPCells": false,
        "saveLFPPops": false,
        "saveMat": false,
        "savePickle": false,
        "saveTiming": false,
        "seeds": {
            "cell": 1,
            "conn": 1,
            "loc": 1,
            "stim": 1
        },
        "simLabel": "gen_4_cand_43",
        "tau1_exc": 0.8558304647370373,
        "tau1_exc_std": 0.39894319580748633,
        "tau1_inh": 1.9503307434225499,
        "tau1_inh_std": 0.8754945770954341,
        "tau2_exc": 23.286481678885018,
        "tau2_exc_std": 3.73130932223123,
        "tau2_inh": 11.985488758258676,
        "tau2_inh_std": 0.8745700551615698,
        "timestampFilename": false,
        "timing": true,
        "tstop": 1000.0,
        "use_fast_imem": false,
        "validateNetParams": false,
        "verbose": false,
        "weightEE": 1.8606591817214262,
        "weightEE_std": 0.10603872965443195,
        "weightEI": 1.50985037383272,
        "weightEI_std": 0.005472533188464132,
        "weightIE": 0.3863720655527555,
        "weightIE_std": 0.28614329241383313,
        "weightII": 1.2531077820599694,
        "weightII_std": 0.24914520660374806
    }
}