{
    "simConfig": {
        "E_L_mean": 18.8,
        "E_L_stdev": 6.362865290299743,
        "E_Ra_mean": 128.0,
        "E_Ra_stdev": 58.00163289051214,
        "E_diam_mean": 18.8,
        "E_diam_stdev": 0.6123267319837681,
        "I_L_mean": 9.0,
        "I_L_stdev": 2.3282944180515193,
        "I_Ra_mean": 110.0,
        "I_Ra_stdev": 54.246700242491244,
        "I_diam_mean": 10.0,
        "I_diam_stdev": 0.0592087243265762,
        "addSynMechs": true,
        "allowConnsWithWeight0": true,
        "allowSelfConns": false,
        "analysis": {},
        "backupCfgFile": [],
        "cache_efficient": true,
        "checkErrors": false,
        "compactConnFormat": false,
        "connRandomSecFromList": true,
        "coreneuron": false,
        "createNEURONObj": true,
        "createPyStruct": true,
        "cvode_active": false,
        "cvode_atol": 0.001,
        "distributeSynsUniformly": true,
        "dt": 0.025,
        "dump_coreneuron_model": false,
        "duration": 1000.0,
        "duration_seconds": 330.0,
        "filename": "model_output",
        "gatherOnlySimData": false,
        "gkbar_E": 0.6863436711394948,
        "gkbar_E_std": 0.48217955299036463,
        "gkbar_I": 5.576967685303934,
        "gkbar_I_std": 0.26406402253942574,
        "gnabar_E": 1.5445696709650343,
        "gnabar_E_std": 0.8513697857594543,
        "gnabar_I": 0.28229757382552156,
        "gnabar_I_std": 0.9901050117925606,
        "gpu": false,
        "hParams": {
            "celsius": 6.3,
            "clamp_resist": 0.001,
            "v_init": -65.0
        },
        "includeParamsLabel": true,
        "invertedYCoord": true,
        "networkType": "22May24",
        "oneSynPerNetcon": true,
        "printPopAvgRates": [
            100,
            1000.0
        ],
        "printRunTime": false,
        "printSynsAfterRule": false,
        "probEE": 0.1308733802994501,
        "probEE_std": 0.29414497713356563,
        "probEI": 0.591747356423242,
        "probEI_std": 0.2848023240299312,
        "probIE": 0.29622704554122353,
        "probIE_std": 0.4926411517052317,
        "probII": 0.012712008388740204,
        "probII_std": 0.05687553417062677,
        "probLengthConst": 1640.7135061340005,
        "propVelocity": 1.0,
        "pt3dRelativeToCellLocation": true,
        "rand123GlobalIndex": null,
        "random123": false,
        "recordCells": [
            [
                "E",
                [
                    68,
                    13
                ]
            ],
            [
                "I",
                [
                    4,
                    5
                ]
            ]
        ],
        "recordCellsSpikes": -1,
        "recordDipole": false,
        "recordDipolesHNN": false,
        "recordLFP": [],
        "recordStep": 0.1,
        "recordStim": false,
        "recordTime": true,
        "recordTraces": {
            "soma_voltage": {
                "loc": 0.5,
                "sec": "soma",
                "var": "v"
            }
        },
        "saveCSV": false,
        "saveCellConns": true,
        "saveCellSecs": true,
        "saveDat": false,
        "saveDataInclude": [
            "simData",
            "simConfig",
            "netParams",
            "net"
        ],
        "saveDipoleCells": false,
        "saveDipolePops": false,
        "saveDpk": false,
        "saveFolder": "/pscratch/sd/a/adammwea/2DNetworkSimulations/NERSC/output/240604_Run1_24n24hr/gen_4",
        "saveHDF5": false,
        "saveJson": true,
        "saveLFPCells": false,
        "saveLFPPops": false,
        "saveMat": false,
        "savePickle": false,
        "saveTiming": false,
        "seeds": {
            "cell": 1,
            "conn": 1,
            "loc": 1,
            "stim": 1
        },
        "simLabel": "gen_4_cand_132",
        "tau1_exc": 5.181945777755703,
        "tau1_exc_std": 0.20329561676296304,
        "tau1_inh": 4.055579733457828,
        "tau1_inh_std": 0.8538821486879068,
        "tau2_exc": 0.2578383234485996,
        "tau2_exc_std": 8.474280991363463,
        "tau2_inh": 15.742947120954623,
        "tau2_inh_std": 9.489591955365665,
        "timestampFilename": false,
        "timing": true,
        "tstop": 1000.0,
        "use_fast_imem": false,
        "validateNetParams": false,
        "verbose": false,
        "weightEE": 0.818008449944293,
        "weightEE_std": 0.05800115417229971,
        "weightEI": 0.2294049990892164,
        "weightEI_std": 0.0009703849545564169,
        "weightIE": 0.8366356753459345,
        "weightIE_std": 0.000950316508914587,
        "weightII": 0.06345762786740267,
        "weightII_std": 0.02862593948237857
    }
}