{
    "burstAmp_Fitness": {
        "Value": 0.6974724944647832,
        "Fit": 1000.0
    },
    "burst_peak_frequency_fitness": {
        "Value": 1.0615711252653928,
        "Fit": 78.99833304848863
    },
    "IBI_fitness": {
        "Value": 1042.5,
        "Fit": 2.703302619066715
    },
    "baseline_fitness": {
        "Value": 6.868274385839817,
        "Fit": 1000
    },
    "slopeFitness": {
        "Value": -0.006594704429074732,
        "Fit": 1.013276772781464
    },
    "thresh": {
        "Value": 6.648486972491855,
        "Fit": 0.19234070535168502
    },
    "sustain_oscillation_fitness": {
        "Value": 87.5,
        "Fit": 12.182493960703473
    },
    "rate_fitness": {
        "Value": 16.71230158730159,
        "Fit": 48.495984367584654
    },
    "maxFitness": 1000,
    "average_fitness": 267.9482164342471,
    "average_scaled_fitness": 267.80738599041524
}