{
    "burstAmp_Fitness": {
        "Value": 2.766446311419294,
        "Fit": 1000.0
    },
    "burst_peak_frequency_fitness": {
        "Value": 0.21097046413502107,
        "Fit": 1000
    },
    "IBI_fitness": {
        "Value": null,
        "Fit": 1000
    },
    "baseline_fitness": {
        "Value": 27.00358782802184,
        "Fit": 1000
    },
    "slopeFitness": {
        "Value": -0.007332503532252697,
        "Fit": 1.0147730658621144
    },
    "thresh": {
        "Value": 26.021484086663516,
        "Fit": 1000
    },
    "sustain_oscillation_fitness": {
        "Value": 86.90476190476191,
        "Fit": 13.722648170944307
    },
    "rate_fitness": {
        "Value": 49.904100529100525,
        "Fit": 501.7810858204483
    },
    "maxFitness": 1000,
    "average_fitness": 689.5648133821569,
    "average_scaled_fitness": 689.249472116258
}