{
    "BigBurstVal_Fitness": {
        "Value": 22848.936785612932,
        "Fit": 1000.0
    },
    "numBig_Fitness": {
        "Value": 2,
        "Percent": 100.0,
        "Fit": 1000
    },
    "SmallBurstVal_Fitness": {
        "Value": null,
        "Fit": 1000
    },
    "numSmall_Fitness": {
        "Value": 0,
        "Percent": 0.0,
        "Fit": 1000
    },
    "burst_peak_frequency_fitness": {
        "Value": 0.4878048780487804,
        "Fit": 1.4498226544625668
    },
    "IBI_fitness": {
        "Value": 3.4000000000000004,
        "Fit": 1.0004870200914757
    },
    "baseline_fitness": {
        "Value": 19594.607354884967,
        "Fit": 1000
    },
    "slopeFitness": {
        "Value": -98.95517728226031,
        "Fit": 1000
    },
    "thresh": {
        "Value": 18948.19911615703,
        "Fit": 1000
    },
    "sustain_oscillation_fitness": {
        "Value": 26.490066225165563,
        "Fit": 1000
    },
    "E_rate_fitness": {
        "Value": 83.68650793650792,
        "Fit": 1000
    },
    "I_rate_fitness": {
        "Value": 2.4537037037037037,
        "Fit": 1000
    },
    "maxFitness": 1000,
    "average_fitness": 833.5375258062128,
    "average_scaled_fitness": 0.8333708154699221
}