{
    "simConfig": {
        "E_L_mean": 18.8,
        "E_L_stdev": 0.39705195228905293,
        "E_Ra_mean": 128.0,
        "E_Ra_stdev": 22.76842405213835,
        "E_diam_mean": 18.8,
        "E_diam_stdev": 3.8591319354254376,
        "I_L_mean": 9.0,
        "I_L_stdev": 1.0448789654421031,
        "I_Ra_mean": 110.0,
        "I_Ra_stdev": 20.96784156508639,
        "I_diam_mean": 10.0,
        "I_diam_stdev": 2.9966902699019484,
        "addSynMechs": true,
        "allowConnsWithWeight0": true,
        "allowSelfConns": false,
        "analysis": {},
        "backupCfgFile": [],
        "cache_efficient": true,
        "checkErrors": false,
        "compactConnFormat": false,
        "connRandomSecFromList": true,
        "coreneuron": false,
        "createNEURONObj": true,
        "createPyStruct": true,
        "cvode_active": false,
        "cvode_atol": 0.001,
        "distributeSynsUniformly": true,
        "dt": 0.025,
        "dump_coreneuron_model": false,
        "duration": 1000.0,
        "duration_seconds": 60.0,
        "filename": "model_output",
        "gatherOnlySimData": false,
        "gkbar_E": 0.9536019284532867,
        "gkbar_E_std": 0.32599646029412127,
        "gkbar_I": 4.564137852042919,
        "gkbar_I_std": 2.367326496333243,
        "gnabar_E": 4.6937013380022385,
        "gnabar_E_std": 1.6384199705502018,
        "gnabar_I": 2.9409927298402088,
        "gnabar_I_std": 0.7041273513895241,
        "gpu": false,
        "hParams": {
            "celsius": 6.3,
            "clamp_resist": 0.001,
            "v_init": -65.0
        },
        "includeParamsLabel": true,
        "invertedYCoord": true,
        "networkType": "22May24",
        "oneSynPerNetcon": true,
        "printPopAvgRates": [
            100,
            1000.0
        ],
        "printRunTime": false,
        "printSynsAfterRule": false,
        "probEE": 0.18824776630727702,
        "probEE_std": 0.21921052293490476,
        "probEI": 0.959130552760243,
        "probEI_std": 0.12395823503940931,
        "probIE": 0.14447007949921511,
        "probIE_std": 0.19456799283023007,
        "probII": 0.2674922995800106,
        "probII_std": 0.02081447034057715,
        "probLengthConst": 1705.0679829263258,
        "propVelocity": 1.0,
        "pt3dRelativeToCellLocation": true,
        "rand123GlobalIndex": null,
        "random123": false,
        "recordCells": [
            [
                "E",
                [
                    16,
                    79
                ]
            ],
            [
                "I",
                [
                    28,
                    1
                ]
            ]
        ],
        "recordCellsSpikes": -1,
        "recordDipole": false,
        "recordDipolesHNN": false,
        "recordLFP": [],
        "recordStep": 0.1,
        "recordStim": false,
        "recordTime": true,
        "recordTraces": {
            "soma_voltage": {
                "loc": 0.5,
                "sec": "soma",
                "var": "v"
            }
        },
        "saveCSV": false,
        "saveCellConns": true,
        "saveCellSecs": true,
        "saveDat": false,
        "saveDataInclude": [
            "simData",
            "simConfig",
            "netParams",
            "net"
        ],
        "saveDipoleCells": false,
        "saveDipolePops": false,
        "saveDpk": false,
        "saveFolder": "/pscratch/sd/a/adammwea/2DNetworkSimulations/NERSC/output/240527_Run3_this_should_work/gen_4",
        "saveHDF5": false,
        "saveJson": true,
        "saveLFPCells": false,
        "saveLFPPops": false,
        "saveMat": false,
        "savePickle": false,
        "saveTiming": false,
        "seeds": {
            "cell": 1,
            "conn": 1,
            "loc": 1,
            "stim": 1
        },
        "simLabel": "gen_4_cand_62",
        "tau1_exc": 5.603457403114687,
        "tau1_exc_std": 3.062336866794857,
        "tau1_inh": 7.663794208346417,
        "tau1_inh_std": 2.89376653153189,
        "tau2_exc": 17.631444006036205,
        "tau2_exc_std": 2.0705467367897934,
        "tau2_inh": 4.4557411840028855,
        "tau2_inh_std": 6.0685701754798576,
        "timestampFilename": false,
        "timing": true,
        "tstop": 1000.0,
        "use_fast_imem": false,
        "validateNetParams": false,
        "verbose": false,
        "weightEE": 0.795764095165368,
        "weightEE_std": 0.1818892791217347,
        "weightEI": 0.42001350932214915,
        "weightEI_std": 0.28814369025383335,
        "weightIE": 0.47214047861310493,
        "weightIE_std": 0.030520927431967222,
        "weightII": 0.1483567506844944,
        "weightII_std": 0.11789909440829124
    }
}