{
    "simConfig": {
        "E_L_mean": 18.8,
        "E_L_stdev": 3.570797636836144,
        "E_Ra_mean": 128.0,
        "E_Ra_stdev": 62.22205131906219,
        "E_diam_mean": 18.8,
        "E_diam_stdev": 2.2511875892981053,
        "I_L_mean": 9.0,
        "I_L_stdev": 0.43792393927571815,
        "I_Ra_mean": 110.0,
        "I_Ra_stdev": 9.17177658455659,
        "I_diam_mean": 10.0,
        "I_diam_stdev": 3.2749475789449063,
        "addSynMechs": true,
        "allowConnsWithWeight0": true,
        "allowSelfConns": false,
        "analysis": {},
        "backupCfgFile": [],
        "cache_efficient": true,
        "checkErrors": false,
        "compactConnFormat": false,
        "connRandomSecFromList": true,
        "coreneuron": false,
        "createNEURONObj": true,
        "createPyStruct": true,
        "cvode_active": false,
        "cvode_atol": 0.001,
        "distributeSynsUniformly": true,
        "dt": 0.025,
        "dump_coreneuron_model": false,
        "duration": 1000.0,
        "duration_seconds": 300.0,
        "filename": "model_output",
        "gatherOnlySimData": false,
        "gkbar_E": 0.393073892754314,
        "gkbar_E_std": 0.14374032819741214,
        "gkbar_I": 6.087300008303746,
        "gkbar_I_std": 2.177651444282891,
        "gnabar_E": 6.697138453167899,
        "gnabar_E_std": 0.07361386689217968,
        "gnabar_I": 3.1754869966219665,
        "gnabar_I_std": 0.5026533584075583,
        "gpu": false,
        "hParams": {
            "celsius": 6.3,
            "clamp_resist": 0.001,
            "v_init": -65.0
        },
        "includeParamsLabel": true,
        "invertedYCoord": true,
        "networkType": "22May24",
        "oneSynPerNetcon": true,
        "printPopAvgRates": [
            100,
            1000.0
        ],
        "printRunTime": false,
        "printSynsAfterRule": false,
        "probEE": 0.5811960181672575,
        "probEE_std": 0.23158738100761303,
        "probEI": 0.9621575791363135,
        "probEI_std": 0.07664936932546443,
        "probIE": 0.1768447932747942,
        "probIE_std": 0.2422483447908743,
        "probII": 0.5487854221528471,
        "probII_std": 0.33651329014792863,
        "probLengthConst": 2600.1979325443513,
        "propVelocity": 1.0,
        "pt3dRelativeToCellLocation": true,
        "rand123GlobalIndex": null,
        "random123": false,
        "recordCells": [
            [
                "E",
                [
                    24,
                    73
                ]
            ],
            [
                "I",
                [
                    41,
                    25
                ]
            ]
        ],
        "recordCellsSpikes": -1,
        "recordDipole": false,
        "recordDipolesHNN": false,
        "recordLFP": [],
        "recordStep": 0.1,
        "recordStim": false,
        "recordTime": true,
        "recordTraces": {
            "soma_voltage": {
                "loc": 0.5,
                "sec": "soma",
                "var": "v"
            }
        },
        "saveCSV": false,
        "saveCellConns": true,
        "saveCellSecs": true,
        "saveDat": false,
        "saveDataInclude": [
            "simData",
            "simConfig",
            "netParams",
            "net"
        ],
        "saveDipoleCells": false,
        "saveDipolePops": false,
        "saveDpk": false,
        "saveFolder": "/pscratch/sd/a/adammwea/2DNetworkSimulations/NERSC/output/240529_Run1_8nodes/gen_3",
        "saveHDF5": false,
        "saveJson": true,
        "saveLFPCells": false,
        "saveLFPPops": false,
        "saveMat": false,
        "savePickle": false,
        "saveTiming": false,
        "seeds": {
            "cell": 1,
            "conn": 1,
            "loc": 1,
            "stim": 1
        },
        "simLabel": "gen_3_cand_46",
        "tau1_exc": 0.028813931881224608,
        "tau1_exc_std": 2.642747708063569,
        "tau1_inh": 7.658270626461453,
        "tau1_inh_std": 0.3252630969540934,
        "tau2_exc": 11.82525163249934,
        "tau2_exc_std": 6.172562407841951,
        "tau2_inh": 4.621036349735481,
        "tau2_inh_std": 4.153592653442489,
        "timestampFilename": false,
        "timing": true,
        "tstop": 1000.0,
        "use_fast_imem": false,
        "validateNetParams": false,
        "verbose": false,
        "weightEE": 0.003722384127807843,
        "weightEE_std": 0.018402655679040737,
        "weightEI": 0.10269876696578639,
        "weightEI_std": 0.0035436926416881715,
        "weightIE": 0.22556129987836843,
        "weightIE_std": 0.07586598187940996,
        "weightII": 1.9095994608380722,
        "weightII_std": 0.004500791577773788
    }
}