{
    "simConfig": {
        "E_L_mean": 18.8,
        "E_L_stdev": 4.4264234232307444,
        "E_Ra_mean": 128.0,
        "E_Ra_stdev": 59.09930575647915,
        "E_diam_mean": 18.8,
        "E_diam_stdev": 0.4016667983154667,
        "I_L_mean": 9.0,
        "I_L_stdev": 1.6144559685453297,
        "I_Ra_mean": 110.0,
        "I_Ra_stdev": 7.611256463674692,
        "I_diam_mean": 10.0,
        "I_diam_stdev": 3.2601904890665785,
        "addSynMechs": true,
        "allowConnsWithWeight0": true,
        "allowSelfConns": false,
        "analysis": {},
        "backupCfgFile": [],
        "cache_efficient": true,
        "checkErrors": false,
        "compactConnFormat": false,
        "connRandomSecFromList": true,
        "coreneuron": false,
        "createNEURONObj": true,
        "createPyStruct": true,
        "cvode_active": false,
        "cvode_atol": 0.001,
        "distributeSynsUniformly": true,
        "dt": 0.025,
        "dump_coreneuron_model": false,
        "duration": 1000.0,
        "duration_seconds": 300.0,
        "filename": "model_output",
        "gatherOnlySimData": false,
        "gkbar_E": 0.08527434869705786,
        "gkbar_E_std": 0.03241655095994392,
        "gkbar_I": 0.3905110780037613,
        "gkbar_I_std": 2.017712192044235,
        "gnabar_E": 1.7404346632739855,
        "gnabar_E_std": 0.17866706269930327,
        "gnabar_I": 0.0027254370774037334,
        "gnabar_I_std": 0.42710765908074444,
        "gpu": false,
        "hParams": {
            "celsius": 6.3,
            "clamp_resist": 0.001,
            "v_init": -65.0
        },
        "includeParamsLabel": true,
        "invertedYCoord": true,
        "networkType": "22May24",
        "oneSynPerNetcon": true,
        "printPopAvgRates": [
            100,
            1000.0
        ],
        "printRunTime": false,
        "printSynsAfterRule": false,
        "probEE": 0.657493486165786,
        "probEE_std": 0.280839168972672,
        "probEI": 0.5429251798590755,
        "probEI_std": 0.27951587865410216,
        "probIE": 0.04018587368704851,
        "probIE_std": 0.49174866419834784,
        "probII": 0.19694319789400083,
        "probII_std": 0.17654711922559668,
        "probLengthConst": 254.32840944799955,
        "propVelocity": 1.0,
        "pt3dRelativeToCellLocation": true,
        "rand123GlobalIndex": null,
        "random123": false,
        "recordCells": [
            [
                "E",
                [
                    24,
                    73
                ]
            ],
            [
                "I",
                [
                    41,
                    25
                ]
            ]
        ],
        "recordCellsSpikes": -1,
        "recordDipole": false,
        "recordDipolesHNN": false,
        "recordLFP": [],
        "recordStep": 0.1,
        "recordStim": false,
        "recordTime": true,
        "recordTraces": {
            "soma_voltage": {
                "loc": 0.5,
                "sec": "soma",
                "var": "v"
            }
        },
        "saveCSV": false,
        "saveCellConns": true,
        "saveCellSecs": true,
        "saveDat": false,
        "saveDataInclude": [
            "simData",
            "simConfig",
            "netParams",
            "net"
        ],
        "saveDipoleCells": false,
        "saveDipolePops": false,
        "saveDpk": false,
        "saveFolder": "/pscratch/sd/a/adammwea/2DNetworkSimulations/NERSC/output/240529_Run1_8nodes/gen_3",
        "saveHDF5": false,
        "saveJson": true,
        "saveLFPCells": false,
        "saveLFPPops": false,
        "saveMat": false,
        "savePickle": false,
        "saveTiming": false,
        "seeds": {
            "cell": 1,
            "conn": 1,
            "loc": 1,
            "stim": 1
        },
        "simLabel": "gen_3_cand_40",
        "tau1_exc": 0.4226537670719031,
        "tau1_exc_std": 3.2630236891025794,
        "tau1_inh": 4.961686881226085,
        "tau1_inh_std": 0.36350666925103026,
        "tau2_exc": 11.373800611571536,
        "tau2_exc_std": 3.142240411211924,
        "tau2_inh": 19.278948975489847,
        "tau2_inh_std": 5.339464943779203,
        "timestampFilename": false,
        "timing": true,
        "tstop": 1000.0,
        "use_fast_imem": false,
        "validateNetParams": false,
        "verbose": false,
        "weightEE": 1.6437284307049964,
        "weightEE_std": 0.27097388802604133,
        "weightEI": 0.15006647519647243,
        "weightEI_std": 0.3305784557568344,
        "weightIE": 0.9255257030944641,
        "weightIE_std": 0.16000654236016987,
        "weightII": 0.6403865617376745,
        "weightII_std": 0.248610316594492
    }
}