{
    "burstAmp_Fitness": 1000.0,
    "IBI_fitness": 3.6965894692037096,
    "baselineFitness": 2.050271221827284,
    "slopeFitness": 1.0000090844612866,
    "baseline_diff_fitness": 1000,
    "burst_peak_frequency_fitness": 1000,
    "rate_fitness": 507.2092962421796,
    "maxFitness": 1000,
    "average_fitness": 501.99373800252454,
    "average_scaled_fitness": 501.4952287025798
}