{"rate_fitness": 1000.0, "BurstVal_fitness": 1000.0, "IBI_fitness": 1000, "baselineFitness": 1.8218429098385065, "slopeFitness": 1.007835933648411, "baseline_diff_fitness": 1000, "burst_peak_frequency": 223.05255300769107, "fitness": 603.6974616930254, "average_scaled_fitness": 603.2976508105495, "maxFitness": 1000}