{
    "simConfig": {
        "E_L_mean": 18.8,
        "E_L_stdev": 4.708948549550421,
        "E_Ra_mean": 128.0,
        "E_Ra_stdev": 59.02681403254984,
        "E_diam_mean": 18.8,
        "E_diam_stdev": 2.2750640385674505,
        "I_L_mean": 9.0,
        "I_L_stdev": 0.14890489003494434,
        "I_Ra_mean": 110.0,
        "I_Ra_stdev": 9.094948419790086,
        "I_diam_mean": 10.0,
        "I_diam_stdev": 0.003874281444856984,
        "addSynMechs": true,
        "allowConnsWithWeight0": true,
        "allowSelfConns": false,
        "analysis": {},
        "backupCfgFile": [],
        "cache_efficient": true,
        "checkErrors": false,
        "compactConnFormat": false,
        "connRandomSecFromList": true,
        "coreneuron": false,
        "createNEURONObj": true,
        "createPyStruct": true,
        "cvode_active": false,
        "cvode_atol": 0.001,
        "distributeSynsUniformly": true,
        "dt": 0.025,
        "dump_coreneuron_model": false,
        "duration": 1000.0,
        "duration_seconds": 330.0,
        "filename": "model_output",
        "gatherOnlySimData": false,
        "gkbar_E": 0.5176586817022105,
        "gkbar_E_std": 0.3294360757875679,
        "gkbar_I": 8.496001937670776,
        "gkbar_I_std": 0.49023201797405436,
        "gnabar_E": 0.6015403186087769,
        "gnabar_E_std": 0.3057184414116042,
        "gnabar_I": 4.651588740582753,
        "gnabar_I_std": 0.8907704179847715,
        "gpu": false,
        "hParams": {
            "celsius": 6.3,
            "clamp_resist": 0.001,
            "v_init": -65.0
        },
        "includeParamsLabel": true,
        "invertedYCoord": true,
        "networkType": "22May24",
        "oneSynPerNetcon": true,
        "printPopAvgRates": [
            100,
            1000.0
        ],
        "printRunTime": false,
        "printSynsAfterRule": false,
        "probEE": 0.6702959846546896,
        "probEE_std": 0.09354141364625357,
        "probEI": 0.9610319056062075,
        "probEI_std": 0.3172590074286401,
        "probIE": 0.5675854823042332,
        "probIE_std": 0.21279198991840825,
        "probII": 0.5823231865378949,
        "probII_std": 0.095378776402729,
        "probLengthConst": 2873.1520289744294,
        "propVelocity": 1.0,
        "pt3dRelativeToCellLocation": true,
        "rand123GlobalIndex": null,
        "random123": false,
        "recordCells": [
            [
                "E",
                [
                    68,
                    13
                ]
            ],
            [
                "I",
                [
                    4,
                    5
                ]
            ]
        ],
        "recordCellsSpikes": -1,
        "recordDipole": false,
        "recordDipolesHNN": false,
        "recordLFP": [],
        "recordStep": 0.1,
        "recordStim": false,
        "recordTime": true,
        "recordTraces": {
            "soma_voltage": {
                "loc": 0.5,
                "sec": "soma",
                "var": "v"
            }
        },
        "saveCSV": false,
        "saveCellConns": true,
        "saveCellSecs": true,
        "saveDat": false,
        "saveDataInclude": [
            "simData",
            "simConfig",
            "netParams",
            "net"
        ],
        "saveDipoleCells": false,
        "saveDipolePops": false,
        "saveDpk": false,
        "saveFolder": "/pscratch/sd/a/adammwea/2DNetworkSimulations/NERSC/output/240604_Run1_24n24hr/gen_1",
        "saveHDF5": false,
        "saveJson": true,
        "saveLFPCells": false,
        "saveLFPPops": false,
        "saveMat": false,
        "savePickle": false,
        "saveTiming": false,
        "seeds": {
            "cell": 1,
            "conn": 1,
            "loc": 1,
            "stim": 1
        },
        "simLabel": "gen_1_cand_205",
        "tau1_exc": 7.212736199451756,
        "tau1_exc_std": 1.4943643571001586,
        "tau1_inh": 0.2554284972893859,
        "tau1_inh_std": 1.6506014901094068,
        "tau2_exc": 0.3086770008540918,
        "tau2_exc_std": 9.264597256212049,
        "tau2_inh": 14.21310770577018,
        "tau2_inh_std": 2.2755568368810577,
        "timestampFilename": false,
        "timing": true,
        "tstop": 1000.0,
        "use_fast_imem": false,
        "validateNetParams": false,
        "verbose": false,
        "weightEE": 1.3352482476445222,
        "weightEE_std": 0.05201535794743646,
        "weightEI": 0.3509532919627143,
        "weightEI_std": 0.001956148441918092,
        "weightIE": 0.6509895845434926,
        "weightIE_std": 0.12837861959159247,
        "weightII": 0.4419647711822622,
        "weightII_std": 0.017748244099046528
    }
}