{
    "simConfig": {
        "E_L_mean": 18.8,
        "E_L_stdev": 0.421605447175792,
        "E_Ra_mean": 128.0,
        "E_Ra_stdev": 61.27670941761064,
        "E_diam_mean": 18.8,
        "E_diam_stdev": 5.964299247882525,
        "I_L_mean": 9.0,
        "I_L_stdev": 2.264200867868909,
        "I_Ra_mean": 110.0,
        "I_Ra_stdev": 54.28961784396368,
        "I_diam_mean": 10.0,
        "I_diam_stdev": 0.06248192150999404,
        "addSynMechs": true,
        "allowConnsWithWeight0": true,
        "allowSelfConns": false,
        "analysis": {},
        "backupCfgFile": [],
        "cache_efficient": true,
        "checkErrors": false,
        "compactConnFormat": false,
        "connRandomSecFromList": true,
        "coreneuron": false,
        "createNEURONObj": true,
        "createPyStruct": true,
        "cvode_active": false,
        "cvode_atol": 0.001,
        "distributeSynsUniformly": true,
        "dt": 0.025,
        "dump_coreneuron_model": false,
        "duration": 1000.0,
        "duration_seconds": 330.0,
        "filename": "model_output",
        "gatherOnlySimData": false,
        "gkbar_E": 0.3036205819208565,
        "gkbar_E_std": 0.21618284026338486,
        "gkbar_I": 1.4076892957181264,
        "gkbar_I_std": 0.01400026373505181,
        "gnabar_E": 6.023739042521079,
        "gnabar_E_std": 1.5700828449251016,
        "gnabar_I": 0.6530687741342908,
        "gnabar_I_std": 0.14918653975624752,
        "gpu": false,
        "hParams": {
            "celsius": 6.3,
            "clamp_resist": 0.001,
            "v_init": -65.0
        },
        "includeParamsLabel": true,
        "invertedYCoord": true,
        "networkType": "22May24",
        "oneSynPerNetcon": true,
        "printPopAvgRates": [
            100,
            1000.0
        ],
        "printRunTime": false,
        "printSynsAfterRule": false,
        "probEE": 0.34087839048727053,
        "probEE_std": 0.006143959808658152,
        "probEI": 0.4710155098783844,
        "probEI_std": 0.10643466894912214,
        "probIE": 0.14964714379023186,
        "probIE_std": 0.2147148465446814,
        "probII": 0.018966668886167874,
        "probII_std": 0.21874292073081533,
        "probLengthConst": 74.8677760809289,
        "propVelocity": 1.0,
        "pt3dRelativeToCellLocation": true,
        "rand123GlobalIndex": null,
        "random123": false,
        "recordCells": [
            [
                "E",
                [
                    68,
                    13
                ]
            ],
            [
                "I",
                [
                    4,
                    5
                ]
            ]
        ],
        "recordCellsSpikes": -1,
        "recordDipole": false,
        "recordDipolesHNN": false,
        "recordLFP": [],
        "recordStep": 0.1,
        "recordStim": false,
        "recordTime": true,
        "recordTraces": {
            "soma_voltage": {
                "loc": 0.5,
                "sec": "soma",
                "var": "v"
            }
        },
        "saveCSV": false,
        "saveCellConns": true,
        "saveCellSecs": true,
        "saveDat": false,
        "saveDataInclude": [
            "simData",
            "simConfig",
            "netParams",
            "net"
        ],
        "saveDipoleCells": false,
        "saveDipolePops": false,
        "saveDpk": false,
        "saveFolder": "/pscratch/sd/a/adammwea/2DNetworkSimulations/NERSC/output/240604_Run1_24n24hr/gen_1",
        "saveHDF5": false,
        "saveJson": true,
        "saveLFPCells": false,
        "saveLFPPops": false,
        "saveMat": false,
        "savePickle": false,
        "saveTiming": false,
        "seeds": {
            "cell": 1,
            "conn": 1,
            "loc": 1,
            "stim": 1
        },
        "simLabel": "gen_1_cand_22",
        "tau1_exc": 0.15412369572759688,
        "tau1_exc_std": 1.9600671375482532,
        "tau1_inh": 8.452935693367305,
        "tau1_inh_std": 1.3540073463117075,
        "tau2_exc": 0.14085345259588777,
        "tau2_exc_std": 8.448180012652172,
        "tau2_inh": 8.439444149222346,
        "tau2_inh_std": 9.428968352689715,
        "timestampFilename": false,
        "timing": true,
        "tstop": 1000.0,
        "use_fast_imem": false,
        "validateNetParams": false,
        "verbose": false,
        "weightEE": 1.9929044072871869,
        "weightEE_std": 0.08235682141118278,
        "weightEI": 1.6312884269903205,
        "weightEI_std": 0.09298651807104749,
        "weightIE": 0.2547435848748079,
        "weightIE_std": 0.25752369701251115,
        "weightII": 0.017367282538669027,
        "weightII_std": 0.10626900271691253
    }
}