{
    "simConfig": {
        "E_L_mean": 18.8,
        "E_L_stdev": 6.632952628477321,
        "E_Ra_mean": 128.0,
        "E_Ra_stdev": 20.166337871660126,
        "E_diam_mean": 18.8,
        "E_diam_stdev": 1.596820222991448,
        "I_L_mean": 9.0,
        "I_L_stdev": 0.9601585502416763,
        "I_Ra_mean": 110.0,
        "I_Ra_stdev": 1.6235564351404506,
        "I_diam_mean": 10.0,
        "I_diam_stdev": 3.1821325458143823,
        "addSynMechs": true,
        "allowConnsWithWeight0": true,
        "allowSelfConns": false,
        "analysis": {},
        "backupCfgFile": [],
        "cache_efficient": true,
        "checkErrors": false,
        "compactConnFormat": false,
        "connRandomSecFromList": true,
        "coreneuron": false,
        "createNEURONObj": true,
        "createPyStruct": true,
        "cvode_active": false,
        "cvode_atol": 0.001,
        "distributeSynsUniformly": true,
        "dt": 0.025,
        "dump_coreneuron_model": false,
        "duration": 1000.0,
        "duration_seconds": 330.0,
        "filename": "model_output",
        "gatherOnlySimData": false,
        "gkbar_E": 0.5431639570628958,
        "gkbar_E_std": 0.428339636329487,
        "gkbar_I": 3.799266629358244,
        "gkbar_I_std": 1.467406169658699,
        "gnabar_E": 1.6876486362667567,
        "gnabar_E_std": 0.4034763543567954,
        "gnabar_I": 2.381070080934083,
        "gnabar_I_std": 0.2581462310645339,
        "gpu": false,
        "hParams": {
            "celsius": 6.3,
            "clamp_resist": 0.001,
            "v_init": -65.0
        },
        "includeParamsLabel": true,
        "invertedYCoord": true,
        "networkType": "22May24",
        "oneSynPerNetcon": true,
        "printPopAvgRates": [
            100,
            1000.0
        ],
        "printRunTime": false,
        "printSynsAfterRule": false,
        "probEE": 0.6802259669237818,
        "probEE_std": 0.2566897035360198,
        "probEI": 0.39676306998646854,
        "probEI_std": 0.06865697132227377,
        "probIE": 0.29921753833683706,
        "probIE_std": 0.43267584335413023,
        "probII": 0.6720027895968166,
        "probII_std": 0.11942315887968855,
        "probLengthConst": 1000.8950068442331,
        "propVelocity": 1.0,
        "pt3dRelativeToCellLocation": true,
        "rand123GlobalIndex": null,
        "random123": false,
        "recordCells": [
            [
                "E",
                [
                    68,
                    13
                ]
            ],
            [
                "I",
                [
                    4,
                    5
                ]
            ]
        ],
        "recordCellsSpikes": -1,
        "recordDipole": false,
        "recordDipolesHNN": false,
        "recordLFP": [],
        "recordStep": 0.1,
        "recordStim": false,
        "recordTime": true,
        "recordTraces": {
            "soma_voltage": {
                "loc": 0.5,
                "sec": "soma",
                "var": "v"
            }
        },
        "saveCSV": false,
        "saveCellConns": true,
        "saveCellSecs": true,
        "saveDat": false,
        "saveDataInclude": [
            "simData",
            "simConfig",
            "netParams",
            "net"
        ],
        "saveDipoleCells": false,
        "saveDipolePops": false,
        "saveDpk": false,
        "saveFolder": "/pscratch/sd/a/adammwea/2DNetworkSimulations/NERSC/output/240604_Run1_24n24hr/gen_1",
        "saveHDF5": false,
        "saveJson": true,
        "saveLFPCells": false,
        "saveLFPPops": false,
        "saveMat": false,
        "savePickle": false,
        "saveTiming": false,
        "seeds": {
            "cell": 1,
            "conn": 1,
            "loc": 1,
            "stim": 1
        },
        "simLabel": "gen_1_cand_79",
        "tau1_exc": 1.2874939604802416,
        "tau1_exc_std": 1.9166203523019434,
        "tau1_inh": 1.3634949667840326,
        "tau1_inh_std": 2.061512763441669,
        "tau2_exc": 3.572000881367564,
        "tau2_exc_std": 2.2224444619052055,
        "tau2_inh": 2.4764514211491484,
        "tau2_inh_std": 5.274049829577743,
        "timestampFilename": false,
        "timing": true,
        "tstop": 1000.0,
        "use_fast_imem": false,
        "validateNetParams": false,
        "verbose": false,
        "weightEE": 0.06660406856186758,
        "weightEE_std": 0.05794700536519498,
        "weightEI": 0.7889169529354848,
        "weightEI_std": 0.3141955802462406,
        "weightIE": 0.9609823146417548,
        "weightIE_std": 0.3011582200656122,
        "weightII": 0.7473365228991877,
        "weightII_std": 0.009099243356042213
    }
}