{
    "simConfig": {
        "E_L_mean": 18.8,
        "E_L_stdev": 0.9364628123471496,
        "E_Ra_mean": 128.0,
        "E_Ra_stdev": 34.81788014153741,
        "E_diam_mean": 18.8,
        "E_diam_stdev": 0.7493383193195616,
        "I_L_mean": 9.0,
        "I_L_stdev": 0.2286873053408195,
        "I_Ra_mean": 110.0,
        "I_Ra_stdev": 22.04714575775875,
        "I_diam_mean": 10.0,
        "I_diam_stdev": 1.8867091843787658,
        "addSynMechs": true,
        "allowConnsWithWeight0": true,
        "allowSelfConns": false,
        "analysis": {},
        "backupCfgFile": [],
        "cache_efficient": true,
        "checkErrors": false,
        "compactConnFormat": false,
        "connRandomSecFromList": true,
        "coreneuron": false,
        "createNEURONObj": true,
        "createPyStruct": true,
        "cvode_active": false,
        "cvode_atol": 0.001,
        "distributeSynsUniformly": true,
        "dt": 0.025,
        "dump_coreneuron_model": false,
        "duration": 1000.0,
        "duration_seconds": 60.0,
        "filename": "model_output",
        "gatherOnlySimData": false,
        "gkbar_E": 0.03046987524911815,
        "gkbar_E_std": 0.32135083754250016,
        "gkbar_I": 4.438188144215287,
        "gkbar_I_std": 2.2047257155569597,
        "gnabar_E": 4.979947576210624,
        "gnabar_E_std": 1.5108414869368623,
        "gnabar_I": 2.7886628442027206,
        "gnabar_I_std": 0.8562993328676274,
        "gpu": false,
        "hParams": {
            "celsius": 6.3,
            "clamp_resist": 0.001,
            "v_init": -65.0
        },
        "includeParamsLabel": true,
        "invertedYCoord": true,
        "networkType": "22May24",
        "oneSynPerNetcon": true,
        "printPopAvgRates": [
            100,
            1000.0
        ],
        "printRunTime": false,
        "printSynsAfterRule": false,
        "probEE": 0.011525531933615631,
        "probEE_std": 0.2450327068186836,
        "probEI": 0.28379039942949613,
        "probEI_std": 0.12865342086287854,
        "probIE": 0.6816997015179856,
        "probIE_std": 0.09711263536251329,
        "probII": 0.7906086219747255,
        "probII_std": 0.23968606744163362,
        "probLengthConst": 2641.091991023696,
        "propVelocity": 1.0,
        "pt3dRelativeToCellLocation": true,
        "rand123GlobalIndex": null,
        "random123": false,
        "recordCells": [
            [
                "E",
                [
                    16,
                    79
                ]
            ],
            [
                "I",
                [
                    28,
                    1
                ]
            ]
        ],
        "recordCellsSpikes": -1,
        "recordDipole": false,
        "recordDipolesHNN": false,
        "recordLFP": [],
        "recordStep": 0.1,
        "recordStim": false,
        "recordTime": true,
        "recordTraces": {
            "soma_voltage": {
                "loc": 0.5,
                "sec": "soma",
                "var": "v"
            }
        },
        "saveCSV": false,
        "saveCellConns": true,
        "saveCellSecs": true,
        "saveDat": false,
        "saveDataInclude": [
            "simData",
            "simConfig",
            "netParams",
            "net"
        ],
        "saveDipoleCells": false,
        "saveDipolePops": false,
        "saveDpk": false,
        "saveFolder": "/pscratch/sd/a/adammwea/2DNetworkSimulations/NERSC/output/240527_Run3_this_should_work/gen_15",
        "saveHDF5": false,
        "saveJson": true,
        "saveLFPCells": false,
        "saveLFPPops": false,
        "saveMat": false,
        "savePickle": false,
        "saveTiming": false,
        "seeds": {
            "cell": 1,
            "conn": 1,
            "loc": 1,
            "stim": 1
        },
        "simLabel": "gen_15_cand_46",
        "tau1_exc": 7.950928122156986,
        "tau1_exc_std": 0.23036397950231668,
        "tau1_inh": 2.5808380359866425,
        "tau1_inh_std": 0.2740743870403466,
        "tau2_exc": 0.07575184126307924,
        "tau2_exc_std": 0.22911656084219978,
        "tau2_inh": 0.024620413152716313,
        "tau2_inh_std": 3.4942563266922315,
        "timestampFilename": false,
        "timing": true,
        "tstop": 1000.0,
        "use_fast_imem": false,
        "validateNetParams": false,
        "verbose": false,
        "weightEE": 0.36512733697674327,
        "weightEE_std": 0.32112641260317876,
        "weightEI": 0.025423236637760194,
        "weightEI_std": 0.3161280898985942,
        "weightIE": 0.19839837365787272,
        "weightIE_std": 0.0529245606298457,
        "weightII": 0.03960442557458681,
        "weightII_std": 0.010010421326756253
    }
}