{
    "simConfig": {
        "E_L_mean": 18.8,
        "E_L_stdev": 4.677843549383789,
        "E_Ra_mean": 128.0,
        "E_Ra_stdev": 1.2940017864357247,
        "E_diam_mean": 18.8,
        "E_diam_stdev": 4.656380786085258,
        "I_L_mean": 9.0,
        "I_L_stdev": 0.9347395582008149,
        "I_Ra_mean": 110.0,
        "I_Ra_stdev": 34.93934057855945,
        "I_diam_mean": 10.0,
        "I_diam_stdev": 1.1075036551351496,
        "addSynMechs": true,
        "allowConnsWithWeight0": true,
        "allowSelfConns": false,
        "analysis": {},
        "backupCfgFile": [],
        "cache_efficient": true,
        "checkErrors": false,
        "compactConnFormat": false,
        "connRandomSecFromList": true,
        "coreneuron": false,
        "createNEURONObj": true,
        "createPyStruct": true,
        "cvode_active": false,
        "cvode_atol": 0.001,
        "distributeSynsUniformly": true,
        "dt": 0.025,
        "dump_coreneuron_model": false,
        "duration": 1000.0,
        "duration_seconds": 60.0,
        "filename": "model_output",
        "gatherOnlySimData": false,
        "gkbar_E": 0.06647307252860062,
        "gkbar_E_std": 0.02119766314213234,
        "gkbar_I": 0.432271007511138,
        "gkbar_I_std": 2.3995155154030807,
        "gnabar_E": 4.859300610905569,
        "gnabar_E_std": 1.041507521274219,
        "gnabar_I": 2.2453003325231538,
        "gnabar_I_std": 0.6535564619245485,
        "gpu": false,
        "hParams": {
            "celsius": 6.3,
            "clamp_resist": 0.001,
            "v_init": -65.0
        },
        "includeParamsLabel": true,
        "invertedYCoord": true,
        "networkType": "22May24",
        "oneSynPerNetcon": true,
        "printPopAvgRates": [
            100,
            1000.0
        ],
        "printRunTime": false,
        "printSynsAfterRule": false,
        "probEE": 0.2861503005033469,
        "probEE_std": 0.32198341320649226,
        "probEI": 0.6532517626258105,
        "probEI_std": 0.002479245244322942,
        "probIE": 0.1621558290940607,
        "probIE_std": 0.004658668554236033,
        "probII": 0.9996588270440495,
        "probII_std": 0.32650820698528865,
        "probLengthConst": 1062.9706487963695,
        "propVelocity": 1.0,
        "pt3dRelativeToCellLocation": true,
        "rand123GlobalIndex": null,
        "random123": false,
        "recordCells": [
            [
                "E",
                [
                    16,
                    79
                ]
            ],
            [
                "I",
                [
                    28,
                    1
                ]
            ]
        ],
        "recordCellsSpikes": -1,
        "recordDipole": false,
        "recordDipolesHNN": false,
        "recordLFP": [],
        "recordStep": 0.1,
        "recordStim": false,
        "recordTime": true,
        "recordTraces": {
            "soma_voltage": {
                "loc": 0.5,
                "sec": "soma",
                "var": "v"
            }
        },
        "saveCSV": false,
        "saveCellConns": true,
        "saveCellSecs": true,
        "saveDat": false,
        "saveDataInclude": [
            "simData",
            "simConfig",
            "netParams",
            "net"
        ],
        "saveDipoleCells": false,
        "saveDipolePops": false,
        "saveDpk": false,
        "saveFolder": "/pscratch/sd/a/adammwea/2DNetworkSimulations/NERSC/output/240527_Run3_this_should_work/gen_15",
        "saveHDF5": false,
        "saveJson": true,
        "saveLFPCells": false,
        "saveLFPPops": false,
        "saveMat": false,
        "savePickle": false,
        "saveTiming": false,
        "seeds": {
            "cell": 1,
            "conn": 1,
            "loc": 1,
            "stim": 1
        },
        "simLabel": "gen_15_cand_22",
        "tau1_exc": 2.211168449168205,
        "tau1_exc_std": 0.18852483905652617,
        "tau1_inh": 9.177108569130693,
        "tau1_inh_std": 3.3188436870394726,
        "tau2_exc": 10.37517321986237,
        "tau2_exc_std": 6.663521780086237,
        "tau2_inh": 19.542663428368012,
        "tau2_inh_std": 1.8581920249076478,
        "timestampFilename": false,
        "timing": true,
        "tstop": 1000.0,
        "use_fast_imem": false,
        "validateNetParams": false,
        "verbose": false,
        "weightEE": 0.010089173147009186,
        "weightEE_std": 0.20274855874228237,
        "weightEI": 0.41570556672329806,
        "weightEI_std": 0.02968810426937043,
        "weightIE": 0.7566513518884057,
        "weightIE_std": 0.041767869233807875,
        "weightII": 0.033157968758794676,
        "weightII_std": 0.023067172893265323
    }
}