{
    "BigBurstVal_Fitness": {
        "Value": null,
        "Fit": 1000
    },
    "numBig_Fitness": {
        "Value": 0,
        "Percent": 0.0,
        "Fit": 1000
    },
    "SmallBurstVal_Fitness": {
        "Value": 753.8333010510311,
        "Fit": 1.0003250453154233
    },
    "numSmall_Fitness": {
        "Value": 1,
        "Percent": 100.0,
        "Fit": 1000
    },
    "burst_peak_frequency_fitness": {
        "Value": 0.06802721088435373,
        "Fit": 1.0495236824453669
    },
    "IBI_fitness": {
        "Value": null,
        "Fit": 1000
    },
    "baseline_fitness": {
        "Value": 749.354443973879,
        "Fit": 1000
    },
    "slopeFitness": {
        "Value": 0.0036073080380712667,
        "Fit": 1.0011104113797087
    },
    "thresh": {
        "Value": 721.736837684529,
        "Fit": 0.026733503578394314
    },
    "sustain_oscillation_fitness": {
        "Value": 87.41721854304636,
        "Fit": 32.64898537752051
    },
    "E_rate_fitness": {
        "Value": 0.9841269841269841,
        "Fit": 1.1126675354988371
    },
    "I_rate_fitness": {
        "Value": 0.7407407407407407,
        "Fit": 1000
    },
    "maxFitness": 1000,
    "average_fitness": 503.06994546297824,
    "average_scaled_fitness": 0.5030566604264315
}