{
    "BigBurstVal_Fitness": {
        "Value": null,
        "Fit": 1000
    },
    "numBig_Fitness": {
        "Value": 0,
        "Percent": 0.0,
        "Fit": 1000
    },
    "SmallBurstVal_Fitness": {
        "Value": 126.46992817864988,
        "Fit": 1000.0
    },
    "numSmall_Fitness": {
        "Value": 17,
        "Percent": 100.0,
        "Fit": 1000
    },
    "burst_peak_frequency_fitness": {
        "Value": 1.1564625850340136,
        "Fit": 1000
    },
    "IBI_fitness": {
        "Value": 0.8562500000000001,
        "Fit": 1.0007169492720014
    },
    "baseline_fitness": {
        "Value": 125.0252253036919,
        "Fit": 1000
    },
    "slopeFitness": {
        "Value": -0.001969405671293863,
        "Fit": 1.0044769099318855
    },
    "thresh": {
        "Value": 124.04797277182587,
        "Fit": 1000
    },
    "sustain_oscillation_fitness": {
        "Value": 96.02649006622516,
        "Fit": 167.9149739195781
    },
    "E_rate_fitness": {
        "Value": 0.43253968253968256,
        "Fit": 1.5602202296660033
    },
    "I_rate_fitness": {
        "Value": 0.02777777777777778,
        "Fit": 1000
    },
    "maxFitness": 1000,
    "average_fitness": 680.956699000704,
    "average_scaled_fitness": 0.6806371071408513
}