{
    "burstAmp_Fitness": {
        "Value": 5.6555732333901485,
        "Fit": 1000.0
    },
    "burst_peak_frequency_fitness": {
        "Value": 0.20449897750511248,
        "Fit": 1000
    },
    "IBI_fitness": {
        "Value": null,
        "Fit": 1000
    },
    "baseline_fitness": {
        "Value": 17.87756204712478,
        "Fit": 1000
    },
    "slopeFitness": {
        "Value": 0.05382614506621932,
        "Fit": 1.1136604473300422
    },
    "thresh": {
        "Value": 14.045662575297628,
        "Fit": 1000
    },
    "sustain_oscillation_fitness": {
        "Value": 50.595238095238095,
        "Fit": 1000
    },
    "rate_fitness": {
        "Value": 7.470899470899472,
        "Fit": 6.028257306350211
    },
    "maxFitness": 1000,
    "average_fitness": 750.8927397192101,
    "average_scaled_fitness": 750.6150095191538
}