{
    "simConfig": {
        "E_L_mean": 18.8,
        "E_L_stdev": 9.396820596826577,
        "E_Ra_mean": 128.0,
        "E_Ra_stdev": 2.5093656457085265,
        "E_diam_mean": 18.8,
        "E_diam_stdev": 5.387558460108344,
        "I_L_mean": 9.0,
        "I_L_stdev": 2.714289877667137,
        "I_Ra_mean": 110.0,
        "I_Ra_stdev": 22.30578091808589,
        "I_diam_mean": 10.0,
        "I_diam_stdev": 1.025735363594103,
        "addSynMechs": true,
        "allowConnsWithWeight0": true,
        "allowSelfConns": false,
        "analysis": {},
        "backupCfgFile": [],
        "cache_efficient": true,
        "checkErrors": false,
        "compactConnFormat": false,
        "connRandomSecFromList": true,
        "coreneuron": false,
        "createNEURONObj": true,
        "createPyStruct": true,
        "cvode_active": false,
        "cvode_atol": 0.001,
        "distributeSynsUniformly": true,
        "dt": 0.025,
        "dump_coreneuron_model": false,
        "duration": 1000.0,
        "duration_seconds": 330.0,
        "filename": "model_output",
        "gatherOnlySimData": false,
        "gkbar_E": 0.02702054280070437,
        "gkbar_E_std": 0.038604356043933356,
        "gkbar_I": 7.441780976626074,
        "gkbar_I_std": 2.357737852068709,
        "gnabar_E": 6.992666502129476,
        "gnabar_E_std": 1.3547088025221354,
        "gnabar_I": 0.07941028402094907,
        "gnabar_I_std": 0.0027949083800740543,
        "gpu": false,
        "hParams": {
            "celsius": 6.3,
            "clamp_resist": 0.001,
            "v_init": -65.0
        },
        "includeParamsLabel": true,
        "invertedYCoord": true,
        "networkType": "22May24",
        "oneSynPerNetcon": true,
        "printPopAvgRates": [
            100,
            1000.0
        ],
        "printRunTime": false,
        "printSynsAfterRule": false,
        "probEE": 0.24904976424101852,
        "probEE_std": 0.028890666134573584,
        "probEI": 0.706904353705373,
        "probEI_std": 0.49543315611539596,
        "probIE": 0.5589700176012147,
        "probIE_std": 0.4435959331268976,
        "probII": 0.0028955678885489774,
        "probII_std": 0.41422491597828504,
        "probLengthConst": 2717.273128762788,
        "propVelocity": 1.0,
        "pt3dRelativeToCellLocation": true,
        "rand123GlobalIndex": null,
        "random123": false,
        "recordCells": [
            [
                "E",
                [
                    68,
                    13
                ]
            ],
            [
                "I",
                [
                    4,
                    5
                ]
            ]
        ],
        "recordCellsSpikes": -1,
        "recordDipole": false,
        "recordDipolesHNN": false,
        "recordLFP": [],
        "recordStep": 0.1,
        "recordStim": false,
        "recordTime": true,
        "recordTraces": {
            "soma_voltage": {
                "loc": 0.5,
                "sec": "soma",
                "var": "v"
            }
        },
        "saveCSV": false,
        "saveCellConns": true,
        "saveCellSecs": true,
        "saveDat": false,
        "saveDataInclude": [
            "simData",
            "simConfig",
            "netParams",
            "net"
        ],
        "saveDipoleCells": false,
        "saveDipolePops": false,
        "saveDpk": false,
        "saveFolder": "/pscratch/sd/a/adammwea/2DNetworkSimulations/NERSC/output/240604_Run1_24n24hr/gen_6",
        "saveHDF5": false,
        "saveJson": true,
        "saveLFPCells": false,
        "saveLFPPops": false,
        "saveMat": false,
        "savePickle": false,
        "saveTiming": false,
        "seeds": {
            "cell": 1,
            "conn": 1,
            "loc": 1,
            "stim": 1
        },
        "simLabel": "gen_6_cand_153",
        "tau1_exc": 7.454434243679167,
        "tau1_exc_std": 2.692967774765145,
        "tau1_inh": 4.620338505874319,
        "tau1_inh_std": 3.3264488795118976,
        "tau2_exc": 28.788428270142415,
        "tau2_exc_std": 8.484531835421775,
        "tau2_inh": 8.120586153884092,
        "tau2_inh_std": 8.86817532778272,
        "timestampFilename": false,
        "timing": true,
        "tstop": 1000.0,
        "use_fast_imem": false,
        "validateNetParams": false,
        "verbose": false,
        "weightEE": 1.487457345078748,
        "weightEE_std": 0.37856726827828785,
        "weightEI": 0.793767605058403,
        "weightEI_std": 0.0036972954181966264,
        "weightIE": 0.9848148695554999,
        "weightIE_std": 0.017210362423202397,
        "weightII": 0.06755243885848788,
        "weightII_std": 0.11732299101427564
    }
}