{
    "simConfig": {
        "E_L_mean": 18.8,
        "E_L_stdev": 9.313025896406394,
        "E_Ra_mean": 128.0,
        "E_Ra_stdev": 63.30840687402476,
        "E_diam_mean": 18.8,
        "E_diam_stdev": 4.516775816025698,
        "I_L_mean": 9.0,
        "I_L_stdev": 1.8744123937496797,
        "I_Ra_mean": 110.0,
        "I_Ra_stdev": 1.0679043753318798,
        "I_diam_mean": 10.0,
        "I_diam_stdev": 3.300654524635986,
        "addSynMechs": true,
        "allowConnsWithWeight0": true,
        "allowSelfConns": false,
        "analysis": {},
        "backupCfgFile": [],
        "cache_efficient": true,
        "checkErrors": false,
        "compactConnFormat": false,
        "connRandomSecFromList": true,
        "coreneuron": false,
        "createNEURONObj": true,
        "createPyStruct": true,
        "cvode_active": false,
        "cvode_atol": 0.001,
        "distributeSynsUniformly": true,
        "dt": 0.025,
        "dump_coreneuron_model": false,
        "duration": 1000.0,
        "duration_seconds": 330.0,
        "filename": "model_output",
        "gatherOnlySimData": false,
        "gkbar_E": 0.0009455685407256534,
        "gkbar_E_std": 0.4284233718595573,
        "gkbar_I": 3.0702916559783855,
        "gkbar_I_std": 1.1828111949687574,
        "gnabar_E": 2.8073533290679777,
        "gnabar_E_std": 0.833669621347162,
        "gnabar_I": 4.419062281795189,
        "gnabar_I_std": 0.800826619112076,
        "gpu": false,
        "hParams": {
            "celsius": 6.3,
            "clamp_resist": 0.001,
            "v_init": -65.0
        },
        "includeParamsLabel": true,
        "invertedYCoord": true,
        "networkType": "22May24",
        "oneSynPerNetcon": true,
        "printPopAvgRates": [
            100,
            1000.0
        ],
        "printRunTime": false,
        "printSynsAfterRule": false,
        "probEE": 0.07359475188854155,
        "probEE_std": 0.3464798105987998,
        "probEI": 0.9667344682389601,
        "probEI_std": 0.061358735880048476,
        "probIE": 0.6959514823578106,
        "probIE_std": 0.2911400520365424,
        "probII": 0.3069190238849125,
        "probII_std": 0.024580968601570854,
        "probLengthConst": 2433.2807979246927,
        "propVelocity": 1.0,
        "pt3dRelativeToCellLocation": true,
        "rand123GlobalIndex": null,
        "random123": false,
        "recordCells": [
            [
                "E",
                [
                    68,
                    13
                ]
            ],
            [
                "I",
                [
                    4,
                    5
                ]
            ]
        ],
        "recordCellsSpikes": -1,
        "recordDipole": false,
        "recordDipolesHNN": false,
        "recordLFP": [],
        "recordStep": 0.1,
        "recordStim": false,
        "recordTime": true,
        "recordTraces": {
            "soma_voltage": {
                "loc": 0.5,
                "sec": "soma",
                "var": "v"
            }
        },
        "saveCSV": false,
        "saveCellConns": true,
        "saveCellSecs": true,
        "saveDat": false,
        "saveDataInclude": [
            "simData",
            "simConfig",
            "netParams",
            "net"
        ],
        "saveDipoleCells": false,
        "saveDipolePops": false,
        "saveDpk": false,
        "saveFolder": "/pscratch/sd/a/adammwea/2DNetworkSimulations/NERSC/output/240604_Run1_24n24hr/gen_6",
        "saveHDF5": false,
        "saveJson": true,
        "saveLFPCells": false,
        "saveLFPPops": false,
        "saveMat": false,
        "savePickle": false,
        "saveTiming": false,
        "seeds": {
            "cell": 1,
            "conn": 1,
            "loc": 1,
            "stim": 1
        },
        "simLabel": "gen_6_cand_245",
        "tau1_exc": 1.3362028685824483,
        "tau1_exc_std": 2.3764876016854855,
        "tau1_inh": 1.1892177768482077,
        "tau1_inh_std": 2.0087627599323703,
        "tau2_exc": 24.89804028049491,
        "tau2_exc_std": 0.04422281639881831,
        "tau2_inh": 2.362194985718908,
        "tau2_inh_std": 0.004610728247467222,
        "timestampFilename": false,
        "timing": true,
        "tstop": 1000.0,
        "use_fast_imem": false,
        "validateNetParams": false,
        "verbose": false,
        "weightEE": 0.1155891711106048,
        "weightEE_std": 0.36582408187260645,
        "weightEI": 0.08914543848254317,
        "weightEI_std": 0.2578268077193305,
        "weightIE": 0.9930596759598933,
        "weightIE_std": 0.333045050020555,
        "weightII": 0.5880071732976511,
        "weightII_std": 0.16506413040435808
    }
}