{
    "simConfig": {
        "E_L_mean": 18.8,
        "E_L_stdev": 7.961121360804933,
        "E_Ra_mean": 128.0,
        "E_Ra_stdev": 32.99796222196569,
        "E_diam_mean": 18.8,
        "E_diam_stdev": 4.334442209600663,
        "I_L_mean": 9.0,
        "I_L_stdev": 0.006988408209646464,
        "I_Ra_mean": 110.0,
        "I_Ra_stdev": 51.71980285540972,
        "I_diam_mean": 10.0,
        "I_diam_stdev": 0.8237161237180447,
        "addSynMechs": true,
        "allowConnsWithWeight0": true,
        "allowSelfConns": false,
        "analysis": {},
        "backupCfgFile": [],
        "cache_efficient": true,
        "checkErrors": false,
        "compactConnFormat": false,
        "connRandomSecFromList": true,
        "coreneuron": false,
        "createNEURONObj": true,
        "createPyStruct": true,
        "cvode_active": false,
        "cvode_atol": 0.001,
        "distributeSynsUniformly": true,
        "dt": 0.025,
        "dump_coreneuron_model": false,
        "duration": 1000.0,
        "duration_seconds": 330.0,
        "filename": "model_output",
        "gatherOnlySimData": false,
        "gkbar_E": 0.0008705256084610451,
        "gkbar_E_std": 0.4891419288864432,
        "gkbar_I": 0.1618048117587052,
        "gkbar_I_std": 2.188443229539698,
        "gnabar_E": 6.889638806708289,
        "gnabar_E_std": 0.0267484342155746,
        "gnabar_I": 4.916409089992913,
        "gnabar_I_std": 0.04463634614542823,
        "gpu": false,
        "hParams": {
            "celsius": 6.3,
            "clamp_resist": 0.001,
            "v_init": -65.0
        },
        "includeParamsLabel": true,
        "invertedYCoord": true,
        "networkType": "22May24",
        "oneSynPerNetcon": true,
        "printPopAvgRates": [
            100,
            1000.0
        ],
        "printRunTime": false,
        "printSynsAfterRule": false,
        "probEE": 0.7437570416365266,
        "probEE_std": 0.09077296279201981,
        "probEI": 0.9696261149471861,
        "probEI_std": 0.3015491454899004,
        "probIE": 0.5370564645965084,
        "probIE_std": 0.008060813786560067,
        "probII": 0.49239548639370256,
        "probII_std": 0.498673374043503,
        "probLengthConst": 2998.744889361947,
        "propVelocity": 1.0,
        "pt3dRelativeToCellLocation": true,
        "rand123GlobalIndex": null,
        "random123": false,
        "recordCells": [
            [
                "E",
                [
                    68,
                    13
                ]
            ],
            [
                "I",
                [
                    4,
                    5
                ]
            ]
        ],
        "recordCellsSpikes": -1,
        "recordDipole": false,
        "recordDipolesHNN": false,
        "recordLFP": [],
        "recordStep": 0.1,
        "recordStim": false,
        "recordTime": true,
        "recordTraces": {
            "soma_voltage": {
                "loc": 0.5,
                "sec": "soma",
                "var": "v"
            }
        },
        "saveCSV": false,
        "saveCellConns": true,
        "saveCellSecs": true,
        "saveDat": false,
        "saveDataInclude": [
            "simData",
            "simConfig",
            "netParams",
            "net"
        ],
        "saveDipoleCells": false,
        "saveDipolePops": false,
        "saveDpk": false,
        "saveFolder": "/pscratch/sd/a/adammwea/2DNetworkSimulations/NERSC/output/240604_Run1_24n24hr/gen_6",
        "saveHDF5": false,
        "saveJson": true,
        "saveLFPCells": false,
        "saveLFPPops": false,
        "saveMat": false,
        "savePickle": false,
        "saveTiming": false,
        "seeds": {
            "cell": 1,
            "conn": 1,
            "loc": 1,
            "stim": 1
        },
        "simLabel": "gen_6_cand_169",
        "tau1_exc": 3.4699111772241196,
        "tau1_exc_std": 0.2727043825665487,
        "tau1_inh": 2.191142565644199,
        "tau1_inh_std": 0.03463739667113974,
        "tau2_exc": 19.47131807126409,
        "tau2_exc_std": 6.093354952322371,
        "tau2_inh": 15.647578026761881,
        "tau2_inh_std": 4.688777960712583,
        "timestampFilename": false,
        "timing": true,
        "tstop": 1000.0,
        "use_fast_imem": false,
        "validateNetParams": false,
        "verbose": false,
        "weightEE": 0.3946097119549292,
        "weightEE_std": 0.4903730236120784,
        "weightEI": 0.48405913372059245,
        "weightEI_std": 0.26947567877100964,
        "weightIE": 0.5842446351809715,
        "weightIE_std": 0.2449157276842453,
        "weightII": 0.4876120930903871,
        "weightII_std": 0.24501556672449032
    }
}