{
    "simConfig": {
        "E_L_mean": 18.8,
        "E_L_stdev": 6.4182766643266564,
        "E_Ra_mean": 128.0,
        "E_Ra_stdev": 21.14388618037451,
        "E_diam_mean": 18.8,
        "E_diam_stdev": 4.627210419150369,
        "I_L_mean": 9.0,
        "I_L_stdev": 0.38636198724839255,
        "I_Ra_mean": 110.0,
        "I_Ra_stdev": 54.979218936717295,
        "I_diam_mean": 10.0,
        "I_diam_stdev": 1.693760083808421,
        "addSynMechs": true,
        "allowConnsWithWeight0": true,
        "allowSelfConns": false,
        "analysis": {},
        "backupCfgFile": [],
        "cache_efficient": true,
        "checkErrors": false,
        "compactConnFormat": false,
        "connRandomSecFromList": true,
        "coreneuron": false,
        "createNEURONObj": true,
        "createPyStruct": true,
        "cvode_active": false,
        "cvode_atol": 0.001,
        "distributeSynsUniformly": true,
        "dt": 0.025,
        "dump_coreneuron_model": false,
        "duration": 1000.0,
        "duration_seconds": 330.0,
        "filename": "model_output",
        "gatherOnlySimData": false,
        "gkbar_E": 0.3931525274271519,
        "gkbar_E_std": 0.32859494604977213,
        "gkbar_I": 6.476695529258161,
        "gkbar_I_std": 0.896684694651293,
        "gnabar_E": 1.9727914329356633,
        "gnabar_E_std": 0.0012862625331143567,
        "gnabar_I": 4.699272043661498,
        "gnabar_I_std": 0.2429326825319891,
        "gpu": false,
        "hParams": {
            "celsius": 6.3,
            "clamp_resist": 0.001,
            "v_init": -65.0
        },
        "includeParamsLabel": true,
        "invertedYCoord": true,
        "networkType": "22May24",
        "oneSynPerNetcon": true,
        "printPopAvgRates": [
            100,
            1000.0
        ],
        "printRunTime": false,
        "printSynsAfterRule": false,
        "probEE": 0.1465964573055954,
        "probEE_std": 0.11965776408222983,
        "probEI": 0.25018873749287385,
        "probEI_std": 0.33178285986632877,
        "probIE": 0.3209127916474932,
        "probIE_std": 0.0005711155668707293,
        "probII": 0.17335988723506873,
        "probII_std": 0.2426306113712853,
        "probLengthConst": 509.0207695502188,
        "propVelocity": 1.0,
        "pt3dRelativeToCellLocation": true,
        "rand123GlobalIndex": null,
        "random123": false,
        "recordCells": [
            [
                "E",
                [
                    68,
                    13
                ]
            ],
            [
                "I",
                [
                    4,
                    5
                ]
            ]
        ],
        "recordCellsSpikes": -1,
        "recordDipole": false,
        "recordDipolesHNN": false,
        "recordLFP": [],
        "recordStep": 0.1,
        "recordStim": false,
        "recordTime": true,
        "recordTraces": {
            "soma_voltage": {
                "loc": 0.5,
                "sec": "soma",
                "var": "v"
            }
        },
        "saveCSV": false,
        "saveCellConns": true,
        "saveCellSecs": true,
        "saveDat": false,
        "saveDataInclude": [
            "simData",
            "simConfig",
            "netParams",
            "net"
        ],
        "saveDipoleCells": false,
        "saveDipolePops": false,
        "saveDpk": false,
        "saveFolder": "/pscratch/sd/a/adammwea/2DNetworkSimulations/NERSC/output/240604_Run1_24n24hr/gen_6",
        "saveHDF5": false,
        "saveJson": true,
        "saveLFPCells": false,
        "saveLFPPops": false,
        "saveMat": false,
        "savePickle": false,
        "saveTiming": false,
        "seeds": {
            "cell": 1,
            "conn": 1,
            "loc": 1,
            "stim": 1
        },
        "simLabel": "gen_6_cand_69",
        "tau1_exc": 0.7960924566996022,
        "tau1_exc_std": 0.91413608193594,
        "tau1_inh": 9.697232967037337,
        "tau1_inh_std": 0.5925250358364369,
        "tau2_exc": 6.9857464985971305,
        "tau2_exc_std": 8.713688856290247,
        "tau2_inh": 14.764182321063691,
        "tau2_inh_std": 2.0069277322442094,
        "timestampFilename": false,
        "timing": true,
        "tstop": 1000.0,
        "use_fast_imem": false,
        "validateNetParams": false,
        "verbose": false,
        "weightEE": 1.8954731047769358,
        "weightEE_std": 0.443359337805602,
        "weightEI": 1.9839520091515581,
        "weightEI_std": 0.01128544637678897,
        "weightIE": 0.21010533765724743,
        "weightIE_std": 0.28767325005461075,
        "weightII": 1.3259070449306338,
        "weightII_std": 0.0010827187764914517
    }
}