{
    "burstAmp_Fitness": 1000.0,
    "burst_peak_frequency_fitness": 3.406912485290392,
    "IBI_fitness": 68.85125341373275,
    "baselineFitness": 1.768612856827407,
    "slopeFitness": 1.000017081259317,
    "baseline_diff_fitness": 1000,
    "rate_fitness": 12.1296034504017,
    "maxFitness": 1000,
    "average_fitness": 298.1651998982159,
    "average_scaled_fitness": 297.46265054854183
}