{
    "burstAmp_Fitness": 4.344368687383591,
    "burst_peak_frequency_fitness": 1000,
    "IBI_fitness": 1000,
    "baselineFitness": 1000,
    "slopeFitness": 1.0967999068148673,
    "baseline_diff_fitness": 1000,
    "rate_fitness": 2.8211783367290715,
    "maxFitness": 1000,
    "average_fitness": 572.6089067044182,
    "average_scaled_fitness": 572.139629489913
}