{
    "burstAmp_Fitness": 54.69531614202905,
    "burst_peak_frequency_fitness": 1000,
    "IBI_fitness": 1000,
    "baselineFitness": 1000,
    "slopeFitness": 1.0062626132989974,
    "baseline_diff_fitness": 1000,
    "rate_fitness": 502.99694537072116,
    "maxFitness": 1000,
    "average_fitness": 651.2426463037212,
    "average_scaled_fitness": 650.8913513225779
}