{
    "simConfig": {
        "E_L_mean": 18.8,
        "E_L_stdev": 7.699471161158455,
        "E_Ra_mean": 128.0,
        "E_Ra_stdev": 56.58891645207313,
        "E_diam_mean": 18.8,
        "E_diam_stdev": 3.5314322237004254,
        "I_L_mean": 9.0,
        "I_L_stdev": 2.3426947693125024,
        "I_Ra_mean": 110.0,
        "I_Ra_stdev": 19.96793558830394,
        "I_diam_mean": 10.0,
        "I_diam_stdev": 2.6129164835779224,
        "addSynMechs": true,
        "allowConnsWithWeight0": true,
        "allowSelfConns": false,
        "analysis": {},
        "backupCfgFile": [],
        "cache_efficient": true,
        "checkErrors": false,
        "compactConnFormat": false,
        "connRandomSecFromList": true,
        "coreneuron": false,
        "createNEURONObj": true,
        "createPyStruct": true,
        "cvode_active": false,
        "cvode_atol": 0.001,
        "distributeSynsUniformly": true,
        "dt": 0.025,
        "dump_coreneuron_model": false,
        "duration": 1000.0,
        "duration_seconds": 300.0,
        "filename": "model_output",
        "gatherOnlySimData": false,
        "gkbar_E": 0.591542638916506,
        "gkbar_E_std": 0.28013622367043667,
        "gkbar_I": 7.515179090984291,
        "gkbar_I_std": 0.8296351899742318,
        "gnabar_E": 4.9030416754577475,
        "gnabar_E_std": 0.2840465948426171,
        "gnabar_I": 3.475674028457739,
        "gnabar_I_std": 0.4060616549527569,
        "gpu": false,
        "hParams": {
            "celsius": 6.3,
            "clamp_resist": 0.001,
            "v_init": -65.0
        },
        "includeParamsLabel": true,
        "invertedYCoord": true,
        "networkType": "22May24",
        "oneSynPerNetcon": true,
        "printPopAvgRates": [
            100,
            1000.0
        ],
        "printRunTime": false,
        "printSynsAfterRule": false,
        "probEE": 0.16208585200085074,
        "probEE_std": 0.23169775460826647,
        "probEI": 0.7512523922755339,
        "probEI_std": 0.3132419528325371,
        "probIE": 0.5286573505492931,
        "probIE_std": 0.1829634742281931,
        "probII": 0.20785037035011558,
        "probII_std": 0.13928062894704518,
        "probLengthConst": 1037.1473056136933,
        "propVelocity": 1.0,
        "pt3dRelativeToCellLocation": true,
        "rand123GlobalIndex": null,
        "random123": false,
        "recordCells": [
            [
                "E",
                [
                    65,
                    58
                ]
            ],
            [
                "I",
                [
                    22,
                    34
                ]
            ]
        ],
        "recordCellsSpikes": -1,
        "recordDipole": false,
        "recordDipolesHNN": false,
        "recordLFP": [],
        "recordStep": 0.1,
        "recordStim": false,
        "recordTime": true,
        "recordTraces": {
            "soma_voltage": {
                "loc": 0.5,
                "sec": "soma",
                "var": "v"
            }
        },
        "saveCSV": false,
        "saveCellConns": true,
        "saveCellSecs": true,
        "saveDat": false,
        "saveDataInclude": [
            "simData",
            "simConfig",
            "netParams",
            "net"
        ],
        "saveDipoleCells": false,
        "saveDipolePops": false,
        "saveDpk": false,
        "saveFolder": "/pscratch/sd/a/adammwea/2DNetworkSimulations/NERSC/output/240530_Run1_8nodes/gen_0",
        "saveHDF5": false,
        "saveJson": true,
        "saveLFPCells": false,
        "saveLFPPops": false,
        "saveMat": false,
        "savePickle": false,
        "saveTiming": false,
        "seeds": {
            "cell": 1,
            "conn": 1,
            "loc": 1,
            "stim": 1
        },
        "simLabel": "gen_0_cand_53",
        "tau1_exc": 2.31718297888173,
        "tau1_exc_std": 3.1908417286201476,
        "tau1_inh": 9.175289542834648,
        "tau1_inh_std": 1.6633749135820894,
        "tau2_exc": 20.808700313396137,
        "tau2_exc_std": 1.6405240621369366,
        "tau2_inh": 4.28894474788764,
        "tau2_inh_std": 0.39142823194847964,
        "timestampFilename": false,
        "timing": true,
        "tstop": 1000.0,
        "use_fast_imem": false,
        "validateNetParams": false,
        "verbose": false,
        "weightEE": 1.3365227579826962,
        "weightEE_std": 0.4597252301112254,
        "weightEI": 0.06665667176437728,
        "weightEI_std": 0.09175061587328233,
        "weightIE": 0.9767226521866986,
        "weightIE_std": 0.1533023569267818,
        "weightII": 0.5964212050086057,
        "weightII_std": 0.09462392836825992
    }
}