{
    "burstAmp_Fitness": 25.703441300562446,
    "burst_peak_frequency_fitness": 35.00726304580835,
    "IBI_fitness": 1000,
    "baselineFitness": 1000,
    "slopeFitness": 1.1684917162250494,
    "thresh": 1.130860408921069,
    "sustain_fit": 1000,
    "rate_fitness": 505.1944646081862,
    "maxFitness": 1000,
    "average_fitness": 446.0255651349629,
    "average_scaled_fitness": 445.39838812937455
}