{
    "simConfig": {
        "E_L_mean": 18.8,
        "E_L_stdev": 0.18295525831113224,
        "E_Ra_mean": 128.0,
        "E_Ra_stdev": 63.23310482269486,
        "E_diam_mean": 18.8,
        "E_diam_stdev": 5.807765715341542,
        "I_L_mean": 9.0,
        "I_L_stdev": 0.17735280828530756,
        "I_Ra_mean": 110.0,
        "I_Ra_stdev": 37.07595454233502,
        "I_diam_mean": 10.0,
        "I_diam_stdev": 0.1562299979464395,
        "addSynMechs": true,
        "allowConnsWithWeight0": true,
        "allowSelfConns": false,
        "analysis": {},
        "backupCfgFile": [],
        "cache_efficient": true,
        "checkErrors": false,
        "compactConnFormat": false,
        "connRandomSecFromList": true,
        "coreneuron": false,
        "createNEURONObj": true,
        "createPyStruct": true,
        "cvode_active": false,
        "cvode_atol": 0.001,
        "distributeSynsUniformly": true,
        "dt": 0.025,
        "dump_coreneuron_model": false,
        "duration": 1000.0,
        "duration_seconds": 300.0,
        "filename": "model_output",
        "gatherOnlySimData": false,
        "gkbar_E": 0.7259399423043279,
        "gkbar_E_std": 0.18946163624540147,
        "gkbar_I": 8.72775335723656,
        "gkbar_I_std": 0.8388900998834253,
        "gnabar_E": 6.99539279742043,
        "gnabar_E_std": 0.11251903596368801,
        "gnabar_I": 0.5947214925361775,
        "gnabar_I_std": 0.10402905386111633,
        "gpu": false,
        "hParams": {
            "celsius": 6.3,
            "clamp_resist": 0.001,
            "v_init": -65.0
        },
        "includeParamsLabel": true,
        "invertedYCoord": true,
        "networkType": "22May24",
        "oneSynPerNetcon": true,
        "printPopAvgRates": [
            100,
            1000.0
        ],
        "printRunTime": false,
        "printSynsAfterRule": false,
        "probEE": 0.5203956527719835,
        "probEE_std": 0.3116137663699612,
        "probEI": 0.25039063890716806,
        "probEI_std": 0.3327132629807147,
        "probIE": 0.7148804425236462,
        "probIE_std": 0.33211607855039194,
        "probII": 0.015266981951066629,
        "probII_std": 0.3864614935531806,
        "probLengthConst": 2870.8867745675175,
        "propVelocity": 1.0,
        "pt3dRelativeToCellLocation": true,
        "rand123GlobalIndex": null,
        "random123": false,
        "recordCells": [
            [
                "E",
                [
                    65,
                    58
                ]
            ],
            [
                "I",
                [
                    22,
                    34
                ]
            ]
        ],
        "recordCellsSpikes": -1,
        "recordDipole": false,
        "recordDipolesHNN": false,
        "recordLFP": [],
        "recordStep": 0.1,
        "recordStim": false,
        "recordTime": true,
        "recordTraces": {
            "soma_voltage": {
                "loc": 0.5,
                "sec": "soma",
                "var": "v"
            }
        },
        "saveCSV": false,
        "saveCellConns": true,
        "saveCellSecs": true,
        "saveDat": false,
        "saveDataInclude": [
            "simData",
            "simConfig",
            "netParams",
            "net"
        ],
        "saveDipoleCells": false,
        "saveDipolePops": false,
        "saveDpk": false,
        "saveFolder": "/pscratch/sd/a/adammwea/2DNetworkSimulations/NERSC/output/240530_Run1_8nodes/gen_7",
        "saveHDF5": false,
        "saveJson": true,
        "saveLFPCells": false,
        "saveLFPPops": false,
        "saveMat": false,
        "savePickle": false,
        "saveTiming": false,
        "seeds": {
            "cell": 1,
            "conn": 1,
            "loc": 1,
            "stim": 1
        },
        "simLabel": "gen_7_cand_16",
        "tau1_exc": 5.795129337759569,
        "tau1_exc_std": 2.4368404071560232,
        "tau1_inh": 3.9713069592300245,
        "tau1_inh_std": 0.23098683804476472,
        "tau2_exc": 14.817791697805065,
        "tau2_exc_std": 9.628356801072632,
        "tau2_inh": 7.954106124185925,
        "tau2_inh_std": 8.668711402170082,
        "timestampFilename": false,
        "timing": true,
        "tstop": 1000.0,
        "use_fast_imem": false,
        "validateNetParams": false,
        "verbose": false,
        "weightEE": 1.3574196266722431,
        "weightEE_std": 0.16428831862309679,
        "weightEI": 1.439724204408396,
        "weightEI_std": 0.33305571842711973,
        "weightIE": 0.3837304542171033,
        "weightIE_std": 0.18030079246589856,
        "weightII": 0.0837080134789745,
        "weightII_std": 0.01913159032259511
    }
}