{
    "burstAmp_Fitness": {
        "Value": 16.51576993545214,
        "Fit": 2.1337584765511424
    },
    "burst_peak_frequency_fitness": {
        "Value": 1.3888888888888888,
        "Fit": 563.0302368359517
    },
    "IBI_fitness": {
        "Value": null,
        "Fit": 1000
    },
    "baseline_fitness": {
        "Value": 20.838268765828182,
        "Fit": 1000
    },
    "slopeFitness": {
        "Value": -0.2910003561648176,
        "Fit": 1.789615356866611
    },
    "thresh": {
        "Value": 11.580067087566709,
        "Fit": 1000
    },
    "sustain_oscillation_fitness": {
        "Value": 7.18562874251497,
        "Fit": 1000
    },
    "rate_fitness": {
        "Value": 33.83333333333333,
        "Fit": 1000.0
    },
    "maxFitness": 1000,
    "average_fitness": 695.8692013336712,
    "average_scaled_fitness": 695.3239483928455
}