{
    "simConfig": {
        "E_L_mean": 18.8,
        "E_L_stdev": 0.7696734916665088,
        "E_Ra_mean": 128.0,
        "E_Ra_stdev": 2.7153191210082213,
        "E_diam_mean": 18.8,
        "E_diam_stdev": 2.127399869637395,
        "I_L_mean": 9.0,
        "I_L_stdev": 2.4241066115480385,
        "I_Ra_mean": 110.0,
        "I_Ra_stdev": 11.883938878499968,
        "I_diam_mean": 10.0,
        "I_diam_stdev": 0.11326331324604189,
        "addSynMechs": true,
        "allowConnsWithWeight0": true,
        "allowSelfConns": false,
        "analysis": {},
        "backupCfgFile": [],
        "cache_efficient": true,
        "checkErrors": false,
        "compactConnFormat": false,
        "connRandomSecFromList": true,
        "coreneuron": false,
        "createNEURONObj": true,
        "createPyStruct": true,
        "cvode_active": false,
        "cvode_atol": 0.001,
        "distributeSynsUniformly": true,
        "dt": 0.025,
        "dump_coreneuron_model": false,
        "duration": 1000.0,
        "duration_seconds": 300.0,
        "filename": "model_output",
        "gatherOnlySimData": false,
        "gkbar_E": 0.0019711684584017564,
        "gkbar_E_std": 0.06571076434651711,
        "gkbar_I": 5.471006468260771,
        "gkbar_I_std": 2.4700984828082886,
        "gnabar_E": 6.999388751221481,
        "gnabar_E_std": 1.6618379427311,
        "gnabar_I": 0.05426174628119693,
        "gnabar_I_std": 0.07988665659785876,
        "gpu": false,
        "hParams": {
            "celsius": 6.3,
            "clamp_resist": 0.001,
            "v_init": -65.0
        },
        "includeParamsLabel": true,
        "invertedYCoord": true,
        "networkType": "22May24",
        "oneSynPerNetcon": true,
        "printPopAvgRates": [
            100,
            1000.0
        ],
        "printRunTime": false,
        "printSynsAfterRule": false,
        "probEE": 0.7037561137742159,
        "probEE_std": 0.21918532752226158,
        "probEI": 0.6281852986408709,
        "probEI_std": 0.4056876849730948,
        "probIE": 0.47373555832939684,
        "probIE_std": 0.42049501819543694,
        "probII": 0.17131584134911323,
        "probII_std": 0.1126799059830223,
        "probLengthConst": 368.85555803412416,
        "propVelocity": 1.0,
        "pt3dRelativeToCellLocation": true,
        "rand123GlobalIndex": null,
        "random123": false,
        "recordCells": [
            [
                "E",
                [
                    24,
                    73
                ]
            ],
            [
                "I",
                [
                    41,
                    25
                ]
            ]
        ],
        "recordCellsSpikes": -1,
        "recordDipole": false,
        "recordDipolesHNN": false,
        "recordLFP": [],
        "recordStep": 0.1,
        "recordStim": false,
        "recordTime": true,
        "recordTraces": {
            "soma_voltage": {
                "loc": 0.5,
                "sec": "soma",
                "var": "v"
            }
        },
        "saveCSV": false,
        "saveCellConns": true,
        "saveCellSecs": true,
        "saveDat": false,
        "saveDataInclude": [
            "simData",
            "simConfig",
            "netParams",
            "net"
        ],
        "saveDipoleCells": false,
        "saveDipolePops": false,
        "saveDpk": false,
        "saveFolder": "/pscratch/sd/a/adammwea/2DNetworkSimulations/NERSC/output/240529_Run1_8nodes/gen_10",
        "saveHDF5": false,
        "saveJson": true,
        "saveLFPCells": false,
        "saveLFPPops": false,
        "saveMat": false,
        "savePickle": false,
        "saveTiming": false,
        "seeds": {
            "cell": 1,
            "conn": 1,
            "loc": 1,
            "stim": 1
        },
        "simLabel": "gen_10_cand_38",
        "tau1_exc": 2.9022008777636743,
        "tau1_exc_std": 0.0584496641014971,
        "tau1_inh": 8.227552082886792,
        "tau1_inh_std": 0.45472670893581446,
        "tau2_exc": 21.43407141933412,
        "tau2_exc_std": 4.840848985987559,
        "tau2_inh": 5.548449558241155,
        "tau2_inh_std": 8.905048854101524,
        "timestampFilename": false,
        "timing": true,
        "tstop": 1000.0,
        "use_fast_imem": false,
        "validateNetParams": false,
        "verbose": false,
        "weightEE": 1.3045806335813115,
        "weightEE_std": 0.0007661263437891004,
        "weightEI": 1.007381981138845,
        "weightEI_std": 0.14723101420501356,
        "weightIE": 0.7669545550062442,
        "weightIE_std": 0.001668920131144995,
        "weightII": 0.03558783472201106,
        "weightII_std": 0.04512649461591861
    }
}