{
    "simConfig": {
        "E_L_mean": 18.8,
        "E_L_stdev": 8.914357917994181,
        "E_Ra_mean": 128.0,
        "E_Ra_stdev": 61.85800255121415,
        "E_diam_mean": 18.8,
        "E_diam_stdev": 2.905470200395107,
        "I_L_mean": 9.0,
        "I_L_stdev": 1.0060743724522057,
        "I_Ra_mean": 110.0,
        "I_Ra_stdev": 20.53555105275928,
        "I_diam_mean": 10.0,
        "I_diam_stdev": 2.7201544237229838,
        "addSynMechs": true,
        "allowConnsWithWeight0": true,
        "allowSelfConns": false,
        "analysis": {},
        "backupCfgFile": [],
        "cache_efficient": true,
        "checkErrors": false,
        "compactConnFormat": false,
        "connRandomSecFromList": true,
        "coreneuron": false,
        "createNEURONObj": true,
        "createPyStruct": true,
        "cvode_active": false,
        "cvode_atol": 0.001,
        "distributeSynsUniformly": true,
        "dt": 0.025,
        "dump_coreneuron_model": false,
        "duration": 1000.0,
        "duration_seconds": 90.0,
        "filename": "model_output",
        "gatherOnlySimData": false,
        "gkbar_E": 0.9388120623995567,
        "gkbar_E_std": 0.03434133168486331,
        "gkbar_I": 4.5533887100775186,
        "gkbar_I_std": 2.3592639070025405,
        "gnabar_E": 3.7045961070517075,
        "gnabar_E_std": 0.19938835182863351,
        "gnabar_I": 2.055210434044753,
        "gnabar_I_std": 0.7370338954605073,
        "gpu": false,
        "hParams": {
            "celsius": 6.3,
            "clamp_resist": 0.001,
            "v_init": -65.0
        },
        "includeParamsLabel": true,
        "invertedYCoord": true,
        "networkType": "22May24",
        "oneSynPerNetcon": true,
        "printPopAvgRates": [
            100,
            1000.0
        ],
        "printRunTime": false,
        "printSynsAfterRule": false,
        "probEE": 0.09889259573727716,
        "probEE_std": 0.015294050089239952,
        "probEI": 0.47104920884187856,
        "probEI_std": 0.0032949622819906654,
        "probIE": 0.028537132964136264,
        "probIE_std": 0.42628456164664236,
        "probII": 0.2735890012342345,
        "probII_std": 0.16048723908212742,
        "probLengthConst": 2959.400021457521,
        "propVelocity": 1.0,
        "pt3dRelativeToCellLocation": true,
        "rand123GlobalIndex": null,
        "random123": false,
        "recordCells": [
            [
                "E",
                [
                    74,
                    47
                ]
            ],
            [
                "I",
                [
                    38,
                    3
                ]
            ]
        ],
        "recordCellsSpikes": -1,
        "recordDipole": false,
        "recordDipolesHNN": false,
        "recordLFP": [],
        "recordStep": 0.1,
        "recordStim": false,
        "recordTime": true,
        "recordTraces": {
            "soma_voltage": {
                "loc": 0.5,
                "sec": "soma",
                "var": "v"
            }
        },
        "saveCSV": false,
        "saveCellConns": true,
        "saveCellSecs": true,
        "saveDat": false,
        "saveDataInclude": [
            "simData",
            "simConfig",
            "netParams",
            "net"
        ],
        "saveDipoleCells": false,
        "saveDipolePops": false,
        "saveDpk": false,
        "saveFolder": "/pscratch/sd/a/adammwea/2DNetworkSimulations/NERSC/output/240528_Run1_this_does_work/gen_3",
        "saveHDF5": false,
        "saveJson": true,
        "saveLFPCells": false,
        "saveLFPPops": false,
        "saveMat": false,
        "savePickle": false,
        "saveTiming": false,
        "seeds": {
            "cell": 1,
            "conn": 1,
            "loc": 1,
            "stim": 1
        },
        "simLabel": "gen_3_cand_52",
        "tau1_exc": 7.453558662346517,
        "tau1_exc_std": 2.111266875062962,
        "tau1_inh": 7.467471008270152,
        "tau1_inh_std": 2.237951549851188,
        "tau2_exc": 29.996774001698043,
        "tau2_exc_std": 9.400254514864477,
        "tau2_inh": 14.04345917460599,
        "tau2_inh_std": 6.83811356542555,
        "timestampFilename": false,
        "timing": true,
        "tstop": 1000.0,
        "use_fast_imem": false,
        "validateNetParams": false,
        "verbose": false,
        "weightEE": 0.05100702681608482,
        "weightEE_std": 0.28230867541753135,
        "weightEI": 0.09686153694432414,
        "weightEI_std": 0.14981546739923562,
        "weightIE": 0.9459467875610784,
        "weightIE_std": 0.0042924906645496995,
        "weightII": 0.895501268432474,
        "weightII_std": 0.22101583119949303
    }
}