{
    "rate_fitness": 17.217493414121737,
    "BurstVal_fitness": 3.56316255351581,
    "IBI_fitness": 3.295418639274185,
    "baselineFitness": 1000,
    "slopeFitness": 1.0013713101752533,
    "baseline_diff_fitness": 1000,
    "burst_peak_frequency": 46.84171694318282,
    "fitness": 295.9884518371814,
    "average_scaled_fitness": 295.28276821949026,
    "maxFitness": 1000
}