{
    "rate_fitness": 1000.0,
    "BurstVal_fitness": 3.87128556812128,
    "IBI_fitness": 2.2851651664199504,
    "baselineFitness": 2.1363358446627116,
    "slopeFitness": 1.0000974095330906,
    "baseline_diff_fitness": 1000,
    "burst_peak_frequency": 11.07183398246277,
    "fitness": 288.6235311387428,
    "average_scaled_fitness": 287.91137314766985,
    "maxFitness": 1000
}