{
    "simConfig": {
        "E_L_mean": 18.8,
        "E_L_stdev": 9.075577327185671,
        "E_Ra_mean": 128.0,
        "E_Ra_stdev": 52.49734576492876,
        "E_diam_mean": 18.8,
        "E_diam_stdev": 5.501496564655251,
        "I_L_mean": 9.0,
        "I_L_stdev": 1.4612874336180672,
        "I_Ra_mean": 110.0,
        "I_Ra_stdev": 25.866335737490807,
        "I_diam_mean": 10.0,
        "I_diam_stdev": 1.9172637294533241,
        "addSynMechs": true,
        "allowConnsWithWeight0": true,
        "allowSelfConns": false,
        "analysis": {},
        "backupCfgFile": [],
        "cache_efficient": true,
        "checkErrors": false,
        "compactConnFormat": false,
        "connRandomSecFromList": true,
        "coreneuron": false,
        "createNEURONObj": true,
        "createPyStruct": true,
        "cvode_active": false,
        "cvode_atol": 0.001,
        "distributeSynsUniformly": true,
        "dt": 0.025,
        "dump_coreneuron_model": false,
        "duration": 1000.0,
        "duration_seconds": 90.0,
        "filename": "model_output",
        "gatherOnlySimData": false,
        "gkbar_E": 0.4070567008019542,
        "gkbar_E_std": 0.11007924000622604,
        "gkbar_I": 0.1330409446092209,
        "gkbar_I_std": 1.2654362624718103,
        "gnabar_E": 6.810738462761203,
        "gnabar_E_std": 1.6656744356661566,
        "gnabar_I": 2.3466357019173603,
        "gnabar_I_std": 0.22610766757333434,
        "gpu": false,
        "hParams": {
            "celsius": 6.3,
            "clamp_resist": 0.001,
            "v_init": -65.0
        },
        "includeParamsLabel": true,
        "invertedYCoord": true,
        "networkType": "22May24",
        "oneSynPerNetcon": true,
        "printPopAvgRates": [
            100,
            1000.0
        ],
        "printRunTime": false,
        "printSynsAfterRule": false,
        "probEE": 0.02566636872702524,
        "probEE_std": 0.3220689598891722,
        "probEI": 0.42432543276650053,
        "probEI_std": 0.0016088995288489507,
        "probIE": 0.19325463835990342,
        "probIE_std": 0.13730189384408814,
        "probII": 0.3473073273007201,
        "probII_std": 0.08126160256231837,
        "probLengthConst": 912.7540538427453,
        "propVelocity": 1.0,
        "pt3dRelativeToCellLocation": true,
        "rand123GlobalIndex": null,
        "random123": false,
        "recordCells": [
            [
                "E",
                [
                    74,
                    47
                ]
            ],
            [
                "I",
                [
                    38,
                    3
                ]
            ]
        ],
        "recordCellsSpikes": -1,
        "recordDipole": false,
        "recordDipolesHNN": false,
        "recordLFP": [],
        "recordStep": 0.1,
        "recordStim": false,
        "recordTime": true,
        "recordTraces": {
            "soma_voltage": {
                "loc": 0.5,
                "sec": "soma",
                "var": "v"
            }
        },
        "saveCSV": false,
        "saveCellConns": true,
        "saveCellSecs": true,
        "saveDat": false,
        "saveDataInclude": [
            "simData",
            "simConfig",
            "netParams",
            "net"
        ],
        "saveDipoleCells": false,
        "saveDipolePops": false,
        "saveDpk": false,
        "saveFolder": "/pscratch/sd/a/adammwea/2DNetworkSimulations/NERSC/output/240528_Run1_this_does_work/gen_15",
        "saveHDF5": false,
        "saveJson": true,
        "saveLFPCells": false,
        "saveLFPPops": false,
        "saveMat": false,
        "savePickle": false,
        "saveTiming": false,
        "seeds": {
            "cell": 1,
            "conn": 1,
            "loc": 1,
            "stim": 1
        },
        "simLabel": "gen_15_cand_32",
        "tau1_exc": 0.22710786406788852,
        "tau1_exc_std": 3.244140178313642,
        "tau1_inh": 0.31199077201998854,
        "tau1_inh_std": 0.027686027612592576,
        "tau2_exc": 14.12202329965808,
        "tau2_exc_std": 2.590351638786374,
        "tau2_inh": 8.951184342575594,
        "tau2_inh_std": 1.9888932661360035,
        "timestampFilename": false,
        "timing": true,
        "tstop": 1000.0,
        "use_fast_imem": false,
        "validateNetParams": false,
        "verbose": false,
        "weightEE": 0.07566902379196727,
        "weightEE_std": 0.2670886697172621,
        "weightEI": 1.1410440651055953,
        "weightEI_std": 0.004585275236873798,
        "weightIE": 0.5108297989712246,
        "weightIE_std": 0.012532289108212786,
        "weightII": 1.1138983609142452,
        "weightII_std": 0.14763139064023273
    }
}