{
    "simConfig": {
        "E_L_mean": 18.8,
        "E_L_stdev": 2.0425629895751585,
        "E_Ra_mean": 128.0,
        "E_Ra_stdev": 49.516425730904515,
        "E_diam_mean": 18.8,
        "E_diam_stdev": 0.9284843681341242,
        "I_L_mean": 9.0,
        "I_L_stdev": 0.45688841964883525,
        "I_Ra_mean": 110.0,
        "I_Ra_stdev": 7.708714369718191,
        "I_diam_mean": 10.0,
        "I_diam_stdev": 0.6310134527464607,
        "addSynMechs": true,
        "allowConnsWithWeight0": true,
        "allowSelfConns": false,
        "analysis": {},
        "backupCfgFile": [],
        "cache_efficient": true,
        "checkErrors": false,
        "compactConnFormat": false,
        "connRandomSecFromList": true,
        "coreneuron": false,
        "createNEURONObj": true,
        "createPyStruct": true,
        "cvode_active": false,
        "cvode_atol": 0.001,
        "distributeSynsUniformly": true,
        "dt": 0.025,
        "dump_coreneuron_model": false,
        "duration": 1000.0,
        "duration_seconds": 90.0,
        "filename": "model_output",
        "gatherOnlySimData": false,
        "gkbar_E": 0.9828706929987612,
        "gkbar_E_std": 0.2771674676242142,
        "gkbar_I": 3.699686330836932,
        "gkbar_I_std": 0.05994280680622799,
        "gnabar_E": 6.36937814871234,
        "gnabar_E_std": 1.4705459389678965,
        "gnabar_I": 3.0633791693059456,
        "gnabar_I_std": 0.9967453054470613,
        "gpu": false,
        "hParams": {
            "celsius": 6.3,
            "clamp_resist": 0.001,
            "v_init": -65.0
        },
        "includeParamsLabel": true,
        "invertedYCoord": true,
        "networkType": "22May24",
        "oneSynPerNetcon": true,
        "printPopAvgRates": [
            100,
            1000.0
        ],
        "printRunTime": false,
        "printSynsAfterRule": false,
        "probEE": 0.5684620131873095,
        "probEE_std": 0.17296960336701006,
        "probEI": 0.316239361473095,
        "probEI_std": 0.14271746266325813,
        "probIE": 0.37525981346016274,
        "probIE_std": 0.3600238283674466,
        "probII": 0.023985017564152614,
        "probII_std": 0.12506393750106265,
        "probLengthConst": 2928.862671729623,
        "propVelocity": 1.0,
        "pt3dRelativeToCellLocation": true,
        "rand123GlobalIndex": null,
        "random123": false,
        "recordCells": [
            [
                "E",
                [
                    74,
                    47
                ]
            ],
            [
                "I",
                [
                    38,
                    3
                ]
            ]
        ],
        "recordCellsSpikes": -1,
        "recordDipole": false,
        "recordDipolesHNN": false,
        "recordLFP": [],
        "recordStep": 0.1,
        "recordStim": false,
        "recordTime": true,
        "recordTraces": {
            "soma_voltage": {
                "loc": 0.5,
                "sec": "soma",
                "var": "v"
            }
        },
        "saveCSV": false,
        "saveCellConns": true,
        "saveCellSecs": true,
        "saveDat": false,
        "saveDataInclude": [
            "simData",
            "simConfig",
            "netParams",
            "net"
        ],
        "saveDipoleCells": false,
        "saveDipolePops": false,
        "saveDpk": false,
        "saveFolder": "/pscratch/sd/a/adammwea/2DNetworkSimulations/NERSC/output/240528_Run1_this_does_work/gen_15",
        "saveHDF5": false,
        "saveJson": true,
        "saveLFPCells": false,
        "saveLFPPops": false,
        "saveMat": false,
        "savePickle": false,
        "saveTiming": false,
        "seeds": {
            "cell": 1,
            "conn": 1,
            "loc": 1,
            "stim": 1
        },
        "simLabel": "gen_15_cand_49",
        "tau1_exc": 6.908290156721735,
        "tau1_exc_std": 3.061039119955632,
        "tau1_inh": 0.17805532977854277,
        "tau1_inh_std": 0.3371571382884131,
        "tau2_exc": 1.7961190184924938,
        "tau2_exc_std": 4.100566572044709,
        "tau2_inh": 10.805446420285808,
        "tau2_inh_std": 6.620431736158834,
        "timestampFilename": false,
        "timing": true,
        "tstop": 1000.0,
        "use_fast_imem": false,
        "validateNetParams": false,
        "verbose": false,
        "weightEE": 1.0659255271398795,
        "weightEE_std": 0.4098187565446566,
        "weightEI": 1.6635968076279632,
        "weightEI_std": 0.21938362684705504,
        "weightIE": 0.04683038204812394,
        "weightIE_std": 0.02019347705046969,
        "weightII": 1.5122351718500173,
        "weightII_std": 0.07929199191733402
    }
}