{
    "simConfig": {
        "E_L_mean": 18.8,
        "E_L_stdev": 8.810288875934313,
        "E_Ra_mean": 128.0,
        "E_Ra_stdev": 7.852409181157213,
        "E_diam_mean": 18.8,
        "E_diam_stdev": 0.7532112518087365,
        "I_L_mean": 9.0,
        "I_L_stdev": 2.7796522124903777,
        "I_Ra_mean": 110.0,
        "I_Ra_stdev": 15.039619340359776,
        "I_diam_mean": 10.0,
        "I_diam_stdev": 1.4608067517432222,
        "addSynMechs": true,
        "allowConnsWithWeight0": true,
        "allowSelfConns": false,
        "analysis": {},
        "backupCfgFile": [],
        "cache_efficient": true,
        "checkErrors": false,
        "compactConnFormat": false,
        "connRandomSecFromList": true,
        "coreneuron": false,
        "createNEURONObj": true,
        "createPyStruct": true,
        "cvode_active": false,
        "cvode_atol": 0.001,
        "distributeSynsUniformly": true,
        "dt": 0.025,
        "dump_coreneuron_model": false,
        "duration": 1000.0,
        "duration_seconds": 90.0,
        "filename": "model_output",
        "gatherOnlySimData": false,
        "gkbar_E": 0.5019265599891288,
        "gkbar_E_std": 0.0012186017996738685,
        "gkbar_I": 0.15744036146329232,
        "gkbar_I_std": 1.1678350272173497,
        "gnabar_E": 2.346821216182537,
        "gnabar_E_std": 0.2856922892261321,
        "gnabar_I": 2.915995421813292,
        "gnabar_I_std": 0.35715730248389643,
        "gpu": false,
        "hParams": {
            "celsius": 6.3,
            "clamp_resist": 0.001,
            "v_init": -65.0
        },
        "includeParamsLabel": true,
        "invertedYCoord": true,
        "networkType": "22May24",
        "oneSynPerNetcon": true,
        "printPopAvgRates": [
            100,
            1000.0
        ],
        "printRunTime": false,
        "printSynsAfterRule": false,
        "probEE": 0.0071458868499972295,
        "probEE_std": 0.09549998322210385,
        "probEI": 0.2963675915311193,
        "probEI_std": 0.006466961538589465,
        "probIE": 0.18252035855300858,
        "probIE_std": 0.30933955551076375,
        "probII": 0.1701468151692428,
        "probII_std": 0.18332114336784955,
        "probLengthConst": 1241.36371908462,
        "propVelocity": 1.0,
        "pt3dRelativeToCellLocation": true,
        "rand123GlobalIndex": null,
        "random123": false,
        "recordCells": [
            [
                "E",
                [
                    74,
                    47
                ]
            ],
            [
                "I",
                [
                    38,
                    3
                ]
            ]
        ],
        "recordCellsSpikes": -1,
        "recordDipole": false,
        "recordDipolesHNN": false,
        "recordLFP": [],
        "recordStep": 0.1,
        "recordStim": false,
        "recordTime": true,
        "recordTraces": {
            "soma_voltage": {
                "loc": 0.5,
                "sec": "soma",
                "var": "v"
            }
        },
        "saveCSV": false,
        "saveCellConns": true,
        "saveCellSecs": true,
        "saveDat": false,
        "saveDataInclude": [
            "simData",
            "simConfig",
            "netParams",
            "net"
        ],
        "saveDipoleCells": false,
        "saveDipolePops": false,
        "saveDpk": false,
        "saveFolder": "/pscratch/sd/a/adammwea/2DNetworkSimulations/NERSC/output/240528_Run1_this_does_work/gen_15",
        "saveHDF5": false,
        "saveJson": true,
        "saveLFPCells": false,
        "saveLFPPops": false,
        "saveMat": false,
        "savePickle": false,
        "saveTiming": false,
        "seeds": {
            "cell": 1,
            "conn": 1,
            "loc": 1,
            "stim": 1
        },
        "simLabel": "gen_15_cand_39",
        "tau1_exc": 5.897305105882929,
        "tau1_exc_std": 0.4528771707214593,
        "tau1_inh": 3.5348581191311923,
        "tau1_inh_std": 2.3620555158501366,
        "tau2_exc": 1.4808274852353456,
        "tau2_exc_std": 5.70301518082274,
        "tau2_inh": 19.110784006860783,
        "tau2_inh_std": 1.4925619176315401,
        "timestampFilename": false,
        "timing": true,
        "tstop": 1000.0,
        "use_fast_imem": false,
        "validateNetParams": false,
        "verbose": false,
        "weightEE": 1.6788910318865555,
        "weightEE_std": 0.14903092635847845,
        "weightEI": 1.5385821664676564,
        "weightEI_std": 0.0263018149271292,
        "weightIE": 0.7072039827195598,
        "weightIE_std": 0.31709369999937964,
        "weightII": 0.17077760113477145,
        "weightII_std": 0.0269323712629745
    }
}