{
    "simConfig": {
        "E_L_mean": 18.8,
        "E_L_stdev": 7.853755504919756,
        "E_Ra_mean": 128.0,
        "E_Ra_stdev": 31.18195936899236,
        "E_diam_mean": 18.8,
        "E_diam_stdev": 4.2628559396023755,
        "I_L_mean": 9.0,
        "I_L_stdev": 0.3981308434290196,
        "I_Ra_mean": 110.0,
        "I_Ra_stdev": 53.49289271739091,
        "I_diam_mean": 10.0,
        "I_diam_stdev": 0.07538045800111715,
        "addSynMechs": true,
        "allowConnsWithWeight0": true,
        "allowSelfConns": false,
        "analysis": {},
        "backupCfgFile": [],
        "cache_efficient": true,
        "checkErrors": false,
        "compactConnFormat": false,
        "connRandomSecFromList": true,
        "coreneuron": false,
        "createNEURONObj": true,
        "createPyStruct": true,
        "cvode_active": false,
        "cvode_atol": 0.001,
        "distributeSynsUniformly": true,
        "dt": 0.025,
        "dump_coreneuron_model": false,
        "duration": 1000.0,
        "duration_seconds": 90.0,
        "filename": "model_output",
        "gatherOnlySimData": false,
        "gkbar_E": 0.4235085476014884,
        "gkbar_E_std": 0.17452108061624344,
        "gkbar_I": 1.8760427270681301,
        "gkbar_I_std": 0.049731153893201374,
        "gnabar_E": 6.999757408189627,
        "gnabar_E_std": 0.2904770058488111,
        "gnabar_I": 3.7038079720836024,
        "gnabar_I_std": 0.9506748412656396,
        "gpu": false,
        "hParams": {
            "celsius": 6.3,
            "clamp_resist": 0.001,
            "v_init": -65.0
        },
        "includeParamsLabel": true,
        "invertedYCoord": true,
        "networkType": "22May24",
        "oneSynPerNetcon": true,
        "printPopAvgRates": [
            100,
            1000.0
        ],
        "printRunTime": false,
        "printSynsAfterRule": false,
        "probEE": 0.4959994856554219,
        "probEE_std": 0.4834465669151238,
        "probEI": 0.8693371595293767,
        "probEI_std": 0.03930773417876295,
        "probIE": 0.7460918940979236,
        "probIE_std": 0.1539677350195099,
        "probII": 0.23137983993768638,
        "probII_std": 0.4716806525741237,
        "probLengthConst": 134.08161117937993,
        "propVelocity": 1.0,
        "pt3dRelativeToCellLocation": true,
        "rand123GlobalIndex": null,
        "random123": false,
        "recordCells": [
            [
                "E",
                [
                    74,
                    47
                ]
            ],
            [
                "I",
                [
                    38,
                    3
                ]
            ]
        ],
        "recordCellsSpikes": -1,
        "recordDipole": false,
        "recordDipolesHNN": false,
        "recordLFP": [],
        "recordStep": 0.1,
        "recordStim": false,
        "recordTime": true,
        "recordTraces": {
            "soma_voltage": {
                "loc": 0.5,
                "sec": "soma",
                "var": "v"
            }
        },
        "saveCSV": false,
        "saveCellConns": true,
        "saveCellSecs": true,
        "saveDat": false,
        "saveDataInclude": [
            "simData",
            "simConfig",
            "netParams",
            "net"
        ],
        "saveDipoleCells": false,
        "saveDipolePops": false,
        "saveDpk": false,
        "saveFolder": "/pscratch/sd/a/adammwea/2DNetworkSimulations/NERSC/output/240528_Run1_this_does_work/gen_15",
        "saveHDF5": false,
        "saveJson": true,
        "saveLFPCells": false,
        "saveLFPPops": false,
        "saveMat": false,
        "savePickle": false,
        "saveTiming": false,
        "seeds": {
            "cell": 1,
            "conn": 1,
            "loc": 1,
            "stim": 1
        },
        "simLabel": "gen_15_cand_23",
        "tau1_exc": 7.485358476174097,
        "tau1_exc_std": 3.0583153988945178,
        "tau1_inh": 7.976166806128863,
        "tau1_inh_std": 1.4575769856029674,
        "tau2_exc": 29.576892999270544,
        "tau2_exc_std": 4.5995365711963325,
        "tau2_inh": 6.712493273064066,
        "tau2_inh_std": 2.5819066000418527,
        "timestampFilename": false,
        "timing": true,
        "tstop": 1000.0,
        "use_fast_imem": false,
        "validateNetParams": false,
        "verbose": false,
        "weightEE": 0.21588534919391802,
        "weightEE_std": 0.18446733456153264,
        "weightEI": 1.9302507808956186,
        "weightEI_std": 0.044150637302538515,
        "weightIE": 0.22085519887082006,
        "weightIE_std": 0.10627757904779518,
        "weightII": 1.2275362440898738,
        "weightII_std": 0.03571272011428995
    }
}