{
    "rate_fitness": 21.88772387336663,
    "BurstVal_fitness": 1.4261668156583014,
    "IBI_fitness": 3.200158868175678,
    "baselineFitness": 1000,
    "slopeFitness": 1.0002395149323646,
    "baseline_diff_fitness": 1000,
    "burst_peak_frequency": 430.314410638768,
    "fitness": 351.1183856729859,
    "average_scaled_fitness": 350.4686987993395,
    "maxFitness": 1000
}