{
    "simConfig": {
        "E_L_mean": 18.8,
        "E_L_stdev": 0.015914609654396672,
        "E_Ra_mean": 128.0,
        "E_Ra_stdev": 34.35307470938838,
        "E_diam_mean": 18.8,
        "E_diam_stdev": 0.3325840584038501,
        "I_L_mean": 9.0,
        "I_L_stdev": 2.96237545497046,
        "I_Ra_mean": 110.0,
        "I_Ra_stdev": 50.574022115305446,
        "I_diam_mean": 10.0,
        "I_diam_stdev": 1.05649579020561,
        "addSynMechs": true,
        "allowConnsWithWeight0": true,
        "allowSelfConns": false,
        "analysis": {},
        "backupCfgFile": [],
        "cache_efficient": true,
        "checkErrors": false,
        "compactConnFormat": false,
        "connRandomSecFromList": true,
        "coreneuron": false,
        "createNEURONObj": true,
        "createPyStruct": true,
        "cvode_active": false,
        "cvode_atol": 0.001,
        "distributeSynsUniformly": true,
        "dt": 0.025,
        "dump_coreneuron_model": false,
        "duration": 1000.0,
        "duration_seconds": 90.0,
        "filename": "model_output",
        "gatherOnlySimData": false,
        "gkbar_E": 0.6219267472354105,
        "gkbar_E_std": 0.003585407235443726,
        "gkbar_I": 0.9037058991097612,
        "gkbar_I_std": 2.4822433882637247,
        "gnabar_E": 2.7681029851483148,
        "gnabar_E_std": 1.182222645078673,
        "gnabar_I": 4.4286921786382365,
        "gnabar_I_std": 0.5078551167412357,
        "gpu": false,
        "hParams": {
            "celsius": 6.3,
            "clamp_resist": 0.001,
            "v_init": -65.0
        },
        "includeParamsLabel": true,
        "invertedYCoord": true,
        "networkType": "22May24",
        "oneSynPerNetcon": true,
        "printPopAvgRates": [
            100,
            1000.0
        ],
        "printRunTime": false,
        "printSynsAfterRule": false,
        "probEE": 0.47229259827783254,
        "probEE_std": 0.013181793650210522,
        "probEI": 0.43184303934724644,
        "probEI_std": 0.4744794624054979,
        "probIE": 0.02906210970900252,
        "probIE_std": 0.0004896531995120801,
        "probII": 0.3774614137742569,
        "probII_std": 0.4485674035318896,
        "probLengthConst": 2969.9430235903365,
        "propVelocity": 1.0,
        "pt3dRelativeToCellLocation": true,
        "rand123GlobalIndex": null,
        "random123": false,
        "recordCells": [
            [
                "E",
                [
                    74,
                    47
                ]
            ],
            [
                "I",
                [
                    38,
                    3
                ]
            ]
        ],
        "recordCellsSpikes": -1,
        "recordDipole": false,
        "recordDipolesHNN": false,
        "recordLFP": [],
        "recordStep": 0.1,
        "recordStim": false,
        "recordTime": true,
        "recordTraces": {
            "soma_voltage": {
                "loc": 0.5,
                "sec": "soma",
                "var": "v"
            }
        },
        "saveCSV": false,
        "saveCellConns": true,
        "saveCellSecs": true,
        "saveDat": false,
        "saveDataInclude": [
            "simData",
            "simConfig",
            "netParams",
            "net"
        ],
        "saveDipoleCells": false,
        "saveDipolePops": false,
        "saveDpk": false,
        "saveFolder": "/pscratch/sd/a/adammwea/2DNetworkSimulations/NERSC/output/240528_Run1_this_does_work/gen_12",
        "saveHDF5": false,
        "saveJson": true,
        "saveLFPCells": false,
        "saveLFPPops": false,
        "saveMat": false,
        "savePickle": false,
        "saveTiming": false,
        "seeds": {
            "cell": 1,
            "conn": 1,
            "loc": 1,
            "stim": 1
        },
        "simLabel": "gen_12_cand_27",
        "tau1_exc": 1.2435142121766454,
        "tau1_exc_std": 1.8209489805169154,
        "tau1_inh": 4.8657062526073185,
        "tau1_inh_std": 2.6437658588119053,
        "tau2_exc": 11.79958064379003,
        "tau2_exc_std": 4.150800072081895,
        "tau2_inh": 9.846473179841794,
        "tau2_inh_std": 8.700578064994334,
        "timestampFilename": false,
        "timing": true,
        "tstop": 1000.0,
        "use_fast_imem": false,
        "validateNetParams": false,
        "verbose": false,
        "weightEE": 1.2169025470951307,
        "weightEE_std": 0.0006212895395177158,
        "weightEI": 0.5523703004688751,
        "weightEI_std": 0.32173840214404326,
        "weightIE": 0.862930546917111,
        "weightIE_std": 0.3329753922562193,
        "weightII": 0.9207146067022018,
        "weightII_std": 0.04806471257158503
    }
}