{
    "burstAmp_Fitness": 2.975607533108897,
    "burst_peak_frequency_fitness": 1000,
    "IBI_fitness": 1000,
    "baselineFitness": 1000,
    "slopeFitness": 1.0653224115323496,
    "baseline_diff_fitness": 1000,
    "rate_fitness": 8.909068382697399,
    "maxFitness": 1000,
    "average_fitness": 573.2785711896198,
    "average_scaled_fitness": 572.8234904803484
}