{
    "burstAmp_Fitness": 8.084963943278575,
    "burst_peak_frequency_fitness": 1000,
    "IBI_fitness": 1000,
    "baselineFitness": 5.29743276131219,
    "slopeFitness": 1.0213815760059313,
    "baseline_diff_fitness": 1000,
    "rate_fitness": 503.3695841104159,
    "maxFitness": 1000,
    "average_fitness": 502.5390517701447,
    "average_scaled_fitness": 502.0304348308692
}