{
    "burstAmp_Fitness": 8.780379400915782,
    "burst_peak_frequency_fitness": 1000,
    "IBI_fitness": 1000,
    "baselineFitness": 4.7779476300273975,
    "slopeFitness": 1.013378593315996,
    "baseline_diff_fitness": 1000,
    "rate_fitness": 9.223986450394985,
    "maxFitness": 1000,
    "average_fitness": 431.97081315352204,
    "average_scaled_fitness": 431.3946006137401
}