{
    "burstAmp_Fitness": 1.4507247128552836,
    "burst_peak_frequency_fitness": 1000,
    "IBI_fitness": 1000,
    "baselineFitness": 1000,
    "slopeFitness": 1.0064446355870633,
    "baseline_diff_fitness": 1000,
    "rate_fitness": 504.57561771062416,
    "maxFitness": 1000,
    "average_fitness": 643.8618267227239,
    "average_scaled_fitness": 643.5030322619407
}