{
    "simConfig": {
        "E_L_mean": 18.8,
        "E_L_stdev": 0.22960707852149237,
        "E_Ra_mean": 128.0,
        "E_Ra_stdev": 0.1967335513596118,
        "E_diam_mean": 18.8,
        "E_diam_stdev": 6.258532064106501,
        "I_L_mean": 9.0,
        "I_L_stdev": 0.15853088614713032,
        "I_Ra_mean": 110.0,
        "I_Ra_stdev": 6.540371988612955,
        "I_diam_mean": 10.0,
        "I_diam_stdev": 0.8992151641316587,
        "addSynMechs": true,
        "allowConnsWithWeight0": true,
        "allowSelfConns": false,
        "analysis": {},
        "backupCfgFile": [],
        "cache_efficient": true,
        "checkErrors": false,
        "compactConnFormat": false,
        "connRandomSecFromList": true,
        "coreneuron": false,
        "createNEURONObj": true,
        "createPyStruct": true,
        "cvode_active": false,
        "cvode_atol": 0.001,
        "distributeSynsUniformly": true,
        "dt": 0.025,
        "dump_coreneuron_model": false,
        "duration": 1000.0,
        "duration_seconds": 60.0,
        "filename": "model_output",
        "gatherOnlySimData": false,
        "gkbar_E": 0.8468636027053568,
        "gkbar_E_std": 0.31672363763570033,
        "gkbar_I": 7.499994491850604,
        "gkbar_I_std": 0.06432307957000966,
        "gnabar_E": 2.701024278925222,
        "gnabar_E_std": 0.4273735568089865,
        "gnabar_I": 2.29883849965469,
        "gnabar_I_std": 0.0010968662438235956,
        "gpu": false,
        "hParams": {
            "celsius": 6.3,
            "clamp_resist": 0.001,
            "v_init": -65.0
        },
        "includeParamsLabel": true,
        "invertedYCoord": true,
        "networkType": "22May24",
        "oneSynPerNetcon": true,
        "printPopAvgRates": [
            100,
            1000.0
        ],
        "printRunTime": false,
        "printSynsAfterRule": false,
        "probEE": 0.44227641369676673,
        "probEE_std": 0.0009942758386008816,
        "probEI": 0.9952976937487125,
        "probEI_std": 0.21971464181545128,
        "probIE": 0.004694486175872235,
        "probIE_std": 0.00012572393189885632,
        "probII": 0.2814329585151144,
        "probII_std": 0.23037418662774997,
        "probLengthConst": 1362.473125959135,
        "propVelocity": 1.0,
        "pt3dRelativeToCellLocation": true,
        "rand123GlobalIndex": null,
        "random123": false,
        "recordCells": [
            [
                "E",
                [
                    16,
                    79
                ]
            ],
            [
                "I",
                [
                    28,
                    1
                ]
            ]
        ],
        "recordCellsSpikes": -1,
        "recordDipole": false,
        "recordDipolesHNN": false,
        "recordLFP": [],
        "recordStep": 0.1,
        "recordStim": false,
        "recordTime": true,
        "recordTraces": {
            "soma_voltage": {
                "loc": 0.5,
                "sec": "soma",
                "var": "v"
            }
        },
        "saveCSV": false,
        "saveCellConns": true,
        "saveCellSecs": true,
        "saveDat": false,
        "saveDataInclude": [
            "simData",
            "simConfig",
            "netParams",
            "net"
        ],
        "saveDipoleCells": false,
        "saveDipolePops": false,
        "saveDpk": false,
        "saveFolder": "/pscratch/sd/a/adammwea/2DNetworkSimulations/NERSC/output/240527_Run3_this_should_work/gen_19",
        "saveHDF5": false,
        "saveJson": true,
        "saveLFPCells": false,
        "saveLFPPops": false,
        "saveMat": false,
        "savePickle": false,
        "saveTiming": false,
        "seeds": {
            "cell": 1,
            "conn": 1,
            "loc": 1,
            "stim": 1
        },
        "simLabel": "gen_19_cand_53",
        "tau1_exc": 6.968888541803618,
        "tau1_exc_std": 2.5985027512242542,
        "tau1_inh": 9.942016441547704,
        "tau1_inh_std": 0.6690098163058366,
        "tau2_exc": 17.11011660241582,
        "tau2_exc_std": 2.873349544806989,
        "tau2_inh": 14.092539595147125,
        "tau2_inh_std": 4.318469086541366,
        "timestampFilename": false,
        "timing": true,
        "tstop": 1000.0,
        "use_fast_imem": false,
        "validateNetParams": false,
        "verbose": false,
        "weightEE": 0.8615113929600465,
        "weightEE_std": 0.23526095392896562,
        "weightEI": 0.933518816313625,
        "weightEI_std": 0.0032724406982615195,
        "weightIE": 0.8705365454844837,
        "weightIE_std": 0.33312167482316635,
        "weightII": 0.20840382450571338,
        "weightII_std": 0.16388755449287046
    }
}