{
    "simConfig": {
        "E_L_mean": 18.8,
        "E_L_stdev": 1.0867094628168958,
        "E_Ra_mean": 128.0,
        "E_Ra_stdev": 25.526014133085376,
        "E_diam_mean": 18.8,
        "E_diam_stdev": 5.599115457142156,
        "I_L_mean": 9.0,
        "I_L_stdev": 0.0017807541971561658,
        "I_Ra_mean": 110.0,
        "I_Ra_stdev": 5.071105007179732,
        "I_diam_mean": 10.0,
        "I_diam_stdev": 2.2141104866680132,
        "addSynMechs": true,
        "allowConnsWithWeight0": true,
        "allowSelfConns": false,
        "analysis": {},
        "backupCfgFile": [],
        "cache_efficient": true,
        "checkErrors": false,
        "compactConnFormat": false,
        "connRandomSecFromList": true,
        "coreneuron": false,
        "createNEURONObj": true,
        "createPyStruct": true,
        "cvode_active": false,
        "cvode_atol": 0.001,
        "distributeSynsUniformly": true,
        "dt": 0.025,
        "dump_coreneuron_model": false,
        "duration": 1000.0,
        "duration_seconds": 60.0,
        "filename": "model_output",
        "gatherOnlySimData": false,
        "gkbar_E": 0.6254870619361724,
        "gkbar_E_std": 0.2731404695415142,
        "gkbar_I": 0.03367635045838657,
        "gkbar_I_std": 1.4529315923903732,
        "gnabar_E": 0.4823600336434657,
        "gnabar_E_std": 1.5758852371894594,
        "gnabar_I": 2.806052973535775,
        "gnabar_I_std": 0.02899025044141182,
        "gpu": false,
        "hParams": {
            "celsius": 6.3,
            "clamp_resist": 0.001,
            "v_init": -65.0
        },
        "includeParamsLabel": true,
        "invertedYCoord": true,
        "networkType": "22May24",
        "oneSynPerNetcon": true,
        "printPopAvgRates": [
            100,
            1000.0
        ],
        "printRunTime": false,
        "printSynsAfterRule": false,
        "probEE": 0.6488923601389256,
        "probEE_std": 0.11611262508186344,
        "probEI": 0.06898831815851936,
        "probEI_std": 0.33303763695778843,
        "probIE": 0.8510757029788233,
        "probIE_std": 0.038291640617778344,
        "probII": 0.4356627892917964,
        "probII_std": 0.3319576309974484,
        "probLengthConst": 896.9535534744286,
        "propVelocity": 1.0,
        "pt3dRelativeToCellLocation": true,
        "rand123GlobalIndex": null,
        "random123": false,
        "recordCells": [
            [
                "E",
                [
                    16,
                    79
                ]
            ],
            [
                "I",
                [
                    28,
                    1
                ]
            ]
        ],
        "recordCellsSpikes": -1,
        "recordDipole": false,
        "recordDipolesHNN": false,
        "recordLFP": [],
        "recordStep": 0.1,
        "recordStim": false,
        "recordTime": true,
        "recordTraces": {
            "soma_voltage": {
                "loc": 0.5,
                "sec": "soma",
                "var": "v"
            }
        },
        "saveCSV": false,
        "saveCellConns": true,
        "saveCellSecs": true,
        "saveDat": false,
        "saveDataInclude": [
            "simData",
            "simConfig",
            "netParams",
            "net"
        ],
        "saveDipoleCells": false,
        "saveDipolePops": false,
        "saveDpk": false,
        "saveFolder": "/pscratch/sd/a/adammwea/2DNetworkSimulations/NERSC/output/240527_Run3_this_should_work/gen_19",
        "saveHDF5": false,
        "saveJson": true,
        "saveLFPCells": false,
        "saveLFPPops": false,
        "saveMat": false,
        "savePickle": false,
        "saveTiming": false,
        "seeds": {
            "cell": 1,
            "conn": 1,
            "loc": 1,
            "stim": 1
        },
        "simLabel": "gen_19_cand_9",
        "tau1_exc": 0.2850113311690309,
        "tau1_exc_std": 0.3559485895232841,
        "tau1_inh": 9.957418128530177,
        "tau1_inh_std": 2.368016017294487,
        "tau2_exc": 19.986754919627153,
        "tau2_exc_std": 6.322905853964576,
        "tau2_inh": 19.97266568595445,
        "tau2_inh_std": 0.7748718716673124,
        "timestampFilename": false,
        "timing": true,
        "tstop": 1000.0,
        "use_fast_imem": false,
        "validateNetParams": false,
        "verbose": false,
        "weightEE": 0.5293236485028513,
        "weightEE_std": 0.19950081450044252,
        "weightEI": 0.013936162351448567,
        "weightEI_std": 0.14890096309298675,
        "weightIE": 0.24606664913861684,
        "weightIE_std": 0.04953053771342929,
        "weightII": 0.0004142191188898921,
        "weightII_std": 0.06705125351475426
    }
}