{
    "simConfig": {
        "E_L_mean": 18.8,
        "E_L_stdev": 2.3352339791419743,
        "E_Ra_mean": 128.0,
        "E_Ra_stdev": 0.04213072248691985,
        "E_diam_mean": 18.8,
        "E_diam_stdev": 6.216926628989573,
        "I_L_mean": 9.0,
        "I_L_stdev": 2.8292540154842047,
        "I_Ra_mean": 110.0,
        "I_Ra_stdev": 8.543912302985683,
        "I_diam_mean": 10.0,
        "I_diam_stdev": 2.8362408018820244,
        "addSynMechs": true,
        "allowConnsWithWeight0": true,
        "allowSelfConns": false,
        "analysis": {},
        "backupCfgFile": [],
        "cache_efficient": true,
        "checkErrors": false,
        "compactConnFormat": false,
        "connRandomSecFromList": true,
        "coreneuron": false,
        "createNEURONObj": true,
        "createPyStruct": true,
        "cvode_active": false,
        "cvode_atol": 0.001,
        "distributeSynsUniformly": true,
        "dt": 0.025,
        "dump_coreneuron_model": false,
        "duration": 1000.0,
        "duration_seconds": 300.0,
        "filename": "model_output",
        "gatherOnlySimData": false,
        "gkbar_E": 0.6809009647978983,
        "gkbar_E_std": 0.46841166168967674,
        "gkbar_I": 6.547775836624092,
        "gkbar_I_std": 1.883606463162562,
        "gnabar_E": 6.807508704076013,
        "gnabar_E_std": 0.028890628216090564,
        "gnabar_I": 2.6131742511336866,
        "gnabar_I_std": 0.010132647716379374,
        "gpu": false,
        "hParams": {
            "celsius": 6.3,
            "clamp_resist": 0.001,
            "v_init": -65.0
        },
        "includeParamsLabel": true,
        "invertedYCoord": true,
        "networkType": "22May24",
        "oneSynPerNetcon": true,
        "printPopAvgRates": [
            100,
            1000.0
        ],
        "printRunTime": false,
        "printSynsAfterRule": false,
        "probEE": 0.6995135527842878,
        "probEE_std": 0.005872521822902347,
        "probEI": 0.9994667308376827,
        "probEI_std": 0.3647129101112165,
        "probIE": 0.09850353295254924,
        "probIE_std": 0.19507128848547783,
        "probII": 0.2701356556640415,
        "probII_std": 0.06232331244218636,
        "probLengthConst": 1204.627535708065,
        "propVelocity": 1.0,
        "pt3dRelativeToCellLocation": true,
        "rand123GlobalIndex": null,
        "random123": false,
        "recordCells": [
            [
                "E",
                [
                    24,
                    73
                ]
            ],
            [
                "I",
                [
                    41,
                    25
                ]
            ]
        ],
        "recordCellsSpikes": -1,
        "recordDipole": false,
        "recordDipolesHNN": false,
        "recordLFP": [],
        "recordStep": 0.1,
        "recordStim": false,
        "recordTime": true,
        "recordTraces": {
            "soma_voltage": {
                "loc": 0.5,
                "sec": "soma",
                "var": "v"
            }
        },
        "saveCSV": false,
        "saveCellConns": true,
        "saveCellSecs": true,
        "saveDat": false,
        "saveDataInclude": [
            "simData",
            "simConfig",
            "netParams",
            "net"
        ],
        "saveDipoleCells": false,
        "saveDipolePops": false,
        "saveDpk": false,
        "saveFolder": "/pscratch/sd/a/adammwea/2DNetworkSimulations/NERSC/output/240529_Run1_8nodes/gen_4",
        "saveHDF5": false,
        "saveJson": true,
        "saveLFPCells": false,
        "saveLFPPops": false,
        "saveMat": false,
        "savePickle": false,
        "saveTiming": false,
        "seeds": {
            "cell": 1,
            "conn": 1,
            "loc": 1,
            "stim": 1
        },
        "simLabel": "gen_4_cand_62",
        "tau1_exc": 0.9839144149077581,
        "tau1_exc_std": 0.40360523879098587,
        "tau1_inh": 8.094088145409284,
        "tau1_inh_std": 1.6941708654268888,
        "tau2_exc": 29.01695391859571,
        "tau2_exc_std": 2.1609285594325844,
        "tau2_inh": 9.077051752284762,
        "tau2_inh_std": 9.982208767650253,
        "timestampFilename": false,
        "timing": true,
        "tstop": 1000.0,
        "use_fast_imem": false,
        "validateNetParams": false,
        "verbose": false,
        "weightEE": 0.4480597376421632,
        "weightEE_std": 0.0011321515784972341,
        "weightEI": 1.5370674883438118,
        "weightEI_std": 0.3044340910772654,
        "weightIE": 0.36153564606243327,
        "weightIE_std": 0.274191716506364,
        "weightII": 1.840666011911415,
        "weightII_std": 0.08487454903688768
    }
}