{
    "burstAmp_Fitness": {
        "Value": 0.6047213476032987,
        "Fit": 1000.0
    },
    "burst_peak_frequency_fitness": {
        "Value": 0.21097046413502107,
        "Fit": 1000
    },
    "IBI_fitness": {
        "Value": null,
        "Fit": 1000
    },
    "baseline_fitness": {
        "Value": 20.490694351710342,
        "Fit": 1000
    },
    "slopeFitness": {
        "Value": 0.000850865542699815,
        "Fit": 1.00170317985143
    },
    "thresh": {
        "Value": 19.982530236723157,
        "Fit": 1000
    },
    "sustain_oscillation_fitness": {
        "Value": 85.11904761904762,
        "Fit": 19.612958116700963
    },
    "rate_fitness": {
        "Value": 42.59656084656085,
        "Fit": 500.9428124324268
    },
    "maxFitness": 1000,
    "average_fitness": 690.1946842161224,
    "average_scaled_fitness": 689.8840400729408
}