{
    "rate_fitness": 3.389697691071267,
    "BurstVal_fitness": 3.591386144223169,
    "IBI_fitness": 287.7286996506616,
    "baselineFitness": 1.3343337161828202,
    "slopeFitness": 1.000933054609053,
    "baseline_diff_fitness": 1000,
    "burst_peak_frequency": 1.4414928306589805,
    "fitness": 185.49807758391526,
    "average_scaled_fitness": 184.681998846543,
    "maxFitness": 1000
}