{
    "rate_fitness": 1000.0,
    "BurstVal_fitness": 3.2158842291463303,
    "IBI_fitness": 3.2885397166193657,
    "baselineFitness": 1000,
    "slopeFitness": 1.000117111146863,
    "baseline_diff_fitness": 1000,
    "burst_peak_frequency": 972.5478462013725,
    "fitness": 568.5789124654693,
    "average_scaled_fitness": 568.1470088995699,
    "maxFitness": 1000
}