{
    "rate_fitness": 1000.0,
    "BurstVal_fitness": 1000.0,
    "IBI_fitness": 3.041550649603357,
    "baselineFitness": 2.5167314799715848,
    "slopeFitness": 1.0000530594167871,
    "baseline_diff_fitness": 1000,
    "burst_peak_frequency": 183.90675405476242,
    "fitness": 455.78072703482206,
    "average_scaled_fitness": 455.2359340640224,
    "maxFitness": 1000
}