{
    "rate_fitness": 10.040899146386717,
    "BurstVal_fitness": 1.852326675340121,
    "IBI_fitness": 3.451121201504779,
    "baselineFitness": 1000,
    "slopeFitness": 1.001356474110386,
    "baseline_diff_fitness": 1000,
    "burst_peak_frequency": 231.5204040409803,
    "fitness": 321.1237296483318,
    "average_scaled_fitness": 320.4432510982937,
    "maxFitness": 1000
}