{
    "burstAmp_Fitness": 2.6929379528887454,
    "burst_peak_frequency_fitness": 1000,
    "IBI_fitness": 1000,
    "baselineFitness": 1000,
    "slopeFitness": 1.071103848732171,
    "rate_fitness": 500.85909365131573,
    "maxFitness": 1000,
    "average_fitness": 584.1038559088228,
    "average_scaled_fitness": 583.6579102941497
}