{
    "burstAmp_Fitness": 5.667585352029257,
    "burst_peak_frequency_fitness": 21.397864754883916,
    "IBI_fitness": 1.7419409847740754,
    "baselineFitness": 1000,
    "slopeFitness": 1.1418065213251134,
    "thresh": 1000,
    "rate_fitness": 502.66939757453656,
    "maxFitness": 1000,
    "average_fitness": 361.8026564553642,
    "average_scaled_fitness": 361.0731255835055
}