{
    "burstAmp_Fitness": 1000.0,
    "burst_peak_frequency_fitness": 1000,
    "IBI_fitness": 1000,
    "baselineFitness": 1000,
    "slopeFitness": 1.038447563041161,
    "thresh": 1000,
    "sustain_fit": 1000,
    "rate_fitness": 503.1124937321181,
    "maxFitness": 1000,
    "average_fitness": 813.018867661895,
    "average_scaled_fitness": 812.8244957156098
}