{
    "simConfig": {
        "E_L_mean": 18.8,
        "E_L_stdev": 9.398405448946965,
        "E_Ra_mean": 128.0,
        "E_Ra_stdev": 61.79152716046819,
        "E_diam_mean": 18.8,
        "E_diam_stdev": 3.309658819147311,
        "I_L_mean": 9.0,
        "I_L_stdev": 1.6665787783485357,
        "I_Ra_mean": 110.0,
        "I_Ra_stdev": 0.16740438156060344,
        "I_diam_mean": 10.0,
        "I_diam_stdev": 3.2565000875394974,
        "addSynMechs": true,
        "allowConnsWithWeight0": true,
        "allowSelfConns": false,
        "analysis": {},
        "backupCfgFile": [],
        "cache_efficient": true,
        "checkErrors": false,
        "compactConnFormat": false,
        "connRandomSecFromList": true,
        "coreneuron": false,
        "createNEURONObj": true,
        "createPyStruct": true,
        "cvode_active": false,
        "cvode_atol": 0.001,
        "distributeSynsUniformly": true,
        "dt": 0.025,
        "dump_coreneuron_model": false,
        "duration": 1000.0,
        "duration_seconds": 300.0,
        "filename": "model_output",
        "gatherOnlySimData": false,
        "gkbar_E": 0.6294025544639716,
        "gkbar_E_std": 0.3577466797826644,
        "gkbar_I": 0.30817965327193164,
        "gkbar_I_std": 0.33951336626175044,
        "gnabar_E": 6.718761271020014,
        "gnabar_E_std": 0.3474789957666966,
        "gnabar_I": 0.585875657030969,
        "gnabar_I_std": 0.8324853685141408,
        "gpu": false,
        "hParams": {
            "celsius": 6.3,
            "clamp_resist": 0.001,
            "v_init": -65.0
        },
        "includeParamsLabel": true,
        "invertedYCoord": true,
        "networkType": "22May24",
        "oneSynPerNetcon": true,
        "printPopAvgRates": [
            100,
            1000.0
        ],
        "printRunTime": false,
        "printSynsAfterRule": false,
        "probEE": 0.7448935335858364,
        "probEE_std": 0.49763463571102223,
        "probEI": 0.5714737321938412,
        "probEI_std": 0.10919817384368906,
        "probIE": 0.205283525354079,
        "probIE_std": 0.053041149356867656,
        "probII": 0.7402610299484963,
        "probII_std": 0.46701355507516407,
        "probLengthConst": 81.37191307118519,
        "propVelocity": 1.0,
        "pt3dRelativeToCellLocation": true,
        "rand123GlobalIndex": null,
        "random123": false,
        "recordCells": [
            [
                "E",
                [
                    24,
                    73
                ]
            ],
            [
                "I",
                [
                    41,
                    25
                ]
            ]
        ],
        "recordCellsSpikes": -1,
        "recordDipole": false,
        "recordDipolesHNN": false,
        "recordLFP": [],
        "recordStep": 0.1,
        "recordStim": false,
        "recordTime": true,
        "recordTraces": {
            "soma_voltage": {
                "loc": 0.5,
                "sec": "soma",
                "var": "v"
            }
        },
        "saveCSV": false,
        "saveCellConns": true,
        "saveCellSecs": true,
        "saveDat": false,
        "saveDataInclude": [
            "simData",
            "simConfig",
            "netParams",
            "net"
        ],
        "saveDipoleCells": false,
        "saveDipolePops": false,
        "saveDpk": false,
        "saveFolder": "/pscratch/sd/a/adammwea/2DNetworkSimulations/NERSC/output/240529_Run1_8nodes/gen_9",
        "saveHDF5": false,
        "saveJson": true,
        "saveLFPCells": false,
        "saveLFPPops": false,
        "saveMat": false,
        "savePickle": false,
        "saveTiming": false,
        "seeds": {
            "cell": 1,
            "conn": 1,
            "loc": 1,
            "stim": 1
        },
        "simLabel": "gen_9_cand_17",
        "tau1_exc": 1.9300212827176462,
        "tau1_exc_std": 3.3314270794598384,
        "tau1_inh": 9.937411920342386,
        "tau1_inh_std": 0.007267690390725782,
        "tau2_exc": 29.999835972979266,
        "tau2_exc_std": 3.9344268659653965,
        "tau2_inh": 1.1553307417915986,
        "tau2_inh_std": 0.0717510624009621,
        "timestampFilename": false,
        "timing": true,
        "tstop": 1000.0,
        "use_fast_imem": false,
        "validateNetParams": false,
        "verbose": false,
        "weightEE": 1.790784145131597,
        "weightEE_std": 0.2089716764377325,
        "weightEI": 1.4761485884604497,
        "weightEI_std": 0.004183728227096367,
        "weightIE": 0.9948498069152945,
        "weightIE_std": 0.24820127220780577,
        "weightII": 0.1219612344492316,
        "weightII_std": 0.0017408159593191534
    }
}